user_id,game_id,rating,游玩时长
14109,1202,3,426.0
15414,391,3,32.0
17978,2922,3,327.0
14625,52,3,0.4
1811,1407,3,0.2
9437,2423,3,4.7
7109,2205,3,10.2
5085,1612,3,0.0
16023,100,3,1.0
10678,946,3,101.0
5373,2285,3,49.0
9652,368,3,2702.0
1952,2221,3,922.0
18302,455,3,1.0
13063,2380,3,88.0
9340,2285,3,24.0
15474,2285,3,21.0
1055,2437,3,5.3
7357,142,3,38.0
4207,1488,3,30.0
2630,2285,3,39.0
3399,1166,3,7.3
7274,2340,3,20.0
12297,2285,3,46.0
17134,2631,3,157.0
95,2285,3,34.0
8103,1488,3,40.0
6485,2285,3,32.0
6047,2285,3,39.0
1167,2631,3,223.0
13880,1612,3,1.4
4175,1231,3,16.0
18106,1982,3,0.0
3798,1612,3,8.7
17802,368,3,6608.0
16617,2285,3,42.0
1978,506,3,0.0
18286,2186,3,21.0
12113,745,3,0.3
1055,2285,3,37.0
7693,2631,3,95.0
3420,1776,3,23.0
13410,2619,3,17.6
2741,1832,3,54.0
16771,572,3,117.0
6482,944,3,960.0
1677,2285,3,51.0
6190,2759,3,901.0
15297,2285,3,18.2
12529,1612,3,2.4
16212,1014,3,4.8
2091,732,3,1018.0
335,1612,3,0.0
4211,2922,3,241.0
9158,572,3,309.0
2145,2285,3,31.0
2059,2285,3,16.2
5618,2326,3,517.0
8865,1612,3,0.1
12328,1166,3,140.0
18228,2096,3,259.0
16555,2205,3,15.8
8652,2285,3,21.0
6540,1499,3,198.0
7882,1177,3,12.7
9957,634,3,4859.0
3313,368,3,8926.0
1958,2285,3,70.0
10466,459,3,1.1
10159,2285,3,44.0
3819,1488,3,423.0
4897,1612,3,6.4
194,2285,3,75.0
11192,2285,3,18.8
15324,80,3,2.2
15093,25,3,46.0
1698,676,3,4.2
3468,933,3,9.3
2867,1612,3,1.6
14891,1591,3,814.0
18083,2285,3,10.6
7499,2631,3,33.0
16203,811,3,48.0
5637,2850,3,125.0
10203,2922,3,76.0
10414,1947,3,43.0
3596,2285,3,35.0
1526,814,3,15.4
146,1488,3,92.0
7,556,3,2.1
10762,1488,3,1781.0
8648,237,3,3075.0
4873,2285,3,16.1
12305,1228,3,64.0
15871,237,3,415.0
4652,2285,3,32.0
6557,2285,3,52.0
1118,1317,3,750.0
3174,1079,3,7569.0
10843,2285,3,11.8
6790,2850,3,94.0
11074,2285,3,31.0
11444,1612,3,0.1
1967,1717,3,2.5
4578,1612,3,5.5
14441,1612,3,3.6
6797,2285,3,65.0
11019,1612,3,5.7
10811,343,3,1.4
2068,1155,3,47.0
5078,405,3,28.0
9179,2006,3,221.0
14585,1832,3,50.0
9485,2285,3,39.0
10285,2285,3,29.0
9044,2285,3,55.0
1304,1952,3,1.5
1904,68,3,1069.0
2931,1716,3,1532.0
11397,2285,3,56.0
4981,1612,3,0.0
14747,2285,3,33.0
1036,2285,3,65.0
7142,279,3,794.0
7668,1697,3,55.0
189,68,3,1097.0
3474,2218,3,0.4
8169,2547,3,29.0
13107,282,3,93.0
4683,1612,3,7.5
16770,237,3,596.0
1951,19,3,11.8
13459,359,3,481.0
14954,1611,3,7.3
11100,1752,3,0.7
8566,2056,3,4.8
13207,68,3,663.0
11664,1612,3,0.5
1416,1838,3,97.0
10174,1202,3,6.0
13452,2022,3,5.6
13776,2841,3,5.5
706,1139,3,2.7
12400,246,3,10.6
13515,745,3,6.3
1678,237,3,777.0
17548,2380,3,573.0
8944,1737,3,9.0
9782,814,3,134.0
13865,2285,3,37.0
11185,2227,3,255.0
310,631,3,0.9
11561,44,3,100.0
11403,1612,3,3.1
16482,1876,3,23.0
12776,574,3,23.0
4997,2285,3,14.6
12229,897,3,2114.0
227,237,3,394.0
7163,2285,3,30.0
18288,529,3,56.0
17695,725,3,43.0
691,2285,3,29.0
1737,426,3,496.0
11713,2631,3,24.0
4481,237,3,303.0
14622,2285,3,0.4
17099,1612,3,0.1
4564,2285,3,22.0
9350,1488,3,121.0
7373,2285,3,12.2
9761,1612,3,0.0
8628,1785,3,1093.0
9538,2285,3,58.0
15718,2631,3,175.0
236,2802,3,7.5
5392,237,3,1803.0
12451,2740,3,2.0
8813,1619,3,1.0
8691,1937,3,0.4
17448,1268,3,13.1
18109,436,3,42.0
15004,1608,3,3237.0
13642,1612,3,4.0
4540,1785,3,3.3
17401,732,3,220.0
3893,864,3,12.3
4032,1228,3,37.0
15426,368,3,5093.0
10067,2285,3,34.0
5427,2285,3,0.3
14909,1838,3,9.1
13175,2285,3,26.0
9345,1612,3,2.1
9492,2631,3,9.3
16047,2285,3,39.0
9998,237,3,37.0
17834,2285,3,39.0
10851,1612,3,1.7
1538,2285,3,41.0
8771,274,3,2.8
7052,2631,3,108.0
12585,1838,3,1.0
4228,2096,3,329.0
2958,1832,3,0.7
6639,1612,3,0.1
2930,2285,3,78.0
10508,501,3,1732.0
4883,1612,3,0.2
8553,682,3,44.0
11244,2922,3,347.0
10021,272,3,43.0
4498,556,3,3.2
7788,1608,3,1077.0
4906,2285,3,60.0
11958,682,3,20.0
14701,2285,3,38.0
18178,237,3,702.0
6476,745,3,196.0
4252,1341,3,8.5
13064,1488,3,63.0
1130,237,3,2209.0
11732,2285,3,57.0
11188,1737,3,0.3
4294,44,3,643.0
10225,1488,3,794.0
3902,811,3,246.0
14325,864,3,8.9
267,1721,3,277.0
8415,2285,3,27.0
4574,1608,3,1840.0
14064,1721,3,138.0
17474,2726,3,21.0
17110,368,3,1718.0
5261,2285,3,40.0
12753,68,3,1770.0
2236,2285,3,60.0
1587,1321,3,21.0
14645,2285,3,62.0
9277,1612,3,0.0
4909,2285,3,45.0
3336,2285,3,48.0
15774,142,3,13.2
12103,207,3,3.1
3493,1176,3,51.0
10747,368,3,848.0
4485,1612,3,7.5
16201,2285,3,43.0
15717,2619,3,15.3
9150,1469,3,968.0
11456,1612,3,6.3
12058,2922,3,63.0
11026,1612,3,3.8
9450,814,3,1408.0
15461,1755,3,148.0
13177,1832,3,72.0
13105,946,3,63.0
1727,2285,3,63.0
1110,1952,3,1.5
9564,321,3,0.4
9062,944,3,1142.0
3255,1488,3,403.0
10773,2122,3,118.0
9136,1300,3,1856.0
2239,2285,3,60.0
15049,2285,3,52.0
5687,1832,3,16.4
16455,2831,3,54.0
5598,1488,3,516.0
2528,2631,3,84.0
9228,725,3,2.2
16341,1911,3,2958.0
8751,2285,3,25.0
12619,368,3,1433.0
10613,2285,3,69.0
13992,237,3,733.0
2005,572,3,269.0
11809,1557,3,868.0
11852,1612,3,0.1
13442,1407,3,8.1
4088,2285,3,1.4
2842,2285,3,36.0
4404,1612,3,5.1
14388,2285,3,47.0
2847,2285,3,28.0
6348,1304,3,570.0
5590,725,3,7.2
7521,2844,3,17.9
8923,2098,3,21.0
2924,1539,3,16.9
12780,924,3,5.4
15336,2904,3,8.6
1670,2631,3,158.0
12896,2285,3,19.0
8503,1612,3,0.5
15266,2420,3,18.2
14130,2285,3,24.0
4646,811,3,226.0
12200,100,3,22.0
5920,1128,3,14.2
16256,1721,3,364.0
13686,1612,3,2.6
3058,284,3,4.9
6856,2285,3,21.0
7552,2526,3,11.3
16654,2285,3,35.0
15886,1609,3,14.8
15473,1838,3,249.0
1839,1612,3,2.7
4682,237,3,714.0
16716,2285,3,33.0
5874,1488,3,323.0
14841,1611,3,11.1
4004,368,3,11644.0
17972,1600,3,0.1
16193,2442,3,0.1
15585,2285,3,2.7
7273,1612,3,3.7
10310,2285,3,33.0
12615,732,3,289.0
11851,2285,3,6.9
14809,2409,3,18.7
927,2285,3,26.0
2757,718,3,148.0
4895,1617,3,11.2
2691,2285,3,12.6
4288,1612,3,2.7
3651,2285,3,19.5
13181,1488,3,38.0
6296,1208,3,343.0
17536,2922,3,153.0
5883,811,3,144.0
15824,2285,3,27.0
3796,368,3,3783.0
13531,1876,3,23.0
2021,237,3,1641.0
10922,1488,3,54.0
4250,1178,3,39.0
15923,572,3,134.0
13067,2285,3,32.0
9343,826,3,0.2
11051,2842,3,39.0
16153,1488,3,170.0
10087,2285,3,9.8
9142,1491,3,2358.0
6241,844,3,15.8
2089,965,3,225.0
3413,1612,3,7.7
9916,2285,3,0.5
4024,2285,3,41.0
9707,237,3,27.0
2157,2376,3,5.2
4151,2285,3,7.6
18056,2139,3,5.1
13727,2194,3,65.0
4166,2708,3,285.0
9801,2285,3,26.0
8711,2285,3,19.0
16578,2285,3,15.6
13895,1832,3,31.0
18225,2285,3,24.0
475,2285,3,70.0
3806,2285,3,6.2
2398,725,3,56.0
5372,1488,3,36.0
1421,2285,3,20.0
33,1612,3,0.4
15917,2462,3,47.0
4727,368,3,8303.0
5177,1228,3,191.0
2177,1612,3,6.2
14179,1488,3,30.0
16127,701,3,0.2
4078,272,3,44.0
15159,1612,3,2.9
3535,237,3,125.0
5969,2380,3,1101.0
4317,2285,3,16.3
14409,2506,3,3.8
5273,814,3,426.0
2503,2922,3,1382.0
17944,1612,3,6.8
3448,1488,3,174.0
2436,2205,3,3.2
8981,2631,3,31.0
6889,1488,3,153.0
17143,2285,3,5.3
16372,237,3,185.0
17596,2285,3,62.0
2550,2285,3,33.0
14644,2285,3,24.0
9903,2886,3,1.1
3687,2285,3,81.0
5442,1304,3,211.0
17605,2865,3,186.0
2562,2285,3,5.2
4445,1027,3,6.2
15758,1612,3,0.4
6716,718,3,8.2
13853,2922,3,61.0
2580,966,3,14.3
9712,2631,3,4.9
9899,1488,3,561.0
16074,368,3,1981.0
3049,1838,3,49.0
8153,2285,3,11.2
12979,1488,3,61.0
14581,2380,3,1437.0
2390,1202,3,23.0
1644,2285,3,47.0
9797,1612,3,5.3
11214,2708,3,35.0
4624,2475,3,79.0
4948,2285,3,49.0
6561,2639,3,4.7
12890,2028,3,88.0
8721,237,3,494.0
1800,944,3,974.0
66,2285,3,36.0
12739,1612,3,2.4
14602,2285,3,28.0
12062,2631,3,155.0
8358,2285,3,29.0
7783,68,3,333.0
15310,1612,3,1.2
1057,68,3,474.0
4309,1947,3,10.0
13858,2562,3,20.0
4060,74,3,4.6
37,1488,3,2.2
11367,1612,3,1.5
3449,2439,3,354.0
11730,2285,3,0.8
4871,1612,3,4.2
13623,2285,3,47.0
15811,2285,3,34.0
2949,2285,3,32.0
472,2562,3,14.6
477,2922,3,85.0
3758,1488,3,350.0
7405,1612,3,2.7
13211,68,3,3884.0
16200,718,3,1297.0
17732,2780,3,125.0
14718,2285,3,81.0
6935,1612,3,0.0
12039,745,3,1.5
5067,944,3,1785.0
4150,237,3,273.0
6348,2285,3,0.9
8639,2850,3,40.0
16318,2631,3,52.0
17352,2285,3,10.6
3302,1604,3,33.0
9594,1166,3,4.6
12055,237,3,1462.0
11155,1491,3,2459.0
15371,2631,3,240.0
14334,1612,3,1.1
15883,2631,3,454.0
9447,1832,3,35.0
2345,1488,3,118.0
9013,811,3,96.0
13010,836,3,36.0
1204,2285,3,28.0
9424,2285,3,22.0
7543,696,3,188.0
18053,2866,3,2.8
11812,2285,3,62.0
11075,1612,3,0.0
18,2630,3,16.6
13440,2409,3,62.0
551,2285,3,69.0
4316,1488,3,35.0
17255,2285,3,28.0
8778,2922,3,74.0
9934,2631,3,52.0
17076,2285,3,82.0
9638,237,3,4747.0
5461,359,3,103.0
17877,1612,3,3.3
10529,1612,3,0.1
9999,1785,3,2190.0
1605,745,3,30.0
1072,1655,3,289.0
12401,2494,3,32.0
587,2205,3,33.0
12742,2147,3,12.0
8739,2285,3,1.0
10692,594,3,360.0
5777,2285,3,20.0
9132,1612,3,1.5
3648,1612,3,0.2
16823,1321,3,10.6
12656,2027,3,51.0
15172,68,3,531.0
4714,2205,3,19.6
3944,2285,3,0.2
8238,2285,3,20.0
7909,2630,3,123.0
7871,237,3,1150.0
10967,718,3,93.0
12059,2630,3,155.0
4698,2285,3,48.0
7006,1612,3,5.8
3021,811,3,87.0
8371,1488,3,128.0
9650,237,3,1164.0
1292,1488,3,129.0
6857,1611,3,48.0
16841,1128,3,2.2
18120,745,3,0.2
9125,1612,3,0.1
13116,1612,3,3.3
15922,2029,3,49.0
3933,711,3,77.0
16883,2654,3,8.7
650,2631,3,100.0
4991,68,3,686.0
4001,1612,3,8.9
3839,2304,3,0.1
1104,2562,3,2.6
15951,2285,3,45.0
2798,2849,3,0.3
3961,368,3,2938.0
13040,2911,3,950.0
14121,1875,3,2.1
9396,1548,3,7.4
17568,1488,3,91.0
15518,2631,3,183.0
14376,1612,3,0.6
5675,1488,3,49.0
12651,2285,3,22.0
3266,2631,3,36.0
5939,198,3,3.6
681,2285,3,1.5
12076,100,3,31.0
14827,1757,3,20.0
14410,1612,3,3.0
14763,1189,3,90.0
17890,1612,3,3.5
11945,944,3,468.0
15552,1612,3,6.9
9723,2759,3,1823.0
2273,2294,3,10.7
7945,2285,3,11.8
8897,2285,3,43.0
2406,2285,3,55.0
9089,2654,3,27.0
7897,2285,3,11.8
8356,2389,3,3.4
16769,2285,3,28.0
8850,1832,3,15.8
7445,2630,3,71.0
12343,1499,3,26.0
12064,1612,3,0.0
16663,1488,3,7552.0
14832,368,3,6678.0
744,271,3,52.0
6059,1721,3,0.0
9300,425,3,1219.0
12821,944,3,622.0
2212,1721,3,41.0
6373,2285,3,43.0
10142,1612,3,2.2
17300,2802,3,272.0
13242,2631,3,60.0
4583,2631,3,181.0
14195,1201,3,2.1
4546,1606,3,261.0
4043,2285,3,34.0
4108,2631,3,234.0
3829,811,3,300.0
6082,2922,3,384.0
4891,271,3,2.5
6953,2285,3,80.0
6034,2285,3,33.0
14603,2285,3,57.0
14345,2285,3,45.0
11934,2726,3,130.0
11646,368,3,5576.0
4142,2285,3,50.0
8467,68,3,2167.0
7750,2285,3,17.4
16583,941,3,2.1
11427,2638,3,11.9
7805,2631,3,138.0
5040,2631,3,154.0
7911,2850,3,80.0
13179,1721,3,12.6
17661,2285,3,28.0
9249,14,3,400.0
17458,1488,3,215.0
12109,2526,3,25.0
15543,482,3,1.5
6577,2285,3,37.0
18251,2285,3,1.4
13981,1737,3,19.8
3349,2285,3,5.3
3096,679,3,17.0
12998,1612,3,6.5
6124,1202,3,22.0
4289,1079,3,7506.0
4212,2285,3,19.0
4097,1317,3,116.0
10509,1341,3,11.0
10516,2453,3,120.0
4940,2285,3,26.0
13744,1488,3,38.0
16677,2285,3,76.0
14544,68,3,762.0
1653,2285,3,27.0
13521,368,3,5341.0
17082,2850,3,32.0
4622,1915,3,9.9
7623,2285,3,33.0
13654,2285,3,36.0
13325,2285,3,48.0
1565,271,3,40.0
10941,2922,3,18.6
5052,2726,3,312.0
13910,2027,3,65.0
4169,1876,3,12.3
6560,2285,3,15.0
16981,1321,3,31.0
5965,2439,3,455.0
9813,1553,3,203.0
2595,1612,3,4.8
2006,2591,3,0.0
7538,2285,3,39.0
13722,2380,3,147.0
11216,2611,3,1.4
13887,1321,3,32.0
9246,2285,3,47.0
16266,2630,3,76.0
16744,1488,3,1038.0
10422,2536,3,44.0
5187,1488,3,453.0
18022,2205,3,58.0
7746,2285,3,0.5
15599,854,3,7.0
6304,2285,3,44.0
1754,25,3,15.3
9715,2285,3,2.1
1472,1612,3,0.9
2717,2285,3,55.0
4153,854,3,363.0
3782,2285,3,49.0
7009,237,3,1863.0
8369,811,3,205.0
4983,2685,3,206.0
9444,2538,3,0.5
7860,2285,3,37.0
1356,1141,3,82.0
3896,1696,3,6.2
9173,2285,3,72.0
12549,1611,3,77.0
14884,1612,3,0.2
1915,2285,3,55.0
10637,1128,3,46.0
12121,2285,3,71.0
5558,436,3,2.4
11305,1407,3,1.9
1183,68,3,1251.0
5239,2285,3,47.0
4567,1655,3,333.0
5279,2759,3,3545.0
5505,368,3,6475.0
428,2631,3,204.0
10997,732,3,386.0
2806,237,3,3482.0
4918,1488,3,63.0
10101,1685,3,51.0
1171,2631,3,5.3
9229,1553,3,3555.0
8101,1625,3,121.0
3094,2205,3,1.0
12084,1876,3,4.0
14495,2495,3,9.2
3942,1612,3,0.1
6599,1612,3,3.2
2393,2285,3,23.0
15192,2380,3,5813.0
1155,2285,3,32.0
4547,2285,3,26.0
11279,2285,3,43.0
2743,68,3,721.0
3527,1959,3,11.0
10247,1612,3,1.2
11943,237,3,5295.0
16743,1608,3,3880.0
17438,1917,3,16.7
13998,1832,3,20.0
5531,272,3,222.0
4729,791,3,742.0
2225,2562,3,1.2
5521,1557,3,161.0
10272,2831,3,251.0
7363,1832,3,45.0
1406,1612,3,6.7
9221,2439,3,174.0
4662,1024,3,1.4
13846,2285,3,75.0
4266,1488,3,20.0
3040,1876,3,14.2
11603,1612,3,5.8
4964,368,3,4294.0
14208,2285,3,12.3
17421,237,3,5326.0
4381,2285,3,13.3
1213,68,3,1255.0
15807,1832,3,4.3
14786,2423,3,528.0
12594,2285,3,59.0
15691,2285,3,39.0
11986,2911,3,2008.0
11874,2285,3,1.9
5622,2285,3,0.7
6705,2285,3,21.0
9504,237,3,4754.0
3216,2285,3,26.0
9815,897,3,424.0
14500,2631,3,109.0
11360,1612,3,0.3
10821,1499,3,31.0
18246,2865,3,17.2
17103,2285,3,42.0
18010,1488,3,195.0
17031,1832,3,32.0
4776,1189,3,22.0
4974,2285,3,38.0
9539,972,3,33.0
7279,901,3,27.0
13487,2285,3,47.0
4461,2911,3,1097.0
2050,1845,3,16.4
1348,725,3,50.0
16994,1608,3,1492.0
5470,279,3,843.0
5262,944,3,42.0
1610,2285,3,4.4
5966,2285,3,32.0
13960,246,3,24.0
14752,1612,3,0.0
15818,1488,3,22.0
8046,2001,3,0.1
9118,1128,3,45.0
7328,1659,3,5.0
6245,556,3,12.8
14285,2526,3,3.6
8160,2285,3,67.0
13554,2285,3,39.0
6708,1610,3,76.0
4975,2631,3,44.0
18074,2285,3,43.0
1687,2285,3,39.0
13751,1488,3,117.0
8352,1832,3,36.0
6483,811,3,246.0
14289,944,3,1838.0
5303,1838,3,31.0
15065,1655,3,967.0
13085,237,3,1967.0
16403,2876,3,151.0
9573,14,3,340.0
5143,1776,3,19.4
5236,1612,3,0.1
4910,237,3,88.0
1863,546,3,13.4
4544,2726,3,97.0
12019,368,3,2276.0
4047,100,3,363.0
6422,1495,3,3.6
5231,2285,3,55.0
8283,2205,3,34.0
3717,1128,3,5.3
7509,2631,3,105.0
11992,368,3,3928.0
5105,343,3,0.7
5654,2630,3,316.0
3414,2285,3,5.3
9876,2378,3,0.5
3115,2922,3,89.0
2137,2285,3,21.0
14068,2285,3,0.6
13515,1721,3,49.0
284,2285,3,334.0
4365,1838,3,32.0
6031,1488,3,84.0
8645,1488,3,2233.0
14374,1721,3,12.3
7118,2227,3,456.0
3697,2630,3,40.0
13409,2285,3,86.0
12416,1488,3,151.0
2485,2285,3,6.1
16727,368,3,4500.0
14138,2285,3,54.0
13559,1612,3,3.3
16212,2285,3,53.0
922,2409,3,26.0
217,2285,3,9.6
2344,68,3,1192.0
2171,1492,3,10576.0
12504,1832,3,55.0
9581,2631,3,197.0
7246,1488,3,132.0
7512,2285,3,16.8
1169,2194,3,124.0
15214,2285,3,55.0
13957,1034,3,0.2
3206,2380,3,1.6
4051,2285,3,42.0
15080,282,3,40.0
9092,2285,3,1.0
8518,2285,3,32.0
15308,25,3,6.0
4056,274,3,45.0
2156,2344,3,1.0
14935,2285,3,42.0
5144,2285,3,24.0
4033,2055,3,13.9
3269,1818,3,0.0
13419,1228,3,167.0
3388,1323,3,1217.0
15189,1037,3,148.0
12041,1488,3,13.4
2317,2066,3,68.0
10235,2631,3,64.0
15314,1609,3,0.2
2100,2850,3,11.6
9497,1612,3,0.3
9636,743,3,8.4
2421,1228,3,306.0
11463,944,3,1183.0
15897,946,3,174.0
12097,68,3,374.0
10062,272,3,9.6
3476,1838,3,0.0
5703,565,3,28.0
8654,1612,3,5.2
16030,944,3,481.0
4805,368,3,1182.0
10636,2285,3,34.0
3928,2285,3,40.0
3365,1228,3,270.0
17188,2380,3,1082.0
10026,2285,3,47.0
12606,1612,3,0.3
12781,2285,3,52.0
8637,29,3,4.2
7494,2285,3,56.0
13013,2708,3,86.0
4913,2439,3,111.0
14703,2285,3,19.6
17938,1572,3,346.0
9703,944,3,1608.0
16804,276,3,0.3
4386,1832,3,41.0
15767,2285,3,42.0
15895,1612,3,5.2
14543,1128,3,44.0
5271,2285,3,24.0
12036,1612,3,2.8
10111,2631,3,169.0
7337,670,3,115.0
9352,2497,3,30.0
8742,2285,3,62.0
16757,2726,3,96.0
2906,434,3,6.6
9695,1643,3,1270.0
2856,1568,3,58.0
15013,556,3,224.0
12443,1488,3,38.0
2518,2403,3,89.0
5383,237,3,856.0
4941,2285,3,34.0
17171,1937,3,2.5
3341,2285,3,43.0
9105,2285,3,39.0
6439,2285,3,42.0
3733,2409,3,39.0
8583,2496,3,27.0
5487,1612,3,3.1
1713,1407,3,1.6
13872,1612,3,4.9
6446,745,3,141.0
12993,1553,3,189.0
16950,2344,3,1.9
9572,2285,3,47.0
8509,2285,3,56.0
2047,2641,3,0.9
3182,2842,3,49.0
958,1612,3,8.9
12684,2285,3,7.3
5314,2380,3,198.0
16917,2285,3,21.0
6460,1612,3,8.9
9392,1323,3,1094.0
3684,897,3,201.0
16854,1300,3,1363.0
9175,2285,3,55.0
10979,68,3,566.0
2669,237,3,3165.0
7165,1488,3,7.7
12863,1488,3,119.0
17094,1612,3,1.2
14955,2285,3,66.0
4124,1228,3,180.0
1047,2285,3,8.8
5713,1044,3,2.8
15729,2122,3,7.7
7875,944,3,369.0
1377,1612,3,0.2
5586,2639,3,57.0
4686,1721,3,126.0
13798,1372,3,64.0
5430,1612,3,0.5
10503,2759,3,9.6
1199,1776,3,0.9
16859,368,3,2094.0
13048,1228,3,1361.0
10452,1488,3,149.0
18280,1488,3,92.0
2324,811,3,50.0
2102,2928,3,25.0
1483,271,3,26.0
7537,1407,3,0.1
1684,123,3,3947.0
14159,2285,3,42.0
1218,2285,3,41.0
17500,1655,3,121.0
1227,1532,3,2289.0
14797,1503,3,111.0
6144,556,3,30.0
6819,1488,3,189.0
1237,1543,3,11.9
1238,1548,3,1.2
2043,811,3,300.0
11069,1612,3,11.5
1242,410,3,47.0
18219,52,3,7.9
2070,2285,3,56.0
3180,2366,3,12.7
2303,2726,3,19.9
12367,2430,3,2.9
6189,1612,3,0.1
6157,2285,3,38.0
1273,237,3,1262.0
1274,2285,3,25.0
10988,2630,3,0.0
1532,343,3,153.0
11673,2439,3,381.0
9260,279,3,3796.0
1450,2285,3,24.0
17478,2285,3,36.0
1328,2496,3,3.0
6169,1228,3,843.0
1334,1407,3,0.0
17980,368,3,181.0
17756,1612,3,0.2
17445,2031,3,148.0
11354,1471,3,178.0
4502,368,3,1216.0
6175,1407,3,18.4
3203,2526,3,5.8
3594,1612,3,0.2
9975,2285,3,57.0
16464,2496,3,3.5
4942,1583,3,80.0
1359,98,3,97.0
1363,1883,3,0.4
15652,237,3,394.0
14257,2631,3,84.0
11905,272,3,306.0
10245,1323,3,946.0
1153,2526,3,12.0
4816,2285,3,65.0
2046,1557,3,562.0
8292,1832,3,19.6
16063,2285,3,58.0
16681,2285,3,27.0
1849,1612,3,0.1
6526,2285,3,42.0
17256,1079,3,6197.0
5339,1166,3,83.0
9781,1612,3,0.5
1419,2285,3,2.6
15609,766,3,4.6
1433,1488,3,140.0
1729,551,3,162.0
1446,2285,3,39.0
11173,2280,3,26.0
8673,2195,3,15.6
14484,2017,3,6.0
9464,1758,3,2001.0
12693,2285,3,35.0
1463,1628,3,0.8
6214,2285,3,75.0
1487,953,3,0.8
1491,983,3,1.3
1501,2488,3,215.0
5907,2726,3,6.6
6061,554,3,32.0
9289,811,3,332.0
17801,1721,3,290.0
6225,2285,3,14.6
17482,2639,3,52.0
7055,2850,3,33.0
8391,2285,3,21.0
6298,1407,3,26.0
1582,2285,3,43.0
1583,1612,3,6.5
11940,274,3,55.0
17676,153,3,1.0
1584,2285,3,42.0
11929,2299,3,1.6
844,2285,3,19.7
18164,2631,3,33.0
4370,25,3,12.0
15269,572,3,57.0
16205,2219,3,38.0
3483,2332,3,267.0
15149,1612,3,4.6
17770,2409,3,6.8
11524,25,3,28.0
6125,2292,3,122.0
12703,1465,3,1840.0
9787,2285,3,29.0
6258,1612,3,0.2
3823,1179,3,144.0
1615,2831,3,426.0
6262,572,3,306.0
10787,1612,3,7.8
6050,2631,3,174.0
6264,2285,3,46.0
1735,2285,3,52.0
15863,933,3,12.8
1623,1612,3,5.2
1828,2028,3,8.6
1746,2285,3,93.0
12986,2886,3,17.3
8488,2496,3,8.0
1637,2285,3,47.0
6277,634,3,757.0
14594,2380,3,1114.0
14022,1405,3,3.9
1439,368,3,2163.0
14779,2876,3,78.0
18084,944,3,499.0
8085,2340,3,31.0
6287,2844,3,28.0
3278,1612,3,8.5
4718,2001,3,13.5
14180,944,3,42.0
1668,1321,3,31.0
3381,2631,3,1.0
1679,1838,3,16.0
10496,572,3,774.0
1683,313,3,36.0
9444,1488,3,730.0
8145,1612,3,0.2
1693,2065,3,7.6
12102,594,3,186.0
16688,2285,3,38.0
13963,132,3,215.0
2198,69,3,57.0
953,2285,3,7.8
15204,2285,3,24.0
1568,2285,3,47.0
3844,2285,3,35.0
1708,1488,3,81.0
1658,1612,3,0.6
1714,537,3,9.8
16502,1488,3,845.0
14707,2285,3,32.0
4786,2285,3,70.0
14419,2285,3,8.6
8939,237,3,202.0
11474,811,3,183.0
6255,2285,3,28.0
1731,2285,3,9.5
9017,2344,3,0.2
1734,1832,3,194.0
13592,1385,3,94.0
3297,1612,3,1.1
16397,2205,3,4.2
15411,2285,3,38.0
69,39,3,259.0
14115,2285,3,29.0
3167,450,3,6.8
16060,2638,3,24.0
16773,368,3,6469.0
4550,2630,3,18.2
9552,1492,3,161.0
1619,2511,3,2.8
15399,897,3,113.0
2376,743,3,15.5
13263,944,3,930.0
10462,237,3,1396.0
16816,2631,3,96.0
2357,1228,3,209.0
8535,2285,3,38.0
11996,556,3,72.0
15545,1612,3,2.6
8646,1876,3,33.0
17044,2285,3,48.0
12469,1612,3,3.5
12110,2285,3,4.1
6357,1937,3,2.8
51,2285,3,13.1
9262,2285,3,12.8
18239,2285,3,49.0
6360,2922,3,107.0
9048,2161,3,1355.0
11552,1488,3,18.6
2694,2027,3,54.0
5058,99,3,15.0
6056,1407,3,1.8
11944,572,3,153.0
17325,2272,3,125.0
16011,914,3,3.4
12185,2759,3,735.0
9033,237,3,1913.0
13936,2619,3,19.1
16037,2285,3,34.0
12973,2285,3,107.0
13007,2285,3,31.0
9783,1488,3,623.0
9441,1785,3,609.0
4570,2631,3,434.0
4668,2285,3,51.0
17746,2631,3,221.0
7475,2922,3,248.0
27,203,3,24.0
5068,2922,3,150.0
6380,2285,3,17.5
8911,2285,3,28.0
1797,1612,3,0.2
16869,2285,3,24.0
1859,2285,3,36.0
9966,1612,3,1.9
10875,2001,3,34.0
2799,483,3,89.0
2409,725,3,21.0
6392,1202,3,463.0
1879,2865,3,40.0
1880,1612,3,2.8
5597,1832,3,26.0
5008,2285,3,62.0
1888,2842,3,30.0
13974,864,3,8.3
10547,2630,3,65.0
13625,2285,3,59.0
9854,2081,3,0.1
17584,2631,3,99.0
11437,1612,3,0.0
4406,2850,3,21.0
10852,482,3,18.2
5115,2285,3,19.0
1910,2285,3,37.0
17136,2285,3,15.0
1766,1612,3,0.0
13821,1607,3,0.2
2218,1612,3,0.1
6417,2285,3,40.0
6421,2285,3,80.0
10533,1906,3,0.1
14321,132,3,514.0
1771,2016,3,6.1
5378,594,3,381.0
18127,68,3,159.0
1772,1227,3,0.0
1680,2285,3,1.0
12188,2726,3,88.0
1933,1612,3,8.4
6427,711,3,86.0
4302,572,3,63.0
4588,1612,3,0.2
1778,572,3,47.0
4281,1612,3,2.5
1957,1166,3,139.0
16980,142,3,194.0
13357,816,3,30.0
6451,2550,3,115.0
9178,368,3,8233.0
1977,2526,3,13.8
17063,1899,3,5.4
17162,1128,3,47.0
4069,2285,3,15.3
16908,1612,3,0.0
11619,1612,3,7.6
22,2001,3,34.0
6081,634,3,9649.0
1210,359,3,154.0
11272,68,3,1056.0
14798,1612,3,1.2
11872,368,3,3599.0
8970,1655,3,1.8
2229,1612,3,1.8
2640,2285,3,65.0
1989,2285,3,34.0
2821,2285,3,104.0
17496,2285,3,82.0
3024,556,3,0.3
8524,2707,3,8.0
16532,1635,3,150.0
17784,2285,3,9.9
18025,2285,3,56.0
9931,2563,3,2.2
3802,1166,3,502.0
11082,685,3,4.8
4572,1781,3,74.0
11135,525,3,0.0
10892,140,3,15.2
7320,933,3,6.6
6659,2285,3,45.0
2061,2607,3,432.0
8918,1321,3,66.0
2888,881,3,0.8
2075,1612,3,10.3
12849,237,3,2962.0
1252,2285,3,42.0
11974,1609,3,10.6
2093,572,3,234.0
2732,25,3,8.9
2099,274,3,28.0
12514,2285,3,43.0
4451,2285,3,53.0
2257,2380,3,3372.0
14993,2496,3,12.3
2106,474,3,302.0
6512,2285,3,19.5
1803,2285,3,22.0
767,2631,3,283.0
3111,2285,3,38.0
15748,2774,3,76.0
2111,450,3,48.0
4118,2285,3,14.0
8596,1553,3,8653.0
138,1911,3,2174.0
3002,368,3,2566.0
1052,897,3,123.0
5581,1407,3,3.1
2130,1913,3,35.0
7184,2285,3,34.0
14353,1030,3,23.0
366,1617,3,28.0
6535,1612,3,1.4
7323,1087,3,10.4
8285,237,3,991.0
4499,343,3,79.0
2154,1578,3,293.0
4561,368,3,4110.0
2139,2285,3,22.0
3824,1638,3,4.8
6426,1514,3,0.2
4468,2285,3,56.0
2172,1932,3,64.0
2174,718,3,527.0
5056,98,3,32.0
8895,933,3,7.8
13046,237,3,22.0
2244,575,3,9.8
8936,2285,3,9.9
6091,1617,3,13.5
11741,2285,3,39.0
1971,2285,3,24.0
16705,368,3,30756.0
8709,1612,3,0.5
2201,237,3,1116.0
6562,237,3,1464.0
2207,2285,3,12.2
2206,1612,3,7.3
2208,1947,3,223.0
5098,1612,3,2.0
11009,2017,3,13.6
2215,1304,3,691.0
13588,2285,3,16.8
10023,696,3,19.6
6572,2726,3,9.6
714,2759,3,169.0
2242,2285,3,37.0
8993,1612,3,0.5
3052,1985,3,38.0
5676,1608,3,840.0
4765,1488,3,28.0
10298,2285,3,29.0
17269,811,3,136.0
17206,2285,3,53.0
15566,811,3,73.0
15982,1612,3,3.8
1824,2285,3,29.0
2290,2285,3,47.0
1585,2831,3,625.0
928,2630,3,10.7
17200,2205,3,3.2
2921,2116,3,4.6
5269,2285,3,11.1
6597,2726,3,72.0
2305,2911,3,124.0
2306,98,3,27.0
10909,2409,3,14.0
6605,1612,3,0.8
2334,868,3,29.0
2335,237,3,1958.0
5782,572,3,147.0
2341,1833,3,2.5
10031,2285,3,27.0
2269,2285,3,41.0
5784,2285,3,63.0
2369,2285,3,17.0
2370,2831,3,3432.0
6622,1488,3,1116.0
5463,1982,3,36.0
2363,2810,3,35.0
4732,725,3,23.0
2391,732,3,317.0
13964,2759,3,283.0
13467,387,3,1.0
2394,1488,3,73.0
5027,2285,3,28.0
2281,1488,3,4150.0
6624,2285,3,52.0
15249,2760,3,25.0
2410,2285,3,19.6
13055,1466,3,236.0
2270,1915,3,7.4
2739,1612,3,4.9
6075,944,3,1745.0
12550,14,3,86.0
1470,1827,3,32.0
5649,1400,3,13.2
11355,1608,3,2590.0
4414,2631,3,15.1
9116,1228,3,30.0
16931,1488,3,221.0
1429,966,3,36.0
1765,1128,3,31.0
8609,1488,3,70.0
2443,2835,3,1.5
2490,1612,3,2.5
17855,1612,3,1.7
1850,1488,3,11.9
14762,68,3,524.0
6657,2285,3,98.0
2593,1612,3,1.4
3079,2285,3,2.8
2035,2285,3,24.0
17857,2285,3,17.5
9232,2285,3,7.5
17817,1832,3,0.6
15177,1271,3,31.0
6671,1721,3,125.0
6418,1612,3,0.2
6676,2285,3,38.0
7068,2631,3,7.2
16809,368,3,3104.0
18111,2380,3,1373.0
9320,296,3,2777.0
2454,732,3,3727.0
4352,2922,3,98.0
2525,1721,3,71.0
18268,1776,3,6.0
2535,1612,3,1.8
18060,2285,3,57.0
4806,1499,3,26.0
5196,2285,3,60.0
2919,1189,3,13.9
6686,440,3,57.0
13089,1488,3,303.0
7314,2285,3,28.0
14660,1612,3,0.1
8031,732,3,337.0
18267,1608,3,1726.0
5580,2386,3,9.2
10505,1737,3,9.0
13670,2285,3,43.0
14360,2494,3,0.4
2697,1029,3,7.0
10507,368,3,8633.0
12460,368,3,4102.0
2578,2285,3,4.3
13321,2285,3,76.0
4274,2205,3,8.8
15205,2585,3,95.0
9444,2285,3,70.0
3800,1612,3,4.3
18188,1612,3,0.1
1512,537,3,36.0
9290,2285,3,27.0
14612,1947,3,261.0
2246,1867,3,9.2
2396,2001,3,40.0
2292,1349,3,57.0
12238,1156,3,0.8
2652,1612,3,0.0
15492,1119,3,137.0
14820,2726,3,12.0
18243,2400,3,37.0
10769,2282,3,96.0
15705,580,3,8.5
1158,2726,3,72.0
14621,1833,3,0.2
4703,1539,3,35.0
6719,2285,3,38.0
6735,2225,3,2146.0
2609,2285,3,32.0
6741,2285,3,13.3
11238,1304,3,276.0
4342,2708,3,0.8
11160,816,3,72.0
2615,823,3,7.3
3692,2285,3,60.0
15469,2630,3,186.0
3381,725,3,21.0
15663,1612,3,0.2
2703,1655,3,70.0
6757,2285,3,59.0
4687,1612,3,1.3
6523,237,3,4308.0
16483,52,3,22.0
2626,1612,3,0.7
12599,1035,3,31.0
8856,2285,3,35.0
13870,1655,3,0.0
13677,2285,3,58.0
12700,915,3,16.5
13678,2765,3,321.0
16236,368,3,1892.0
16614,2122,3,124.0
13820,255,3,443.0
17633,1952,3,0.8
2682,1468,3,3.2
11918,1612,3,3.9
9130,272,3,27.0
6548,1488,3,16.0
16549,2886,3,25.0
16227,1612,3,5.1
11667,2285,3,3.1
10196,368,3,2577.0
6787,2871,3,3.4
5448,2285,3,30.0
17799,2285,3,41.0
2805,1601,3,7.2
13075,100,3,147.0
1963,1612,3,1.8
11172,1488,3,289.0
7101,2285,3,4.2
4324,2285,3,57.0
6799,237,3,1583.0
11560,1612,3,8.0
16173,2619,3,124.0
17004,2726,3,50.0
10138,1488,3,20.0
12812,1179,3,106.0
2662,2285,3,40.0
2848,2285,3,39.0
4556,1609,3,17.0
1547,2631,3,187.0
9693,1488,3,89.0
15074,1488,3,241.0
14050,2631,3,47.0
7230,288,3,7.0
6820,1208,3,33.0
6336,1612,3,1.5
17431,1037,3,180.0
2753,2831,3,107.0
12298,1628,3,0.4
4173,1228,3,1294.0
11323,732,3,494.0
6760,811,3,188.0
5754,1054,3,1.7
14525,1612,3,2.7
14058,2922,3,164.0
6839,1488,3,672.0
181,237,3,199.0
11346,2630,3,488.0
43,2227,3,198.0
6841,237,3,592.0
6842,1612,3,0.2
10862,565,3,104.0
6810,2205,3,0.7
11833,2285,3,31.0
6850,1593,3,1.3
2549,1166,3,28.0
6855,1612,3,0.8
9096,368,3,4697.0
17008,2285,3,74.0
2773,972,3,445.0
9569,2285,3,2.7
14587,2285,3,39.0
6861,482,3,2.7
16067,1968,3,0.6
3292,1612,3,6.5
16231,2285,3,14.6
11688,1202,3,6.6
2890,2285,3,15.1
17562,2285,3,7.5
12154,2142,3,61.0
9355,2285,3,16.5
18078,2562,3,24.0
8544,2285,3,56.0
13362,1488,3,186.0
32,2831,3,411.0
16786,2285,3,7.0
634,68,3,972.0
13800,944,3,971.0
8039,814,3,1.3
2899,1557,3,264.0
4577,2389,3,19.0
7120,2285,3,62.0
2904,1228,3,539.0
6347,2285,3,66.0
6327,2865,3,275.0
16577,556,3,1969.0
2802,1488,3,295.0
1753,2423,3,301.0
965,2285,3,5.4
15708,1128,3,26.0
1676,1612,3,2.5
3554,68,3,5.3
16061,1655,3,32.0
14430,1612,3,0.2
1283,2285,3,64.0
250,1776,3,2.4
3931,2631,3,136.0
11330,1802,3,117.0
9451,2886,3,13.5
2962,2631,3,152.0
16492,2631,3,30.0
2548,546,3,20.0
3590,2659,3,3.1
2967,1037,3,6.7
12905,2285,3,46.0
6907,2285,3,74.0
2463,1612,3,0.0
12280,1721,3,1.4
7562,1300,3,81.0
3887,2462,3,29.0
6913,2285,3,86.0
13527,1838,3,22.0
2978,1612,3,5.5
2987,1612,3,6.4
15582,811,3,153.0
11482,2142,3,4.0
6927,2285,3,59.0
6928,1737,3,7.9
8765,2631,3,102.0
2993,2759,3,113.0
16787,2831,3,632.0
1981,1281,3,14.7
13464,1360,3,4.7
9357,1875,3,28.0
5559,2631,3,111.0
14911,2613,3,23.0
10634,2383,3,1558.0
901,982,3,2.8
6942,2285,3,61.0
1091,2498,3,0.6
11458,2285,3,55.0
9589,271,3,113.0
8770,1496,3,39.0
18276,944,3,1812.0
3020,2285,3,24.0
13479,1612,3,3.4
6951,2195,3,18.7
6952,2285,3,21.0
11876,2285,3,29.0
6610,74,3,0.2
3089,2285,3,67.0
3105,2631,3,87.0
13904,2726,3,4.7
3099,2004,3,3.3
8952,2285,3,36.0
3102,2285,3,34.0
3103,2285,3,26.0
12116,2229,3,63.0
11550,2631,3,353.0
14885,1228,3,1073.0
11014,2876,3,94.0
1356,237,3,2339.0
13926,2285,3,17.4
17074,1612,3,0.0
5159,2285,3,58.0
12253,2631,3,1.6
17721,2285,3,14.9
5366,1321,3,47.0
11399,2285,3,41.0
14300,113,3,1159.0
3707,368,3,29294.0
9104,1655,3,0.6
13097,2285,3,16.3
11201,2922,3,125.0
17848,1404,3,0.2
3123,1612,3,5.5
14229,2285,3,39.0
15012,1488,3,190.0
9165,1488,3,46.0
3129,1832,3,1.4
16595,2285,3,51.0
3108,1937,3,8.8
2314,2285,3,41.0
13515,2285,3,70.0
1810,1407,3,27.0
10231,2612,3,0.5
3160,2831,3,323.0
3136,1154,3,120.0
17767,2285,3,77.0
15650,2285,3,7.7
8515,2526,3,30.0
18282,745,3,97.0
3152,1228,3,46.0
7573,2285,3,36.0
2008,237,3,4436.0
3157,2251,3,0.1
1236,572,3,289.0
5877,1612,3,7.8
6458,2285,3,31.0
13656,2631,3,163.0
3080,1612,3,7.6
17428,1271,3,213.0
3162,1612,3,0.9
3711,1655,3,47.0
15018,2285,3,23.0
6999,1612,3,0.0
12607,1155,3,94.0
11848,1317,3,12.1
3056,237,3,2224.0
7000,1539,3,156.0
2189,2027,3,0.9
9031,2400,3,6.2
4361,2285,3,47.0
3181,2285,3,57.0
17871,359,3,103.0
16774,2285,3,38.0
15881,2526,3,0.7
11676,1037,3,453.0
952,854,3,142.0
6715,2285,3,41.0
15477,843,3,333.0
3366,1557,3,1103.0
3213,913,3,9.4
16698,98,3,14.3
3263,501,3,568.0
10929,1937,3,0.7
7790,2285,3,11.3
3916,811,3,294.0
9138,2285,3,8.2
3271,2285,3,31.0
11633,2365,3,43.0
12385,1488,3,18.3
1333,2403,3,49.0
16938,237,3,2118.0
7019,237,3,54.0
10129,1940,3,0.2
1310,1488,3,71.0
5195,2726,3,36.0
3291,2536,3,6.4
15006,1612,3,1.2
15852,2285,3,18.9
5710,766,3,2718.0
11262,2489,3,12.9
6627,1612,3,1.1
3306,2726,3,596.0
8667,1612,3,8.0
7040,2285,3,40.0
13953,572,3,186.0
7152,2285,3,44.0
16506,1488,3,58.0
7047,2225,3,720.0
5113,2631,3,113.0
3224,1983,3,37.0
16722,2007,3,0.1
13530,1940,3,1.0
14960,1612,3,0.2
3350,368,3,6059.0
3354,1947,3,30.0
3358,1720,3,35.0
7061,1177,3,7.0
4949,1612,3,1.7
7066,1228,3,2156.0
2442,1612,3,0.0
13742,2243,3,9.8
1444,2631,3,218.0
2567,2380,3,251.0
3286,2631,3,197.0
7078,2285,3,87.0
4877,2285,3,51.0
9121,1228,3,100.0
15736,1407,3,3.1
7083,2844,3,8.8
14272,1488,3,16.8
3245,2098,3,65.0
12071,2631,3,125.0
1303,1500,3,366.0
13104,1299,3,7.4
2551,2285,3,10.7
1791,743,3,13.4
17580,237,3,428.0
17941,2243,3,20.0
16260,2631,3,124.0
3402,1488,3,1435.0
1870,2285,3,37.0
7098,2285,3,85.0
16196,2285,3,25.0
12081,2631,3,121.0
8985,1612,3,1.1
3404,1612,3,3.2
1688,1612,3,0.6
6904,2285,3,23.0
4253,2562,3,14.2
10080,1228,3,101.0
3497,368,3,8562.0
9236,2285,3,39.0
3506,897,3,1266.0
11236,2856,3,303.0
14245,1612,3,6.7
3247,1525,3,41.0
3512,811,3,24.0
15295,2285,3,1.7
2457,2876,3,79.0
15357,2631,3,300.0
3523,786,3,2.1
4248,2285,3,37.0
3528,1407,3,2.8
3529,2710,3,6.6
15501,2285,3,49.0
6875,2285,3,24.0
15568,1053,3,612.0
11423,2420,3,54.0
3427,255,3,344.0
12791,2285,3,40.0
13019,1491,3,1168.0
2985,1488,3,236.0
8542,814,3,1910.0
5656,2536,3,3.5
9924,2451,3,9.3
3556,1612,3,4.5
3565,1321,3,44.0
3719,2298,3,47.0
9861,2876,3,285.0
2412,1488,3,18.3
3559,1612,3,9.7
3971,2922,3,34.0
9061,2285,3,2.9
7241,1488,3,128.0
1943,1488,3,40.0
14750,2285,3,0.1
15697,1612,3,3.7
9860,2285,3,27.0
7288,1544,3,8.0
7329,2285,3,89.0
13515,68,3,1934.0
3584,68,3,736.0
8520,237,3,1495.0
14507,811,3,850.0
18002,1166,3,881.0
7190,2285,3,73.0
7170,2922,3,189.0
14730,2285,3,34.0
16599,2654,3,2.9
2125,2522,3,0.5
7319,854,3,150.0
3607,2285,3,49.0
9951,1603,3,2.9
10865,2043,3,8.4
16894,572,3,169.0
11470,1721,3,35.0
5692,2285,3,53.0
3608,1612,3,0.2
18068,1202,3,339.0
13735,52,3,12.4
7591,2922,3,32.0
11900,2285,3,19.8
11099,2631,3,131.0
11466,1721,3,0.5
10782,2285,3,60.0
5691,2285,3,9.2
14211,2285,3,43.0
13746,368,3,4289.0
1132,2285,3,38.0
3628,251,3,39.0
7218,2911,3,106.0
3254,1488,3,634.0
7219,1612,3,0.0
2938,1617,3,1.4
6303,1228,3,135.0
7221,745,3,346.0
14574,2285,3,121.0
3836,368,3,2524.0
12387,2578,3,0.4
818,1407,3,5.0
7227,2285,3,2.4
4590,282,3,14.2
6645,1533,3,2715.0
12702,2719,3,2.2
1100,2475,3,7.3
3451,2285,3,39.0
18281,2726,3,90.0
13520,2759,3,217.0
7236,864,3,6.5
13703,2285,3,27.0
11223,1612,3,1.6
3643,1612,3,4.1
7243,2285,3,91.0
4506,862,3,4.4
5110,2285,3,24.0
4295,2285,3,37.0
3656,1612,3,2.2
18215,2526,3,23.0
5436,282,3,8.7
1522,2285,3,26.0
5057,68,3,6560.0
14299,1612,3,4.6
3660,293,3,4.3
3661,2354,3,32.0
18303,2271,3,10.5
14330,2285,3,26.0
1215,1612,3,1.5
16875,2285,3,33.0
5582,2195,3,9.9
3587,2223,3,670.0
10841,1612,3,1.6
1248,1090,3,439.0
14327,2139,3,96.0
2153,1321,3,29.0
7264,695,3,29.0
7265,1166,3,96.0
16349,1837,3,119.0
3613,237,3,1043.0
5440,2285,3,38.0
16798,2285,3,14.9
16095,368,3,6053.0
14362,2285,3,42.0
17571,1612,3,0.6
12842,2285,3,25.0
7270,1612,3,12.6
11370,2285,3,52.0
16924,2285,3,29.0
3695,2285,3,1.1
16850,2285,3,26.0
11923,2285,3,98.0
3454,1488,3,54.0
4911,2096,3,279.0
5824,1612,3,0.0
2256,2285,3,43.0
3714,644,3,13.2
8809,2285,3,52.0
3716,2028,3,52.0
16384,2285,3,21.0
7089,400,3,487.0
9613,1488,3,784.0
13476,2285,3,38.0
10404,2285,3,48.0
18094,1612,3,2.6
2532,848,3,582.0
17887,237,3,1983.0
13029,2285,3,39.0
9286,237,3,171.0
3721,829,3,246.0
3485,2631,3,112.0
7415,2876,3,43.0
3727,2285,3,52.0
9793,2285,3,23.0
3332,2285,3,14.3
3731,2285,3,23.0
4012,564,3,13.8
3871,2433,3,5.0
4853,2866,3,4.1
10333,1612,3,1.0
11134,555,3,289.0
3821,2285,3,49.0
4012,2285,3,55.0
11931,2380,3,34.0
4014,237,3,2330.0
8868,732,3,203.0
3833,1827,3,59.0
17949,1612,3,0.2
2108,2001,3,96.0
12277,1612,3,1.4
9666,1488,3,98.0
14504,1612,3,0.0
13721,2285,3,64.0
3848,1488,3,147.0
13111,1912,3,22.0
4929,2285,3,14.0
3858,2285,3,46.0
5379,2285,3,33.0
3865,2285,3,75.0
185,2285,3,34.0
1296,1612,3,1.6
17816,1875,3,16.2
10340,816,3,4.0
3882,443,3,204.0
18278,1488,3,26.0
3890,944,3,2949.0
7346,1591,3,8.1
16616,2285,3,57.0
10631,2285,3,54.0
6745,1557,3,317.0
3897,1612,3,2.9
14920,2285,3,91.0
3903,237,3,3633.0
13079,2884,3,8.6
3913,2285,3,29.0
7356,2547,3,3.4
3918,1608,3,2617.0
5971,2631,3,145.0
4777,1612,3,1.8
10910,237,3,1584.0
9536,2285,3,23.0
17087,2285,3,19.2
5747,1832,3,67.0
3759,2448,3,104.0
11855,1215,3,307.0
2794,1612,3,2.1
16623,1304,3,3302.0
1559,2285,3,45.0
15869,1029,3,3.4
4193,1612,3,4.8
16710,159,3,2.0
2418,1304,3,800.0
3956,140,3,394.0
5523,2299,3,37.0
1250,2285,3,31.0
63,2285,3,36.0
17066,732,3,739.0
9795,1612,3,7.2
7378,718,3,349.0
2974,272,3,129.0
3285,2631,3,146.0
6649,1279,3,2.0
3734,132,3,714.0
4927,2285,3,49.0
3978,803,3,66.0
1518,288,3,237.0
3937,2866,3,16.2
7388,606,3,1.3
16696,1080,3,8771.0
7389,2631,3,141.0
11515,2922,3,96.0
3771,1612,3,6.3
3990,2285,3,18.5
16430,2091,3,7.9
5695,2844,3,11.0
7441,2630,3,232.0
13209,1612,3,7.0
8638,2285,3,18.2
12864,572,3,295.0
2788,1721,3,234.0
11072,1427,3,56.0
3992,2423,3,70.0
6747,1465,3,893.0
3774,1304,3,1007.0
7396,2285,3,37.0
16708,2285,3,61.0
1244,2285,3,94.0
4079,237,3,2004.0
9567,2285,3,36.0
7404,2441,3,58.0
4005,572,3,251.0
14937,2631,3,257.0
10745,2285,3,21.0
3097,1612,3,0.2
18289,2223,3,2.4
13253,2285,3,22.0
3659,1388,3,0.3
4017,1832,3,47.0
4018,2285,3,33.0
624,2285,3,13.4
7417,2922,3,189.0
17303,1707,3,7.4
4896,14,3,19.0
7418,2285,3,3.9
17102,2285,3,44.0
16843,1488,3,64.0
15978,272,3,61.0
2937,2285,3,37.0
7423,522,3,1.1
11562,1488,3,32.0
17670,1655,3,557.0
13149,1781,3,574.0
12813,2710,3,1.8
9558,2488,3,801.0
3668,725,3,16.4
9064,2285,3,7.7
10896,205,3,11.8
4081,1539,3,123.0
4080,811,3,537.0
13315,2285,3,51.0
18213,2205,3,11.4
7435,401,3,0.9
4094,2285,3,41.0
14175,1323,3,1209.0
9472,1323,3,385.0
5485,1612,3,0.0
17342,1080,3,22142.0
4110,1679,3,25.0
14308,2630,3,181.0
4159,1215,3,664.0
18052,1128,3,1.8
8291,142,3,332.0
12027,524,3,16.3
1883,554,3,47.0
7459,564,3,387.0
11829,2285,3,45.0
5595,816,3,74.0
1150,814,3,4688.0
7462,1612,3,0.1
14905,2285,3,39.0
4181,2489,3,49.0
7464,2285,3,60.0
16232,2292,3,13.4
15194,1488,3,2533.0
6226,1612,3,2.3
8938,2285,3,49.0
9836,2631,3,11.0
17946,2285,3,47.0
4197,2055,3,1.0
11046,2285,3,53.0
12509,1612,3,7.4
8286,368,3,2149.0
9758,804,3,9.7
4202,2285,3,37.0
9215,2285,3,14.7
18042,1612,3,0.3
10500,2285,3,28.0
13574,1612,3,2.2
1818,2336,3,4.8
14830,1612,3,0.5
2608,1525,3,41.0
14972,2205,3,29.0
1182,1612,3,6.6
1094,2285,3,14.5
17921,2285,3,74.0
8122,1183,3,2.8
14210,2630,3,259.0
4230,2285,3,46.0
4233,2285,3,50.0
4904,2294,3,16.1
10120,229,3,175.0
1321,2422,3,63.0
5875,368,3,3626.0
11158,2496,3,16.9
4244,814,3,15.0
12309,1056,3,1.0
2939,2285,3,22.0
15666,368,3,1569.0
4174,2205,3,20.0
4261,237,3,1716.0
11443,1414,3,4.2
8453,2285,3,57.0
4713,1852,3,21.0
9716,1228,3,562.0
15905,68,3,461.0
8733,1788,3,292.0
14201,1144,3,762.0
8229,2285,3,17.4
14358,2001,3,1.8
4323,1321,3,5.5
15988,2285,3,13.4
4329,68,3,2121.0
7545,1304,3,938.0
4382,2433,3,4.5
7547,2285,3,1.5
4371,1612,3,3.0
4372,255,3,86.0
3737,1612,3,5.0
4374,2344,3,1.6
9779,68,3,2380.0
16829,2285,3,67.0
11097,594,3,1079.0
4470,2488,3,1184.0
9984,1612,3,7.6
5806,1721,3,36.0
2098,1215,3,849.0
7554,831,3,302.0
8659,25,3,0.4
4409,2285,3,36.0
4344,514,3,52.0
2742,1612,3,0.0
4416,2424,3,12.5
4417,2409,3,16.4
12719,68,3,1179.0
4045,2427,3,3.1
4350,1832,3,23.0
2349,1202,3,700.0
12222,2285,3,31.0
8526,1612,3,1.6
4428,2875,3,1.7
14317,2380,3,513.0
4439,1488,3,58.0
1180,2630,3,127.0
9377,2285,3,39.0
10365,2631,3,130.0
2826,2285,3,7.4
4456,1067,3,27.0
16689,2285,3,63.0
17248,2285,3,37.0
7599,115,3,0.7
4465,1612,3,2.2
4803,2285,3,37.0
7571,25,3,40.0
17616,444,3,658.0
7670,2285,3,33.0
18072,237,3,95.0
4480,1202,3,149.0
4482,2780,3,44.0
4129,1228,3,72.0
6324,1612,3,0.4
14568,944,3,1492.0
385,343,3,628.0
691,1612,3,3.8
2850,1838,3,4.8
16594,2631,3,205.0
4514,2922,3,46.0
17533,1612,3,0.1
16177,1655,3,2.1
10187,224,3,212.0
9129,1628,3,0.4
9309,2285,3,35.0
10679,2285,3,32.0
18204,2285,3,38.0
4605,1612,3,0.2
4518,1612,3,0.5
17727,2496,3,4.2
347,2679,3,2.2
899,1488,3,236.0
7634,1321,3,30.0
3192,2285,3,87.0
8815,68,3,1762.0
5014,65,3,3.0
9109,1557,3,861.0
12266,2380,3,598.0
13374,94,3,4.3
17253,2285,3,54.0
16976,2344,3,1.0
4434,217,3,322.0
14393,2285,3,14.5
7639,564,3,15.0
11850,897,3,0.0
13471,2285,3,49.0
3045,1612,3,7.2
981,2285,3,54.0
17741,44,3,1550.0
1986,946,3,397.0
12658,52,3,6.3
4511,2285,3,26.0
2322,1612,3,4.8
3777,142,3,1461.0
3001,2631,3,319.0
16613,2631,3,132.0
5400,1612,3,2.1
4855,1525,3,1.1
8551,68,3,1132.0
13752,1488,3,4.8
6269,1915,3,17.2
4594,594,3,1671.0
2674,237,3,4487.0
4541,2285,3,10.0
17655,1277,3,8.5
7655,1304,3,181.0
13723,2631,3,48.0
4598,2285,3,39.0
11112,2562,3,0.7
11439,1488,3,97.0
7656,1488,3,23.0
7611,2831,3,1012.0
4607,1032,3,0.0
4610,2285,3,59.0
4608,1418,3,996.0
4611,1579,3,5.6
2951,1612,3,0.1
1131,572,3,86.0
6194,237,3,962.0
16080,2285,3,32.0
15605,44,3,12.2
3570,368,3,3519.0
9930,1488,3,204.0
15174,368,3,6088.0
2480,1488,3,1132.0
226,1228,3,9.8
7667,9,3,10.3
16763,2285,3,17.2
2468,2285,3,1.3
14560,2619,3,637.0
15412,1785,3,760.0
7675,1838,3,58.0
13480,2850,3,45.0
12279,1208,3,151.0
5230,25,3,5.2
4678,1492,3,5676.0
12580,237,3,4033.0
4566,1612,3,0.4
7539,2344,3,0.1
14336,2027,3,22.0
4535,1838,3,26.0
15992,2285,3,24.0
9767,2285,3,12.5
11502,1497,3,300.0
11090,2285,3,1.2
5179,368,3,5396.0
15236,2285,3,65.0
9811,1838,3,5.7
2947,2285,3,19.3
16359,2685,3,114.0
10025,2285,3,50.0
2687,864,3,0.4
4725,2536,3,40.0
4724,2285,3,64.0
8594,1725,3,16.4
4863,2285,3,151.0
2115,1141,3,47.0
4747,1612,3,0.8
4970,2320,3,6.0
2645,277,3,0.2
7707,1488,3,34.0
13188,1488,3,2800.0
9444,1655,3,313.0
3674,2285,3,0.2
17574,2285,3,50.0
7771,732,3,145.0
3248,594,3,225.0
10113,2380,3,1069.0
14940,2205,3,37.0
4858,25,3,0.6
2948,2631,3,347.0
4856,2631,3,170.0
10086,1612,3,5.8
15386,829,3,647.0
4881,2285,3,50.0
14163,368,3,2368.0
9585,2076,3,116.0
7022,2911,3,244.0
16013,1488,3,158.0
1987,2303,3,1.8
17488,2285,3,64.0
4759,572,3,29.0
5930,791,3,54.0
1894,272,3,570.0
4930,2205,3,0.6
11240,1556,3,21.0
4932,2285,3,45.0
17869,2285,3,36.0
15710,2631,3,252.0
8587,1141,3,348.0
5172,2285,3,84.0
15815,1070,3,4054.0
6609,2205,3,3.6
5407,68,3,1619.0
7759,1612,3,4.4
10380,1465,3,175.0
2007,992,3,127.0
5534,2630,3,153.0
8990,2319,3,5.8
12151,2631,3,43.0
10001,265,3,21.0
6911,2243,3,23.0
646,2285,3,15.0
8190,679,3,615.0
2076,2285,3,32.0
15392,1166,3,1100.0
7781,2285,3,18.1
14014,368,3,8159.0
4987,2285,3,19.0
12587,897,3,7.0
17704,1612,3,0.6
4998,2380,3,374.0
12634,1608,3,322.0
8052,2380,3,2376.0
5007,1627,3,2.0
4782,2285,3,64.0
17027,1612,3,0.7
15137,1655,3,0.0
17609,68,3,19.6
1913,1488,3,106.0
12883,98,3,64.0
1037,1612,3,0.1
17453,2285,3,22.0
1229,2285,3,43.0
5021,2631,3,240.0
5661,2285,3,5.4
5529,100,3,123.0
5031,1612,3,1.1
7797,201,3,0.2
7798,2285,3,51.0
15603,2415,3,51.0
5033,1533,3,4084.0
17712,1208,3,27.0
7803,1612,3,4.2
5041,2383,3,703.0
10911,25,3,26.0
5045,2285,3,0.7
8879,1612,3,7.5
15990,1628,3,1.0
1331,2285,3,14.6
16399,614,3,108.0
6737,537,3,1.0
9754,2285,3,67.0
10100,237,3,1525.0
7811,1612,3,0.0
7508,142,3,843.0
5049,1583,3,205.0
11322,2285,3,34.0
5053,1612,3,4.5
14471,2285,3,54.0
15470,1612,3,3.8
1374,2842,3,28.0
5071,2285,3,8.6
5075,1612,3,0.7
5079,1488,3,84.0
8727,1460,3,10172.0
5080,1827,3,67.0
12223,745,3,55.0
16626,1278,3,5.7
5097,1608,3,32.0
7835,2285,3,18.6
2333,1612,3,0.0
12407,2285,3,37.0
5100,1228,3,1238.0
8715,1027,3,18.1
9605,1488,3,51.0
7842,2285,3,65.0
3615,2619,3,87.0
2192,2285,3,67.0
14438,1488,3,177.0
16387,2205,3,4.8
9990,745,3,23.0
5109,68,3,1465.0
13966,1612,3,0.1
7848,2285,3,24.0
12660,1497,3,9.9
5207,2366,3,1.1
14239,2285,3,20.0
11408,2285,3,25.0
7869,1557,3,4073.0
15766,237,3,18.4
5860,614,3,16.9
10443,368,3,9528.0
15751,2409,3,25.0
2793,1643,3,107.0
13189,2343,3,16.5
13193,2006,3,158.0
7873,2631,3,230.0
11738,1612,3,3.5
4945,2631,3,56.0
10490,2631,3,10.4
18018,2285,3,59.0
5166,2087,3,2.0
13509,2285,3,46.0
4833,2285,3,62.0
2251,2285,3,14.3
12764,828,3,110.0
5330,1464,3,5177.0
1205,2285,3,68.0
7895,2630,3,326.0
7899,293,3,19.0
1249,2418,3,5.1
16287,2921,3,1.8
16295,2015,3,51.0
5902,2631,3,29.0
5200,2285,3,12.5
14721,1612,3,3.8
5218,2285,3,24.0
3153,1051,3,30.0
4820,1144,3,250.0
16279,368,3,3662.0
17737,944,3,1993.0
15955,1215,3,1959.0
11942,2631,3,89.0
13717,1612,3,0.7
4488,237,3,1110.0
7898,2631,3,67.0
17674,1228,3,536.0
3607,574,3,6.1
5308,2205,3,3.4
1329,203,3,6.0
12689,2285,3,23.0
1440,368,3,3989.0
7935,2285,3,32.0
6079,2027,3,79.0
10598,2285,3,8.8
1117,2441,3,19.8
9409,2726,3,148.0
13657,2285,3,108.0
5334,864,3,4.0
15755,2285,3,23.0
17141,368,3,5660.0
5342,2654,3,0.5
5350,1612,3,0.3
8584,2911,3,176.0
6014,1583,3,66.0
5856,2850,3,104.0
2494,521,3,12.5
2026,897,3,88.0
5266,471,3,26.0
15122,1832,3,22.0
16754,2285,3,25.0
8806,1557,3,555.0
4641,185,3,24.0
10393,2285,3,4.5
7749,2861,3,6.2
5741,2866,3,24.0
4325,791,3,934.0
17464,2631,3,169.0
15388,2285,3,17.8
16882,2285,3,47.0
8760,1612,3,0.9
2892,2380,3,2726.0
1085,76,3,9.8
5394,1730,3,6.4
7859,1911,3,2126.0
5395,2285,3,27.0
9835,1612,3,3.9
5397,2911,3,150.0
5403,1693,3,2.1
14212,1488,3,81.0
5408,1612,3,2.7
5415,2056,3,7.9
15790,1605,3,0.6
7972,1584,3,8.4
5280,237,3,1079.0
7702,2631,3,110.0
11229,2285,3,65.0
15855,2285,3,43.0
5433,2285,3,52.0
3828,1202,3,39.0
5441,68,3,1431.0
5313,2285,3,17.4
7979,1079,3,9659.0
15850,237,3,304.0
5452,2285,3,26.0
1061,2122,3,463.0
9891,1614,3,5.3
13834,2096,3,993.0
5250,2285,3,47.0
7997,2285,3,20.0
15306,2922,3,8.4
4332,2285,3,77.0
4634,1612,3,6.3
1129,1488,3,7.6
16388,2631,3,188.0
8014,1612,3,0.4
5509,2343,3,269.0
6618,2285,3,40.0
5516,1628,3,0.4
12718,2285,3,137.0
5525,2922,3,366.0
5533,1626,3,223.0
9802,2285,3,35.0
2351,78,3,59.0
8021,2327,3,51.0
8022,2857,3,12.1
8025,282,3,0.5
5520,2281,3,13.9
12716,461,3,100.0
15865,2285,3,19.4
10079,2780,3,40.0
8042,25,3,62.0
4475,2631,3,2.1
17361,2630,3,90.0
5120,1488,3,192.0
9222,229,3,19.7
16212,68,3,1780.0
12831,2285,3,9.6
5502,2285,3,36.0
5606,2285,3,46.0
8051,2911,3,140.0
13762,2607,3,2418.0
12588,2285,3,4.2
1896,2502,3,45.0
4939,271,3,45.0
13674,944,3,1950.0
5621,2285,3,30.0
1558,1612,3,0.1
10764,2726,3,68.0
5665,1488,3,7.2
5624,237,3,4118.0
16337,1228,3,726.0
1170,2285,3,28.0
1622,1832,3,5.7
4551,2285,3,30.0
5739,2631,3,65.0
14998,1612,3,10.5
1113,2060,3,3.1
2824,2865,3,123.0
384,556,3,35.0
1451,1832,3,84.0
6887,806,3,0.2
8086,2285,3,12.6
16313,732,3,85.0
8088,1228,3,671.0
5627,1202,3,290.0
7289,944,3,25.0
2118,2285,3,21.0
2328,2280,3,2.2
5677,2285,3,36.0
8098,2285,3,44.0
4145,2285,3,56.0
2991,1612,3,5.9
8100,2285,3,12.2
2928,1612,3,0.1
13493,1488,3,46.0
16669,100,3,1393.0
15925,237,3,3092.0
12928,2285,3,42.0
6895,2631,3,26.0
2312,2205,3,0.2
11634,2285,3,56.0
5688,1321,3,129.0
5120,368,3,1920.0
683,2285,3,27.0
17379,1321,3,17.8
14283,2285,3,80.0
6388,2327,3,23.0
13902,2685,3,975.0
16827,2496,3,23.0
8113,207,3,46.0
7905,2285,3,23.0
5059,1499,3,12.9
10635,2285,3,63.0
14265,828,3,223.0
2632,311,3,2.4
4313,2630,3,304.0
3133,2856,3,120.0
5723,2285,3,1.6
8946,2844,3,77.0
3652,2013,3,98.0
8656,425,3,22.0
5729,2285,3,59.0
5648,2631,3,113.0
8064,1465,3,37.0
11022,2285,3,17.8
8892,142,3,383.0
17309,2285,3,19.5
7020,2886,3,13.0
5009,1626,3,109.0
17378,2285,3,54.0
17964,1612,3,1.7
7736,2285,3,39.0
1207,1612,3,8.7
8115,1583,3,829.0
17366,2504,3,1.0
14036,944,3,895.0
5768,1179,3,68.0
16570,1758,3,3312.0
3967,1612,3,1.9
17992,2285,3,6.2
8157,237,3,1397.0
9319,2285,3,39.0
5655,2285,3,40.0
5671,2229,3,21.0
4864,2285,3,1.1
5936,2285,3,57.0
8168,2285,3,31.0
80,2922,3,238.0
1058,1832,3,87.0
11086,745,3,13.8
8276,2285,3,20.0
17669,1612,3,2.0
14669,2285,3,72.0
13032,2205,3,64.0
8183,1166,3,1540.0
10329,2285,3,31.0
8185,2285,3,67.0
1149,1776,3,14.0
10109,2285,3,59.0
8208,1189,3,1.9
1660,2285,3,19.9
6964,798,3,3.9
2465,25,3,4.0
11815,2285,3,35.0
13820,1982,3,0.2
7395,368,3,3158.0
16480,1488,3,1768.0
5745,2267,3,263.0
8199,1739,3,11661.0
8811,515,3,0.2
9533,2433,3,9.8
18273,368,3,4394.0
5117,2631,3,216.0
13838,1655,3,65.0
7624,1037,3,113.0
1776,68,3,1702.0
8213,2285,3,35.0
2478,368,3,5608.0
13073,2285,3,53.0
14710,2630,3,82.0
9622,2285,3,52.0
7886,2285,3,7.1
14931,2631,3,217.0
13687,2718,3,5.0
5789,2282,3,219.0
16897,829,3,631.0
17227,2285,3,1.8
14893,2285,3,24.0
10088,2285,3,5.4
12310,2285,3,5.9
5660,98,3,19.8
2696,1030,3,13.5
11750,1832,3,18.0
17546,2285,3,63.0
11898,551,3,593.0
13256,2631,3,55.0
14219,1628,3,0.6
8235,1628,3,1.4
3347,2285,3,11.7
16697,2285,3,0.5
11605,1104,3,9.6
16801,2285,3,87.0
17889,2285,3,26.0
1848,2631,3,139.0
4162,2403,3,360.0
2610,2285,3,63.0
8242,122,3,0.8
1912,1557,3,797.0
5891,274,3,15.4
8550,2285,3,61.0
5787,237,3,786.0
7146,142,3,823.0
12034,2831,3,379.0
15994,1488,3,924.0
13103,2285,3,16.0
11675,936,3,14.9
75,1304,3,564.0
9992,1488,3,55.0
12482,2285,3,29.0
12784,1488,3,19.5
9093,2630,3,129.0
5802,2420,3,124.0
5150,1606,3,366.0
4653,2211,3,2.5
6089,1625,3,124.0
8255,2285,3,6.7
8256,1488,3,51.0
5805,1128,3,103.0
14831,2631,3,125.0
4979,2922,3,30.0
5496,2285,3,58.0
4996,1660,3,1.5
14859,2285,3,88.0
15240,1497,3,26.0
10515,1612,3,1.6
8267,2650,3,128.0
9555,2285,3,53.0
12951,2559,3,1.3
1341,2562,3,5.6
7910,1850,3,8.7
10003,237,3,1331.0
2024,368,3,3665.0
5773,132,3,25.0
6731,2285,3,50.0
4586,2876,3,22.0
1196,745,3,1678.0
10748,1931,3,235.0
17715,2285,3,32.0
5942,1488,3,200.0
13766,1611,3,6.4
8284,572,3,135.0
7433,2759,3,483.0
5914,25,3,13.0
9973,2380,3,1033.0
2765,556,3,0.9
9189,2285,3,31.0
15608,1612,3,0.2
8293,1628,3,0.7
5882,2285,3,38.0
10797,1612,3,1.2
17370,142,3,427.0
15471,2285,3,12.1
8295,1407,3,4.4
11002,2285,3,56.0
1562,2285,3,31.0
15756,68,3,1856.0
11089,1999,3,18.2
8047,2631,3,101.0
9744,1488,3,148.0
4096,2736,3,4.3
5824,501,3,16.8
7310,1612,3,0.2
12239,1155,3,514.0
8539,68,3,483.0
7689,2686,3,41.0
7664,2285,3,52.0
5680,2285,3,48.0
11049,2285,3,103.0
5900,549,3,2.4
14093,2562,3,8.4
5903,1612,3,0.5
5483,1488,3,60.0
9030,2295,3,151.0
8319,2285,3,94.0
2738,237,3,2276.0
3135,2285,3,36.0
14957,1612,3,0.1
5801,2865,3,112.0
17515,2285,3,46.0
5839,2285,3,10.4
8326,2285,3,40.0
1865,2285,3,67.0
8179,2285,3,10.6
8334,1295,3,22.0
8335,2285,3,38.0
14057,944,3,852.0
10521,237,3,7.4
4527,1838,3,2.5
6293,2285,3,58.0
10332,2163,3,75.0
5932,2285,3,66.0
13849,552,3,204.0
5933,2285,3,41.0
2445,2630,3,96.0
10610,142,3,1193.0
4679,2285,3,36.0
12916,955,3,26.0
11171,616,3,62.0
8359,2285,3,33.0
8360,368,3,11059.0
9609,368,3,7232.0
11699,2844,3,10.4
11965,2285,3,34.0
2816,955,3,9.0
5818,109,3,4.6
8972,1277,3,0.6
18086,2285,3,17.9
16951,2340,3,1.7
8567,897,3,782.0
5953,2285,3,39.0
7927,2285,3,46.0
11897,2922,3,6.2
8378,2285,3,28.0
17553,725,3,45.0
8382,2536,3,22.0
5963,2439,3,428.0
4237,1612,3,1.1
13201,1612,3,7.5
8383,2285,3,13.0
6629,142,3,112.0
14288,2423,3,29.0
8385,68,3,706.0
8621,368,3,8495.0
3553,1612,3,0.2
5972,2285,3,43.0
18287,2279,3,1.1
17116,1832,3,15.1
15404,2285,3,33.0
14230,2285,3,54.0
14168,2631,3,190.0
4351,237,3,562.0
17591,2922,3,185.0
5847,2600,3,4.7
7839,2285,3,0.2
5869,2536,3,9.3
5664,975,3,0.8
3761,100,3,97.0
4497,2911,3,284.0
12106,274,3,93.0
16412,499,3,1077.0
11674,1832,3,86.0
8402,2285,3,20.0
12453,2876,3,47.0
14693,1608,3,1203.0
8860,293,3,0.0
8257,2380,3,246.0
6022,2285,3,46.0
10848,811,3,79.0
4214,1612,3,0.2
8413,2285,3,17.4
12273,2119,3,0.3
4388,790,3,0.1
8418,2365,3,2.5
6044,2780,3,0.0
15430,2285,3,15.6
5995,2285,3,47.0
14316,725,3,13.6
8682,1347,3,224.0
14487,1606,3,666.0
17438,2016,3,103.0
9591,2340,3,12.1
9647,25,3,27.0
8422,2205,3,40.0
14227,2562,3,10.8
4691,811,3,295.0
10232,1576,3,90.0
1656,1612,3,1.0
12133,1182,3,5.3
15054,1612,3,3.1
11692,944,3,3726.0
6297,2285,3,52.0
3010,1832,3,30.0
9042,237,3,1818.0
15779,2285,3,37.0
6051,2285,3,27.0
5344,2631,3,108.0
13973,368,3,3992.0
15805,711,3,2.2
9730,2285,3,36.0
3531,2285,3,41.0
6349,359,3,131.0
1972,1292,3,5256.0
1361,2536,3,7.7
15611,1876,3,28.0
10220,2844,3,8.1
5004,2285,3,25.0
4068,2285,3,28.0
11563,1776,3,85.0
6048,572,3,33.0
11276,2285,3,36.0
8871,2285,3,49.0
7795,1471,3,91.0
2907,1488,3,1185.0
15724,944,3,3176.0
16817,2098,3,58.0
1569,2631,3,51.0
16016,2631,3,131.0
5315,897,3,122.0
10169,1488,3,57.0
17739,2285,3,15.6
10141,2083,3,0.1
6252,2285,3,19.0
8469,1488,3,190.0
6004,2285,3,89.0
13237,1533,3,264.0
11146,2285,3,48.0
6006,547,3,1422.0
5353,2496,3,0.4
2263,2844,3,3.9
17214,2876,3,1.4
8484,2865,3,1099.0
6065,368,3,9467.0
2882,1612,3,0.9
14015,237,3,128.0
8529,1655,3,15.2
17593,25,3,3.4
8747,2285,3,55.0
15383,572,3,6.4
1819,1228,3,354.0
10583,1215,3,298.0
8833,1488,3,231.0
9611,2285,3,11.5
12320,1488,3,11.3
6553,1937,3,0.6
16989,368,3,9356.0
9113,2285,3,12.1
11033,2380,3,1866.0
8669,1713,3,0.4
4053,1872,3,12.2
8408,1872,3,3.5
13379,1565,3,0.8
11083,2285,3,46.0
2574,2285,3,35.0
7742,2025,3,3.6
17365,1612,3,0.0
6575,2285,3,18.7
13852,1612,3,0.0
5536,272,3,199.0
11028,2285,3,17.6
5055,1612,3,1.2
15830,2285,3,39.0
5219,828,3,583.0
3722,368,3,4380.0
8268,25,3,27.0
3645,1937,3,3.4
8146,2285,3,72.0
7737,915,3,40.0
5326,1228,3,94.0
18079,2285,3,112.0
5093,2285,3,35.0
15885,2285,3,10.0
2618,2285,3,48.0
7553,14,3,1274.0
6532,2285,3,37.0
6502,1488,3,1.7
8762,2285,3,81.0
2297,1721,3,3.4
8129,2285,3,21.0
10682,2285,3,64.0
1234,1612,3,2.0
5092,2285,3,25.0
15699,2285,3,30.0
8130,2285,3,29.0
14434,2285,3,61.0
9734,2285,3,72.0
7071,537,3,22.0
14051,2285,3,15.6
12945,2285,3,22.0
2440,2285,3,49.0
1424,2812,3,0.6
16806,2530,3,0.2
11765,2285,3,51.0
2625,1655,3,152.0
5888,537,3,81.0
18143,2285,3,89.0
5188,2285,3,54.0
3430,68,3,582.0
17958,1838,3,17.6
6748,1423,3,14755.0
16360,25,3,29.0
6859,1655,3,8.6
1832,25,3,21.0
4168,142,3,1.1
16505,2285,3,18.2
4889,2202,3,39.0
18167,1612,3,2.2
7559,2807,3,383.0
8735,2285,3,53.0
13756,2285,3,81.0
10172,2911,3,1806.0
11531,2285,3,33.0
12244,109,3,2.5
1935,912,3,1.6
7045,2285,3,13.7
3110,2488,3,4150.0
6316,2285,3,53.0
16707,2710,3,263.0
4421,527,3,5353.0
16028,2285,3,11.4
10899,2285,3,47.0
2228,1202,3,26.0
14759,718,3,1948.0
7683,2122,3,8.3
3304,2285,3,87.0
5705,2285,3,36.0
12918,2285,3,117.0
6816,246,3,10.6
8744,2526,3,9.9
2355,682,3,37.0
12745,2096,3,312.0
4273,2922,3,503.0
9341,2285,3,42.0
8910,2536,3,22.0
8225,2285,3,45.0
17526,2530,3,15.5
4198,2139,3,66.0
8037,2285,3,35.0
8634,2285,3,0.3
6756,1228,3,799.0
6586,2285,3,50.0
5989,2285,3,6.0
11840,1612,3,0.1
14674,2437,3,59.0
8502,1947,3,14.4
5679,1488,3,118.0
10604,1645,3,36.0
8032,1612,3,3.6
14275,2631,3,10.6
6732,1612,3,0.2
13370,2285,3,13.1
2956,2409,3,15.8
4649,1228,3,167.0
5355,1940,3,0.9
12880,100,3,46.0
1145,1585,3,16.6
6789,2285,3,102.0
72,2285,3,9.3
4880,2285,3,84.0
15300,2285,3,23.0
2800,670,3,83.0
18077,2285,3,81.0
10816,2285,3,53.0
1542,2631,3,130.0
7768,1277,3,7.7
9791,1406,3,24.0
3905,1608,3,3362.0
4269,1612,3,0.1
15703,2854,3,13.7
5324,1465,3,36.0
12502,547,3,32.0
3866,1838,3,76.0
6511,2285,3,40.0
10261,1316,3,75.0
12624,1488,3,170.0
1105,2285,3,54.0
8323,265,3,2.8
6402,2630,3,47.0
13345,2285,3,45.0
5283,2285,3,34.0
16452,1785,3,1692.0
4728,1612,3,0.2
6929,2340,3,795.0
16503,1721,3,58.0
8023,2285,3,42.0
9416,368,3,5263.0
4657,1525,3,45.0
4893,2285,3,36.0
12985,2630,3,3.2
12475,814,3,12.4
10164,2285,3,98.0
14503,237,3,4189.0
5753,2129,3,26.0
1657,725,3,12.1
1293,1420,3,822.0
7661,2068,3,10.9
12240,2001,3,121.0
9950,2631,3,352.0
13341,2285,3,25.0
16540,2285,3,56.0
7291,255,3,72.0
6678,1488,3,426.0
3725,2285,3,85.0
1767,1758,3,385.0
14557,1957,3,15.0
17476,1488,3,62.0
1905,2536,3,13.4
1842,1612,3,2.0
12898,864,3,0.4
9362,1323,3,349.0
4220,1731,3,58.0
309,758,3,220.0
6240,1832,3,127.0
7658,2285,3,81.0
2679,271,3,0.9
12521,2285,3,15.2
3188,2285,3,73.0
8124,2800,3,0.7
8188,2285,3,2.2
1601,2205,3,12.6
14671,2631,3,8.1
3667,2107,3,1.9
14912,2285,3,62.0
3740,206,3,25.0
2464,2285,3,22.0
11259,1707,3,91.0
16184,1612,3,4.5
16662,1488,3,547.0
4330,2285,3,56.0
15999,530,3,0.3
15997,368,3,4420.0
11163,1937,3,0.6
3963,2285,3,55.0
14672,2285,3,13.1
1733,368,3,5677.0
16520,1494,3,179.0
13518,2831,3,158.0
7294,2285,3,49.0
14421,2298,3,101.0
14383,2285,3,32.0
9100,2285,3,33.0
10005,2285,3,71.0
4194,1909,3,167.0
5393,1552,3,8.6
17583,1583,3,12.6
5175,2285,3,32.0
2998,478,3,13.5
9792,2654,3,51.0
6379,2285,3,40.0
5982,2285,3,58.0
26,1832,3,26.0
1347,1533,3,1253.0
11988,419,3,0.1
5690,1488,3,40.0
7757,2285,3,15.4
4503,854,3,228.0
3810,2285,3,0.4
5265,1947,3,150.0
5694,2488,3,1176.0
3899,1785,3,578.0
7861,946,3,265.0
7763,2285,3,11.8
12677,2366,3,26.0
3813,2285,3,56.0
3407,368,3,6686.0
4149,2405,3,106.0
17086,2285,3,77.0
4449,1612,3,4.4
13594,2285,3,72.0
13873,2285,3,51.0
16180,2285,3,25.0
11436,2285,3,30.0
8206,2285,3,61.0
7944,2285,3,29.0
7777,2619,3,2.6
2785,2285,3,34.0
16972,142,3,1160.0
16410,2285,3,28.0
101,2285,3,15.1
6270,2630,3,0.2
1979,1053,3,295.0
6844,2285,3,0.7
11680,2285,3,27.0
6497,1316,3,52.0
1502,2285,3,28.0
9817,2911,3,79.0
13905,2285,3,63.0
13060,2526,3,5.9
5686,972,3,5.2
1247,2285,3,58.0
13641,2285,3,65.0
4201,1785,3,224.0
9635,1612,3,4.2
11215,1612,3,2.6
4394,2780,3,48.0
10244,237,3,2276.0
17405,2285,3,51.0
3072,2285,3,9.9
2326,68,3,367.0
5163,364,3,28.0
5800,816,3,110.0
9863,1407,3,5.0
3253,897,3,439.0
16665,1612,3,5.1
2801,2285,3,44.0
1672,2423,3,10.2
7721,1612,3,0.2
4543,368,3,15271.0
13542,368,3,9209.0
5747,368,3,9345.0
6517,2065,3,5.9
13538,2285,3,60.0
9832,2285,3,21.0
10935,368,3,5586.0
11298,1612,3,3.1
14250,2285,3,47.0
17088,2285,3,48.0
14198,1141,3,98.0
7608,2876,3,140.0
1692,1144,3,12706.0
10167,1617,3,4.5
8966,1612,3,0.3
3060,2285,3,52.0
15479,944,3,847.0
18294,1612,3,3.1
1243,816,3,236.0
6021,368,3,1320.0
15097,132,3,11166.0
3546,743,3,36.0
687,2285,3,29.0
8573,1208,3,982.0
3143,2285,3,54.0
6505,2631,3,63.0
2813,1488,3,68.0
4058,2831,3,393.0
3814,1284,3,2.1
17576,368,3,6203.0
14044,2285,3,12.2
16645,368,3,17223.0
4937,368,3,4522.0
15442,732,3,3859.0
13199,368,3,19144.0
6322,1091,3,2.5
3845,1488,3,252.0
825,2285,3,31.0
5736,2285,3,50.0
1707,68,3,336.0
3406,564,3,21.0
2523,2249,3,1.0
1782,1407,3,9.1
13353,1407,3,0.5
2482,1228,3,560.0
11548,2285,3,119.0
8580,2285,3,47.0
8683,50,3,39.0
8785,2285,3,4.7
5770,2285,3,37.0
11220,2285,3,51.0
1506,2285,3,43.0
13101,2630,3,48.0
8641,1827,3,106.0
3403,2285,3,40.0
5420,944,3,207.0
12088,2868,3,0.1
5102,2096,3,2473.0
3979,2914,3,0.0
5843,2285,3,57.0
2329,2285,3,37.0
2377,1911,3,3203.0
17389,2631,3,351.0
10259,237,3,762.0
16644,2285,3,29.0
4075,2285,3,33.0
15207,811,3,75.0
9833,368,3,6254.0
1256,2285,3,31.0
6613,2285,3,42.0
3303,1488,3,26.0
4306,1557,3,1510.0
10914,98,3,43.0
1460,2647,3,469.0
1781,100,3,399.0
8874,1612,3,0.0
10278,2865,3,75.0
16622,1776,3,181.0
42,1228,3,374.0
10791,2285,3,30.0
1551,282,3,28.0
17283,2285,3,27.0
2789,2243,3,26.0
17982,2631,3,97.0
14513,2759,3,280.0
12765,1612,3,0.2
6036,1339,3,9.3
9250,279,3,3677.0
10267,368,3,12972.0
15493,1166,3,1573.0
14511,1612,3,1.7
10572,2205,3,9.6
4986,864,3,0.9
18247,2496,3,9.6
1628,2780,3,270.0
6009,2285,3,25.0
4742,1612,3,5.4
10381,1720,3,13.8
13740,368,3,3151.0
13868,2205,3,12.7
1476,2234,3,76.0
98,1612,3,1.9
4072,1612,3,0.4
16943,1407,3,11.0
2309,2285,3,54.0
3799,614,3,13.6
14281,854,3,238.0
2631,272,3,5.1
115,2285,3,35.0
56,1024,3,11.0
18189,1838,3,0.6
12877,368,3,10490.0
13701,2205,3,22.0
4890,2285,3,30.0
4812,1612,3,6.3
12001,1612,3,0.1
15490,1424,3,44.0
17658,2844,3,21.0
11824,2227,3,125.0
1411,2831,3,585.0
6775,2285,3,63.0
9346,2285,3,10.0
17684,1235,3,34.0
2940,368,3,5283.0
9425,25,3,52.0
12493,2285,3,1.3
5567,1584,3,0.6
18062,1525,3,810.0
15975,368,3,15373.0
17282,800,3,11.3
4690,1832,3,41.0
3709,2562,3,0.5
6396,1321,3,4.9
16490,2285,3,83.0
3954,2285,3,33.0
11687,2332,3,50.0
16621,944,3,702.0
9757,237,3,277.0
8217,2272,3,7.4
7046,2630,3,106.0
4650,368,3,9278.0
11630,368,3,9322.0
4297,1166,3,434.0
9074,2205,3,13.7
7297,2285,3,50.0
10407,2285,3,0.4
16437,2831,3,281.0
4106,2562,3,14.8
14431,725,3,3.3
2226,2285,3,35.0
3829,368,3,9440.0
8017,25,3,39.0
6147,2654,3,46.0
7515,1228,3,156.0
2607,1407,3,7.1
16338,2285,3,56.0
15133,2922,3,38.0
13978,2780,3,223.0
11242,425,3,27.0
18173,2205,3,17.9
9047,1612,3,1.0
3071,1696,3,9.2
11497,1612,3,0.1
2564,942,3,45.0
2560,2538,3,6.3
2082,2285,3,42.0
7134,1781,3,990.0
2475,1488,3,95.0
6461,2285,3,41.0
14896,2285,3,12.7
12341,2285,3,26.0
15743,1612,3,0.6
8254,2285,3,69.0
2168,2285,3,11.2
9649,1612,3,2.5
15840,2285,3,71.0
15244,2285,3,17.9
2185,944,3,3850.0
8797,1612,3,4.2
16270,1304,3,1741.0
12350,368,3,10972.0
748,2285,3,21.0
6040,2285,3,93.0
10925,1776,3,29.0
7806,2285,3,17.7
12681,2285,3,14.8
1600,953,3,840.0
14202,2285,3,45.0
16776,1488,3,435.0
12481,237,3,1955.0
1700,2536,3,21.0
5730,2285,3,44.0
3138,2285,3,72.0
2633,2285,3,82.0
16988,2285,3,21.0
7921,2285,3,66.0
17703,255,3,1163.0
1994,2285,3,33.0
13498,1612,3,0.6
9075,272,3,229.0
12851,368,3,4428.0
10076,1612,3,0.2
8174,2285,3,55.0
15690,1937,3,0.1
8388,2285,3,81.0
12072,1612,3,0.0
12886,2285,3,23.0
4405,368,3,3330.0
8005,2285,3,90.0
9584,2285,3,43.0
11837,2631,3,131.0
16970,909,3,1.8
6694,1937,3,1.0
4608,2285,3,24.0
8716,1776,3,12.6
2202,2285,3,40.0
1307,2285,3,0.8
16077,368,3,5623.0
11296,2736,3,48.0
1353,2285,3,50.0
4693,2285,3,47.0
9601,368,3,3713.0
15331,1755,3,1243.0
13619,1228,3,308.0
1194,1612,3,0.0
10040,770,3,20.0
14726,2759,3,640.0
10760,2285,3,15.2
8331,2285,3,31.0
8243,2285,3,36.0
11209,1721,3,11.4
2307,1612,3,1.5
6109,2285,3,39.0
2479,2344,3,1.0
7548,368,3,2590.0
8175,946,3,2.3
8635,368,3,4057.0
16054,1533,3,1463.0
11705,2285,3,23.0
5289,2922,3,118.0
10180,2285,3,90.0
1845,1557,3,3542.0
7776,1765,3,420.0
14232,1228,3,525.0
10694,1628,3,1.0
8522,368,3,9144.0
14324,2285,3,30.0
10894,1612,3,4.6
6730,2285,3,33.0
16975,2630,3,2.0
17037,2285,3,34.0
12096,368,3,6621.0
17936,2630,3,245.0
7968,1488,3,110.0
5095,1269,3,288.0
13025,1030,3,22.0
14323,68,3,691.0
4209,2285,3,47.0
17396,303,3,30.0
8563,371,3,56.0
12245,864,3,6.2
15859,2285,3,36.0
17238,685,3,7.7
3545,1166,3,1090.0
16111,1721,3,17.5
10073,2285,3,71.0
4219,2285,3,21.0
1926,368,3,4253.0
11254,368,3,3666.0
4263,1488,3,1.2
12858,2285,3,48.0
9388,368,3,7153.0
187,2831,3,994.0
16731,2285,3,22.0
5635,100,3,130.0
14867,1713,3,3.8
13989,43,3,155.0
14607,2922,3,258.0
12589,455,3,70.0
3198,237,3,2562.0
12067,1407,3,1.1
15015,1583,3,2.2
10252,1228,3,242.0
2980,1612,3,1.0
12913,2922,3,81.0
14767,2847,3,2.2
9604,2285,3,34.0
8999,2285,3,10.6
6032,2285,3,33.0
12358,1228,3,1668.0
13218,2631,3,68.0
9562,1407,3,11.8
13691,2285,3,82.0
1437,2285,3,29.0
11431,2631,3,163.0
12082,2782,3,1.5
17686,25,3,18.0
8527,2285,3,17.2
14945,766,3,82.0
12959,368,3,4515.0
4770,2631,3,36.0
1474,1785,3,730.0
6239,1612,3,2.4
2730,2285,3,14.4
3572,732,3,352.0
7638,2285,3,31.0
1513,2285,3,15.4
17926,1612,3,0.1
7156,955,3,13.1
4328,2345,3,235.0
17332,2285,3,20.0
18285,1610,3,7.2
9359,368,3,7958.0
8887,2285,3,35.0
2423,1612,3,0.1
9381,2285,3,47.0
15131,1587,3,15.7
1257,2285,3,46.0
2533,2285,3,38.0
3447,2194,3,35.0
15900,2911,3,909.0
9527,1937,3,7.0
15625,2285,3,1.9
10118,2285,3,36.0
17843,1553,3,991.0
11591,2285,3,59.0
6998,1708,3,31.0
13428,1407,3,15.9
12260,1488,3,147.0
14821,1921,3,5.3
2459,359,3,617.0
11260,2562,3,6.3
3827,2285,3,71.0
1752,2285,3,67.0
11428,1342,3,13.4
9065,2285,3,44.0
4208,368,3,10934.0
9202,2631,3,122.0
9845,2285,3,45.0
4764,2285,3,2.0
5435,2631,3,137.0
5572,2285,3,26.0
2253,368,3,18870.0
10592,2285,3,21.0
9149,2285,3,37.0
10151,594,3,404.0
8377,2285,3,34.0
5947,1317,3,153.0
3900,68,3,1293.0
11010,1612,3,5.0
2807,68,3,1950.0
2129,224,3,250.0
17929,1721,3,0.5
16045,25,3,31.0
16315,2841,3,4.2
1509,368,3,10664.0
11867,2285,3,50.0
15662,2285,3,14.6
10991,2285,3,27.0
12779,2285,3,54.0
4298,2285,3,44.0
14970,2285,3,32.0
9120,1785,3,432.0
1710,2738,3,8.1
5181,2726,3,139.0
1007,2285,3,11.6
1682,2285,3,34.0
13272,2285,3,62.0
2509,2285,3,47.0
13581,2285,3,29.0
3749,445,3,4.8
10078,718,3,93.0
3063,2922,3,198.0
8508,368,3,6131.0
2736,132,3,34.0
14399,581,3,134.0
6878,2285,3,30.0
1770,2285,3,25.0
15328,723,3,101.0
1949,2285,3,51.0
8300,1037,3,142.0
4999,1776,3,86.0
1051,1497,3,14.0
7213,2027,3,10.3
15974,2285,3,42.0
3475,549,3,24.0
130,2285,3,78.0
18153,2285,3,31.0
998,2285,3,33.0
4959,1838,3,3.2
9095,2285,3,28.0
1621,368,3,7757.0
11324,955,3,132.0
12438,1202,3,162.0
12876,1612,3,4.5
6205,1612,3,2.2
10882,944,3,540.0
10313,1277,3,9.6
12426,2285,3,55.0
8731,814,3,191.0
9997,2285,3,39.0
11419,1488,3,279.0
9099,1553,3,3096.0
9582,1128,3,86.0
6885,2285,3,34.0
7985,2285,3,64.0
6593,1776,3,36.0
9364,862,3,6.8
3885,2285,3,32.0
2583,2285,3,53.0
10447,816,3,5.2
4733,2496,3,14.3
15851,214,3,1165.0
9021,2285,3,42.0
11993,2285,3,30.0
2249,2710,3,219.0
8949,2285,3,31.0
12967,293,3,7.2
11169,2285,3,17.0
1230,572,3,153.0
14722,2831,3,36.0
2264,1612,3,0.2
1864,2285,3,89.0
11586,2285,3,34.0
8493,100,3,98.0
10047,2123,3,2965.0
8043,272,3,16.0
3770,2630,3,51.0
11911,255,3,2741.0
17023,1785,3,188.0
3282,2496,3,39.0
3498,1228,3,4006.0
8026,2562,3,22.0
3914,1878,3,14.8
17899,1647,3,0.0
7518,2219,3,8.2
12331,368,3,4039.0
17180,2205,3,4.3
2387,828,3,263.0
15292,2285,3,42.0
5162,1832,3,69.0
15019,368,3,8741.0
11199,1488,3,369.0
15810,2654,3,27.0
303,2383,3,2003.0
7473,2285,3,71.0
1817,368,3,10327.0
1053,2285,3,28.0
13449,2285,3,27.0
13640,2285,3,58.0
3230,108,3,17.6
4599,100,3,268.0
6803,2285,3,18.0
2729,2366,3,36.0
3047,2496,3,0.2
2898,2285,3,2.8
1108,1553,3,43.0
13052,2631,3,75.0
16939,811,3,99.0
9743,1612,3,0.0
8556,10,3,1.0
188,2285,3,1.0
16407,1192,3,1619.0
6332,2285,3,27.0
4132,2136,3,131.0
17654,2285,3,11.1
12721,368,3,4233.0
7457,2922,3,30.0
11071,1612,3,0.0
16310,745,3,12.3
8668,2380,3,723.0
14910,237,3,2809.0
211,2285,3,1.0
119,2922,3,113.0
10194,2619,3,2.2
9059,1491,3,1466.0
9942,1612,3,0.4
3521,2285,3,22.0
11714,1166,3,24.0
14105,1612,3,15.3
13143,2922,3,17.6
7393,2285,3,48.0
17435,2914,3,5.8
16526,2285,3,24.0
17327,1488,3,96.0
1504,2285,3,41.0
10013,2285,3,59.0
4623,1612,3,2.5
5715,2285,3,38.0
9710,2285,3,32.0
622,1832,3,37.0
9190,2073,3,1.2
4430,1228,3,525.0
13635,2285,3,60.0
1263,2285,3,40.0
11258,2844,3,30.0
4258,1612,3,0.2
8562,1189,3,366.0
802,765,3,51.0
14424,1450,3,32.0
3361,2285,3,30.0
11415,2285,3,47.0
16822,2285,3,73.0
5099,1533,3,187.0
235,2726,3,71.0
11404,1488,3,152.0
4969,368,3,3537.0
15021,2285,3,56.0
17898,2922,3,48.0
10531,368,3,6641.0
3977,9,3,5.0
5211,2366,3,21.0
12259,132,3,301.0
1481,2285,3,65.0
13469,2285,3,91.0
10542,272,3,8.2
10388,2285,3,12.5
3151,2028,3,105.0
2300,2285,3,71.0
17945,933,3,6.5
1067,2285,3,58.0
17190,2285,3,26.0
8236,1321,3,38.0
16838,2888,3,45.0
18142,2439,3,214.0
5881,368,3,3799.0
8397,2285,3,21.0
11893,1532,3,375.0
6067,2029,3,74.0
3624,1228,3,216.0
951,2285,3,18.4
8393,2630,3,165.0
1156,1788,3,252.0
8743,2285,3,73.0
5173,2865,3,622.0
18251,2630,3,183.0
11891,2285,3,54.0
4912,1591,3,1066.0
2959,944,3,798.0
17326,2050,3,42.0
4245,100,3,321.0
3205,1838,3,77.0
9455,68,3,301.0
17013,2631,3,149.0
12691,368,3,4271.0
5585,1539,3,48.0
16472,2202,3,29.0
2124,2285,3,45.0
5361,368,3,1096.0
12804,1838,3,0.3
18175,854,3,318.0
4887,2285,3,49.0
4669,1071,3,26.0
6465,537,3,28.0
8038,2780,3,41.0
10654,368,3,11219.0
15944,2285,3,32.0
10403,142,3,968.0
8061,545,3,13.0
17050,2285,3,30.0
16171,2285,3,79.0
18301,2488,3,1285.0
13491,2780,3,103.0
4440,1488,3,83.0
12673,30,3,0.6
16966,2448,3,80.0
12927,2285,3,35.0
1458,1612,3,4.1
1217,1407,3,3.4
3147,2285,3,21.0
14946,811,3,87.0
14087,2285,3,28.0
17983,2285,3,41.0
14837,2285,3,9.9
11261,2285,3,44.0
4362,2285,3,34.0
12583,944,3,1155.0
17295,68,3,120.0
4817,2285,3,6.4
6470,2285,3,30.0
6338,1612,3,0.0
9994,368,3,1446.0
5433,1612,3,1.2
9530,142,3,145.0
3689,25,3,8.2
18221,2285,3,38.0
6204,1612,3,1.3
12620,1488,3,8.0
17650,2122,3,109.0
2946,368,3,3538.0
2965,2631,3,227.0
10353,2496,3,10.2
788,2922,3,56.0
8606,2285,3,35.0
10664,2285,3,27.0
13466,2526,3,14.1
10143,2631,3,161.0
18034,1937,3,12.7
12925,1499,3,333.0
6398,368,3,2862.0
16569,2285,3,63.0
10162,1755,3,695.0
10210,2285,3,132.0
13862,2631,3,221.0
16523,2285,3,46.0
1995,2726,3,123.0
15481,2027,3,76.0
3266,237,3,735.0
17969,1488,3,7011.0
16162,2865,3,9.7
9735,272,3,37.0
18257,2780,3,50.0
4705,1128,3,94.0
5012,1228,3,781.0
7747,1156,3,0.4
11811,444,3,79.0
16509,1612,3,7.2
14450,2285,3,81.0
232,2922,3,49.0
8991,2785,3,0.6
14191,2285,3,21.0
5425,1612,3,0.0
3165,2285,3,19.4
8487,2409,3,17.6
6185,816,3,73.0
17502,2631,3,310.0
897,1721,3,44.0
3279,1721,3,568.0
8720,1488,3,918.0
8849,2285,3,26.0
5017,732,3,1680.0
12414,237,3,3298.0
1372,2285,3,5.6
2069,1488,3,1929.0
12251,2285,3,31.0
3795,897,3,4.8
16946,2285,3,61.0
5994,1570,3,12.2
11771,2831,3,304.0
4743,368,3,5023.0
16876,2285,3,39.0
16272,2269,3,4.2
14858,2431,3,16.0
1163,2227,3,198.0
9628,368,3,11369.0
8597,2285,3,12.9
9182,2285,3,10.0
13071,541,3,29.0
15185,2285,3,18.8
12060,1557,3,607.0
18234,791,3,1669.0
8441,743,3,0.8
16587,2285,3,52.0
9523,1612,3,0.5
1561,1608,3,2.8
4914,1612,3,0.1
13741,1070,3,3671.0
15413,2285,3,15.6
12706,2285,3,41.0
17508,1037,3,27.0
14728,2831,3,685.0
14303,1321,3,11.5
2247,1947,3,109.0
7250,2152,3,0.9
8969,2122,3,0.8
14817,2285,3,28.0
6987,368,3,5206.0
11447,2496,3,11.1
881,2285,3,59.0
8456,1030,3,1.8
12853,2380,3,1093.0
1751,2285,3,6.9
10867,572,3,81.0
2685,1488,3,8.6
15119,2285,3,37.0
2953,2001,3,109.0
13999,2685,3,2863.0
15679,2536,3,5.4
13270,2229,3,132.0
12725,2922,3,14.9
4626,2285,3,9.8
8314,2630,3,44.0
12129,1781,3,2636.0
7502,2285,3,39.0
13369,2285,3,49.0
8436,2285,3,7.8
4048,1488,3,7489.0
1367,1557,3,238.0
4951,368,3,6133.0
1639,2631,3,116.0
11327,368,3,1294.0
17886,2285,3,36.0
1681,237,3,894.0
13990,1776,3,35.0
7893,2285,3,32.0
5795,2285,3,22.0
6064,2488,3,2326.0
8955,2496,3,33.0
5813,2285,3,29.0
13807,1940,3,0.8
1378,113,3,152.0
16132,2285,3,40.0
11057,1488,3,10.6
10801,52,3,98.0
3262,1407,3,7.9
10239,1488,3,35.0
14777,2780,3,253.0
14493,1612,3,0.1
10347,580,3,56.0
12647,2285,3,73.0
5180,9,3,2.8
13864,2285,3,24.0
5544,2630,3,43.0
7651,1544,3,15.6
3395,368,3,11263.0
15908,944,3,541.0
15800,49,3,1453.0
16172,1612,3,3.7
14819,2831,3,374.0
1633,2630,3,40.0
8071,2831,3,498.0
10792,1488,3,194.0
11554,2285,3,55.0
12026,2285,3,65.0
10102,368,3,16894.0
15079,2285,3,23.0
1452,68,3,2046.0
2646,1488,3,43.0
16160,25,3,2.3
29,2285,3,35.0
4774,100,3,52.0
751,1228,3,6.8
10755,2285,3,36.0
9699,2285,3,43.0
5602,1553,3,2274.0
3432,368,3,1552.0
12982,1612,3,1.4
3294,2285,3,28.0
10538,368,3,7452.0
10614,368,3,3481.0
10545,284,3,20.0
7318,2285,3,45.0
14769,2285,3,59.0
10223,2285,3,29.0
1055,2285,3,48.0
2839,2631,3,68.0
7691,2631,3,29.0
18038,2496,3,9.9
5003,2922,3,2.2
9603,2631,3,300.0
8093,1488,3,10.1
17558,1488,3,15.2
15973,2285,3,74.0
42,829,3,1083.0
13773,368,3,7149.0
15803,2285,3,14.2
5228,1655,3,152.0
6602,1617,3,1459.0
7947,2831,3,30.0
4921,2285,3,67.0
14563,2831,3,156.0
9642,2344,3,0.2
1162,2285,3,38.0
7887,2285,3,42.0
12920,1488,3,57.0
6600,2285,3,19.6
12193,2285,3,76.0
4900,52,3,240.0
6651,828,3,255.0
11178,237,3,295.0
15342,1321,3,27.0
8672,2285,3,73.0
11787,296,3,85.0
949,2285,3,50.0
9495,745,3,26.0
12069,1492,3,2864.0
8636,1034,3,4.9
16504,2285,3,46.0
6689,2285,3,16.3
15832,1612,3,3.8
17032,1776,3,51.0
3397,1793,3,7.9
1686,1488,3,170.0
15303,2285,3,0.2
13650,643,3,3.1
16760,2780,3,29.0
14866,1471,3,599.0
4036,2001,3,6.6
10863,1520,3,13.7
2750,368,3,9674.0
6326,1617,3,170.0
15798,2285,3,15.4
4256,1090,3,405.0
5444,1612,3,5.0
1527,368,3,1159.0
15513,2285,3,27.0
7412,2285,3,55.0
11774,2285,3,35.0
4407,2726,3,177.0
3264,2122,3,140.0
15795,2285,3,47.0
14485,2205,3,8.6
4809,1612,3,3.3
4960,2178,3,15.7
60,2359,3,10.8
18187,2285,3,65.0
7843,2439,3,260.0
6945,1612,3,0.7
3548,38,3,28.0
18041,2250,3,7.5
13212,1612,3,0.3
17047,2285,3,12.1
15443,2205,3,6.9
1924,2285,3,70.0
10519,2526,3,8.8
4268,368,3,8654.0
14745,14,3,32.0
3281,2285,3,16.7
10394,2631,3,25.0
9932,2512,3,2.1
6200,368,3,5510.0
12030,1628,3,0.3
5659,368,3,11897.0
1968,2001,3,64.0
6990,2780,3,32.0
7370,919,3,0.2
2416,1557,3,498.0
4345,272,3,17.0
2670,2285,3,43.0
16627,2285,3,45.0
5825,2285,3,32.0
13158,2285,3,36.0
13240,2285,3,123.0
9094,2631,3,119.0
3588,2285,3,89.0
4319,2285,3,26.0
14516,2630,3,110.0
3561,854,3,1028.0
13494,1155,3,520.0
12397,368,3,7804.0
8651,368,3,2619.0
15367,2285,3,17.6
13694,2630,3,251.0
18000,2922,3,68.0
1774,2285,3,46.0
6371,2205,3,28.0
18245,2285,3,12.6
65,1612,3,0.0
13373,2726,3,19.1
5599,2842,3,20.0
2337,1612,3,0.2
1139,1488,3,60.0
13570,368,3,6966.0
11237,2708,3,142.0
1081,1612,3,6.8
16934,1488,3,181.0
6467,2285,3,72.0
10859,9,3,1.5
10500,1488,3,309.0
12790,1488,3,162.0
3128,1612,3,4.5
10623,2742,3,111.0
6701,1500,3,685.0
12750,2285,3,9.1
9870,237,3,489.0
6161,2285,3,62.0
7992,2285,3,17.1
15349,2285,3,48.0
14651,2285,3,32.0
4239,2496,3,9.6
11721,944,3,835.0
10819,530,3,1.0
3270,2285,3,62.0
8575,2285,3,71.0
9846,1612,3,0.3
1392,2195,3,2.8
1126,1612,3,4.4
13889,1228,3,184.0
5746,237,3,571.0
3508,1612,3,1.9
16041,1612,3,0.8
16812,2526,3,0.5
9811,2285,3,30.0
4659,1612,3,1.3
15106,1720,3,5.8
840,2285,3,90.0
3958,1202,3,14.0
4504,1715,3,31.0
17130,2205,3,5.8
7838,2285,3,48.0
9037,732,3,814.0
2400,1321,3,26.0
13607,2285,3,49.0
8207,2831,3,1673.0
14363,77,3,5.0
8015,1488,3,12.2
12178,2285,3,62.0
401,1557,3,164.0
7827,2285,3,38.0
5409,237,3,1437.0
11887,271,3,16.9
12801,2285,3,15.4
12640,2285,3,31.0
17274,2285,3,24.0
10236,2285,3,26.0
14789,2285,3,22.0
10440,2285,3,41.0
5335,718,3,4893.0
15659,1488,3,5534.0
5351,1612,3,10.6
10704,2866,3,0.0
16692,2285,3,41.0
17967,2344,3,3.2
11017,166,3,17.3
10686,2285,3,23.0
18254,1832,3,23.0
3519,303,3,3.1
10072,2654,3,14.6
12434,2285,3,51.0
1876,368,3,12519.0
15160,2285,3,41.0
12473,2742,3,12.4
6552,368,3,2477.0
7017,1802,3,173.0
18069,237,3,659.0
17494,2285,3,1.1
7814,2726,3,2.8
17451,2285,3,48.0
12270,1301,3,57.0
5287,1617,3,14.2
2913,368,3,3682.0
9108,1228,3,691.0
2648,1612,3,0.0
17239,2285,3,11.0
13836,1288,3,51.0
18209,368,3,5707.0
12581,1612,3,5.1
6755,1488,3,723.0
1357,2285,3,71.0
15457,2285,3,52.0
14775,2285,3,50.0
12215,2285,3,12.3
17019,2285,3,34.0
1589,594,3,925.0
13781,2285,3,59.0
14103,2285,3,195.0
7576,100,3,13.2
7185,1612,3,2.4
4619,2285,3,22.0
15700,1030,3,22.0
15775,1583,3,75.0
3001,2631,3,68.0
16450,1202,3,2.3
7302,2205,3,4.0
12505,2719,3,144.0
11518,2285,3,30.0
12747,140,3,0.0
17205,2285,3,97.0
4383,2780,3,46.0
9917,2285,3,36.0
12830,2285,3,52.0
2727,237,3,4868.0
10144,2562,3,37.0
14354,2142,3,0.4
2041,2285,3,40.0
14907,368,3,7473.0
10977,1488,3,47.0
9412,1940,3,4.8
12321,1488,3,79.0
2135,2285,3,62.0
11388,1488,3,183.0
8657,2831,3,248.0
2876,368,3,1906.0
18166,2285,3,65.0
11234,1412,3,18.6
17316,2285,3,27.0
1116,368,3,2394.0
8177,2922,3,61.0
1287,1144,3,704.0
10376,2922,3,69.0
138,2607,3,364.0
18051,2285,3,31.0
9936,1553,3,3359.0
15486,2221,3,76.0
13349,2631,3,82.0
5065,2285,3,54.0
11109,368,3,3792.0
8610,368,3,4801.0
9996,2831,3,33.0
11380,1838,3,17.7
5938,2285,3,30.0
15910,25,3,3.8
13789,1488,3,300.0
16640,1609,3,4.2
12688,2654,3,430.0
10902,1488,3,98.0
17866,2285,3,12.0
10291,2439,3,98.0
7300,1488,3,1305.0
12496,2488,3,2501.0
4694,2285,3,34.0
4892,368,3,1951.0
16906,2285,3,61.0
16134,2285,3,57.0
10998,2285,3,14.5
1938,2285,3,11.3
4763,368,3,7763.0
185,1488,3,358.0
14314,2285,3,8.2
15005,2285,3,7.9
7616,2285,3,23.0
3315,2048,3,12.8
1908,2850,3,36.0
1109,2285,3,47.0
16339,1321,3,20.0
13160,2285,3,41.0
5748,2285,3,45.0
12122,2285,3,5.1
9404,2285,3,39.0
8800,1166,3,361.0
12094,2922,3,217.0
14043,1674,3,1.4
14719,2285,3,44.0
12722,2496,3,2.5
15995,2285,3,68.0
3950,2654,3,106.0
13705,2229,3,498.0
4845,2285,3,18.9
8798,100,3,154.0
3064,2285,3,58.0
2763,2285,3,36.0
4377,1128,3,0.3
7896,2631,3,13.9
11585,368,3,9868.0
10039,1488,3,84.0
6359,2285,3,27.0
14306,2285,3,22.0
17698,2285,3,29.0
1327,2285,3,30.0
14200,2285,3,56.0
13784,1389,3,952.0
1596,811,3,812.0
7609,1471,3,579.0
10581,2285,3,21.0
10178,2850,3,12.8
12243,2442,3,18.8
16267,2285,3,23.0
10866,2285,3,42.0
15468,2285,3,12.8
3272,2285,3,21.0
789,2285,3,35.0
8486,2285,3,33.0
3127,2710,3,80.0
5000,1612,3,0.1
8202,2285,3,38.0
17338,2001,3,52.0
10082,2205,3,8.6
15970,2865,3,41.0
10895,2285,3,42.0
15216,2285,3,23.0
6529,2285,3,59.0
3088,1166,3,216.0
2190,2714,3,0.9
13276,725,3,12.1
16968,237,3,1624.0
6752,833,3,113.0
3924,44,3,162.0
4926,1612,3,0.1
13941,2802,3,65.0
2569,2285,3,79.0
11748,2538,3,2.5
1706,1488,3,79.0
9478,1612,3,1.6
7794,2285,3,48.0
16336,368,3,4374.0
15040,2285,3,18.2
12377,2708,3,517.0
14004,2888,3,166.0
1403,1612,3,2.8
15706,2221,3,24.0
9468,946,3,12.2
9786,2285,3,23.0
14041,2285,3,74.0
1539,2285,3,43.0
6315,2441,3,3.8
9067,2285,3,27.0
15182,368,3,7641.0
11187,2759,3,141.0
1048,368,3,5863.0
2492,2631,3,20.0
4586,1612,3,5.3
17179,2285,3,25.0
17287,2285,3,13.1
5652,2496,3,8.4
1482,1612,3,0.6
1011,401,3,79.0
4375,572,3,352.0
3014,237,3,894.0
16291,2285,3,46.0
11596,2285,3,35.0
17501,1983,3,140.0
5733,1612,3,7.7
5990,2285,3,75.0
1498,2285,3,40.0
3377,42,3,6.6
11743,2409,3,16.3
16174,1586,3,8.0
577,2285,3,50.0
10242,2631,3,174.0
847,2285,3,17.6
15431,2285,3,6.2
11042,732,3,897.0
17925,1533,3,2176.0
14542,368,3,7248.0
17192,2831,3,175.0
15964,2285,3,12.1
5817,1488,3,105.0
6995,2285,3,34.0
11372,1720,3,7.1
1566,368,3,8354.0
11659,2285,3,73.0
4903,1655,3,187.0
1350,100,3,105.0
11143,2285,3,47.0
5945,1488,3,1176.0
5338,2285,3,24.0
10014,2366,3,4.8
14715,1189,3,5.0
7792,1612,3,8.0
16480,854,3,51.0
18197,2285,3,41.0
18013,1776,3,1.2
10331,564,3,12.8
7682,2285,3,70.0
15963,2285,3,47.0
2315,944,3,1155.0
288,2285,3,76.0
12306,368,3,7391.0
2510,1641,3,22.0
16733,142,3,1274.0
13724,282,3,5.8
16699,312,3,452.0
3398,2285,3,39.0
3025,281,3,219.0
6093,2285,3,101.0
18136,2285,3,56.0
5699,2227,3,91.0
1488,2285,3,33.0
16949,2285,3,17.5
17582,2400,3,41.0
15640,1876,3,8.1
6085,368,3,4491.0
241,2285,3,39.0
10685,1721,3,11.0
8565,44,3,1369.0
17856,2285,3,53.0
14659,2285,3,45.0
15078,1612,3,0.0
4938,1612,3,0.0
17819,1228,3,18.5
9382,2285,3,54.0
10127,2285,3,38.0
17321,368,3,5260.0
4141,2176,3,73.0
12002,2726,3,8.9
12771,1612,3,0.0
2661,1832,3,94.0
6127,2285,3,48.0
9000,2285,3,23.0
9230,1612,3,2.4
12895,1626,3,31.0
3320,272,3,11.5
7700,2285,3,63.0
3484,1228,3,26.0
6340,2922,3,323.0
17773,368,3,4982.0
7491,1716,3,1015.0
11744,1407,3,1.1
11368,1832,3,16.3
148,1832,3,72.0
18274,1141,3,64.0
17959,2205,3,5.2
13059,2136,3,52.0
11106,2526,3,30.0
15580,1612,3,7.8
17049,2285,3,47.0
17979,368,3,10182.0
12250,2285,3,37.0
13697,1976,3,126.0
11666,2285,3,42.0
10517,1608,3,0.5
12513,2285,3,49.0
10501,2285,3,61.0
14683,368,3,3570.0
4989,2285,3,33.0
8465,1488,3,1335.0
4086,39,3,11.6
7345,2922,3,124.0
1068,1612,3,0.1
7672,2122,3,112.0
10008,2285,3,49.0
6302,1604,3,19.0
10778,2285,3,4.5
17859,2285,3,51.0
18101,2007,3,1.3
5293,1407,3,4.4
9988,2285,3,38.0
3107,2630,3,221.0
5548,546,3,12.2
8549,2285,3,33.0
15914,2285,3,126.0
9295,2285,3,25.0
3330,1612,3,4.4
1943,944,3,1070.0
12249,368,3,2664.0
16286,2285,3,38.0
9083,368,3,8374.0
4819,2285,3,92.0
3023,2285,3,56.0
5186,681,3,8.1
8011,2759,3,98.0
12540,564,3,8.1
8601,2857,3,31.0
17524,68,3,1124.0
8419,74,3,4.8
2680,811,3,386.0
1563,2562,3,36.0
1137,1407,3,4.2
17173,901,3,6.9
12506,2285,3,48.0
16212,1779,3,2.0
44,237,3,116.0
2796,725,3,27.0
11383,2280,3,47.0
1302,302,3,53.0
14402,234,3,261.0
11288,2285,3,10.2
4706,110,3,3.3
7542,2285,3,48.0
2101,1488,3,96.0
16955,1776,3,37.0
3886,1407,3,4.8
14274,1612,3,0.2
12174,2831,3,223.0
6822,2631,3,110.0
6285,2780,3,41.0
1982,2922,3,128.0
17266,2285,3,88.0
10064,2639,3,25.0
17510,1832,3,49.0
9034,2285,3,55.0
8994,2285,3,38.0
1931,368,3,1854.0
11583,368,3,7755.0
6894,368,3,11960.0
2105,2285,3,32.0
1889,2285,3,44.0
10163,1488,3,307.0
14736,2285,3,47.0
8342,2285,3,48.0
3368,2285,3,19.8
7500,2285,3,44.0
1417,2285,3,81.0
11574,2285,3,104.0
10944,2631,3,105.0
14895,537,3,23.0
1391,2285,3,46.0
15338,2298,3,10.9
9706,2285,3,19.0
15288,498,3,46.0
2975,2631,3,110.0
3179,2285,3,60.0
9395,2922,3,150.0
15430,2285,3,51.0
11222,854,3,86.0
16143,2285,3,33.0
12372,1985,3,78.0
14494,2285,3,25.0
16819,1947,3,479.0
11087,2285,3,44.0
5771,2488,3,1575.0
2955,2285,3,44.0
3344,1424,3,19.9
17420,2630,3,97.0
11724,1488,3,319.0
10832,1832,3,84.0
13892,2285,3,29.0
13137,2884,3,6.4
10410,2285,3,35.0
3627,2285,3,8.0
17621,1030,3,3.4
7212,2285,3,0.8
14378,1300,3,116.0
12878,2285,3,113.0
15738,1609,3,3.6
2693,521,3,1149.0
4462,2285,3,50.0
11035,811,3,209.0
1744,2227,3,212.0
6166,2631,3,50.0
13361,2285,3,21.0
14061,2850,3,22.0
7125,725,3,43.0
11704,2285,3,19.5
11987,1832,3,2.5
16650,2490,3,59.0
7598,2285,3,80.0
15658,1612,3,1.7
1453,1488,3,30.0
4262,579,3,12.1
1783,368,3,5612.0
13811,2285,3,56.0
17490,1488,3,150.0
9849,237,3,1487.0
13707,2285,3,56.0
4171,2285,3,80.0
1369,2380,3,656.0
1219,2526,3,21.0
16408,897,3,147.0
8841,1488,3,4.4
9877,2285,3,43.0
15556,1612,3,0.0
17219,2380,3,1456.0
15502,2285,3,75.0
13274,1782,3,28.0
8749,2285,3,36.0
16314,2285,3,52.0
7808,1805,3,22.0
16840,1202,3,146.0
6074,2285,3,91.0
12037,2285,3,62.0
3655,2163,3,42.0
7390,2285,3,72.0
5332,274,3,12.4
1284,368,3,7714.0
7126,1776,3,0.2
4696,1601,3,374.0
15380,944,3,1022.0
3753,2285,3,32.0
4427,1937,3,0.2
2203,2922,3,107.0
10968,1128,3,0.7
2062,1612,3,2.1
406,944,3,185.0
12755,2631,3,435.0
9137,2631,3,17.5
1629,2285,3,75.0
4741,2285,3,35.0
2923,2285,3,54.0
6905,2930,3,4.4
10566,1655,3,129.0
6393,1612,3,2.9
17198,2726,3,30.0
2109,2285,3,47.0
3100,1079,3,3333.0
4282,1612,3,0.2
1009,2285,3,46.0
9312,2285,3,37.0
4189,2631,3,276.0
7033,944,3,2816.0
14204,1141,3,153.0
17172,803,3,182.0
9873,282,3,3.4
17907,2631,3,183.0
9040,1708,3,0.3
142,1321,3,53.0
13546,2285,3,35.0
10625,2285,3,33.0
4071,2285,3,84.0
3629,1202,3,37.0
9103,2285,3,54.0
5633,2285,3,24.0
3473,1321,3,24.0
3316,1202,3,0.2
12029,237,3,1728.0
3022,2522,3,15.5
6092,368,3,5065.0
14286,2441,3,34.0
12286,2205,3,23.0
4296,2285,3,28.0
4327,343,3,231.0
8552,564,3,45.0
16254,2285,3,36.0
17570,1940,3,1.4
7758,2285,3,38.0
539,2922,3,50.0
10122,2285,3,63.0
5238,2285,3,29.0
6571,2285,3,7.5
5367,2285,3,65.0
16091,1655,3,18.2
2083,1141,3,69.0
10093,745,3,167.0
5469,2726,3,172.0
18283,2076,3,138.0
9866,2630,3,22.0
12390,368,3,2957.0
17854,980,3,3.3
4616,2285,3,37.0
10083,631,3,2.3
2735,1407,3,8.2
8903,2285,3,23.0
12435,1838,3,2.2
5169,2285,3,1.8
8758,2285,3,66.0
17519,368,3,648.0
11053,2267,3,178.0
3140,2285,3,43.0
4721,2726,3,169.0
10286,2285,3,107.0
8534,2285,3,32.0
13334,1557,3,361.0
16839,2285,3,37.0
1980,237,3,1516.0
6504,237,3,48.0
7102,368,3,308.0
7400,530,3,29.0
13454,2285,3,55.0
13808,2285,3,0.3
921,2285,3,36.0
15906,2285,3,65.0
11751,2285,3,57.0
6305,811,3,117.0
6088,2285,3,15.7
14260,2205,3,1.4
5905,2371,3,3.8
17286,1488,3,61.0
5889,2409,3,2.6
18255,2285,3,22.0
16983,2285,3,35.0
9166,1832,3,80.0
1941,2285,3,33.0
1245,1785,3,952.0
9971,2056,3,18.6
4907,2285,3,59.0
10932,2285,3,25.0
17418,2631,3,154.0
9798,2685,3,1443.0
10446,2285,3,74.0
2781,2285,3,25.0
2367,2285,3,35.0
1655,2285,3,34.0
17805,2631,3,396.0
13278,1488,3,10028.0
7762,2285,3,46.0
11452,2285,3,36.0
13869,2922,3,94.0
12520,1556,3,32.0
7901,2285,3,42.0
12017,2285,3,33.0
12678,2285,3,41.0
17242,1488,3,6594.0
10315,829,3,767.0
14164,2285,3,19.3
14849,2490,3,156.0
2250,1713,3,5.5
70,368,3,1976.0
3114,843,3,1544.0
11542,368,3,4427.0
9976,371,3,1.4
6977,1612,3,0.1
2023,303,3,2.6
884,1701,3,865.0
4147,2380,3,241.0
8479,2285,3,40.0
7316,2850,3,61.0
3016,2136,3,119.0
15365,2888,3,107.0
2542,1612,3,1.5
10145,2270,3,484.0
10338,572,3,199.0
8189,2285,3,48.0
14065,2285,3,98.0
15595,368,3,7668.0
17668,2285,3,43.0
15681,2922,3,129.0
15891,2285,3,46.0
5185,1612,3,0.5
15201,2285,3,88.0
9672,607,3,2.0
3541,2285,3,86.0
3991,2285,3,43.0
13787,2285,3,43.0
5168,1492,3,6078.0
279,2285,3,27.0
1852,68,3,312.0
11110,1832,3,46.0
7031,2285,3,42.0
5376,2285,3,79.0
8878,237,3,368.0
5060,2285,3,19.5
13734,2285,3,34.0
514,2631,3,10.4
18152,1612,3,3.4
14492,368,3,9243.0
8020,1491,3,8340.0
1240,464,3,84.0
12467,2536,3,2.3
10059,1937,3,1.0
13100,944,3,1080.0
8630,506,3,0.5
5807,2285,3,20.0
14238,1321,3,74.0
17961,1655,3,549.0
3724,2285,3,16.2
2918,1142,3,1.8
15637,1488,3,357.0
36,732,3,1023.0
17955,2715,3,0.1
13759,1612,3,2.1
13621,2488,3,327.0
8277,2195,3,4.0
15665,2631,3,264.0
783,2285,3,49.0
12290,2285,3,19.1
1154,2285,3,46.0
14435,2285,3,12.9
7348,2285,3,31.0
11713,2285,3,69.0
14236,2285,3,46.0
6772,2285,3,34.0
11647,1612,3,1.6
13418,2285,3,33.0
15090,340,3,14.1
8138,272,3,71.0
7851,509,3,33.0
12498,1837,3,146.0
3810,2285,3,8.7
3422,2285,3,30.0
2472,2285,3,43.0
12870,2631,3,23.0
3749,2285,3,41.0
2086,2285,3,26.0
5704,2285,3,74.0
6391,2285,3,35.0
12365,2630,3,13.8
9631,1488,3,262.0
4584,1208,3,1951.0
13995,2285,3,31.0
16114,946,3,282.0
3492,237,3,1074.0
5243,854,3,360.0
6174,2365,3,43.0
8494,1876,3,7.9
4224,2285,3,39.0
3646,2285,3,54.0
9925,2886,3,11.2
15281,2922,3,67.0
11064,2285,3,85.0
5878,2285,3,8.0
10562,2327,3,21.0
8224,1655,3,51.0
185,2285,3,31.0
13198,1189,3,0.0
3974,2864,3,82.0
7124,933,3,3.8
9970,1947,3,499.0
9027,255,3,88.0
6019,1189,3,1.2
13598,811,3,123.0
12782,368,3,7329.0
16565,1612,3,0.5
16104,725,3,29.0
12626,2285,3,84.0
15252,2285,3,50.0
6508,2285,3,20.0
11921,2285,3,42.0
8978,2285,3,22.0
5756,791,3,360.0
5674,864,3,0.9
1507,2285,3,50.0
3307,2452,3,0.0
2395,1557,3,2004.0
2374,2654,3,104.0
4115,2285,3,45.0
6976,2562,3,7.6
4950,1721,3,5.9
11868,1611,3,36.0
1846,2285,3,2.0
2668,2285,3,124.0
6700,2182,3,86.0
3801,1612,3,1.5
3120,274,3,12.4
9714,2285,3,34.0
11623,1838,3,7.5
2196,1612,3,6.9
8763,1488,3,612.0
2261,2886,3,16.0
7940,2922,3,110.0
17565,2562,3,8.0
4363,1488,3,252.0
18250,2285,3,29.0
8653,711,3,205.0
5386,2285,3,7.7
4469,368,3,8830.0
9597,2285,3,68.0
5229,2708,3,0.2
15376,1612,3,4.6
5986,1304,3,159.0
13323,1655,3,809.0
2812,1612,3,7.2
17606,2285,3,41.0
10834,685,3,42.0
16846,2631,3,213.0
4922,2828,3,7.4
6274,2285,3,33.0
14379,1323,3,528.0
10361,2098,3,172.0
11039,2285,3,57.0
15484,1488,3,499.0
16550,2295,3,12.9
770,572,3,84.0
4993,1166,3,61.0
6729,1721,3,0.0
6163,1776,3,37.0
10148,850,3,287.0
10825,2285,3,22.0
15762,2285,3,44.0
8438,1488,3,1021.0
7902,1652,3,289.0
1704,2631,3,47.0
4867,2631,3,141.0
15981,2285,3,9.4
2769,237,3,860.0
4824,2001,3,62.0
15438,68,3,2268.0
12800,2726,3,79.0
16925,2285,3,51.0
6519,933,3,10.7
4850,323,3,68.0
12155,1155,3,41.0
5508,2285,3,60.0
2875,2285,3,25.0
16051,2285,3,78.0
3116,1488,3,1742.0
4539,68,3,266.0
16006,1128,3,35.0
531,100,3,131.0
5467,2780,3,10.8
5837,2285,3,56.0
17323,2285,3,50.0
6902,2536,3,25.0
5928,2922,3,36.0
784,1776,3,0.0
17917,68,3,1297.0
5421,2285,3,26.0
8374,1488,3,340.0
5170,2463,3,271.0
11643,1155,3,509.0
1720,1103,3,5.1
11300,2285,3,57.0
2675,2133,3,0.1
15488,2780,3,21.0
1608,545,3,7.2
14110,368,3,13744.0
11297,2911,3,2330.0
5548,1128,3,16.4
7613,1612,3,0.2
16802,368,3,1845.0
13968,2285,3,66.0
11883,1612,3,4.4
14825,2205,3,17.9
800,2285,3,62.0
8121,2285,3,34.0
1640,1407,3,13.7
15853,2056,3,0.9
1030,2420,3,7.8
8162,614,3,138.0
10325,2285,3,66.0
16791,2285,3,47.0
9216,2285,3,35.0
12035,1281,3,109.0
14254,2285,3,38.0
12527,2285,3,57.0
1881,1612,3,0.3
7799,1612,3,0.1
89,237,3,679.0
9630,2285,3,6.2
13331,2169,3,4.1
9547,368,3,8517.0
17765,2631,3,15.4
12826,2285,3,81.0
2343,1030,3,68.0
13515,2285,3,33.0
9273,2285,3,1.5
13515,2285,3,88.0
7809,426,3,1659.0
5095,98,3,31.0
16178,1612,3,3.2
3170,854,3,683.0
1529,2285,3,45.0
5416,586,3,117.0
7143,461,3,58.0
12161,2380,3,1617.0
3857,1648,3,8.0
1790,1832,3,89.0
2001,2285,3,25.0
9566,965,3,201.0
4834,351,3,14.9
7596,2285,3,28.0
16198,2780,3,128.0
8299,2922,3,22.0
16017,237,3,632.0
1174,2415,3,496.0
12535,2340,3,36.0
17937,2285,3,28.0
8536,1829,3,5.7
14980,1499,3,64.0
2660,743,3,9.2
2148,2285,3,16.4
2150,368,3,1017.0
10386,2285,3,32.0
4737,2285,3,34.0
10044,1612,3,0.6
8564,2285,3,17.0
975,1832,3,33.0
13378,1800,3,17.4
3746,572,3,78.0
7292,1612,3,0.7
17010,2285,3,43.0
3635,1838,3,54.0
9444,1612,3,4.2
16683,2285,3,56.0
18116,2831,3,19.2
1401,2285,3,0.3
6591,2285,3,49.0
4395,2285,3,38.0
16814,2911,3,1015.0
13099,2056,3,7.8
4639,1140,3,918.0
14793,1488,3,271.0
12663,272,3,29.0
6779,2285,3,27.0
9915,1349,3,1344.0
9107,2285,3,118.0
5910,1940,3,2.2
6423,2856,3,312.0
4318,1533,3,102.0
7090,2285,3,27.0
6057,2285,3,107.0
8883,2285,3,40.0
2113,2285,3,38.0
3860,1832,3,44.0
12553,272,3,55.0
10696,1612,3,8.8
1422,1845,3,5.6
3401,1488,3,88.0
2321,2285,3,3.5
258,1407,3,0.0
3983,2285,3,71.0
7430,2285,3,79.0
9747,2488,3,1015.0
17436,2285,3,6.3
3277,2285,3,3.9
7111,2285,3,0.2
12061,2285,3,39.0
7053,814,3,2319.0
1456,2285,3,0.4
9385,2148,3,25.0
12746,2631,3,180.0
3037,1155,3,370.0
6018,811,3,130.0
6975,2285,3,8.8
11055,2403,3,257.0
5574,1141,3,169.0
5897,255,3,637.0
11662,2285,3,47.0
12828,944,3,897.0
17860,2496,3,36.0
16747,1737,3,16.1
2388,2285,3,35.0
15220,2285,3,22.0
9534,2285,3,58.0
11218,2876,3,29.0
15010,2726,3,64.0
16319,412,3,1.6
5901,997,3,57.0
12757,2285,3,45.0
9400,1406,3,46.0
5491,1054,3,3.8
3405,2807,3,421.0
1725,1488,3,561.0
7454,1323,3,445.0
11927,2922,3,53.0
11978,2285,3,42.0
5292,2285,3,20.0
14313,2285,3,27.0
3514,1612,3,2.1
16847,2285,3,29.0
520,1020,3,1.6
4314,811,3,288.0
5328,2285,3,33.0
15116,246,3,15.6
10463,1612,3,0.0
1921,100,3,32.0
880,2285,3,34.0
3259,725,3,4.5
12433,368,3,4846.0
9375,1488,3,14.3
14625,1612,3,0.7
6078,1612,3,0.1
2429,2285,3,39.0
3605,2850,3,97.0
7865,1389,3,301.0
1,236,3,1460.0
5591,2922,3,23.0
1195,2285,3,23.0
2383,1617,3,1481.0
5909,1832,3,89.0
2223,42,3,215.0
1923,1612,3,4.0
16218,2726,3,63.0
4186,1488,3,93.0
6736,2285,3,37.0
886,1363,3,0.4
14732,1488,3,39.0
16514,1937,3,0.7
8519,371,3,34.0
15534,368,3,12464.0
4376,2056,3,13.3
4373,732,3,88.0
2027,2285,3,37.0
3026,2285,3,68.0
13289,2631,3,190.0
8661,1890,3,4.3
12254,2285,3,41.0
8568,1785,3,11.4
6814,2139,3,40.0
5142,104,3,79.0
17318,2285,3,36.0
12191,1488,3,1041.0
9827,2409,3,0.4
13443,1655,3,134.0
7072,2285,3,15.3
13304,2285,3,89.0
5327,284,3,1.6
10594,368,3,515.0
13292,2864,3,169.0
14467,2285,3,61.0
5757,1940,3,0.5
9311,2285,3,51.0
7149,2285,3,26.0
10161,2285,3,91.0
17016,2831,3,36.0
8597,2001,3,40.0
1760,237,3,3106.0
17400,1878,3,5.7
15009,2285,3,65.0
11823,732,3,56.0
2074,2285,3,30.0
16133,2285,3,23.0
16956,2205,3,1.4
3536,2888,3,10.8
7583,2285,3,28.0
5872,2285,3,43.0
5642,1257,3,1.5
16751,98,3,11.2
7540,1552,3,4.8
1586,2285,3,26.0
8156,1832,3,79.0
12145,237,3,714.0
12066,1612,3,0.0
17350,2519,3,35.0
17977,2285,3,5.6
7307,2827,3,12.9
17096,2380,3,1846.0
16238,2285,3,42.0
8144,2815,3,6.3
1387,237,3,3001.0
6232,1488,3,220.0
1557,1612,3,0.7
4000,933,3,7.4
4667,2469,3,3.5
17038,1488,3,76.0
6749,1757,3,60.0
13790,2285,3,32.0
2004,2285,3,59.0
11167,2285,3,49.0
7531,2780,3,29.0
8791,1202,3,85.0
1900,1832,3,4.9
15038,2285,3,42.0
12261,2285,3,28.0
5302,2285,3,36.0
9233,2631,3,340.0
5368,368,3,2891.0
13288,1832,3,51.0
15183,1488,3,85.0
8881,2285,3,20.0
11870,2285,3,49.0
4520,2243,3,6.4
18227,2285,3,43.0
15333,2285,3,37.0
18065,1832,3,37.0
14576,1480,3,1.6
8576,943,3,19.3
15669,1226,3,0.0
9991,1985,3,391.0
12835,1611,3,261.0
5061,9,3,32.0
4012,1832,3,22.0
10591,1872,3,6.4
17760,368,3,8646.0
18216,1632,3,706.0
4874,272,3,89.0
1917,2365,3,49.0
4630,1838,3,11.7
12723,2285,3,78.0
10667,2285,3,58.0
16724,237,3,637.0
11273,2285,3,31.0
4568,1838,3,10.4
12934,1128,3,22.0
13014,2546,3,0.5
7469,1492,3,2807.0
6984,1612,3,1.0
5923,385,3,0.4
9816,1321,3,27.0
10597,1488,3,38.0
8875,404,3,1.7
15178,237,3,3963.0
6536,2285,3,40.0
10772,1128,3,83.0
8309,614,3,41.0
17203,1612,3,0.2
4133,1202,3,22.0
6401,2726,3,64.0
17346,2285,3,51.0
16046,828,3,195.0
2166,2285,3,52.0
1268,1720,3,6.3
12817,368,3,8662.0
3295,2065,3,12.5
3439,1037,3,14.4
775,1785,3,77.0
12336,2526,3,7.2
18233,2285,3,39.0
7154,1608,3,959.0
15878,1488,3,38.0
8061,766,3,153.0
16711,312,3,10.8
7892,2285,3,79.0
3516,1228,3,651.0
18012,123,3,9412.0
11757,237,3,845.0
14392,1281,3,1.8
14534,2013,3,9.8
5140,2285,3,35.0
2966,2285,3,42.0
17121,2769,3,2.5
11820,1488,3,108.0
16321,2285,3,88.0
5233,1488,3,698.0
5307,2285,3,28.0
13438,2759,3,1976.0
5064,1612,3,4.6
6076,828,3,631.0
13700,2285,3,24.0
13685,2285,3,32.0
12046,1030,3,81.0
4304,368,3,6838.0
621,1488,3,21.0
3617,1488,3,146.0
4702,368,3,5236.0
14340,2363,3,0.6
17738,2285,3,41.0
5566,1612,3,7.4
779,2726,3,89.0
16085,2285,3,31.0
3252,580,3,41.0
16065,2285,3,35.0
11495,44,3,42.0
2952,1525,3,11.5
13747,1655,3,26.0
8212,368,3,1403.0
3580,2285,3,32.0
7268,2285,3,23.0
2165,1488,3,65.0
16255,2285,3,55.0
2254,1713,3,103.0
15604,1488,3,673.0
2178,2759,3,244.0
9247,2285,3,28.0
2090,1228,3,125.0
10099,1721,3,59.0
11299,2285,3,39.0
7826,444,3,32.0
16489,1612,3,0.1
4057,2285,3,32.0
3951,2380,3,40.0
16228,1612,3,0.3
7096,1491,3,360.0
10992,1488,3,50.0
8889,2409,3,1.9
6997,2285,3,46.0
11620,725,3,2.4
16112,944,3,104.0
18172,2285,3,22.0
9820,2285,3,40.0
11801,368,3,5639.0
9532,2285,3,46.0
6494,2326,3,163.0
3638,2285,3,0.9
3154,2448,3,473.0
14282,100,3,62.0
2747,2285,3,31.0
15547,1037,3,15.2
9563,2285,3,144.0
8311,2285,3,34.0
10238,1612,3,1.2
2371,2285,3,27.0
10275,572,3,23.0
17920,2631,3,173.0
8087,1488,3,22.0
14408,2285,3,39.0
4587,1323,3,207.0
11384,2780,3,32.0
1461,368,3,622.0
7254,2285,3,32.0
9546,732,3,139.0
5922,1612,3,5.4
9599,368,3,3223.0
11689,1037,3,3.3
13949,2562,3,19.6
6918,2850,3,35.0
15278,1612,3,1.0
8533,1079,3,1151.0
13831,279,3,893.0
14459,1557,3,872.0
9793,2759,3,647.0
8233,779,3,9.1
13576,2708,3,6.0
14906,2423,3,19.2
11982,2631,3,157.0
15979,828,3,226.0
18191,2285,3,122.0
6404,2285,3,31.0
12006,2285,3,34.0
10669,2922,3,83.0
11527,1407,3,4.6
12653,537,3,6.0
18128,368,3,11229.0
12622,2340,3,10.0
3940,2285,3,101.0
12486,1907,3,0.1
3328,2759,3,227.0
4359,2922,3,46.0
6843,2285,3,67.0
5698,100,3,436.0
8589,25,3,10.9
7130,2285,3,109.0
13109,1488,3,339.0
10754,2001,3,11.0
16350,1208,3,18.9
9653,2911,3,2050.0
5708,2726,3,5.6
4176,1557,3,685.0
3959,284,3,14.8
1546,2285,3,2.6
11424,282,3,24.0
3219,2285,3,54.0
16794,1488,3,19.3
1854,2631,3,121.0
5042,2831,3,128.0
14623,944,3,188.0
12652,1202,3,1.3
11031,725,3,31.0
10012,2285,3,80.0
8306,2285,3,52.0
16168,425,3,724.0
17340,2285,3,46.0
13148,1323,3,5.6
2655,2285,3,39.0
2386,572,3,28.0
9363,2285,3,29.0
2814,2442,3,2.0
6390,1488,3,213.0
12157,2285,3,67.0
14667,1612,3,0.2
9644,2564,3,32.0
17369,2285,3,8.5
8818,2285,3,70.0
13843,2285,3,52.0
9602,2285,3,44.0
9419,2285,3,50.0
8040,2631,3,45.0
1960,376,3,35.0
14713,1612,3,3.2
2857,2205,3,13.2
9607,1758,3,3.2
17210,2526,3,41.0
14977,132,3,432.0
2536,2285,3,23.0
1395,1610,3,10.2
13998,1166,3,63.0
7128,2285,3,32.0
14522,74,3,7.3
1820,2631,3,95.0
4042,1166,3,1696.0
9102,2488,3,948.0
4804,368,3,1652.0
1376,572,3,200.0
6475,255,3,1.1
15032,2285,3,3.1
16123,2285,3,19.1
5629,1617,3,28.0
11745,2842,3,45.0
3867,1612,3,3.9
11784,74,3,0.7
15959,2285,3,0.4
17399,42,3,1263.0
9160,2205,3,6.8
1716,1321,3,21.0
5949,2285,3,32.0
9313,2195,3,10.1
5727,2285,3,17.0
2832,1612,3,3.7
16559,864,3,2.4
17635,25,3,12.7
17559,2285,3,25.0
11846,725,3,0.3
11038,1721,3,186.0
9447,2380,3,778.0
8370,2285,3,43.0
17243,1424,3,7.1
13084,743,3,0.0
12543,1876,3,28.0
9515,44,3,721.0
9188,2285,3,14.3
13260,1128,3,7.7
13429,2285,3,60.0
10747,68,3,920.0
4037,2285,3,61.0
8824,1321,3,17.3
1635,1612,3,1.0
4847,1612,3,2.1
10559,2285,3,38.0
4136,68,3,2489.0
14231,2205,3,2.4
9110,1612,3,0.8
5759,1557,3,1096.0
957,272,3,8.1
13397,2631,3,397.0
15053,1608,3,682.0
2493,2285,3,13.2
18009,2759,3,579.0
117,1488,3,58.0
15962,1128,3,19.4
8220,2285,3,33.0
6330,570,3,120.0
6531,1612,3,0.1
5632,1488,3,60.0
11547,2842,3,2.7
2672,2285,3,37.0
15596,572,3,1139.0
7840,2285,3,47.0
10857,2285,3,33.0
4123,2285,3,11.9
7878,532,3,896.0
14547,1776,3,26.0
11906,2279,3,11.6
4579,98,3,128.0
11189,2285,3,6.0
3592,2285,3,24.0
4675,1612,3,0.0
10953,1612,3,0.3
4179,68,3,1496.0
16837,1470,3,1.1
12351,368,3,7420.0
15088,2285,3,48.0
17018,1155,3,20.0
8239,1189,3,36.0
12785,1323,3,219.0
6112,1553,3,2104.0
15279,2547,3,3.4
9025,2631,3,566.0
2245,255,3,780.0
5125,1070,3,629.0
16050,864,3,0.6
9334,2380,3,0.1
1069,1612,3,2.2
106,2285,3,77.0
17125,2630,3,90.0
13529,2285,3,15.7
15393,1488,3,96.0
12990,368,3,3897.0
9406,237,3,2652.0
7524,944,3,1103.0
9005,2285,3,56.0
17302,2285,3,4.0
3273,1464,3,336.0
13760,1609,3,28.0
5775,2027,3,18.8
1597,1655,3,68.0
1572,2922,3,169.0
7877,2631,3,144.0
9724,2285,3,1.9
13263,2285,3,28.0
12598,30,3,16.0
17491,265,3,0.2
9651,1832,3,101.0
7463,2285,3,33.0
8000,2245,3,2.8
17159,2285,3,87.0
10609,1488,3,54.0
14320,1488,3,15.6
183,2122,3,23.0
2701,368,3,2322.0
6968,1832,3,21.0
16053,1612,3,0.5
15606,237,3,2096.0
7516,1517,3,0.3
12491,1488,3,334.0
11928,1937,3,4.2
16936,521,3,547.0
6307,1228,3,27.0
5522,2285,3,53.0
13303,1612,3,4.5
15320,1916,3,0.0
3980,1202,3,248.0
16284,2496,3,33.0
5124,814,3,25.0
17473,1655,3,85.0
1352,237,3,534.0
6202,2285,3,37.0
12499,368,3,4943.0
3526,546,3,53.0
17625,2717,3,1.8
17022,2285,3,58.0
6246,302,3,15.8
2325,2285,3,32.0
1493,1612,3,4.2
8294,2562,3,0.1
12356,2285,3,48.0
6774,2285,3,33.0
5091,1233,3,3.5
15993,2285,3,69.0
17228,368,3,3435.0
12265,2489,3,356.0
3517,1166,3,695.0
2434,933,3,7.4
9444,1488,3,803.0
8363,1975,3,1.0
13630,1612,3,2.4
1554,1832,3,10.6
15217,2285,3,35.0
10415,2285,3,49.0
13154,1776,3,54.0
2983,2285,3,36.0
16593,2285,3,25.0
11263,2285,3,63.0
3851,897,3,2.4
12086,2631,3,79.0
790,2285,3,33.0
4340,725,3,1.2
2656,2285,3,28.0
14613,2631,3,165.0
2673,2285,3,35.0
10271,2285,3,31.0
18264,2285,3,36.0
9332,2865,3,218.0
13056,2630,3,158.0
6847,2285,3,2.7
3861,2285,3,18.4
3664,854,3,276.0
12011,1612,3,7.2
2484,1655,3,434.0
11117,2285,3,3.6
13421,1020,3,0.3
8851,2371,3,8.8
10253,1655,3,35.0
16358,237,3,2605.0
9503,2922,3,208.0
10149,2285,3,50.0
5309,743,3,8.1
15521,2831,3,108.0
13284,1679,3,6.8
5650,1612,3,3.8
5486,2631,3,374.0
8643,594,3,77.0
14221,368,3,4333.0
17230,601,3,0.8
15210,1089,3,6.2
15389,1617,3,49.0
3982,1128,3,90.0
7287,1304,3,146.0
3713,368,3,6403.0
14290,368,3,5618.0
6029,1424,3,20.0
10989,2562,3,25.0
3275,1044,3,0.0
10873,2865,3,348.0
16815,2285,3,58.0
14869,811,3,485.0
5616,104,3,2283.0
16831,2285,3,31.0
17164,1193,3,0.0
4275,1612,3,0.6
10382,284,3,9.9
9261,2631,3,277.0
112,2285,3,34.0
16746,2380,3,1485.0
11181,2285,3,3.1
16767,2285,3,55.0
9514,2631,3,176.0
3214,2285,3,57.0
12136,2285,3,57.0
9434,1612,3,0.1
4184,2285,3,16.0
8105,2562,3,7.9
16371,368,3,3824.0
6160,2630,3,0.2
13305,1876,3,9.2
9729,2285,3,31.0
17363,2285,3,36.0
10708,1488,3,224.0
4391,2285,3,23.0
17383,2911,3,152.0
13832,2439,3,57.0
17691,811,3,163.0
15664,2205,3,1.5
12609,2285,3,8.4
17174,1488,3,161.0
13969,271,3,0.5
6827,1407,3,11.8
9088,1878,3,123.0
9115,368,3,7743.0
5607,2285,3,27.0
2146,1553,3,4626.0
12228,1488,3,304.0
9128,2630,3,34.0
14553,2488,3,5514.0
12452,2285,3,25.0
1396,2205,3,5.2
4240,2403,3,52.0
8706,2774,3,23.0
4353,2631,3,249.0
16052,2285,3,31.0
3031,2285,3,97.0
1520,214,3,101.0
12077,2705,3,77.0
1000,2136,3,185.0
2116,1612,3,1.2
2859,2285,3,48.0
3310,2484,3,29.0
11601,2285,3,50.0
3267,1488,3,1457.0
1925,1612,3,6.0
3452,1488,3,14.5
7483,1128,3,17.4
13894,1488,3,293.0
5700,68,3,812.0
12114,2292,3,75.0
15715,725,3,12.2
16730,1037,3,36.0
3522,1557,3,259.0
4445,1612,3,3.5
17054,2585,3,174.0
15134,2631,3,382.0
34,1228,3,772.0
11880,2285,3,30.0
3751,1612,3,2.4
10618,2383,3,370.0
13503,1655,3,57.0
9308,1553,3,1527.0
5282,1445,3,42.0
10880,1488,3,783.0
9778,1557,3,1566.0
6199,2203,3,22.0
13348,2638,3,1.7
1291,1612,3,4.8
18112,98,3,22.0
9671,2562,3,6.2
9016,2285,3,0.9
4049,1096,3,0.2
803,2285,3,32.0
7989,1471,3,2.1
1341,573,3,7.7
12796,14,3,654.0
2368,139,3,645.0
3376,2285,3,37.0
18117,2285,3,132.0
3384,2512,3,7.6
13184,2526,3,19.1
7958,1832,3,48.0
14,2708,3,4.4
17796,2285,3,39.0
1454,2285,3,4.0
7051,1612,3,0.2
6769,2344,3,0.0
1627,1488,3,4.4
8048,68,3,710.0
38,255,3,327.0
8741,1488,3,812.0
5096,2777,3,36.0
13890,212,3,0.7
12225,1488,3,297.0
39,2285,3,76.0
14875,2631,3,28.0
15575,2285,3,34.0
2191,44,3,491.0
3589,1635,3,90.0
17493,1617,3,260.0
5208,1612,3,1.6
8612,802,3,518.0
2361,1491,3,2240.0
8957,1533,3,398.0
14071,368,3,8816.0
2925,2285,3,40.0
4203,237,3,3218.0
9516,814,3,53.0
7497,1717,3,26.0
6876,2285,3,47.0
6069,1228,3,795.0
14590,1488,3,23.0
360,2285,3,14.2
9894,1488,3,191.0
7900,1837,3,109.0
10229,2786,3,22.0
12147,2726,3,162.0
5842,2726,3,20.0
6030,1612,3,0.1
8740,25,3,2.8
8893,1612,3,2.8
14948,1612,3,2.0
6923,35,3,1.5
10749,400,3,17.2
15417,237,3,101.0
7572,1612,3,1.4
10551,1141,3,93.0
8987,2285,3,17.8
15550,2285,3,22.0
8730,2205,3,66.0
3647,2285,3,32.0
172,2562,3,2.3
1203,1559,3,5.6
4681,2285,3,22.0
6838,452,3,619.0
4100,68,3,1767.0
7303,1612,3,0.2
10738,2285,3,37.0
6620,854,3,273.0
12340,2285,3,64.0
7844,1578,3,62.0
4813,2285,3,28.0
15263,1721,3,10.3
7854,237,3,495.0
12117,2285,3,25.0
8458,2285,3,79.0
16431,2285,3,82.0
13828,2285,3,11.2
15904,1655,3,229.0
6601,237,3,387.0
4756,1860,3,1.1
3244,682,3,14.5
4464,214,3,82.0
8231,1612,3,1.0
12291,2285,3,8.7
3835,279,3,4156.0
16615,1304,3,56.0
14687,98,3,111.0
12033,614,3,28.0
7659,2285,3,1.3
7844,2285,3,43.0
7849,2631,3,86.0
12701,1497,3,93.0
14794,1488,3,315.0
16128,68,3,858.0
4723,272,3,50.0
11386,2285,3,47.0
14901,2344,3,0.5
3098,992,3,3086.0
12144,2285,3,30.0
3412,1557,3,93.0
9595,2285,3,11.9
8569,1832,3,2.0
9663,2285,3,26.0
13129,1612,3,0.2
2126,2285,3,38.0
11341,2285,3,49.0
14509,1235,3,50.0
2910,2285,3,16.2
14887,271,3,15.6
8517,1612,3,1.6
12650,2243,3,30.0
12899,2285,3,29.0
3369,274,3,36.0
17614,68,3,520.0
8658,237,3,1385.0
7566,1612,3,0.2
14258,2285,3,70.0
16852,2488,3,623.0
1469,272,3,40.0
7100,2285,3,18.1
15451,573,3,61.0
6,2285,3,42.0
8697,100,3,6.3
3250,2285,3,24.0
10962,1407,3,6.3
185,2317,3,542.0
1823,2317,3,93.0
13183,2285,3,38.0
9812,1832,3,150.0
9553,2285,3,36.0
3593,732,3,635.0
2598,2285,3,27.0
2571,2402,3,0.2
1625,2726,3,0.7
13548,2285,3,24.0
10573,39,3,215.0
1663,1612,3,10.2
3809,1553,3,11835.0
10608,2285,3,43.0
1299,1128,3,67.0
6416,2285,3,54.0
16903,2285,3,4.7
14857,2833,3,65.0
13514,781,3,23.0
6178,1488,3,10840.0
8485,2631,3,36.0
4091,1488,3,1834.0
15280,1499,3,126.0
13122,1827,3,72.0
9244,2285,3,18.4
5468,2285,3,31.0
9367,2285,3,0.7
1556,1612,3,6.5
15701,2831,3,21.0
2734,2285,3,23.0
4264,1606,3,475.0
12900,2922,3,143.0
1808,2285,3,30.0
11555,2547,3,15.8
4402,2533,3,14.6
1220,2285,3,46.0
17065,2285,3,54.0
3975,368,3,994.0
15264,2831,3,132.0
12522,2922,3,29.0
9641,2285,3,43.0
11789,2285,3,25.0
9487,1228,3,244.0
8578,1626,3,305.0
7925,461,3,148.0
11353,237,3,340.0
13022,2630,3,48.0
16542,1635,3,459.0
15893,2630,3,647.0
41,1612,3,1.6
14005,2285,3,53.0
9736,282,3,8.0
6488,1301,3,27.0
1882,2631,3,69.0
1373,1617,3,31.0
5619,68,3,109.0
5667,2850,3,42.0
10110,2630,3,208.0
10360,2285,3,33.0
12558,2285,3,38.0
15422,2285,3,31.0
16157,594,3,1639.0
10800,2541,3,24.0
5349,1612,3,5.9
1699,2285,3,12.1
3906,1612,3,0.0
10249,1488,3,59.0
13134,1612,3,0.2
17228,2285,3,25.0
5718,745,3,68.0
9276,1128,3,4.3
7081,572,3,201.0
1020,2831,3,109.0
16283,2285,3,108.0
14420,1832,3,23.0
3946,2285,3,79.0
5750,2285,3,32.0
2650,1608,3,553.0
15723,1228,3,93.0
4844,2161,3,804.0
2555,2593,3,20.0
13067,2285,3,58.0
15363,1304,3,457.0
16522,2285,3,30.0
17603,725,3,14.6
13448,2562,3,13.9
9278,1166,3,210.0
5507,2285,3,58.0
12005,44,3,1180.0
10263,2285,3,47.0
8631,2285,3,1.0
11882,1612,3,3.0
17503,1612,3,3.2
13234,2285,3,27.0
9257,2285,3,13.9
9772,2726,3,99.0
17135,1612,3,3.8
2266,1166,3,13.9
9155,2631,3,82.0
13337,272,3,16.9
1060,2831,3,312.0
11979,1612,3,3.0
13196,368,3,1072.0
12370,828,3,69.0
4438,1612,3,6.2
3653,368,3,6546.0
10887,2285,3,42.0
4200,1937,3,2.2
3163,271,3,71.0
10213,572,3,313.0
14595,2285,3,14.6
10601,897,3,68.0
6973,70,3,119.0
14310,2285,3,21.0
1866,1304,3,605.0
16656,279,3,4708.0
6119,1062,3,27.0
2901,2710,3,28.0
17114,1488,3,21.0
17072,14,3,787.0
1594,2267,3,103.0
12879,2285,3,33.0
3704,2285,3,44.0
4154,2285,3,36.0
4138,200,3,1.1
6491,2285,3,83.0
4713,2285,3,15.8
17913,1488,3,716.0
6513,2841,3,55.0
14919,1940,3,2.1
5647,368,3,708.0
16428,2285,3,8.8
9432,1638,3,21.0
15175,1612,3,1.4
5639,2285,3,37.0
4508,368,3,3460.0
4336,1815,3,20.0
5998,2726,3,25.0
13928,2630,3,334.0
12717,2285,3,104.0
6386,1037,3,133.0
14720,2831,3,12.8
2743,2285,3,26.0
4633,2285,3,9.4
6448,368,3,3253.0
10304,2865,3,33.0
11066,68,3,1128.0
16058,2285,3,37.0
7504,1323,3,505.0
11597,1781,3,2581.0
8004,2285,3,8.1
13414,2494,3,8.3
14248,2631,3,162.0
6201,1407,3,8.7
17586,368,3,3794.0
13169,2285,3,27.0
14657,2596,3,319.0
3773,368,3,3024.0
13255,1832,3,5.8
11282,2285,3,25.0
11369,839,3,3.5
13745,1628,3,2.2
13646,1030,3,129.0
18001,2285,3,112.0
12674,2285,3,11.3
10971,343,3,0.3
2508,2285,3,52.0
5738,1488,3,83.0
11793,1612,3,0.1
9751,2285,3,63.0
3082,2285,3,35.0
13202,2285,3,38.0
6468,2780,3,58.0
11700,1781,3,447.0
12822,2285,3,72.0
4621,2285,3,27.0
3632,490,3,0.8
9013,2631,3,505.0
10571,2490,3,157.0
11490,732,3,2604.0
1233,2285,3,26.0
2262,1282,3,103.0
17345,2285,3,64.0
16377,14,3,184.0
14631,1832,3,130.0
12539,1612,3,0.4
4638,2504,3,12.8
7642,2780,3,140.0
10666,2876,3,14.1
4744,2285,3,63.0
3621,2285,3,22.0
3242,1612,3,1.5
6677,2285,3,51.0
6836,1323,3,77.0
2415,2631,3,142.0
9361,2285,3,38.0
16042,1304,3,92.0
14267,2631,3,211.0
13141,2285,3,88.0
6027,2285,3,51.0
6450,2285,3,36.0
17433,2780,3,124.0
7971,282,3,8.1
12294,2922,3,65.0
16686,2285,3,64.0
17362,2922,3,72.0
2579,1832,3,17.4
2122,2285,3,48.0
2544,237,3,3787.0
16001,2122,3,1.8
4709,1075,3,7.6
7121,2496,3,9.2
4798,2631,3,103.0
4952,508,3,105.0
2053,1612,3,0.1
14367,1956,3,28.0
11186,68,3,3425.0
12767,100,3,190.0
10186,1208,3,1223.0
4083,2285,3,36.0
9965,2285,3,56.0
12965,1488,3,76.0
7486,1281,3,128.0
8075,2922,3,77.0
17489,2285,3,15.1
3053,2285,3,28.0
4341,1491,3,36012.0
15505,2922,3,55.0
3769,1533,3,14.4
6499,2285,3,24.0
4182,1612,3,2.6
10878,2285,3,26.0
11830,1488,3,69.0
4792,1228,3,302.0
5141,2922,3,105.0
4640,2285,3,36.0
18119,1557,3,236.0
4206,2285,3,20.0
4321,1128,3,15.8
16784,1189,3,6.6
8838,237,3,505.0
11040,2285,3,14.6
6133,1973,3,85.0
9255,237,3,461.0
12875,2285,3,45.0
3260,2631,3,198.0
1083,237,3,1820.0
8365,2285,3,50.0
9133,2631,3,83.0
15749,2922,3,95.0
13126,2285,3,0.6
15872,1937,3,9.3
10868,2285,3,40.0
16920,2285,3,45.0
17894,2285,3,3.8
2054,2285,3,14.1
12158,237,3,727.0
7387,2205,3,0.4
4795,74,3,6.7
8734,2285,3,30.0
3194,2285,3,22.0
8662,2726,3,2.4
12449,2496,3,7.0
7680,1128,3,42.0
12197,2122,3,173.0
10819,1721,3,0.5
7506,1655,3,599.0
13233,2285,3,63.0
17249,2285,3,18.5
8684,725,3,2.8
9063,2285,3,68.0
4651,1781,3,246.0
4221,1612,3,3.0
3868,2285,3,18.5
13093,2409,3,10.7
13791,1973,3,39.0
3591,237,3,1494.0
84,2631,3,330.0
3300,2631,3,79.0
10409,68,3,1532.0
18301,811,3,159.0
1537,2285,3,117.0
4310,725,3,17.2
14986,140,3,22.0
2647,2432,3,7.8
11785,1838,3,34.0
16102,1947,3,58.0
16518,2285,3,36.0
15335,2631,3,115.0
1045,1488,3,105.0
10155,2420,3,44.0
1614,2285,3,35.0
9720,2285,3,62.0
4446,140,3,27.0
8759,2285,3,59.0
4955,2285,3,42.0
12329,1488,3,88.0
5614,811,3,98.0
854,1876,3,5.6
1592,2285,3,23.0
13247,1215,3,325.0
2430,2285,3,69.0
16334,1608,3,2354.0
12643,68,3,639.0
15042,1832,3,11.0
12829,1166,3,426.0
6113,1612,3,0.9
8607,2285,3,40.0
9210,2285,3,38.0
3673,1357,3,5.7
1599,2285,3,44.0
7258,1557,3,1788.0
12474,444,3,87.0
7490,68,3,959.0
7192,2285,3,18.5
11513,682,3,28.0
5404,1049,3,385.0
9804,2285,3,36.0
9764,2631,3,184.0
5419,2631,3,197.0
17696,2865,3,39.0
15589,2630,3,223.0
13054,2285,3,24.0
7706,1612,3,4.1
8009,68,3,2943.0
11541,2285,3,1.0
4010,1228,3,804.0
2855,68,3,290.0
9882,223,3,131.0
13603,1721,3,37.0
5823,237,3,3345.0
7782,732,3,166.0
7595,213,3,9.0
858,1488,3,1006.0
1667,237,3,352.0
9759,2285,3,12.7
16923,1407,3,0.2
4117,14,3,401.0
14446,2285,3,33.0
16574,450,3,42.0
6251,2285,3,41.0
7606,1655,3,1.0
61,1717,3,8.7
4835,272,3,13.7
7636,572,3,137.0
3445,1764,3,18.1
7290,2285,3,6.1
2606,1632,3,481.0
8307,1721,3,36.0
8325,1488,3,14.1
3195,1612,3,5.6
7176,2285,3,22.0
15480,1406,3,37.0
2214,2285,3,24.0
2453,2285,3,47.0
10856,368,3,4364.0
3756,25,3,23.0
4968,2631,3,153.0
9097,2285,3,30.0
2714,800,3,7.4
8433,2285,3,50.0
7434,2285,3,18.6
8445,2285,3,1.8
17140,237,3,47.0
5919,2844,3,11.4
4355,279,3,66.0
9203,2528,3,7.7
16409,1612,3,5.8
12542,2285,3,39.0
11924,2285,3,42.0
601,1323,3,657.0
17371,2285,3,35.0
15671,2285,3,37.0
14222,1612,3,3.4
7048,1499,3,111.0
9072,1655,3,214.0
17168,1612,3,3.7
3585,100,3,224.0
8689,2425,3,5.8
8186,1785,3,143.0
12698,2285,3,43.0
9081,68,3,1779.0
5304,944,3,83.0
1723,2285,3,36.0
1277,1586,3,8.0
6278,1838,3,17.4
2483,1488,3,11.9
3375,1917,3,3.4
4735,2719,3,9.5
745,2285,3,80.0
14865,2285,3,34.0
13668,2285,3,47.0
1675,2562,3,1.8
15676,237,3,438.0
1691,2285,3,60.0
14650,1884,3,0.2
8181,237,3,1199.0
6139,2285,3,55.0
17138,732,3,113.0
1029,2205,3,8.3
10668,2285,3,48.0
8341,1488,3,268.0
7615,1488,3,314.0
1462,1594,3,1.5
12552,1070,3,2737.0
12288,2285,3,80.0
16394,2285,3,10.4
16857,1155,3,1215.0
8665,2285,3,61.0
17744,2285,3,22.0
10706,2285,3,26.0
14987,1409,3,2.1
17792,2285,3,40.0
6053,2285,3,10.8
10928,2380,3,887.0
7586,109,3,3.3
8078,2285,3,32.0
8090,2630,3,196.0
14261,1612,3,3.8
8914,1838,3,61.0
2927,1128,3,53.0
9372,1128,3,2.7
2001,2392,3,15.0
14244,572,3,185.0
8537,1612,3,6.6
1697,1170,3,5.2
14738,2631,3,62.0
13396,816,3,59.0
5306,2285,3,58.0
5756,52,3,16.2
4822,1940,3,0.8
3323,2726,3,27.0
2972,2285,3,41.0
4267,1208,3,4183.0
3189,1612,3,0.0
11504,2631,3,173.0
2977,1612,3,4.1
1611,2285,3,29.0
8924,1612,3,0.2
14870,2336,3,0.0
17688,1611,3,6.9
10297,237,3,1074.0
9979,98,3,31.0
1087,2285,3,14.6
7988,426,3,3751.0
14228,1632,3,147.0
14913,2285,3,83.0
9918,2285,3,52.0
16445,368,3,2381.0
12646,251,3,332.0
11044,1776,3,2.4
4581,2423,3,3.7
12669,368,3,558.0
3676,1690,3,3.1
7106,2285,3,111.0
1669,2227,3,681.0
1695,25,3,4.3
4534,1488,3,144.0
5264,2285,3,51.0
1816,1947,3,188.0
1545,1714,3,16.6
12252,368,3,7198.0
6429,2285,3,41.0
185,140,3,34.0
4246,2285,3,52.0
10199,237,3,802.0
18226,1228,3,595.0
4707,2631,3,70.0
7607,2922,3,1.5
3874,237,3,462.0
3456,1612,3,2.3
18244,2420,3,3.0
1228,1612,3,2.4
9337,2630,3,116.0
14233,1655,3,382.0
5494,557,3,1.3
4271,2631,3,83.0
17702,2285,3,24.0
6717,44,3,520.0
14943,1057,3,78.0
5518,1612,3,13.0
16850,1044,3,4.4
9087,2205,3,5.9
10540,1609,3,6.0
17101,1612,3,3.4
5917,2631,3,79.0
16963,2340,3,11.4
16161,265,3,3.1
17707,2285,3,43.0
9358,732,3,5.1
10089,1488,3,639.0
14018,2285,3,26.0
6117,1035,3,45.0
11960,1488,3,94.0
14099,1488,3,14.2
1853,2630,3,194.0
6212,2205,3,9.6
7496,2488,3,1177.0
11756,2875,3,3.0
4766,1612,3,0.1
12065,1837,3,181.0
6300,732,3,573.0
5571,2340,3,12.3
10015,2285,3,1.7
15751,1612,3,0.0
14743,104,3,75.0
13112,2285,3,27.0
10335,2433,3,6.2
8872,2285,3,24.0
1939,2576,3,5.1
7959,1362,3,79.0
8707,1612,3,2.0
17145,2876,3,76.0
17713,2285,3,25.0
9900,2726,3,62.0
17830,2780,3,3.9
12720,2285,3,30.0
13330,1612,3,2.1
5199,1488,3,46.0
10425,1488,3,317.0
13295,1802,3,140.0
2422,854,3,254.0
9625,2285,3,35.0
11210,100,3,717.0
4478,1488,3,1052.0
14685,2285,3,67.0
17247,25,3,28.0
2291,2285,3,46.0
485,2654,3,171.0
3571,2922,3,157.0
14146,237,3,4154.0
4074,1612,3,1.8
5987,1612,3,0.8
8511,1876,3,10.7
5697,2285,3,42.0
1533,2285,3,37.0
8632,1098,3,5.0
12278,1525,3,47.0
10276,2710,3,84.0
3197,368,3,4008.0
2120,944,3,453.0
16861,2285,3,30.0
4689,68,3,325.0
12661,1491,3,2.3
16393,2453,3,6.7
5387,1737,3,2.0
13313,529,3,366.0
11611,862,3,22.0
1928,1776,3,5.4
2671,1612,3,3.0
15291,2630,3,105.0
13178,2522,3,8.8
1721,132,3,1100.0
15874,1488,3,51.0
3616,450,3,25.0
10903,2285,3,69.0
6333,1389,3,694.0
4008,1612,3,0.2
13779,1497,3,157.0
13302,2243,3,25.0
10074,1612,3,0.2
17693,2285,3,25.0
12614,1267,3,104.0
9770,2439,3,414.0
18129,1612,3,8.2
12815,1612,3,12.0
8275,2285,3,31.0
4366,1612,3,3.9
11663,1608,3,387.0
9749,2285,3,14.9
9856,2285,3,18.1
15255,2285,3,54.0
4121,100,3,897.0
9755,2285,3,42.0
5589,2285,3,28.0
9512,2285,3,54.0
17225,1776,3,21.0
3815,437,3,0.0
13162,2285,3,63.0
5935,237,3,394.0
5438,1491,3,265.0
13632,1488,3,24.0
1140,944,3,2433.0
14853,368,3,6629.0
13344,1048,3,308.0
5456,1612,3,0.0
15373,237,3,1458.0
3864,2285,3,36.0
2900,142,3,176.0
15082,1612,3,5.1
11626,565,3,69.0
9829,811,3,312.0
11955,1321,3,3.2
10098,811,3,215.0
5305,2631,3,108.0
7954,2285,3,29.0
5210,2285,3,53.0
10323,1128,3,35.0
10836,237,3,1124.0
8834,2496,3,20.0
11149,725,3,7.9
9844,2027,3,14.3
5959,1624,3,9.2
15980,1937,3,2.1
10615,1304,3,394.0
3453,2285,3,52.0
1851,897,3,34.0
5217,1497,3,60.0
16230,405,3,8.0
2009,2285,3,24.0
14102,2562,3,3.2
1159,501,3,596.0
5006,1721,3,68.0
11952,1492,3,652.0
4247,2349,3,0.8
16414,237,3,897.0
5063,2285,3,36.0
2614,237,3,218.0
5549,1228,3,132.0
8398,1407,3,1.7
6017,347,3,3.8
2143,745,3,93.0
3854,482,3,0.4
2563,1166,3,11.9
8840,6,3,19.3
11352,1228,3,182.0
8554,2285,3,150.0
10511,2842,3,8.9
2690,2456,3,13.2
2222,1612,3,3.6
4872,1721,3,124.0
10828,132,3,400.0
3178,732,3,19.9
1840,1612,3,0.2
11310,1555,3,111.0
17577,237,3,1903.0
3807,237,3,442.0
4455,1612,3,0.1
1426,237,3,64.0
2840,1612,3,9.2
5363,2285,3,50.0
14045,1488,3,51.0
17020,2274,3,119.0
18237,74,3,2.6
4378,98,3,95.0
4569,1612,3,5.8
302,2285,3,31.0
14813,2295,3,114.0
5112,1488,3,50.0
48,2285,3,29.0
8959,2285,3,55.0
5720,1612,3,1.6
3993,944,3,1489.0
2505,1785,3,498.0
7448,1488,3,224.0
4299,2285,3,46.0
4338,2496,3,8.2
3625,1228,3,717.0
535,2285,3,54.0
6254,574,3,1.9
12627,2285,3,7.1
8338,2807,3,220.0
16465,2285,3,37.0
8862,2562,3,22.0
1141,1612,3,0.1
12461,132,3,507.0
9473,1166,3,742.0
9431,1228,3,479.0
5475,2285,3,3.1
10063,1609,3,4.7
780,2285,3,131.0
18058,2285,3,45.0
3314,1488,3,479.0
5943,2631,3,111.0
7309,237,3,868.0
3457,2285,3,18.6
17997,274,3,26.0
16108,74,3,1.4
15821,2285,3,11.8
14768,572,3,219.0
7104,1488,3,119.0
11650,1983,3,146.0
8302,2285,3,57.0
17880,237,3,182.0
7416,100,3,280.0
1988,1488,3,5.4
16364,2285,3,24.0
7637,2285,3,57.0
5431,426,3,726.0
1272,2631,3,110.0
3392,1612,3,1.3
4105,368,3,4838.0
6452,2225,3,478.0
15027,2285,3,17.9
7205,2285,3,37.0
10387,2285,3,29.0
7884,2285,3,44.0
13754,2285,3,65.0
12503,1041,3,12.7
10840,1424,3,12.0
17270,1877,3,154.0
7870,1612,3,4.8
17240,1488,3,47.0
1120,1596,3,0.3
17358,2227,3,73.0
12231,2736,3,16.9
2920,682,3,27.0
14079,811,3,490.0
15332,725,3,41.0
3370,2285,3,35.0
10362,1471,3,279.0
8214,1278,3,10.1
1405,897,3,668.0
7136,725,3,71.0
15058,2285,3,32.0
4522,237,3,371.0
12976,237,3,121.0
9879,1644,3,10.7
4861,1321,3,11.2
3199,2285,3,21.0
5826,1557,3,2234.0
12405,1228,3,37.0
6934,368,3,7008.0
8574,572,3,177.0
2128,1166,3,116.0
8450,1317,3,119.0
17397,368,3,7117.0
5284,572,3,76.0
17710,2456,3,33.0
11764,2856,3,75.0
9379,2205,3,4.2
4940,2285,3,34.0
10794,2285,3,45.0
12518,2285,3,2.0
7983,271,3,49.0
16481,1406,3,54.0
17373,2631,3,350.0
13458,2285,3,37.0
6328,2780,3,292.0
6196,1838,3,29.0
6408,975,3,147.0
14686,368,3,2111.0
8513,368,3,3793.0
4077,237,3,53.0
17611,2631,3,286.0
10190,2285,3,14.4
5976,272,3,37.0
16907,1832,3,10.6
5258,1030,3,23.0
10132,2285,3,22.0
12141,2285,3,30.0
71,1612,3,1.4
11924,2886,3,29.0
8380,1228,3,613.0
7763,1612,3,0.4
2845,1721,3,289.0
12590,1612,3,3.3
16124,1628,3,0.3
12152,2285,3,34.0
9612,2285,3,9.3
2519,1785,3,878.0
14663,1612,3,2.2
325,1488,3,296.0
12213,1612,3,0.3
5204,1608,3,750.0
17806,2285,3,31.0
2722,368,3,5179.0
11683,2630,3,25.0
1232,237,3,623.0
14365,1557,3,573.0
7584,1611,3,132.0
3602,1635,3,663.0
2259,501,3,155.0
7641,718,3,1144.0
5251,1612,3,3.8
47,237,3,793.0
11365,2285,3,45.0
9963,1721,3,6.2
2543,1612,3,0.0
2308,2764,3,2.6
6782,1721,3,39.0
1330,881,3,88.0
1909,2285,3,119.0
11577,2509,3,0.1
6892,2279,3,0.3
453,461,3,515.0
8159,2285,3,64.0
17740,2285,3,70.0
16718,1553,3,498.0
15516,2285,3,26.0
18066,2285,3,26.0
4292,1612,3,0.0
1428,2285,3,19.6
8807,2285,3,7.9
3359,2549,3,947.0
7555,2285,3,0.8
17636,1550,3,0.3
16420,2285,3,8.3
14135,2285,3,20.0
6308,1612,3,7.3
11991,732,3,419.0
9670,368,3,122.0
15510,2409,3,16.9
6595,2630,3,32.0
15941,255,3,187.0
9029,237,3,905.0
10119,2631,3,140.0
3768,781,3,37.0
8062,1647,3,2820.0
6925,2285,3,33.0
13803,1341,3,3.2
3313,1722,3,1.8
424,1802,3,22.0
12337,2380,3,1196.0
11520,1612,3,1.8
6083,1785,3,768.0
2844,1612,3,0.2
3017,237,3,4414.0
10136,2055,3,2.0
17480,732,3,1373.0
4800,2865,3,182.0
6656,2630,3,31.0
11280,2285,3,54.0
11956,2764,3,11.9
4027,368,3,2016.0
1984,725,3,23.0
17148,2285,3,33.0
4435,2285,3,52.0
3208,2285,3,28.0
15709,698,3,5.4
3693,2285,3,41.0
5997,113,3,0.8
10028,368,3,6975.0
3446,2562,3,36.0
10888,2285,3,56.0
3567,2285,3,39.0
3634,282,3,55.0
11130,2527,3,0.2
10126,1947,3,26.0
15251,2285,3,13.8
4113,1304,3,401.0
1768,725,3,15.8
5445,2631,3,119.0
12257,1982,3,7.4
9624,2285,3,25.0
4549,1424,3,0.4
2689,2065,3,6.6
6367,2285,3,50.0
12617,1832,3,70.0
5035,2285,3,61.0
764,722,3,57.0
2584,237,3,543.0
3932,1785,3,1788.0
4216,309,3,3.1
13684,1488,3,185.0
10024,2285,3,26.0
13615,2285,3,36.0
3490,237,3,15.6
4512,2106,3,12.4
14279,1755,3,1707.0
6222,2631,3,241.0
5937,2285,3,35.0
15311,2876,3,345.0
14917,2285,3,33.0
16521,2285,3,73.0
871,2285,3,12.7
809,2285,3,62.0
13771,1488,3,88.0
1705,1492,3,118.0
12230,1612,3,5.2
16687,68,3,1385.0
10400,2001,3,62.0
3423,237,3,2947.0
9913,2285,3,43.0
7987,2285,3,30.0
14864,1832,3,37.0
18028,811,3,122.0
763,2285,3,19.6
11414,2526,3,87.0
5227,1776,3,4.8
11635,1838,3,122.0
16620,368,3,433.0
8916,1720,3,66.0
8710,814,3,4.7
5783,444,3,2.3
7761,2285,3,40.0
12704,68,3,753.0
8390,2539,3,0.3
15441,2856,3,134.0
1886,2285,3,41.0
11124,1488,3,303.0
16379,376,3,19.7
5437,2285,3,21.0
4015,2285,3,44.0
1144,2285,3,41.0
15615,2285,3,0.6
1030,1578,3,330.0
16547,2285,3,75.0
11062,2285,3,37.0
9269,2631,3,335.0
3287,2285,3,68.0
7995,2285,3,29.0
15532,1778,3,7.9
2015,368,3,5273.0
4745,2219,3,11.7
9711,2285,3,56.0
253,1488,3,1199.0
17761,2285,3,56.0
3872,1488,3,0.3
14451,449,3,11.0
15860,864,3,2.8
14749,1985,3,135.0
5846,2522,3,11.7
5748,368,3,3044.0
14537,237,3,1057.0
15777,1832,3,18.7
16850,2285,3,81.0
1728,1281,3,394.0
14193,2285,3,0.2
5005,2285,3,29.0
6520,2285,3,18.3
1241,696,3,26.0
3732,1608,3,2580.0
7028,2285,3,16.6
5331,2285,3,73.0
11320,2285,3,57.0
3892,1612,3,1.6
5206,944,3,428.0
6072,2285,3,19.2
10352,272,3,36.0
3488,1202,3,134.0
7604,2285,3,8.7
484,2285,3,48.0
13360,1612,3,2.5
308,2548,3,6652.0
17419,74,3,2.0
3856,1612,3,0.6
12912,2285,3,44.0
12262,1612,3,3.3
15622,2285,3,18.2
12335,2498,3,3.4
3699,2285,3,46.0
9502,2922,3,432.0
16282,1166,3,730.0
7359,2285,3,96.0
18047,2631,3,167.0
4185,2285,3,68.0
10959,1488,3,64.0
7252,1612,3,2.6
16451,2285,3,26.0
3739,2285,3,41.0
13239,1612,3,0.2
13082,2726,3,108.0
9082,237,3,1252.0
11182,732,3,352.0
11125,1156,3,1.0
18263,864,3,25.0
6864,2285,3,33.0
11319,529,3,289.0
11530,2285,3,9.2
1829,2285,3,23.0
2659,1612,3,5.6
3574,2285,3,30.0
17581,594,3,445.0
17867,14,3,14.6
6210,2562,3,24.0
911,2526,3,14.4
10179,2631,3,232.0
7233,1488,3,162.0
13827,1612,3,0.4
5447,1144,3,7812.0
10068,2285,3,43.0
8613,1488,3,5719.0
8863,762,3,26.0
7770,2285,3,60.0
7437,2285,3,24.0
2777,732,3,806.0
12840,1488,3,1.0
10777,2285,3,22.0
15463,2285,3,17.3
7773,828,3,339.0
4061,1488,3,46.0
16304,68,3,1697.0
1143,274,3,22.0
6982,2285,3,0.6
3472,752,3,1.0
1418,1488,3,13.2
17566,218,3,0.0
16059,2122,3,46.0
5498,1612,3,0.8
8799,1407,3,4.5
6409,1617,3,217.0
1052,68,3,1697.0
10121,1612,3,0.6
8593,2024,3,0.2
10684,682,3,28.0
1613,2285,3,32.0
10016,294,3,8.2
6915,2285,3,31.0
8287,1612,3,0.0
16868,2013,3,80.0
14052,2285,3,42.0
4390,2285,3,13.4
16290,251,3,1089.0
14889,2285,3,61.0
9872,1557,3,646.0
11584,2285,3,1.2
6364,779,3,3.3
2164,594,3,871.0
18082,361,3,5.1
11836,2285,3,79.0
17410,1612,3,0.6
14795,1947,3,144.0
3039,725,3,6.5
2142,1827,3,96.0
3686,2243,3,33.0
1336,725,3,32.0
14139,2285,3,14.4
1473,2285,3,16.7
11147,100,3,102.0
3324,2285,3,22.0
14147,2831,3,194.0
1385,99,3,24.0
1430,1696,3,43.0
3006,2526,3,27.0
6579,2922,3,125.0
14742,2380,3,2111.0
1983,25,3,2.5
14030,1488,3,136.0
16525,2285,3,38.0
1278,1075,3,3.2
2042,1582,3,0.0
12586,2380,3,491.0
9071,2101,3,913.0
4967,2285,3,26.0
16463,1832,3,26.0
15067,1612,3,3.5
17003,2285,3,38.0
8353,1612,3,4.3
4749,2285,3,55.0
209,2619,3,129.0
6480,2453,3,97.0
5867,2285,3,29.0
10002,2285,3,52.0
14854,2876,3,96.0
2498,2285,3,29.0
11329,2285,3,54.0
1495,1079,3,7913.0
2829,2409,3,2.4
5300,237,3,1216.0
5364,2631,3,121.0
14921,2340,3,66.0
10319,2631,3,119.0
1948,2285,3,16.0
3580,2285,3,30.0
2768,2285,3,31.0
806,1228,3,1391.0
5241,368,3,1268.0
2407,2093,3,143.0
898,2285,3,42.0
2810,1612,3,4.6
17647,1080,3,14238.0
15529,2195,3,18.6
10624,1449,3,32.0
8859,2526,3,2.5
9525,2285,3,29.0
14380,1304,3,1977.0
1593,1058,3,10.1
6704,1488,3,193.0
12346,2285,3,67.0
12907,2285,3,29.0
2619,2708,3,1.0
1956,811,3,130.0
14394,2285,3,25.0
12078,139,3,354.0
13863,1557,3,661.0
3210,368,3,5545.0
6919,2631,3,29.0
17652,2496,3,6.8
12824,2205,3,6.7
7182,2285,3,23.0
4460,25,3,96.0
6903,2922,3,260.0
12364,1128,3,14.6
4492,1612,3,2.8
1918,1837,3,2.5
3765,1612,3,1.7
8756,2285,3,36.0
9196,1228,3,307.0
2469,1628,3,0.4
11328,2285,3,38.0
1575,1609,3,18.8
3353,1155,3,12.4
17749,25,3,18.5
7710,572,3,101.0
787,2285,3,37.0
12495,368,3,5843.0
3190,274,3,0.1
14926,2285,3,56.0
1314,1177,3,0.6
2666,2409,3,52.0
14027,2619,3,1.2
5354,2285,3,47.0
10842,1612,3,3.3
630,2285,3,38.0
13319,2630,3,6.9
5855,2227,3,133.0
4642,1321,3,29.0
3238,2630,3,443.0
11032,2285,3,66.0
8076,2922,3,140.0
13486,1671,3,3.4
15366,2285,3,43.0
17351,572,3,132.0
1400,2285,3,10.1
6521,237,3,830.0
11448,1358,3,4.0
17328,368,3,6688.0
15972,1156,3,5.4
1827,2285,3,17.0
4851,732,3,903.0
5488,2631,3,119.0
15754,302,3,3.4
5290,2285,3,29.0
4992,2400,3,0.2
14475,1488,3,93.0
17757,1612,3,2.4
17073,2285,3,67.0
16385,685,3,64.0
3501,323,3,1410.0
4787,1488,3,130.0
1867,1612,3,0.5
6890,2488,3,588.0
1078,933,3,15.7
13614,2827,3,3.0
11553,1304,3,90.0
25,2631,3,174.0
5573,2285,3,47.0
2447,814,3,512.0
4322,2285,3,5.2
14737,237,3,1948.0
6796,237,3,695.0
12398,68,3,1143.0
2869,1642,3,1.1
13979,2285,3,55.0
17157,2562,3,32.0
16921,2285,3,46.0
5988,2692,3,4.3
6441,368,3,1525.0
2411,2285,3,31.0
10255,2340,3,29.0
15741,2285,3,28.0
12511,213,3,269.0
14488,1488,3,691.0
2476,1776,3,9.9
14458,1492,3,848.0
18182,1713,3,187.0
14616,1488,3,179.0
14883,2562,3,11.9
3166,2285,3,67.0
6728,1030,3,104.0
13024,1557,3,2442.0
12601,368,3,4062.0
9718,74,3,7.2
7879,944,3,383.0
9926,2549,3,0.2
13375,1612,3,1.2
6343,2841,3,0.4
16356,2285,3,56.0
3908,2138,3,7.3
7155,2285,3,48.0
4637,1488,3,839.0
9902,1583,3,461.0
11034,2285,3,40.0
460,237,3,13.8
8829,2526,3,2.7
7140,2285,3,202.0
15275,2630,3,70.0
15164,2166,3,22.0
3217,1612,3,0.3
6702,2285,3,87.0
15586,1128,3,1.4
5814,2285,3,36.0
8339,2285,3,34.0
18277,811,3,1.2
5970,1488,3,50.0
2450,2285,3,14.0
6455,1612,3,7.0
4028,1488,3,797.0
5371,2285,3,41.0
4349,2688,3,13.2
6930,811,3,426.0
14444,1612,3,1.2
10266,631,3,0.0
13753,745,3,85.0
17051,2285,3,26.0
2863,811,3,75.0
3847,1612,3,0.1
10464,1488,3,2.9
9852,1717,3,4.5
8523,2205,3,1.2
12604,2285,3,8.5
15421,2285,3,52.0
2558,1825,3,8.0
483,2285,3,42.0
2616,1488,3,1.8
12789,142,3,1128.0
13384,1612,3,8.0
7191,2285,3,26.0
17560,2285,3,118.0
5184,237,3,891.0
15459,573,3,98.0
11839,368,3,306.0
8982,682,3,29.0
5253,2285,3,56.0
2994,682,3,30.0
11819,2439,3,236.0
5871,9,3,1.8
4135,2692,3,4.3
17211,2496,3,14.4
13801,1300,3,816.0
13651,1557,3,1724.0
14440,955,3,375.0
887,2865,3,95.0
10805,2285,3,10.9
3091,1488,3,1691.0
4259,2285,3,36.0
3289,2285,3,23.0
3356,1863,3,4.4
6881,781,3,6.6
6473,2285,3,53.0
7458,791,3,938.0
16800,2831,3,287.0
7778,1407,3,8.0
9291,2285,3,32.0
6632,2285,3,50.0
6487,745,3,359.0
11632,2285,3,37.0
1197,237,3,2339.0
5432,1488,3,2198.0
17777,2285,3,16.9
5481,2285,3,36.0
4103,1612,3,8.3
11838,2285,3,32.0
3755,946,3,1.0
14800,2607,3,262.0
16789,1915,3,5.6
12621,2285,3,46.0
16248,2285,3,12.8
17441,1488,3,362.0
3549,201,3,0.3
6428,2285,3,46.0
4715,68,3,1088.0
13352,2285,3,38.0
1125,2285,3,8.0
1874,68,3,855.0
18270,1202,3,7.4
16819,2496,3,15.8
6776,2285,3,67.0
17432,237,3,644.0
5054,1617,3,7.5
8663,572,3,123.0
15940,2631,3,141.0
16262,1372,3,64.0
561,2285,3,62.0
2984,204,3,0.4
14678,237,3,2710.0
17280,2831,3,1327.0
1531,100,3,8.0
1927,2122,3,128.0
17333,98,3,6.5
6054,2285,3,32.0
13709,2133,3,1.2
2487,1389,3,302.0
12235,1488,3,70.0
12427,2285,3,43.0
3881,399,3,1.7
5763,18,3,2.4
12374,2285,3,27.0
10009,1557,3,1160.0
1780,2285,3,40.0
13962,1471,3,154.0
8546,1488,3,329.0
8316,2285,3,63.0
5894,897,3,28.0
16709,1832,3,117.0
9785,2631,3,21.0
17872,2285,3,53.0
5499,1515,3,0.0
9575,237,3,552.0
3855,2631,3,140.0
568,2285,3,12.1
2871,1612,3,0.0
14309,1612,3,1.5
3503,2547,3,2.0
16206,2285,3,8.0
9480,2285,3,23.0
14032,2726,3,7.4
16293,1612,3,0.2
10924,867,3,14.7
3106,2285,3,8.2
8988,1830,3,19.2
5104,368,3,4695.0
12534,2285,3,18.4
12227,2922,3,168.0
1390,1488,3,449.0
15055,2285,3,31.0
12545,2631,3,192.0
15303,1488,3,113.0
4223,1612,3,6.3
7431,2285,3,42.0
14448,2285,3,31.0
16116,237,3,2811.0
10313,725,3,18.5
9748,745,3,60.0
16753,1312,3,0.0
4144,2285,3,31.0
2723,1300,3,236.0
8548,237,3,803.0
6142,1612,3,0.8
15259,1832,3,45.0
3274,1488,3,19.3
6309,100,3,117.0
14923,2285,3,31.0
10650,128,3,3.0
1344,732,3,28.0
2522,1491,3,741.0
14311,2285,3,37.0
1309,1612,3,4.6
12382,2759,3,1901.0
5916,2285,3,45.0
14958,1488,3,80.0
17552,2480,3,0.6
17348,1011,3,11646.0
13191,1612,3,0.4
15600,368,3,3510.0
1647,2922,3,95.0
14111,1827,3,82.0
8738,1488,3,59.0
5669,2285,3,110.0
4396,132,3,2548.0
16601,2285,3,11.0
12471,2285,3,45.0
9322,1612,3,3.0
2163,1228,3,984.0
13715,2285,3,49.0
4957,1612,3,0.0
18135,2285,3,24.0
17774,450,3,1.7
17320,2285,3,85.0
15347,2285,3,33.0
793,1785,3,677.0
17545,2392,3,0.0
8264,343,3,3.8
12272,669,3,3.2
8241,1832,3,70.0
9124,2821,3,11.0
15776,1612,3,2.6
14192,2285,3,36.0
4785,1832,3,59.0
4098,2865,3,568.0
7175,1612,3,1.1
8247,1488,3,142.0
2365,2098,3,36.0
4636,1612,3,3.2
11568,368,3,4728.0
5320,1488,3,373.0
3124,2630,3,8.2
15270,732,3,520.0
1239,2267,3,85.0
14081,732,3,278.0
17155,2285,3,9.5
9690,2553,3,31.0
12546,1128,3,241.0
8125,2285,3,39.0
3816,25,3,28.0
7008,2285,3,42.0
13342,2182,3,36.0
17403,2285,3,35.0
1399,2344,3,2.6
297,2726,3,1.7
9615,2285,3,47.0
10246,2831,3,153.0
7334,1155,3,1361.0
17928,2795,3,42.0
11327,2285,3,29.0
7272,1533,3,215.0
723,2420,3,78.0
17863,2285,3,39.0
6056,2285,3,30.0
16021,2285,3,48.0
12015,2876,3,104.0
3964,140,3,26.0
2382,237,3,2986.0
11011,1890,3,10.4
1638,2285,3,5.0
3653,725,3,29.0
1484,1612,3,8.6
1337,2285,3,69.0
8344,2831,3,865.0
13917,2098,3,13.3
14172,2285,3,38.0
13291,675,3,2.8
17865,2285,3,45.0
354,2298,3,32.0
13026,328,3,2.7
12855,2285,3,35.0
6158,2285,3,69.0
1412,2865,3,165.0
6808,2285,3,77.0
612,2780,3,27.0
1424,1612,3,3.4
10123,2831,3,318.0
2587,1128,3,201.0
7428,864,3,17.1
5048,1228,3,186.0
1916,732,3,680.0
11145,1492,3,1051.0
10065,2285,3,26.0
7567,2285,3,32.0
17080,1488,3,434.0
14724,1488,3,1726.0
7026,2576,3,1.6
5285,2922,3,125.0
13871,444,3,15.3
829,743,3,1.2
2286,368,3,4232.0
8817,368,3,6893.0
14666,2708,3,25.0
1715,2285,3,31.0
16049,2631,3,138.0
4084,2285,3,55.0
11294,2285,3,25.0
2935,2285,3,55.0
5082,2631,3,157.0
15873,1608,3,228.0
9264,2285,3,3.4
4172,1721,3,15.7
856,944,3,590.0
3352,2285,3,39.0
4059,68,3,1361.0
6621,2285,3,6.6
1362,1317,3,226.0
13848,2576,3,5.4
8089,2631,3,184.0
14514,2285,3,38.0
6679,1612,3,0.6
2936,2285,3,40.0
12856,1612,3,3.3
3504,2285,3,26.0
962,2922,3,56.0
10644,1096,3,1.8
2197,2285,3,15.0
1609,368,3,2927.0
1206,368,3,12508.0
17234,2285,3,47.0
9007,1612,3,0.8
4605,2886,3,6.2
7467,2285,3,36.0
5294,944,3,579.0
8723,2780,3,134.0
11434,2285,3,76.0
17007,2285,3,65.0
9967,2285,3,53.0
5333,2285,3,50.0
5804,2285,3,108.0
4517,1604,3,2.8
1893,1491,3,1148.0
15152,2285,3,6.7
2961,2285,3,28.0
11418,1557,3,522.0
11245,1803,3,41.0
12632,109,3,4.9
16639,1641,3,13.3
13012,25,3,5.3
14808,2285,3,65.0
12860,1488,3,152.0
13087,2285,3,84.0
15561,2418,3,11.2
9476,2526,3,17.8
8439,2085,3,1.3
16538,1215,3,1.0
17976,1875,3,2.8
9090,2285,3,42.0
4726,1277,3,1.8
1165,1488,3,33.0
2432,2285,3,13.2
11786,677,3,0.4
7941,2001,3,5.8
7713,2285,3,60.0
2761,2285,3,57.0
15043,1612,3,0.4
5646,1128,3,32.0
94,2630,3,63.0
12517,2285,3,0.7
15198,2876,3,76.0
12172,1612,3,3.4
12554,2285,3,50.0
14476,1776,3,30.0
4454,1432,3,7.1
11196,2285,3,47.0
13092,1488,3,88.0
11326,1876,3,32.0
8796,1612,3,1.6
5256,1973,3,6.5
8237,2225,3,903.0
12699,1488,3,398.0
3305,1612,3,3.0
4605,1568,3,30.0
5941,811,3,266.0
7148,237,3,1985.0
11101,274,3,14.1
10269,2285,3,16.7
16239,1832,3,115.0
5413,237,3,1826.0
16380,1838,3,9.0
2360,2285,3,66.0
17653,1827,3,92.0
7411,1471,3,71.0
5465,2285,3,66.0
6443,1323,3,1046.0
15285,795,3,1.1
1868,2317,3,68.0
14187,1321,3,56.0
12530,2285,3,57.0
3015,368,3,698.0
9807,1612,3,0.0
12483,237,3,2071.0
16959,2285,3,30.0
2818,1612,3,2.9
17931,1612,3,1.5
12411,2285,3,24.0
15051,2884,3,37.0
5232,1578,3,222.0
15429,2285,3,81.0
830,2285,3,40.0
11377,2630,3,255.0
8118,1304,3,708.0
18113,2389,3,37.0
3530,2285,3,19.8
10057,410,3,3.0
1211,1967,3,2.5
14725,546,3,68.0
15787,2685,3,3169.0
1225,272,3,147.0
13036,2195,3,4.9
14241,1228,3,192.0
11224,1488,3,197.0
16299,1166,3,37.0
7138,2876,3,56.0
14642,2285,3,31.0
12668,2285,3,54.0
13626,2285,3,21.0
10930,68,3,1.7
5161,2285,3,0.7
9214,1612,3,1.4
16057,1605,3,54.0
16582,2001,3,8.9
5360,1612,3,0.8
12311,25,3,7.5
3054,1655,3,290.0
6033,946,3,78.0
16758,1685,3,61.0
17673,676,3,0.0
14359,1488,3,1112.0
18050,2285,3,61.0
1595,1488,3,14.3
14373,1488,3,91.0
2540,1492,3,1685.0
11457,1838,3,73.0
17908,272,3,54.0
11193,2726,3,58.0
2160,2285,3,16.0
14546,2285,3,42.0
1906,2285,3,39.0
8616,141,3,1.8
13485,1488,3,20.0
12567,1612,3,0.2
64,2285,3,20.0
4946,711,3,42.0
9733,1407,3,10.1
6916,2285,3,7.0
17144,1492,3,1058.0
14074,2285,3,33.0
6570,2710,3,0.8
4529,2631,3,15.3
5356,2285,3,25.0
1877,2292,3,165.0
17930,2285,3,62.0
12536,580,3,10.7
3557,2285,3,24.0
10796,2285,3,24.0
3957,1488,3,652.0
750,1721,3,103.0
13436,1235,3,38.0
17506,2285,3,36.0
1432,68,3,2909.0
1300,1609,3,49.0
14037,2285,3,32.0
12933,2205,3,4.6
6879,1488,3,56.0
8869,2922,3,106.0
7317,2285,3,30.0
4660,2285,3,110.0
8996,1612,3,2.1
14326,25,3,10.8
3101,272,3,4.2
16606,1488,3,1397.0
18177,1321,3,4.5
16990,1488,3,15.7
18256,2831,3,1283.0
14224,368,3,8752.0
10965,2492,3,0.8
12242,1215,3,1593.0
10645,2285,3,41.0
6250,2285,3,48.0
15143,1726,3,25.0
5755,182,3,0.9
2570,2285,3,48.0
2705,2285,3,14.3
1920,1156,3,0.4
2792,1612,3,1.3
16449,2631,3,102.0
15929,2051,3,4.9
12292,1488,3,776.0
5149,725,3,4.6
3382,1612,3,8.1
11737,2562,3,10.5
10268,1612,3,0.6
8209,2922,3,60.0
14558,1608,3,1850.0
963,25,3,2.0
10356,1612,3,8.0
14903,811,3,71.0
17376,2285,3,36.0
12578,725,3,15.7
8581,272,3,133.0
14876,132,3,2527.0
17346,1655,3,20.0
15858,2285,3,36.0
11857,1612,3,11.2
10680,818,3,1.3
15597,1612,3,5.8
3209,2285,3,39.0
7918,2285,3,49.0
15683,1424,3,6.5
12582,2285,3,33.0
16672,1219,3,0.4
909,2285,3,64.0
9905,2285,3,43.0
5134,237,3,1351.0
14868,732,3,971.0
11682,2285,3,32.0
17221,2285,3,9.2
7343,183,3,1.3
9207,368,3,11045.0
5811,1253,3,4.9
1825,2285,3,48.0
9373,2168,3,8.6
16208,2802,3,277.0
10541,1715,3,70.0
3870,1659,3,6.5
3211,2285,3,36.0
11461,2285,3,10.6
13157,368,3,5068.0
5548,2876,3,132.0
10488,2285,3,61.0
13938,2285,3,7.9
10020,2285,3,8.2
8732,2831,3,142.0
4953,1488,3,106.0
11113,1070,3,9.5
465,2285,3,12.4
8642,1612,3,3.7
6672,1488,3,241.0
6412,272,3,2.2
8782,2285,3,62.0
471,2285,3,20.0
16139,2285,3,65.0
3268,1612,3,2.8
3013,1721,3,148.0
3509,1321,3,5.8
2209,100,3,411.0
1464,272,3,16.7
2044,1785,3,671.0
12991,811,3,76.0
3333,2285,3,8.2
10467,2285,3,31.0
17291,2631,3,123.0
17131,1321,3,22.0
11008,2833,3,218.0
4757,368,3,150.0
6301,521,3,4.5
1748,2631,3,509.0
3515,1832,3,70.0
6611,572,3,49.0
68,1838,3,21.0
16368,1937,3,1.7
1858,2285,3,33.0
3743,2285,3,23.0
9452,1488,3,131.0
5130,292,3,47.0
9556,1342,3,8.6
8591,2289,3,32.0
11315,2488,3,2.8
9995,2285,3,7.6
11131,2842,3,43.0
7171,2285,3,53.0
3299,1612,3,1.9
17885,2448,3,90.0
15120,2285,3,83.0
2060,944,3,2706.0
2547,2285,3,51.0
12135,2285,3,71.0
11962,1037,3,182.0
16071,1228,3,639.0
15369,791,3,435.0
6594,2285,3,46.0
16389,2285,3,25.0
6299,2285,3,28.0
6024,1940,3,0.0
12373,1170,3,295.0
16079,2285,3,61.0
14741,2726,3,91.0
18232,1608,3,1321.0
8655,2285,3,36.0
4699,2285,3,24.0
13631,1488,3,380.0
18145,1070,3,534.0
5137,2865,3,649.0
17835,2285,3,26.0
10658,2494,3,5.5
14989,1612,3,4.6
2815,1612,3,5.2
5821,2850,3,45.0
4916,944,3,2014.0
12317,43,3,2247.0
15854,14,3,43.0
7386,2922,3,63.0
6643,1643,3,349.0
17544,2285,3,14.3
13522,2123,3,247.0
2707,864,3,2.6
13583,2285,3,43.0
566,2285,3,15.4
1259,2631,3,68.0
9429,2285,3,22.0
11108,2285,3,28.0
4301,1488,3,39.0
2776,2285,3,64.0
18160,265,3,1.6
1035,2718,3,13.0
10128,1166,3,156.0
14154,2526,3,16.8
15839,1321,3,15.0
3723,814,3,52.0
18248,68,3,828.0
5592,2285,3,41.0
17167,2631,3,3.2
4270,1838,3,3.3
4601,2285,3,97.0
9121,2831,3,1274.0
1005,2285,3,33.0
1318,455,3,3.3
15003,2759,3,455.0
9342,2001,3,77.0
4739,52,3,0.5
6944,854,3,192.0
7696,1578,3,349.0
13159,2285,3,44.0
1965,2285,3,32.0
12296,2001,3,53.0
10588,1128,3,18.6
985,74,3,4.0
14604,1087,3,13.0
17826,2894,3,172.0
9578,1612,3,2.6
16466,2285,3,40.0
6606,811,3,141.0
13157,594,3,86.0
16130,791,3,4777.0
13900,272,3,50.0
2914,564,3,181.0
13610,2285,3,35.0
923,2285,3,22.0
1739,1612,3,2.0
5506,25,3,4.6
13170,2285,3,24.0
15841,2285,3,16.8
10963,2631,3,206.0
3200,2331,3,0.4
3598,535,3,78.0
9242,1612,3,0.4
4195,1557,3,678.0
5197,1488,3,42.0
4963,2285,3,74.0
8226,2923,3,0.2
14572,944,3,1180.0
14096,2285,3,65.0
1673,811,3,116.0
2175,944,3,447.0
12109,2285,3,5.9
6035,1612,3,2.7
1271,1612,3,10.0
8942,2850,3,20.0
11920,811,3,298.0
13796,237,3,1321.0
8844,2056,3,5.6
15834,2285,3,43.0
5546,2195,3,1.2
8925,2285,3,49.0
4791,1525,3,4.8
3894,944,3,1614.0
16927,2285,3,31.0
15689,944,3,459.0
9668,2285,3,131.0
3665,2488,3,2077.0
10890,1612,3,0.7
9912,1079,3,1480.0
15892,2227,3,492.0
6994,2285,3,24.0
3233,1612,3,0.2
10810,100,3,120.0
2651,2828,3,1.2
13536,2285,3,37.0
6947,2285,3,50.0
15039,2285,3,23.0
17153,2210,3,95.0
14240,510,3,4.0
10826,2630,3,523.0
16634,2285,3,46.0
17241,2285,3,59.0
10879,1832,3,75.0
6365,237,3,1340.0
3818,25,3,19.0
2199,2344,3,0.0
14297,2285,3,42.0
10091,2562,3,4.0
3551,255,3,164.0
5190,1612,3,0.0
12616,237,3,3087.0
6294,237,3,3928.0
3748,743,3,4.8
18124,1957,3,8.9
16845,2285,3,25.0
6151,2285,3,55.0
3837,1612,3,3.2
13,944,3,790.0
4517,2463,3,1.1
8133,1406,3,20.0
4500,1612,3,3.0
11127,2285,3,13.8
1420,2631,3,148.0
6972,1321,3,82.0
12667,2631,3,52.0
15016,2631,3,360.0
13500,2285,3,58.0
5183,2285,3,34.0
17199,1612,3,1.7
8586,2526,3,61.0
6922,2285,3,27.0
9698,2430,3,14.9
10982,2285,3,18.6
14695,1596,3,0.6
7443,725,3,25.0
15558,255,3,455.0
6682,944,3,1020.0
8498,1937,3,5.4
11094,2285,3,57.0
3934,1612,3,1.1
4995,1557,3,1883.0
2217,2285,3,4.9
16833,2285,3,3.1
8429,2285,3,36.0
954,2631,3,120.0
8935,1324,3,0.6
12792,933,3,1.8
6060,68,3,639.0
9587,1533,3,1079.0
15153,100,3,1.8
1382,2285,3,5.0
3334,2285,3,20.0
4300,2285,3,58.0
15861,2285,3,42.0
16870,284,3,0.8
9742,1488,3,2.8
7340,1612,3,3.0
3480,2285,3,80.0
2590,1911,3,1587.0
17719,1128,3,2.1
13363,2270,3,585.0
13271,844,3,30.0
12868,274,3,10.3
10578,2285,3,22.0
10550,1139,3,23.0
17910,1985,3,128.0
6066,2285,3,36.0
12897,371,3,0.9
1076,2285,3,43.0
5152,1608,3,275.0
15105,2285,3,15.4
10672,1035,3,0.3
13676,1612,3,0.0
7075,1553,3,2251.0
10116,1471,3,742.0
15247,2708,3,5.0
1319,2285,3,27.0
6924,2285,3,12.8
14681,732,3,392.0
15624,1720,3,32.0
4487,2622,3,13.2
15150,343,3,11.6
4978,14,3,85.0
1090,1612,3,1.4
13833,2638,3,27.0
5760,2138,3,7.0
16611,2922,3,92.0
10565,572,3,289.0
2634,2285,3,54.0
1071,1612,3,1.8
5135,2285,3,29.0
2597,2285,3,53.0
7077,745,3,0.2
8424,25,3,13.3
6039,1721,3,1439.0
9038,944,3,696.0
7630,2285,3,0.2
2058,1612,3,0.0
13076,2285,3,22.0
1523,1167,3,11.4
1769,944,3,611.0
10288,1947,3,44.0
9204,1578,3,33.0
4177,1612,3,0.0
16347,1832,3,1.4
9292,2831,3,97.0
7392,983,3,12.3
3919,1612,3,2.2
18279,1488,3,7410.0
17492,2285,3,35.0
11587,237,3,2309.0
18125,1643,3,235.0
4029,1612,3,2.9
18098,2285,3,36.0
17680,1832,3,28.0
1578,944,3,1816.0
814,2865,3,87.0
4463,1937,3,1.5
9177,2285,3,40.0
7970,2631,3,17.2
8095,2919,3,15.8
14216,2285,3,65.0
6331,1612,3,0.5
9785,25,3,22.0
6546,368,3,947.0
8722,1177,3,32.0
8171,1612,3,0.1
13495,2285,3,46.0
8947,2759,3,445.0
9465,1471,3,25.0
2787,237,3,460.0
6256,2285,3,31.0
17641,732,3,1917.0
16541,1612,3,0.2
10844,2205,3,2.2
12074,1612,3,0.8
16700,1488,3,333.0
5973,2285,3,74.0
10413,1321,3,9.7
10425,1488,3,1209.0
14995,1296,3,2.0
13970,725,3,17.3
9923,1553,3,5246.0
10803,2285,3,34.0
2885,2285,3,13.8
17747,1612,3,4.1
11020,1612,3,0.5
9217,2285,3,56.0
10567,2285,3,25.0
3745,2285,3,97.0
10018,2526,3,52.0
15462,2285,3,86.0
3917,142,3,161.0
16637,1488,3,3954.0
12353,368,3,5240.0
15590,1488,3,79.0
13472,332,3,2.8
15440,2285,3,62.0
1393,2651,3,7.5
13730,2066,3,10.5
4597,1612,3,0.1
173,2285,3,14.6
16607,2285,3,32.0
10459,2869,3,13.3
5257,2630,3,137.0
10683,2285,3,20.0
11123,2285,3,81.0
10043,2285,3,58.0
13835,1947,3,10.4
6528,1832,3,151.0
8835,2611,3,0.1
11152,2523,3,5.2
9980,100,3,37.0
9470,2285,3,23.0
9511,2630,3,7.3
9271,2771,3,0.4
11194,44,3,67.0
9356,1156,3,1.4
4243,2285,3,46.0
12362,2285,3,60.0
7816,132,3,183.0
18192,1557,3,834.0
3838,1228,3,582.0
5532,2285,3,69.0
2909,2865,3,490.0
12447,2638,3,10.8
8244,425,3,224.0
4403,1612,3,3.8
11144,2726,3,26.0
107,2285,3,112.0
13876,832,3,16.6
8714,2285,3,65.0
10984,1488,3,305.0
1342,741,3,2.1
2497,1317,3,89.0
2780,1876,3,7.0
17218,2631,3,151.0
11301,2226,3,1214.0
11029,2631,3,126.0
10233,1721,3,21.0
10849,2285,3,22.0
12548,944,3,186.0
1646,2380,3,279.0
7982,2726,3,9.5
4450,2286,3,30.0
14776,25,3,23.0
3775,2285,3,17.9
15763,2496,3,1.6
8132,2726,3,7.6
2641,732,3,146.0
8454,1407,3,14.5
6361,2922,3,145.0
7628,2285,3,31.0
10254,246,3,23.0
2433,1612,3,0.0
11914,2631,3,202.0
14947,2285,3,50.0
17030,2911,3,2467.0
14338,897,3,290.0
12961,1612,3,0.5
332,2285,3,47.0
2342,1316,3,84.0
14838,2922,3,89.0
13210,1611,3,43.0
6784,1785,3,361.0
2414,2285,3,69.0
11347,2227,3,70.0
2460,760,3,6.9
2186,1488,3,157.0
10771,2562,3,4.4
6291,2911,3,508.0
12715,2631,3,99.0
13826,68,3,496.0
4477,1838,3,55.0
9084,2630,3,198.0
16189,2285,3,23.0
174,2285,3,58.0
1269,1488,3,79.0
12501,237,3,1416.0
6108,2638,3,29.0
12313,284,3,9.3
8531,2285,3,38.0
11566,2205,3,3.0
14478,2285,3,57.0
17288,1316,3,16.0
2405,1612,3,3.4
1947,1488,3,343.0
4093,2285,3,70.0
992,2285,3,24.0
12016,237,3,2373.0
15757,2526,3,48.0
10655,25,3,4.4
9555,1609,3,0.5
17940,2285,3,68.0
1442,25,3,35.0
17555,68,3,453.0
13050,2126,3,199.0
4444,2562,3,31.0
3778,1488,3,313.0
8509,1488,3,11.1
4731,1612,3,3.4
11715,854,3,75.0
13287,1878,3,73.0
1025,1633,3,0.8
1055,980,3,0.0
9892,1515,3,1.0
2997,1838,3,28.0
11081,2285,3,49.0
4654,1304,3,576.0
14269,1409,3,0.0
11640,811,3,260.0
16365,1488,3,99.0
3666,368,3,1133.0
5052,1832,3,51.0
5717,2831,3,325.0
9704,1407,3,2.0
17356,2714,3,2.5
13102,1919,3,1.2
2085,2285,3,20.0
11048,2831,3,514.0
3168,2285,3,46.0
11208,2285,3,3.7
12777,1488,3,229.0
6793,2285,3,52.0
7858,2496,3,9.2
8446,1488,3,243.0
13597,2285,3,6.7
3603,1755,3,214.0
15654,1838,3,26.0
14382,2106,3,0.2
12063,745,3,642.0
12743,2285,3,0.2
12271,1488,3,268.0
2942,57,3,9.3
10620,1612,3,0.1
10643,2631,3,70.0
10206,2285,3,25.0
1800,814,3,173.0
9848,1321,3,23.0
14189,2285,3,21.0
3730,1166,3,259.0
4156,1832,3,36.0
8347,1832,3,0.5
3741,2456,3,5.5
12839,1488,3,17.7
9867,781,3,2.7
16125,1070,3,21.0
17470,533,3,124.0
2,68,3,1793.0
15317,537,3,34.0
10749,2095,3,16.2
2499,2285,3,26.0
5794,1832,3,66.0
14635,2285,3,30.0
17434,2285,3,17.9
4943,1215,3,409.0
8597,2649,3,55.0
13258,1321,3,41.0
13996,2630,3,102.0
6237,237,3,1870.0
9616,74,3,1.2
2836,1827,3,86.0
7016,1776,3,30.0
18296,2285,3,5.0
1465,2285,3,14.2
3943,1680,3,18.8
14599,1612,3,8.5
18088,2285,3,12.2
4092,2285,3,17.6
7569,2017,3,16.5
9920,2285,3,65.0
8412,237,3,550.0
4609,2285,3,30.0
13644,368,3,2408.0
17572,368,3,1530.0
6720,2285,3,140.0
2795,2357,3,0.1
6554,2630,3,42.0
18201,2842,3,4.1
14609,68,3,266.0
12592,946,3,41.0
2808,1488,3,355.0
1743,1937,3,0.8
16630,2285,3,43.0
14023,1937,3,5.6
16185,2285,3,18.6
17622,2279,3,11.1
14551,2340,3,24.0
1033,2541,3,30.0
5235,1612,3,0.7
14765,1376,3,11.4
1423,2285,3,84.0
11720,1685,3,88.0
5131,68,3,562.0
15778,25,3,66.0
13504,828,3,1257.0
5899,2122,3,2.9
2220,2285,3,22.0
16499,725,3,9.0
6830,1685,3,6.7
9519,1293,3,14.0
17975,2631,3,87.0
2240,483,3,68.0
17932,2780,3,155.0
15348,1155,3,34.0
4519,1612,3,3.3
5706,2922,3,30.0
14125,1785,3,367.0
13246,2285,3,52.0
202,2285,3,51.0
4644,2631,3,139.0
1709,1208,3,4.2
12937,1721,3,25.0
12442,2285,3,16.4
11054,2380,3,3334.0
2489,749,3,3.6
16164,1721,3,59.0
17128,2285,3,43.0
4868,1155,3,40.0
2715,1612,3,8.9
3336,237,3,503.0
8483,2001,3,37.0
15564,1239,3,13.7
15465,2366,3,5.2
4934,68,3,3411.0
15445,1622,3,2.5
2695,1488,3,113.0
6456,1776,3,3.2
4719,2285,3,39.0
3575,2685,3,11140.0
924,2285,3,14.2
3790,2285,3,7.0
1440,2285,3,37.0
2030,1228,3,105.0
11706,1612,3,6.6
5716,2631,3,86.0
12758,2285,3,6.2
3679,2285,3,3.5
14836,2285,3,33.0
4931,368,3,1671.0
4936,2285,3,43.0
2644,2285,3,52.0
7885,296,3,1528.0
13525,2285,3,29.0
1550,1319,3,21.0
10820,2562,3,18.9
17380,2285,3,10.2
14764,2285,3,16.4
13398,2285,3,0.6
14992,2630,3,0.0
10641,2285,3,2.0
10341,1389,3,1552.0
14983,2285,3,80.0
5101,1612,3,0.1
3426,2630,3,18.1
15099,1832,3,121.0
4120,2886,3,29.0
8010,2285,3,30.0
6516,2380,3,0.2
17354,1693,3,3.0
14016,2285,3,0.7
14753,2285,3,63.0
7684,2285,3,67.0
4901,2526,3,1.2
12246,2285,3,23.0
15224,2344,3,9.3
18214,2630,3,132.0
8821,2850,3,63.0
17304,1557,3,237.0
1316,1721,3,64.0
1267,2285,3,50.0
5561,132,3,5.8
7129,1628,3,0.9
3378,1488,3,3749.0
13983,237,3,397.0
10523,2285,3,51.0
16213,2285,3,1.8
11275,1625,3,34.0
18272,2783,3,11.0
7406,1304,3,1275.0
11015,1698,3,1.4
17279,520,3,4.0
1954,2285,3,40.0
15616,2285,3,0.4
16374,1304,3,732.0
9140,1557,3,960.0
7633,1488,3,13.9
10346,2631,3,59.0
2280,1488,3,603.0
2134,2285,3,35.0
16137,1525,3,122.0
11111,2056,3,1.6
2479,2726,3,561.0
4231,1737,3,5.5
7325,2285,3,30.0
2096,2726,3,125.0
6832,1407,3,0.6
618,2285,3,37.0
4187,560,3,1.4
10324,2726,3,64.0
7413,2631,3,66.0
2559,2285,3,16.1
13311,2380,3,1303.0
15276,2439,3,529.0
17971,142,3,248.0
9481,2285,3,91.0
6099,2285,3,58.0
1775,2759,3,1407.0
10056,2285,3,38.0
16855,2409,3,21.0
11356,237,3,694.0
15024,1612,3,0.5
12371,368,3,7534.0
17305,2922,3,91.0
12070,1832,3,30.0
5090,2285,3,38.0
1837,2285,3,65.0
14735,1612,3,1.8
3121,1488,3,208.0
17778,1652,3,233.0
8761,2285,3,44.0
18144,98,3,3.5
10237,862,3,24.0
10314,368,3,538.0
17447,1612,3,8.9
271,2865,3,186.0
14830,2526,3,21.0
12269,725,3,8.1
17012,237,3,4816.0
16190,1612,3,0.0
324,2285,3,14.0
1889,2285,3,7.3
15525,2285,3,5.7
7594,1071,3,271.0
9684,2630,3,285.0
6824,343,3,0.3
16265,1491,3,383.0
2360,2016,3,2.2
11024,2285,3,49.0
5157,2285,3,57.0
1427,237,3,175.0
17900,814,3,56.0
8468,2666,3,8.7
7880,1681,3,15.7
11651,2496,3,16.6
18171,572,3,687.0
18016,237,3,1964.0
10599,1155,3,38.0
10156,1752,3,83.0
17797,2285,3,61.0
925,2285,3,21.0
13002,39,3,1269.0
2103,2494,3,16.0
9596,2380,3,770.0
18096,2831,3,482.0
8943,944,3,1186.0
6182,1612,3,1.3
10248,2285,3,15.1
12028,1321,3,100.0
16728,2285,3,42.0
17349,2304,3,10.0
17718,1776,3,0.5
17563,852,3,223.0
8428,368,3,800.0
10788,1128,3,2.2
1449,2285,3,69.0
11773,302,3,1.4
3595,280,3,2782.0
46,2001,3,125.0
4825,944,3,1720.0
3074,2630,3,189.0
15497,1721,3,397.0
9430,237,3,195.0
2778,2850,3,35.0
9987,1228,3,103.0
13380,572,3,149.0
9288,2285,3,50.0
2441,897,3,302.0
14842,237,3,144.0
10477,237,3,683.0
13967,368,3,4110.0
10433,1952,3,0.0
13564,2205,3,0.4
3207,25,3,3.1
7115,1832,3,16.6
2403,811,3,251.0
1338,100,3,446.0
8602,1141,3,72.0
6436,2285,3,48.0
16530,2285,3,52.0
12683,2285,3,71.0
11652,675,3,8.6
2817,1612,3,3.2
1325,2285,3,12.4
8373,1737,3,1.6
12115,1488,3,233.0
10349,1464,3,340.0
9864,1612,3,0.6
11938,2371,3,26.0
4452,1030,3,30.0
3478,811,3,142.0
4227,2285,3,14.0
5862,2285,3,42.0
8787,2448,3,0.1
6658,685,3,44.0
15437,283,3,6.3
5457,1612,3,0.3
6795,1488,3,11.2
7429,964,3,1.1
710,2285,3,59.0
694,791,3,2585.0
140,2285,3,41.0
9457,1612,3,0.2
17317,1737,3,0.6
16044,1488,3,128.0
17909,1814,3,2.7
13023,2098,3,37.0
12891,1612,3,1.3
16567,1940,3,1.0
17387,1300,3,0.8
11073,2285,3,42.0
999,1037,3,11.1
1486,1612,3,0.4
8210,2285,3,24.0
17884,916,3,0.4
17987,1488,3,282.0
9617,1030,3,43.0
14758,272,3,7.2
7470,2285,3,47.0
6043,1492,3,3886.0
2210,2285,3,21.0
17034,1612,3,0.1
5038,1612,3,0.1
375,2285,3,15.3
7889,2285,3,54.0
8080,2285,3,39.0
9789,2922,3,255.0
18198,2285,3,25.0
2624,1488,3,186.0
13434,1612,3,1.0
1549,1612,3,0.1
10085,1488,3,1522.0
16725,370,3,2.7
8278,2285,3,37.0
1478,1997,3,326.0
17195,2285,3,73.0
5781,2631,3,169.0
12591,1321,3,39.0
6991,2285,3,51.0
8861,2285,3,43.0
7764,2285,3,60.0
10786,2285,3,48.0
6527,2759,3,179.0
16531,2285,3,12.4
16652,2285,3,44.0
15358,2285,3,73.0
5714,2285,3,37.0
5858,670,3,21.0
14042,2285,3,50.0
10228,743,3,18.4
14031,2285,3,43.0
5731,2285,3,108.0
5579,2285,3,40.0
252,2285,3,59.0
12576,2922,3,93.0
5454,2285,3,43.0
1147,2285,3,44.0
18108,2850,3,63.0
13204,2285,3,52.0
949,354,3,2.1
14145,2028,3,21.0
9691,1707,3,45.0
2140,2726,3,10.1
5032,1625,3,274.0
351,2285,3,48.0
4778,1612,3,1.2
12707,1721,3,46.0
9180,1982,3,27.0
16301,2250,3,71.0
7765,2285,3,35.0
12339,2028,3,23.0
4137,1128,3,12.8
4448,2630,3,109.0
8106,2726,3,204.0
10224,993,3,231.0
11941,2726,3,54.0
4401,1128,3,29.0
5318,811,3,296.0
4158,1202,3,29.0
9073,2285,3,20.0
300,2285,3,26.0
8301,2285,3,34.0
12939,2494,3,19.8
7444,1903,3,1.1
6100,2285,3,23.0
5030,1612,3,0.4
14579,1612,3,0.3
5591,2285,3,54.0
14443,119,3,0.3
5792,743,3,15.8
5785,2285,3,8.3
12859,2631,3,276.0
1479,2631,3,82.0
16446,2496,3,12.3
18217,2349,3,8.0
12935,1655,3,99.0
3093,1553,3,1554.0
6434,1488,3,460.0
5194,732,3,823.0
12644,1578,3,24.0
12458,2285,3,82.0
1741,579,3,1.8
16159,2726,3,58.0
16303,2380,3,3795.0
11114,1488,3,205.0
12981,1420,3,444.0
2233,237,3,1907.0
13470,2285,3,17.2
12247,2285,3,28.0
9176,1407,3,6.7
6534,1717,3,0.1
487,2488,3,1427.0
3672,2285,3,33.0
8729,2285,3,42.0
8425,1628,3,0.9
15657,2850,3,232.0
3051,1612,3,4.3
12040,2631,3,59.0
144,2922,3,603.0
6042,2831,3,0.7
3131,1533,3,1078.0
18176,1488,3,233.0
8984,2526,3,29.0
17299,2285,3,35.0
7117,614,3,43.0
448,2285,3,30.0
831,2455,3,4.0
7946,1189,3,13.8
15114,1612,3,0.5
8340,362,3,23.0
16106,2285,3,3.6
11807,2285,3,134.0
8510,2205,3,5.1
3438,76,3,185.0
18159,2638,3,106.0
15375,541,3,1.6
7172,2285,3,45.0
14356,1612,3,4.1
14636,2285,3,3.6
16874,2285,3,38.0
7688,2285,3,48.0
14675,718,3,66.0
10104,2303,3,6.4
15984,2267,3,100.0
12612,2285,3,49.0
8626,2380,3,2686.0
17040,237,3,1105.0
16151,1838,3,3.3
4606,2285,3,14.6
15315,1659,3,33.0
11197,2096,3,295.0
1581,237,3,3120.0
4671,340,3,0.1
8069,572,3,135.0
1689,2285,3,41.0
10131,734,3,1.4
7484,223,3,3191.0
24,2380,3,1197.0
4413,1805,3,10.1
14918,2285,3,45.0
2529,776,3,5622.0
3948,2285,3,42.0
17443,898,3,10006.0
1530,1612,3,9.2
14352,2424,3,63.0
16932,1612,3,6.3
14566,1612,3,2.0
11937,1832,3,13.7
14129,2285,3,46.0
7119,814,3,25.0
7267,1798,3,16.5
17845,1612,3,0.3
10250,2285,3,12.6
11475,2726,3,7.7
10350,2285,3,43.0
8102,2888,3,54.0
10296,282,3,43.0
9961,2285,3,29.0
6817,2562,3,51.0
5576,2285,3,25.0
4663,164,3,2.0
2692,2850,3,1.8
12638,2886,3,50.0
7439,83,3,10.7
4496,2631,3,190.0
10526,2285,3,24.0
17301,2285,3,31.0
12915,580,3,22.0
14712,2285,3,44.0
16871,2285,3,59.0
3626,1635,3,351.0
5684,1612,3,1.6
5952,2631,3,371.0
16762,2285,3,36.0
17990,1612,3,1.7
3400,2285,3,0.6
2698,1612,3,0.1
12810,2285,3,37.0
5620,1492,3,7237.0
8582,2081,3,8.9
17189,2285,3,29.0
11190,2531,3,82.0
12285,2631,3,112.0
8805,1876,3,10.2
8492,594,3,1299.0
16424,854,3,341.0
2751,2285,3,21.0
4779,2538,3,0.5
762,2890,3,1575.0
11698,2922,3,473.0
1806,1612,3,1.8
5758,2285,3,13.0
10453,2285,3,32.0
8215,1720,3,43.0
12766,2285,3,19.7
2804,2285,3,28.0
8757,1491,3,570.0
13057,2285,3,45.0
3579,725,3,44.0
3752,2285,3,32.0
4712,1612,3,1.5
12772,2631,3,121.0
15760,1827,3,74.0
3830,1785,3,858.0
13510,2148,3,0.6
3550,588,3,4.7
4101,2285,3,86.0
6243,609,3,24.0
17541,2488,3,368.0
12834,1407,3,22.0
9626,2285,3,24.0
2989,1612,3,0.2
5950,2831,3,30.0
6681,1325,3,2.9
13648,2285,3,56.0
13121,1612,3,1.5
13096,2285,3,103.0
7986,867,3,11.4
2204,696,3,10.3
2362,2285,3,49.0
4167,2285,3,82.0
13365,572,3,2.4
10193,2285,3,27.0
1021,2496,3,16.0
2461,2285,3,4.8
5725,732,3,332.0
4064,1557,3,105.0
7354,2631,3,124.0
4501,2922,3,25.0
1711,1557,3,532.0
4658,1196,3,98.0
239,2630,3,79.0
6692,1776,3,2.1
10831,2522,3,7.3
15402,1612,3,12.2
13392,1557,3,183.0
5073,2340,3,441.0
6424,2874,3,7.8
5029,1671,3,34.0
6146,814,3,18.1
9568,1612,3,5.3
14001,2285,3,7.8
16551,100,3,6.4
15727,2285,3,38.0
14166,2285,3,26.0
16612,1612,3,6.0
9428,1612,3,4.2
7391,2338,3,0.7
13427,2631,3,556.0
12964,14,3,22.0
2868,237,3,0.6
11685,142,3,2260.0
13810,811,3,188.0
14350,2285,3,38.0
9365,2285,3,14.4
3703,571,3,621.0
12963,1488,3,49.0
6883,2631,3,384.0
6690,2759,3,66.0
6320,2285,3,28.0
1017,2285,3,27.0
17347,2285,3,30.0
5668,1488,3,60.0
5478,2631,3,147.0
11191,1471,3,641.0
12444,1612,3,1.5
9565,1612,3,0.5
3363,2726,3,34.0
14941,2631,3,446.0
6023,2285,3,40.0
13672,2285,3,35.0
14098,614,3,12.8
4796,2285,3,40.0
1834,237,3,1733.0
11778,68,3,686.0
10674,2285,3,42.0
3187,1488,3,197.0
6744,1628,3,1.8
15989,854,3,51.0
12024,541,3,16.6
7665,2726,3,40.0
4876,1128,3,161.0
14013,1937,3,1.5
17184,1128,3,99.0
15199,1488,3,86.0
5129,2285,3,52.0
8688,68,3,854.0
10030,2285,3,74.0
9702,1699,3,6.4
4412,2285,3,41.0
11374,237,3,1550.0
11710,1488,3,39.0
8604,2285,3,45.0
9282,2285,3,40.0
1936,2285,3,54.0
17643,1612,3,1.1
5895,2242,3,107.0
13927,2394,3,0.2
15911,2285,3,37.0
2373,811,3,124.0
11139,343,3,0.0
2481,2285,3,42.0
494,2285,3,105.0
10456,368,3,820.0
2932,1228,3,1015.0
15225,68,3,650.0
16094,1785,3,484.0
9847,2285,3,26.0
9826,2285,3,27.0
16937,2285,3,2.0
10970,2562,3,0.5
13275,2726,3,91.0
9488,1612,3,0.2
2759,1721,3,446.0
11602,1612,3,7.2
10785,572,3,182.0
15261,572,3,148.0
5885,1202,3,77.0
8327,2285,3,37.0
15400,565,3,135.0
18045,1655,3,607.0
18252,1488,3,284.0
4620,2285,3,37.0
4802,2285,3,11.7
17364,836,3,29.0
4870,1090,3,78.0
12090,2006,3,2016.0
11529,1488,3,631.0
14966,237,3,346.0
10966,2098,3,0.8
2211,2285,3,34.0
15522,2285,3,18.3
8814,2888,3,4.4
4857,1876,3,37.0
12922,811,3,31.0
7825,1612,3,0.2
15378,2285,3,59.0
349,2285,3,17.2
8915,944,3,1128.0
1173,2922,3,165.0
9446,820,3,0.8
861,2285,3,39.0
7929,2285,3,84.0
8027,2285,3,38.0
5443,1612,3,0.3
5424,2285,3,70.0
17998,2285,3,30.0
5108,1832,3,64.0
333,2285,3,40.0
13215,814,3,165.0
5357,811,3,87.0
18023,1323,3,499.0
6674,1832,3,88.0
11668,2285,3,53.0
2359,1488,3,5017.0
121,2285,3,33.0
498,1655,3,21.0
13896,1492,3,5670.0
6286,611,3,30.0
13250,468,3,3.0
16759,1612,3,1.2
17010,2831,3,195.0
5828,25,3,4.5
8571,2865,3,371.0
14009,2339,3,344.0
16009,68,3,1507.0
14253,2347,3,57.0
1448,2285,3,34.0
3266,552,3,72.0
9784,2285,3,62.0
11349,2285,3,50.0
14183,1937,3,1.2
15485,2922,3,86.0
17902,1557,3,780.0
7837,962,3,1.0
8977,1612,3,0.0
14699,368,3,2592.0
7099,1995,3,8245.0
986,2285,3,75.0
13236,265,3,13.1
1123,2292,3,456.0
9323,2285,3,18.9
14628,2631,3,587.0
1188,2285,3,42.0
5653,1128,3,5.0
4380,237,3,1130.0
8768,1937,3,1.0
1997,2526,3,14.7
10973,237,3,1492.0
3421,1166,3,302.0
8622,2285,3,57.0
8945,10,3,6.9
14584,2285,3,52.0
11557,1382,3,1.5
2097,1612,3,0.0
14432,2285,3,0.6
12962,2285,3,31.0
8421,2285,3,39.0
12602,2630,3,68.0
6565,1612,3,2.1
12485,1128,3,8.0
3415,1612,3,0.2
14974,2285,3,45.0
1930,1612,3,0.9
12931,2285,3,46.0
6524,1128,3,1.2
13241,1543,3,4.9
14106,1488,3,612.0
7908,1612,3,4.3
16742,2285,3,7.2
14077,471,3,4.4
6198,580,3,40.0
13714,2439,3,229.0
9676,1202,3,28.0
13164,2285,3,0.5
9139,2403,3,8.6
15354,74,3,0.5
15346,1686,3,20.0
4369,614,3,142.0
16422,745,3,104.0
12274,2285,3,13.2
2428,1304,3,298.0
884,2285,3,52.0
10761,237,3,671.0
3411,2285,3,4.2
3186,1838,3,19.4
8016,2285,3,37.0
5600,2285,3,31.0
6486,237,3,501.0
5799,2285,3,70.0
1922,2685,3,3305.0
186,1973,3,20.0
14046,2285,3,8.0
2474,2285,3,28.0
12283,2285,3,58.0
4102,2285,3,40.0
4700,2285,3,56.0
4878,1606,3,18.4
12300,1093,3,5.8
5663,572,3,53.0
14076,1488,3,178.0
16911,2285,3,41.0
2310,1128,3,1.1
1626,2285,3,34.0
9420,2285,3,73.0
5854,2285,3,8.4
248,2285,3,36.0
6095,2285,3,29.0
5414,2365,3,23.0
16676,1553,3,7807.0
4670,246,3,19.6
16496,944,3,6.2
17861,2285,3,40.0
768,1832,3,17.4
6358,1488,3,2278.0
11303,2285,3,14.3
2846,2285,3,20.0
10912,2285,3,47.0
13925,2911,3,2676.0
3311,2096,3,1309.0
7196,2865,3,285.0
15537,1323,3,354.0
1992,2420,3,8.2
13575,2285,3,20.0
12774,2285,3,39.0
4647,2285,3,18.6
7592,2285,3,12.6
2809,1488,3,41.0
10568,1128,3,105.0
626,77,3,34.0
15066,25,3,34.0
791,2611,3,3.8
8137,2285,3,60.0
13613,52,3,52.0
4242,2285,3,25.0
537,2285,3,43.0
6800,2285,3,25.0
13261,2285,3,22.0
5345,1612,3,0.0
4685,2489,3,11.6
10033,1612,3,5.1
2617,1488,3,430.0
15819,2409,3,10.2
16142,2285,3,25.0
16942,1612,3,0.2
1642,1612,3,2.6
14002,897,3,60.0
5924,2344,3,0.2
5591,2380,3,201.0
3576,2285,3,38.0
17313,1488,3,849.0
4238,2488,3,450.0
6077,2285,3,61.0
16945,1557,3,1041.0
13958,2205,3,63.0
11622,2285,3,42.0
1652,1499,3,2212.0
17989,1166,3,0.0
5898,1612,3,1.7
8152,1228,3,408.0
12713,1196,3,10.7
3183,2726,3,6.6
16750,2285,3,33.0
1726,1612,3,0.2
15458,1612,3,0.7
3680,2876,3,27.0
17011,2285,3,76.0
1101,2631,3,87.0
7044,1612,3,0.4
3831,2285,3,46.0
7874,2285,3,55.0
6547,68,3,45.0
3883,2439,3,147.0
5128,1215,3,1175.0
16000,1492,3,1338.0
14332,2285,3,55.0
5325,1612,3,0.8
17624,1488,3,41.0
9932,2631,3,118.0
5215,2285,3,37.0
8917,2631,3,117.0
3965,864,3,9.1
11184,1155,3,0.2
9203,1612,3,0.0
338,2285,3,61.0
1282,2285,3,57.0
1320,745,3,34.0
15253,1548,3,6.0
59,426,3,1851.0
5893,2631,3,146.0
12623,68,3,2058.0
12304,2285,3,27.0
16432,1612,3,0.0
7204,972,3,2.7
7093,2285,3,15.2
10357,2536,3,32.0
17070,1488,3,332.0
11309,1612,3,3.6
17052,1039,3,0.1
5613,2285,3,34.0
5201,2285,3,25.0
2621,862,3,8.0
14668,2409,3,4.6
2013,2285,3,21.0
3104,2285,3,33.0
14554,2303,3,4.2
17258,2630,3,22.0
16427,2630,3,172.0
17259,2285,3,30.0
10114,1492,3,4559.0
833,2285,3,35.0
14532,1611,3,100.0
15680,2631,3,68.0
11496,2371,3,0.4
16149,2285,3,26.0
3437,2017,3,4.7
3976,2285,3,23.0
11211,1488,3,1005.0
17079,140,3,24.0
5976,237,3,370.0
2976,2831,3,826.0
515,46,3,359.0
15783,501,3,105.0
14472,2285,3,57.0
16039,2285,3,18.0
10702,1612,3,0.3
2903,2285,3,52.0
4308,2285,3,33.0
12843,1557,3,242.0
17556,1832,3,54.0
14861,2631,3,231.0
7245,1166,3,52.0
10563,2668,3,4.8
18020,1594,3,0.4
292,2285,3,7.4
2072,2285,3,21.0
5132,2285,3,24.0
5495,864,3,22.0
15064,2285,3,35.0
18081,944,3,724.0
3346,1612,3,0.0
10539,237,3,520.0
2628,2285,3,63.0
7928,711,3,7.6
13987,1612,3,0.2
11348,1304,3,487.0
4510,368,3,3820.0
11350,2060,3,16.8
1884,2850,3,109.0
13658,1612,3,3.0
17341,1168,3,0.6
11582,2759,3,467.0
14964,2285,3,19.4
6110,2285,3,0.6
10374,2285,3,39.0
6026,1612,3,0.5
13769,2285,3,54.0
6281,1488,3,90.0
2719,2285,3,102.0
10211,2285,3,82.0
6650,142,3,740.0
4661,572,3,368.0
159,2285,3,22.0
6041,1079,3,2732.0
1397,1492,3,316.0
13702,237,3,1454.0
16396,2870,3,0.4
11079,1612,3,0.0
1015,2285,3,3.6
6940,2285,3,25.0
9051,766,3,72.0
3706,2764,3,0.4
5879,1612,3,6.0
15169,1557,3,192.0
16887,2285,3,46.0
2762,1612,3,3.5
16719,2780,3,127.0
7037,1202,3,157.0
4290,1937,3,0.4
18295,237,3,1697.0
18168,732,3,1732.0
10901,1608,3,1123.0
7144,797,3,5.0
7533,2354,3,68.0
12352,1876,3,19.8
17055,388,3,14.9
14556,368,3,2728.0
8404,1875,3,18.3
1360,572,3,265.0
10721,2285,3,59.0
13579,2285,3,15.5
4226,2192,3,1.0
690,1802,3,315.0
15785,944,3,7257.0
3418,1612,3,3.1
16528,1424,3,0.0
10621,2922,3,98.0
14456,2726,3,321.0
14088,1947,3,0.8
7255,1228,3,351.0
8775,2285,3,61.0
10612,237,3,866.0
5319,2227,3,201.0
7635,1215,3,19.7
16221,2654,3,110.0
2699,2285,3,40.0
12687,1228,3,31.0
4204,1838,3,214.0
12783,24,3,4.6
18179,2285,3,29.0
17382,2285,3,40.0
13194,1128,3,26.0
1119,1492,3,2465.0
10137,2285,3,22.0
2337,1612,3,4.2
4990,2631,3,36.0
17637,1491,3,2789.0
10530,1488,3,97.0
1685,2285,3,25.0
12508,2442,3,189.0
3841,1612,3,0.2
2638,2285,3,43.0
4789,2285,3,63.0
15472,2631,3,82.0
17883,1721,3,14.3
11681,1488,3,74.0
698,2285,3,38.0
9259,2285,3,78.0
8717,1488,3,13.5
4595,2631,3,128.0
10218,2285,3,55.0
2838,1488,3,131.0
16596,2285,3,22.0
5151,2876,3,47.0
4157,444,3,31.0
1645,2285,3,15.6
5528,1043,3,9.0
16249,944,3,416.0
10354,2285,3,10.2
8937,2285,3,40.0
4443,2285,3,48.0
4531,2285,3,33.0
16328,2001,3,9.1
46,2344,3,0.5
1466,2285,3,48.0
821,2285,3,7.8
6655,2285,3,37.0
12712,1776,3,43.0
6872,2285,3,29.0
3939,1488,3,378.0
4170,2327,3,8.2
7063,1776,3,45.0
8290,1612,3,0.1
15218,2285,3,33.0
16674,2285,3,36.0
3542,791,3,461.0
6137,725,3,72.0
9526,2285,3,6.3
6867,1785,3,2937.0
16979,2856,3,81.0
14652,1488,3,2850.0
4213,1622,3,12.4
10470,2343,3,297.0
16194,368,3,4444.0
8572,2285,3,27.0
18048,2285,3,32.0
14008,2380,3,711.0
7568,74,3,0.5
16093,368,3,2212.0
10951,1832,3,143.0
18036,2285,3,78.0
1836,2285,3,58.0
926,2285,3,110.0
14874,2631,3,37.0
9154,1488,3,63.0
290,132,3,21.0
195,435,3,20.0
14545,237,3,555.0
874,2285,3,52.0
13300,582,3,29.0
623,2285,3,0.3
7643,2831,3,225.0
14739,2285,3,15.9
14112,1533,3,454.0
17640,2285,3,23.0
10451,2285,3,36.0
15977,2285,3,170.0
6197,2285,3,76.0
18141,1785,3,2110.0
2545,2366,3,31.0
18091,1875,3,45.0
11485,1158,3,0.3
10183,2285,3,40.0
5540,2759,3,1758.0
15573,2635,3,18.9
1317,255,3,683.0
15166,680,3,0.1
4476,743,3,5.2
15524,572,3,264.0
5246,2285,3,26.0
9600,2074,3,1.2
18075,1832,3,67.0
10336,2285,3,5.2
161,2285,3,42.0
10591,425,3,175.0
16107,1612,3,1.8
11845,2380,3,2173.0
3618,2285,3,27.0
12189,2285,3,5.6
7732,2922,3,166.0
10295,2285,3,41.0
11617,2922,3,39.0
3240,2371,3,1.3
10037,2285,3,39.0
3989,2274,3,10.5
85,725,3,60.0
12562,847,3,6.5
8891,1488,3,455.0
6211,1488,3,1833.0
1177,2285,3,93.0
10506,2108,3,39.0
4360,1228,3,177.0
6263,2285,3,0.9
15768,2285,3,0.2
5103,1710,3,17.8
5962,811,3,436.0
5673,237,3,586.0
7708,2285,3,24.0
3797,2285,3,27.0
16780,2911,3,1190.0
1286,572,3,211.0
11446,2630,3,54.0
17245,2285,3,37.0
1897,2285,3,27.0
2605,1785,3,1304.0
3458,1655,3,3.8
699,2285,3,24.0
11364,2205,3,15.2
7094,2102,3,3.9
9491,2285,3,34.0
3757,2631,3,78.0
2731,1488,3,165.0
5263,2285,3,37.0
13823,2285,3,56.0
7223,2285,3,48.0
17422,2547,3,34.0
4854,2285,3,29.0
4052,1875,3,10.6
14060,944,3,404.0
1477,2562,3,0.2
14796,829,3,45.0
15398,1321,3,10.8
12318,27,3,9.4
10071,2285,3,62.0
8496,2285,3,20.0
2092,2285,3,41.0
7984,1183,3,508.0
13881,1488,3,210.0
4458,1610,3,301.0
16426,2282,3,20.0
17375,2352,3,1.7
7064,1937,3,3.1
3573,1270,3,1350.0
3066,1612,3,0.0
176,2285,3,34.0
12740,2285,3,55.0
4773,2767,3,3.8
12463,368,3,5254.0
778,2285,3,54.0
304,864,3,0.8
16734,2285,3,26.0
4392,2285,3,46.0
17232,2285,3,27.0
949,1206,3,114.0
1121,2285,3,25.0
16243,944,3,941.0
4515,2285,3,60.0
1142,2285,3,43.0
8367,766,3,224.0
15026,2285,3,26.0
4538,368,3,4508.0
15879,1333,3,1.4
6969,2285,3,22.0
40,1499,3,34.0
973,1317,3,122.0
443,1488,3,92.0
10586,1628,3,0.5
3564,1228,3,684.0
4986,1488,3,75.0
387,2654,3,29.0
14871,1488,3,868.0
8126,1832,3,83.0
16329,1202,3,131.0
7365,471,3,11.8
3380,1776,3,0.4
6479,1557,3,715.0
3555,2285,3,5.7
1346,2922,3,105.0
5193,2285,3,38.0
11001,1557,3,187.0
6989,1951,3,2.8
2676,1612,3,0.1
17252,2285,3,30.0
16204,2065,3,9.9
4962,2340,3,11.7
8899,944,3,509.0
6248,1612,3,4.6
18183,1228,3,290.0
5912,594,3,1324.0
17678,1611,3,4.1
13617,1037,3,35.0
2677,100,3,68.0
4030,2285,3,36.0
14754,2299,3,37.0
4210,1488,3,213.0
7097,2285,3,26.0
4125,2285,3,40.0
13645,1977,3,11.1
12166,1721,3,227.0
17408,2111,3,0.7
8650,2285,3,31.0
10197,2631,3,351.0
15495,2726,3,115.0
3147,864,3,2.8
14583,1488,3,229.0
13655,1797,3,5.7
15356,1721,3,2.6
11615,2285,3,42.0
5594,2285,3,36.0
17390,1488,3,559.0
6219,237,3,1557.0
3231,1937,3,1.5
7041,1612,3,4.2
11959,2285,3,21.0
12671,368,3,6717.0
1611,2285,3,10.7
1043,2285,3,21.0
17750,1612,3,0.3
16622,2285,3,10.3
7961,2285,3,47.0
15607,1488,3,113.0
3694,2685,3,175.0
13125,1030,3,79.0
10168,1612,3,0.2
93,732,3,316.0
16785,1612,3,1.1
7281,1611,3,84.0
6948,1832,3,3.2
9186,2660,3,0.1
8776,359,3,1.4
12134,2922,3,21.0
12727,100,3,26.0
7049,1957,3,1.4
11115,725,3,21.0
10727,2285,3,50.0
10189,304,3,21.0
12384,1655,3,581.0
7556,2285,3,17.0
3019,2285,3,64.0
6711,2922,3,75.0
3231,2285,3,65.0
4384,2285,3,49.0
16849,955,3,11.8
10681,555,3,227.0
5779,2380,3,801.0
14734,2285,3,29.0
5744,2285,3,63.0
5019,1655,3,65.0
11963,944,3,225.0
5610,1228,3,635.0
14824,2285,3,43.0
15527,2285,3,25.0
4754,1769,3,2.2
5234,2340,3,50.0
5608,1655,3,74.0
9351,2285,3,4.1
13860,2850,3,16.2
18126,2285,3,29.0
9551,1685,3,8.1
3859,1260,3,102.0
15693,2285,3,54.0
8629,1832,3,112.0
11760,2285,3,68.0
7262,2631,3,116.0
2724,2285,3,53.0
643,2842,3,116.0
1443,2285,3,72.0
11904,2285,3,28.0
4423,2285,3,41.0
2667,2285,3,11.4
1959,2285,3,17.1
3471,2285,3,68.0
1470,2876,3,66.0
402,2285,3,42.0
6912,897,3,243.0
18194,2285,3,15.4
1524,1612,3,0.4
10891,2285,3,39.0
14971,2672,3,47.0
158,2285,3,117.0
11813,1609,3,25.0
13028,2285,3,77.0
4433,1832,3,24.0
902,2285,3,113.0
876,2294,3,13.0
5322,1612,3,6.4
12276,255,3,347.0
2352,1488,3,132.0
12525,1832,3,36.0
3952,2285,3,28.0
12009,100,3,223.0
4505,1612,3,2.2
17935,1612,3,3.0
16558,2285,3,63.0
5298,2285,3,14.5
11762,2285,3,38.0
11091,2285,3,5.9
13074,1832,3,11.6
7162,2285,3,27.0
14803,116,3,5200.0
10322,2285,3,15.5
3073,1155,3,122.0
11734,1228,3,1944.0
10309,68,3,1083.0
9026,864,3,0.5
6337,1838,3,19.1
7802,2285,3,25.0
1235,2922,3,161.0
7939,2285,3,16.0
5497,843,3,102.0
13929,1488,3,128.0
9766,2667,3,1.7
10384,2285,3,35.0
15132,2285,3,15.6
6619,1361,3,0.0
18003,2285,3,16.9
14461,1488,3,527.0
15567,1612,3,2.3
7980,2285,3,3.2
8330,2631,3,149.0
8940,2285,3,55.0
14990,2631,3,165.0
8774,1655,3,135.0
9235,1937,3,1.9
16156,537,3,5.8
5106,68,3,1450.0
3155,1037,3,35.0
9914,2692,3,10.7
13391,351,3,1.2
9887,905,3,2272.0
17864,1323,3,580.0
12156,2496,3,39.0
860,2285,3,17.2
8261,1832,3,0.8
6107,2726,3,180.0
2107,1832,3,66.0
9147,1612,3,2.2
17413,2285,3,45.0
1809,1612,3,2.5
3812,2285,3,32.0
3007,1321,3,114.0
8194,237,3,71.0
14398,279,3,25.0
2437,2285,3,42.0
15096,1317,3,98.0
3581,2285,3,18.4
6673,1612,3,0.2
14463,2285,3,50.0
16391,1189,3,19.6
16289,2285,3,11.2
1151,368,3,7884.0
14512,520,3,7.1
13499,1166,3,256.0
12633,2285,3,51.0
14273,2726,3,183.0
7632,2285,3,99.0
11816,237,3,446.0
1962,2285,3,61.0
16926,2285,3,22.0
6888,2229,3,76.0
7894,2285,3,41.0
10204,68,3,708.0
12571,279,3,772.0
9543,2285,3,2.3
9570,2900,3,128.0
17057,1488,3,95.0
5220,972,3,19.0
8703,2922,3,166.0
15452,2285,3,41.0
13634,2285,3,10.1
17440,2285,3,62.0
8730,1858,3,6.6
11105,2285,3,8.9
10038,2922,3,161.0
4583,2285,3,7.9
14529,237,3,203.0
5513,2285,3,57.0
11052,2285,3,53.0
3431,376,3,59.0
14792,282,3,1.0
12363,2285,3,86.0
2709,722,3,93.0
2897,282,3,7.3
5133,123,3,12242.0
9020,2285,3,45.0
8001,614,3,174.0
15620,1128,3,109.0
13307,368,3,4009.0
541,1612,3,6.3
636,2285,3,31.0
7800,1832,3,11.5
16056,2285,3,23.0
13526,2285,3,19.2
5274,2562,3,3.3
18156,1801,3,0.3
9403,580,3,69.0
3779,2285,3,35.0
2279,1612,3,0.2
7937,1612,3,4.4
1603,2285,3,3.0
1552,2285,3,43.0
2131,2285,3,14.8
8597,1832,3,36.0
7522,1612,3,8.2
8097,2630,3,15.8
5657,2285,3,11.5
5081,2285,3,41.0
13382,1737,3,4.2
10077,1902,3,0.2
828,213,3,166.0
15307,944,3,298.0
2117,1128,3,0.6
17059,864,3,2.8
15165,2285,3,42.0
10438,100,3,12.0
9510,2285,3,36.0
15401,1488,3,404.0
1086,1612,3,0.3
456,2285,3,8.8
671,2285,3,54.0
12457,68,3,1727.0
15340,2285,3,49.0
13708,2631,3,95.0
17963,2285,3,35.0
14319,1680,3,33.0
5961,1888,3,9.5
8066,2285,3,28.0
3850,1389,3,1643.0
14932,2285,3,25.0
3085,1612,3,8.0
15836,2285,3,8.8
15884,1608,3,1277.0
17425,2631,3,249.0
8912,718,3,503.0
11589,2285,3,5.6
14882,2285,3,49.0
2649,307,3,35.0
9494,1491,3,1081.0
4160,2285,3,42.0
14059,2285,3,57.0
4697,2285,3,73.0
13763,1832,3,36.0
3296,2630,3,63.0
10751,2285,3,54.0
4387,1947,3,33.0
17297,237,3,1583.0
6377,2285,3,56.0
12871,2285,3,35.0
14483,2285,3,0.7
5139,2285,3,21.0
9805,2922,3,74.0
4356,2285,3,50.0
5417,1832,3,31.0
1323,224,3,9.7
8415,793,3,13.4
13932,2285,3,41.0
17273,1491,3,416.0
4236,725,3,10.5
9944,2285,3,46.0
8921,2631,3,106.0
7005,68,3,3400.0
14462,2285,3,50.0
5605,2692,3,5.8
3357,1832,3,5.1
6306,1612,3,15.0
10770,7,3,251.0
16390,2285,3,65.0
2647,39,3,218.0
17512,1985,3,2.6
6084,2285,3,70.0
14773,1721,3,128.0
2182,2285,3,36.0
16517,1407,3,6.7
1567,2285,3,40.0
16965,2285,3,45.0
4280,2285,3,15.7
49,1864,3,11.9
812,2205,3,4.7
463,2602,3,3.4
16170,1326,3,13.6
3309,1612,3,1.0
11951,2285,3,59.0
17634,2285,3,59.0
16040,1832,3,47.0
5788,2340,3,66.0
5707,811,3,75.0
14371,2285,3,6.1
8788,1016,3,38.0
4089,2285,3,24.0
4645,2780,3,185.0
17416,2285,3,0.2
14278,1572,3,487.0
8713,2285,3,33.0
3726,572,3,139.0
10580,1617,3,331.0
12820,2644,3,8.8
15301,2285,3,24.0
1216,2726,3,76.0
14531,2424,3,70.0
9608,2285,3,40.0
4831,1499,3,174.0
3826,68,3,1461.0
2237,1488,3,104.0
13371,2285,3,42.0
5136,1491,3,1717.0
10280,237,3,1003.0
17483,2285,3,27.0
5297,74,3,0.0
78,2087,3,1.3
5155,1202,3,92.0
8318,1557,3,284.0
16035,1612,3,5.4
6802,2631,3,152.0
3657,2229,3,105.0
11939,2285,3,34.0
9796,426,3,96.0
5974,2922,3,30.0
7485,1610,3,23.0
3702,1578,3,225.0
12424,1389,3,299.0
14480,2285,3,49.0
10767,1612,3,0.8
17724,2285,3,16.6
3691,2285,3,57.0
15894,2031,3,106.0
8471,2285,3,33.0
4046,1628,3,0.2
6230,2285,3,50.0
1339,2285,3,31.0
17284,237,3,432.0
12494,2719,3,920.0
6056,1832,3,25.0
17804,2876,3,78.0
17414,854,3,71.0
8505,2490,3,90.0
1742,1488,3,3700.0
5119,2285,3,99.0
628,2409,3,35.0
2969,1488,3,599.0
16548,2285,3,38.0
11398,1681,3,11.2
8193,755,3,7.2
10096,2285,3,3.4
2568,614,3,0.2
16401,2285,3,47.0
3849,1872,3,0.6
7785,1488,3,29.0
11103,1832,3,22.0
2448,2631,3,69.0
7286,2285,3,47.0
11255,2285,3,53.0
8585,1612,3,4.4
7248,2285,3,89.0
14615,1612,3,4.5
14677,272,3,131.0
18057,1166,3,314.0
12710,237,3,1265.0
15519,1488,3,152.0
4899,2631,3,230.0
15238,1557,3,1987.0
11600,2719,3,480.0
193,2726,3,10.5
17194,1610,3,6.6
6400,368,3,3058.0
10689,2285,3,26.0
869,2285,3,84.0
6440,132,3,1064.0
15046,879,3,0.2
6172,2285,3,15.9
4935,1612,3,4.2
1961,2285,3,33.0
8647,68,3,164.0
7673,100,3,232.0
9156,1156,3,0.9
14024,2285,3,11.0
13027,919,3,0.6
15158,944,3,227.0
7731,1228,3,260.0
3637,2285,3,64.0
11946,272,3,86.0
14959,2787,3,16.9
11362,2631,3,58.0
6132,1612,3,6.2
370,1064,3,11.5
13086,745,3,42.0
9929,2285,3,41.0
10793,237,3,494.0
9851,2526,3,0.0
3930,1036,3,4.6
10011,2285,3,76.0
12754,1525,3,19.4
7285,946,3,12.6
16086,2631,3,154.0
11910,572,3,577.0
7305,2876,3,411.0
7699,1612,3,1.1
7043,2285,3,17.9
15816,2285,3,38.0
11551,1612,3,1.3
12944,2285,3,48.0
4389,1166,3,89.0
1201,2726,3,4.0
10417,1832,3,63.0
2188,1173,3,69.0
4038,2380,3,1070.0
8158,2285,3,54.0
10688,1128,3,58.0
14161,1612,3,2.0
4473,2285,3,18.0
8908,1488,3,204.0
10465,2726,3,102.0
6173,2562,3,48.0
3649,897,3,14690.0
5341,2326,3,157.0
5583,2631,3,256.0
17537,2285,3,41.0
1536,1612,3,2.7
13682,2837,3,1.3
3953,545,3,24.0
8538,2285,3,29.0
18220,2830,3,39.0
171,1128,3,39.0
2591,2122,3,6.0
9331,1128,3,19.5
5011,368,3,2802.0
3161,725,3,12.2
16153,123,3,5034.0
13390,2366,3,1.1
16556,1612,3,0.0
12428,1228,3,374.0
7829,2285,3,5.3
11535,2876,3,30.0
5295,2285,3,37.0
17610,272,3,27.0
1694,2147,3,6.2
2772,2285,3,21.0
11747,897,3,25.0
11759,1488,3,61.0
10311,2285,3,64.0
246,2285,3,41.0
12923,2142,3,1.6
9314,1875,3,6.3
12861,2631,3,196.0
20,2631,3,47.0
5034,552,3,56.0
4126,68,3,187.0
7088,74,3,1.5
11822,255,3,276.0
11860,2485,3,1.5
11235,814,3,761.0
9985,1488,3,131.0
12996,2285,3,9.7
11843,2205,3,29.0
7622,2285,3,19.9
4801,2285,3,31.0
17881,2631,3,99.0
11878,1488,3,284.0
884,2285,3,70.0
2718,743,3,66.0
8995,2285,3,31.0
14815,2631,3,148.0
3662,2285,3,13.9
10611,2780,3,1.8
5724,2285,3,25.0
2852,944,3,333.0
3159,237,3,495.0
14056,2631,3,74.0
3974,237,3,2873.0
17918,2285,3,23.0
12996,2031,3,278.0
4317,946,3,4.0
15154,2285,3,16.9
10317,2285,3,13.2
12596,580,3,22.0
10830,1323,3,371.0
6289,1612,3,4.7
16954,368,3,837.0
7487,1488,3,58.0
18265,2285,3,57.0
12226,1004,3,70.0
8525,2285,3,59.0
12955,2935,3,3.6
2643,1492,3,2016.0
6259,2285,3,11.2
9405,2631,3,164.0
3537,2285,3,32.0
3920,2285,3,15.8
4761,1488,3,1444.0
6896,2285,3,13.2
1950,2285,3,50.0
4441,2039,3,16.1
15277,2285,3,23.0
4524,2538,3,0.6
4826,2285,3,55.0
11121,1488,3,98.0
5426,696,3,358.0
14908,2285,3,16.7
2470,237,3,102.0
3070,2285,3,10.6
8890,2630,3,75.0
16667,2285,3,26.0
1857,1612,3,0.1
6273,444,3,0.3
7725,2285,3,30.0
9205,860,3,4705.0
14705,2285,3,78.0
2841,1612,3,6.2
2057,237,3,924.0
3147,2285,3,0.2
677,1228,3,101.0
4155,227,3,7.1
15464,2285,3,47.0
1789,864,3,0.0
13991,1655,3,175.0
11558,2285,3,53.0
9417,1156,3,3.5
13611,2285,3,64.0
4012,2285,3,62.0
2419,2285,3,20.0
15541,68,3,776.0
10864,2285,3,49.0
6206,2285,3,38.0
13968,2630,3,242.0
16796,811,3,208.0
10700,1488,3,139.0
4333,2285,3,34.0
16119,1838,3,39.0
9407,272,3,67.0
11361,944,3,2163.0
15359,946,3,100.0
359,811,3,211.0
12192,25,3,5.4
11998,725,3,87.0
2831,2631,3,50.0
12417,115,3,52.0
5560,282,3,22.0
10106,1156,3,0.5
17772,1079,3,9285.0
11976,1488,3,3.4
4347,237,3,412.0
6574,2285,3,48.0
1616,1583,3,572.0
17263,68,3,953.0
5277,2285,3,40.0
15142,2285,3,21.0
15353,1166,3,29.0
3410,2285,3,6.9
15799,2285,3,21.0
3086,68,3,192.0
8187,1488,3,14.0
2081,2285,3,46.0
488,2630,3,214.0
4548,901,3,4.1
12256,1488,3,775.0
10428,2043,3,3.1
12763,2285,3,38.0
14538,725,3,0.8
15660,2831,3,76.0
17444,2285,3,5.5
17810,270,3,107.0
16292,2285,3,17.1
3642,2205,3,30.0
10105,2285,3,9.8
2970,274,3,11.5
16084,897,3,5.4
5670,1609,3,14.8
18064,2285,3,18.3
13232,74,3,0.2
12636,576,3,7.6
17800,1407,3,3.4
15033,2285,3,32.0
11195,572,3,2.7
12910,2016,3,8.7
8599,2285,3,35.0
12423,944,3,724.0
1276,1612,3,0.1
7132,2380,3,298.0
6938,1947,3,87.0
16527,1628,3,0.4
8019,955,3,6.0
4592,2631,3,154.0
7455,2285,3,81.0
17335,2285,3,49.0
14247,2526,3,15.0
731,556,3,13.2
15770,778,3,4.3
7034,2631,3,37.0
2573,897,3,1062.0
6631,1488,3,13.2
5402,237,3,785.0
12293,2285,3,34.0
1643,2831,3,15.5
13883,237,3,2384.0
5926,1492,3,2722.0
222,2285,3,27.0
4530,52,3,0.4
13405,1492,3,1741.0
11241,237,3,675.0
17129,2285,3,17.9
9590,2285,3,39.0
10575,2285,3,1.6
17394,972,3,0.0
4533,1832,3,24.0
14246,2285,3,51.0
811,2285,3,32.0
13031,68,3,1590.0
15456,1488,3,186.0
15833,1895,3,98.0
5369,1989,3,3.6
11442,743,3,1.9
2401,1458,3,102.0
2284,2285,3,37.0
7076,2285,3,0.8
2397,1583,3,28.0
12089,25,3,3.6
9141,2780,3,237.0
17779,2285,3,60.0
9164,2239,3,25.0
15765,25,3,12.5
16651,237,3,770.0
1455,944,3,518.0
9560,2285,3,41.0
16630,1721,3,112.0
12645,2285,3,58.0
6687,2285,3,53.0
11637,682,3,3.4
1013,2205,3,4.9
1166,1655,3,328.0
16312,732,3,271.0
890,2371,3,22.0
15086,237,3,2888.0
9314,2285,3,76.0
18114,2285,3,24.0
11084,68,3,1052.0
3843,811,3,450.0
14949,2285,3,27.0
16807,2285,3,35.0
16947,368,3,1399.0
9122,2285,3,88.0
18061,74,3,6.5
12450,1696,3,10.3
12637,1300,3,244.0
13924,1838,3,17.8
12425,68,3,898.0
15123,2499,3,5.1
4067,2285,3,12.7
703,2285,3,7.1
5658,1488,3,347.0
2657,2285,3,5.2
11695,1680,3,33.0
14982,2285,3,49.0
13706,2631,3,11.0
6176,2285,3,32.0
3372,2886,3,14.0
17787,2630,3,18.4
13262,2897,3,35.0
11500,186,3,8.0
9921,2726,3,34.0
6313,1832,3,0.8
12349,1776,3,35.0
13047,343,3,159.0
7306,2205,3,38.0
16069,1488,3,29.0
1795,811,3,14.5
6584,2759,3,499.0
6457,1166,3,903.0
8053,2285,3,38.0
7501,2285,3,38.0
1602,2285,3,10.6
13563,368,3,2173.0
14757,1612,3,0.8
15268,944,3,1208.0
11694,1488,3,91.0
12711,2285,3,72.0
3912,2122,3,124.0
6996,2285,3,13.7
14702,2631,3,3.5
4894,2285,3,46.0
5255,1189,3,111.0
5961,1628,3,0.0
9621,1612,3,3.4
16109,2285,3,23.0
18061,2285,3,45.0
4836,946,3,40.0
8962,2285,3,15.8
10804,2122,3,77.0
3158,1776,3,0.7
558,1492,3,3718.0
1762,2726,3,411.0
4218,1488,3,80.0
2458,2666,3,1.6
7786,2285,3,63.0
9722,2285,3,22.0
9335,1612,3,0.6
8172,1332,3,15.6
668,1609,3,7.6
9956,237,3,96.0
1503,1488,3,112.0
7209,2285,3,47.0
9586,944,3,1983.0
4752,1655,3,304.0
12319,2285,3,91.0
13587,572,3,148.0
6020,2344,3,1.5
4924,2380,3,1064.0
9753,2285,3,37.0
10481,68,3,1300.0
10499,1612,3,1.6
11995,2285,3,22.0
5865,2285,3,26.0
7105,2831,3,44.0
6981,1612,3,0.6
28,2285,3,42.0
9893,2285,3,33.0
16010,2285,3,7.7
3630,1876,3,17.3
14054,1915,3,12.3
14055,2568,3,3.7
10171,1985,3,93.0
17169,1321,3,7.2
13683,1488,3,293.0
4717,2285,3,28.0
2431,1838,3,47.0
660,2285,3,34.0
6661,2285,3,43.0
13299,2631,3,144.0
4035,2285,3,29.0
15814,2285,3,26.0
11379,1488,3,40.0
16828,1622,3,1.8
503,2631,3,99.0
3312,2630,3,120.0
1089,1612,3,4.0
11164,2285,3,22.0
7139,68,3,1627.0
1032,2001,3,85.0
4769,2631,3,239.0
14844,2831,3,50.0
2713,2285,3,51.0
7235,2631,3,194.0
10389,2630,3,255.0
17807,2285,3,37.0
10337,2285,3,35.0
1172,2439,3,688.0
1540,1488,3,672.0
9606,732,3,872.0
6549,1228,3,263.0
1440,2631,3,4.0
5835,1128,3,74.0
2726,2016,3,10.5
3222,25,3,12.2
3690,2285,3,58.0
16101,1937,3,2.2
2960,2726,3,11.9
429,2285,3,51.0
4571,2018,3,0.8
1976,25,3,0.7
5796,2631,3,73.0
7629,2285,3,13.8
6635,2496,3,19.0
4545,1037,3,0.8
7963,1612,3,0.9
736,2285,3,37.0
13320,2285,3,31.0
3888,1619,3,0.5
15330,2285,3,5.6
7011,52,3,2.1
1570,2016,3,7.6
5726,1304,3,1369.0
4190,2383,3,489.0
3196,685,3,15.2
7574,98,3,31.0
1617,98,3,61.0
15975,2285,3,76.0
2169,1776,3,27.0
17142,2380,3,3058.0
17330,1304,3,795.0
11847,1488,3,35.0
11425,2285,3,36.0
15696,2285,3,77.0
3113,1488,3,255.0
13131,1578,3,1196.0
14482,200,3,15.5
2600,2285,3,59.0
5833,1488,3,6.0
12734,2285,3,49.0
13290,1557,3,14.2
14092,237,3,2115.0
3394,2285,3,23.0
8867,237,3,482.0
1702,1612,3,2.9
2782,2285,3,77.0
12941,2285,3,54.0
7200,18,3,6.8
16914,1618,3,5.1
12978,1321,3,41.0
5866,1611,3,86.0
7754,237,3,243.0
3301,1612,3,1.6
199,2122,3,138.0
496,1196,3,206.0
9060,2285,3,26.0
11834,2630,3,771.0
11007,2285,3,10.2
16891,2875,3,0.8
1295,1202,3,173.0
4119,760,3,3.6
6958,2922,3,124.0
12268,279,3,2016.0
1107,2631,3,100.0
6094,1557,3,3.9
7969,1626,3,360.0
3137,400,3,158.0
13558,1166,3,85.0
1301,2285,3,37.0
6866,1838,3,33.0
9750,2547,3,62.0
18130,1641,3,9.4
14468,2759,3,1408.0
12196,42,3,777.0
13699,1488,3,2824.0
15211,1162,3,0.4
895,237,3,171.0
6350,2285,3,28.0
2029,2285,3,42.0
3044,2631,3,67.0
3968,1957,3,3.2
5776,1832,3,23.0
9669,52,3,1.2
11176,1488,3,1143.0
14577,2285,3,24.0
6459,2631,3,217.0
5365,2488,3,49.0
12021,2317,3,576.0
9865,2285,3,23.0
16076,237,3,769.0
8954,272,3,16.7
18238,376,3,69.0
2034,1632,3,3913.0
3389,1106,3,10.7
3685,2056,3,7.5
9614,2344,3,0.0
12048,2631,3,169.0
4183,2726,3,115.0
3817,2285,3,34.0
16534,2285,3,92.0
3853,899,3,10.8
13795,811,3,144.0
16879,2285,3,36.0
5780,237,3,821.0
661,1488,3,166.0
9765,1070,3,1077.0
17467,1414,3,6.9
17842,1488,3,13.0
10860,2285,3,40.0
2119,237,3,2871.0
1773,864,3,1.6
1402,1156,3,14.0
9531,2285,3,43.0
7647,272,3,19.5
18258,944,3,392.0
8077,2285,3,17.8
1030,2631,3,382.0
6685,2285,3,32.0
1662,2285,3,41.0
4665,2692,3,27.0
2067,2285,3,14.1
8705,237,3,114.0
13478,1488,3,602.0
14095,2630,3,70.0
5556,1805,3,2.3
2451,2285,3,18.0
6783,811,3,127.0
2376,2285,3,15.7
15509,1755,3,264.0
15157,1612,3,6.6
6276,1488,3,1224.0
2858,2285,3,53.0
14708,1832,3,23.0
442,68,3,2302.0
18037,25,3,13.5
15110,538,3,2.6
7283,2285,3,19.2
6625,1655,3,59.0
8980,2285,3,38.0
12386,1681,3,2.4
11766,2285,3,0.2
3055,2285,3,43.0
16154,1655,3,549.0
2375,2630,3,1788.0
5841,1890,3,12.1
3720,2285,3,51.0
8842,2285,3,56.0
14215,1166,3,194.0
4040,2285,3,36.0
5921,2285,3,30.0
15228,425,3,37.0
3424,2096,3,218.0
12932,13,3,1.8
11005,2285,3,98.0
15262,1128,3,34.0
7948,1166,3,450.0
1022,2922,3,171.0
8462,1492,3,1717.0
15848,2285,3,25.0
17331,1139,3,2.6
8789,2285,3,30.0
1103,2631,3,175.0
8135,2285,3,27.0
7358,1832,3,59.0
1496,2285,3,31.0
10217,1488,3,130.0
12709,1612,3,0.8
16678,2285,3,42.0
1929,237,3,1107.0
405,556,3,36.0
13874,1619,3,6.2
7341,2285,3,34.0
16183,426,3,347.0
1050,271,3,27.0
15439,2205,3,3.4
9082,68,3,1051.0
7401,1128,3,1.2
14155,1704,3,2.8
3677,237,3,3537.0
3996,972,3,30.0
16585,237,3,3206.0
7557,1304,3,480.0
17628,1947,3,144.0
11854,1488,3,710.0
16545,2285,3,21.0
12149,2631,3,150.0
8131,2285,3,46.0
13335,2285,3,17.2
9780,2876,3,255.0
4608,2726,3,98.0
16721,2027,3,85.0
1485,2285,3,29.0
16209,1407,3,9.4
16500,2285,3,62.0
1470,2631,3,144.0
13976,2631,3,28.0
392,2911,3,495.0
3012,2285,3,11.8
13985,237,3,1591.0
8320,2285,3,26.0
7728,2285,3,42.0
11018,2285,3,59.0
3419,998,3,0.9
18061,572,3,8.1
11947,2726,3,53.0
8332,2362,3,30.0
5681,2759,3,0.1
14315,164,3,1196.0
16370,2285,3,22.0
3387,1488,3,14.9
17039,2395,3,4.5
1636,2285,3,0.4
5951,2876,3,61.0
4291,68,3,1673.0
13049,2285,3,52.0
17257,828,3,328.0
12947,1150,3,1.9
30,1317,3,3.3
13444,1557,3,232.0
13897,1488,3,2757.0
17123,944,3,4070.0
1630,2285,3,19.2
11159,2285,3,7.2
5709,214,3,21.0
10471,471,3,1.4
495,2285,3,33.0
12173,2685,3,27.0
7421,2285,3,77.0
13015,2285,3,31.0
9482,1932,3,329.0
5462,1355,3,84.0
12618,2888,3,44.0
9509,2365,3,38.0
5625,944,3,1295.0
12264,2285,3,31.0
4973,237,3,711.0
9041,1612,3,5.6
1049,2285,3,58.0
6368,2195,3,1.3
17109,1890,3,7.9
8442,2096,3,0.7
4205,2380,3,1332.0
17342,2631,3,426.0
147,2285,3,46.0
8625,1488,3,156.0
489,1612,3,0.0
8297,2630,3,346.0
8608,2285,3,28.0
2313,68,3,334.0
5370,1612,3,3.8
12974,2285,3,66.0
3033,1128,3,8.8
10257,2205,3,16.2
7282,2876,3,414.0
15011,1612,3,6.4
580,2726,3,75.0
9198,1189,3,130.0
4235,1612,3,2.1
7304,2285,3,34.0
2293,368,3,338.0
12315,1612,3,1.1
15171,2285,3,46.0
5538,2726,3,237.0
5964,1655,3,148.0
15118,2285,3,28.0
5094,2631,3,301.0
9302,1488,3,423.0
13221,2380,3,1201.0
12957,1568,3,9.6
2356,2631,3,109.0
17260,444,3,14.0
2320,2631,3,63.0
17078,1070,3,836.0
13728,2285,3,12.6
4631,2285,3,92.0
15986,1617,3,3.3
12148,1488,3,161.0
8448,2326,3,1047.0
10626,2285,3,52.0
5527,1612,3,0.2
2912,2876,3,47.0
5015,2285,3,70.0
5638,405,3,7.7
17754,1488,3,12.0
5016,2285,3,55.0
12120,237,3,1104.0
6860,1612,3,3.8
13021,2285,3,53.0
8459,2285,3,52.0
13736,2285,3,44.0
13142,1488,3,450.0
13283,2380,3,1399.0
17569,68,3,434.0
4335,1612,3,2.4
12375,2285,3,52.0
12430,725,3,3.1
9423,426,3,1928.0
14011,2285,3,3.0
990,2285,3,34.0
11968,251,3,488.0
15044,1030,3,19.1
15180,1957,3,3.1
5434,2865,3,15.7
6260,2285,3,56.0
14141,2285,3,46.0
1274,2630,3,119.0
3134,1612,3,2.6
16375,2285,3,45.0
16553,2922,3,144.0
5422,1872,3,5.9
12105,1655,3,52.0
11612,1321,3,2.4
6559,2761,3,1.8
12649,2322,3,0.0
15915,2285,3,34.0
14333,2285,3,43.0
8230,2446,3,107.0
12657,237,3,1113.0
16271,1785,3,1420.0
17100,1832,3,12.1
12179,1202,3,3.6
7938,237,3,2280.0
989,2285,3,105.0
12079,2285,3,27.0
12308,2922,3,89.0
466,2285,3,13.5
11481,2285,3,53.0
8091,1610,3,63.0
18015,237,3,549.0
12697,2285,3,12.8
11609,1488,3,160.0
8114,237,3,757.0
18005,2631,3,269.0
14973,68,3,807.0
1256,1612,3,4.1
2088,811,3,128.0
1871,1488,3,27.0
9411,2285,3,21.0
18162,1612,3,3.5
6395,2285,3,44.0
11173,2380,3,880.0
6122,2285,3,24.0
16145,897,3,163.0
7036,2911,3,306.0
15562,2285,3,8.9
17204,237,3,4098.0
2822,2285,3,14.2
9393,1612,3,0.5
18021,2285,3,9.4
12888,1876,3,24.0
4453,2285,3,53.0
12949,1612,3,2.1
339,2630,3,71.0
14967,2865,3,28.0
8965,2488,3,187.0
3972,2648,3,52.0
7610,1655,3,547.0
16294,1838,3,43.0
13515,2285,3,25.0
17124,944,3,5711.0
15882,1635,3,40.0
4821,2922,3,101.0
857,2285,3,15.8
15786,228,3,0.5
3754,1488,3,231.0
9360,2285,3,45.0
8855,2285,3,48.0
16808,2285,3,12.8
6989,2285,3,17.4
10564,1832,3,17.1
12232,1832,3,79.0
4315,972,3,198.0
13816,2631,3,101.0
1634,2526,3,17.6
10281,2001,3,139.0
11067,1776,3,17.6
8605,2285,3,31.0
13200,1009,3,80.0
2686,854,3,291.0
6445,2285,3,54.0
14633,2285,3,86.0
7735,2285,3,58.0
113,2630,3,91.0
4055,2285,3,19.0
10622,725,3,8.6
7907,2831,3,17.0
4751,2285,3,11.3
11030,2380,3,744.0
110,2285,3,89.0
10732,1557,3,685.0
12404,2726,3,21.0
14691,2285,3,27.0
11165,1578,3,254.0
1459,2285,3,33.0
12541,25,3,43.0
3011,2726,3,145.0
10498,2285,3,48.0
6971,2285,3,22.0
12749,2922,3,41.0
8679,2285,3,36.0
5611,1612,3,3.0
15326,2285,3,10.7
6028,2017,3,3.2
10759,2285,3,50.0
7237,2285,3,64.0
10949,2630,3,72.0
42,944,3,1463.0
1755,2285,3,44.0
7717,1776,3,0.6
9349,791,3,75.0
2147,2285,3,33.0
122,1832,3,0.1
13732,2285,3,27.0
13213,2285,3,93.0
17943,1488,3,217.0
12043,766,3,197.0
7058,2285,3,30.0
893,2285,3,25.0
1093,1612,3,0.0
3443,2299,3,12.9
14929,2562,3,28.0
1326,2001,3,8.5
15629,2922,3,150.0
9068,368,3,1.9
9776,282,3,0.7
7059,68,3,2012.0
13206,2285,3,10.8
2488,2631,3,207.0
11291,2285,3,62.0
9101,237,3,302.0
2444,1128,3,5.0
9445,445,3,0.4
12432,2285,3,53.0
185,2285,3,56.0
15627,1939,3,3.4
4695,1037,3,1.2
4276,766,3,145.0
18219,1612,3,0.0
1872,272,3,72.0
12124,2630,3,73.0
5392,2285,3,16.1
5122,2285,3,15.3
16603,572,3,262.0
12737,2285,3,26.0
16326,2285,3,45.0
15127,2285,3,32.0
13921,766,3,2385.0
9928,2332,3,8.9
8987,1612,3,3.1
533,1947,3,97.0
18061,2285,3,41.0
14021,2285,3,29.0
11580,2285,3,45.0
6280,2631,3,336.0
14415,2285,3,24.0
13381,142,3,699.0
3383,1608,3,4.0
12380,2496,3,7.8
15290,1155,3,30.0
12631,2285,3,10.9
5848,2285,3,22.0
11609,2630,3,691.0
1955,2285,3,41.0
10737,2285,3,51.0
13572,2831,3,20.0
1038,2562,3,38.0
13039,272,3,37.0
17763,1443,3,6.0
4217,2285,3,14.1
746,2285,3,38.0
8455,1583,3,314.0
6080,933,3,1.5
7820,2631,3,110.0
3747,2844,3,22.0
10600,2285,3,35.0
10385,1947,3,77.0
7133,2285,3,41.0
10306,237,3,434.0
6156,944,3,3055.0
16344,1488,3,417.0
17152,108,3,0.0
18007,2933,3,0.4
16285,2285,3,37.0
249,2285,3,29.0
773,272,3,91.0
8784,2285,3,35.0
865,2285,3,10.3
16323,828,3,918.0
13004,2285,3,33.0
14185,2285,3,50.0
4415,1488,3,24.0
7394,2285,3,7.5
6049,2285,3,11.4
12866,1228,3,156.0
6788,2285,3,31.0
12561,1488,3,670.0
16866,1616,3,0.6
10534,2380,3,4165.0
1274,1488,3,97.0
11269,2285,3,17.6
5975,867,3,16.9
8495,2285,3,93.0
11624,272,3,215.0
872,2285,3,2.8
5154,2285,3,37.0
8611,2285,3,36.0
11047,2850,3,11.0
14873,2380,3,1695.0
11023,2285,3,39.0
6882,670,3,182.0
13038,1612,3,2.8
11788,1317,3,0.9
10611,1612,3,2.7
8876,2285,3,57.0
11120,582,3,19.5
18180,1967,3,0.5
5822,1488,3,729.0
15130,2726,3,238.0
1795,1781,3,868.0
7276,1612,3,4.4
5993,1488,3,25.0
3862,2285,3,8.2
242,132,3,1297.0
5374,1876,3,33.0
8816,2285,3,20.0
8012,237,3,1367.0
7593,2285,3,8.0
11925,897,3,133.0
915,2285,3,5.1
6148,1776,3,10.9
6490,1785,3,223.0
7122,546,3,10.7
4839,2285,3,29.0
5999,791,3,530.0
10426,1030,3,33.0
2733,2285,3,10.4
549,816,3,4.6
6503,1488,3,62.0
7169,1166,3,249.0
221,2285,3,55.0
17841,2285,3,38.0
13620,501,3,304.0
15282,1488,3,128.0
15361,1612,3,1.0
15967,1166,3,66.0
12972,2170,3,18.3
4956,1488,3,6389.0
14479,2285,3,39.0
17513,2285,3,38.0
15822,1382,3,19.7
7492,1323,3,75.0
10283,944,3,1202.0
15639,2285,3,35.0
12127,237,3,530.0
17296,2285,3,24.0
6956,1421,3,2.7
5148,2285,3,38.0
4933,2285,3,30.0
7697,2285,3,47.0
8690,2285,3,23.0
2771,1166,3,0.0
11302,2285,3,41.0
6234,1612,3,0.6
621,2285,3,24.0
15136,2285,3,61.0
7695,734,3,9.8
17183,965,3,1.2
6835,1947,3,71.0
10713,1488,3,184.0
7796,1838,3,58.0
11478,237,3,2624.0
9267,2285,3,33.0
7978,271,3,4.6
16085,1488,3,165.0
11907,2631,3,187.0
12852,2285,3,92.0
18059,1488,3,28.0
1280,2490,3,88.0
14063,685,3,93.0
1208,1612,3,0.0
15909,2285,3,51.0
11749,2630,3,96.0
9962,2285,3,42.0
15108,1832,3,33.0
9004,2800,3,6.0
499,2285,3,28.0
11400,1612,3,0.2
3003,1612,3,1.6
7751,25,3,17.7
14142,2285,3,28.0
7479,2285,3,46.0
13693,580,3,74.0
851,2285,3,26.0
10725,2285,3,41.0
17557,2875,3,5.8
5636,68,3,1824.0
15289,2630,3,338.0
2350,2285,3,24.0
5934,2922,3,90.0
15089,366,3,88.0
17530,2780,3,262.0
13733,1218,3,0.8
7906,25,3,10.8
12524,2148,3,1.4
10215,2285,3,13.3
17839,2631,3,21.0
8884,1041,3,0.1
6203,1030,3,23.0
2521,2285,3,33.0
3265,718,3,4019.0
7366,1304,3,790.0
605,2285,3,63.0
15965,1488,3,319.0
9974,2285,3,60.0
1794,594,3,14.9
14100,2285,3,7.8
16188,52,3,3.0
8355,2285,3,26.0
1848,2285,3,29.0
11264,2285,3,9.9
11231,2001,3,61.0
5832,2285,3,32.0
1193,2320,3,1.1
6282,2631,3,29.0
17922,2692,3,1.6
15022,1679,3,2.0
14251,68,3,1400.0
6384,371,3,6.3
9050,2616,3,0.2
3540,2285,3,21.0
16788,1321,3,7.4
10092,2285,3,67.0
11390,2285,3,38.0
12902,2285,3,68.0
17311,2285,3,48.0
1062,1488,3,12.0
180,2922,3,1140.0
17343,1488,3,128.0
7962,2285,3,22.0
10399,1612,3,5.3
10972,2285,3,47.0
7029,274,3,69.0
2712,2285,3,41.0
11718,1277,3,43.0
13731,1443,3,11.6
11204,2285,3,33.0
10846,2285,3,58.0
16222,2029,3,100.0
17823,2017,3,7.6
15506,944,3,878.0
9195,2922,3,85.0
13534,1492,3,325.0
14351,1304,3,1077.0
17237,1488,3,104.0
6740,1681,3,7.8
5915,2285,3,37.0
4860,2611,3,1.5
15704,2285,3,32.0
7056,2865,3,481.0
16880,2922,3,101.0
14788,1128,3,106.0
7791,2285,3,28.0
8827,237,3,307.0
10686,1488,3,2.5
2864,2285,3,15.8
6965,2285,3,23.0
8676,897,3,2095.0
16181,1488,3,17.2
15535,2285,3,15.6
15902,1492,3,181.0
8079,2285,3,33.0
5288,2630,3,172.0
1510,1612,3,3.6
3705,2195,3,19.2
8547,2285,3,32.0
3663,572,3,50.0
786,2285,3,23.0
16858,1608,3,2327.0
13923,1228,3,207.0
14370,2922,3,175.0
12531,1488,3,64.0
3466,1128,3,3.4
5612,2285,3,37.0
317,679,3,23.0
9239,2285,3,22.0
945,2285,3,53.0
8700,1320,3,2.8
10308,1488,3,697.0
14670,1407,3,16.5
16748,2285,3,35.0
14550,2285,3,50.0
8670,1612,3,4.8
8674,237,3,328.0
7614,2285,3,60.0
9576,2285,3,28.0
18085,2630,3,6.7
3215,1228,3,72.0
13517,2285,3,37.0
4186,2285,3,30.0
2805,2780,3,11.6
1389,2285,3,60.0
9268,100,3,267.0
14656,237,3,1051.0
11405,2285,3,37.0
947,2285,3,82.0
14562,2420,3,0.6
12797,2285,3,10.9
9066,2922,3,129.0
11295,1488,3,122.0
1080,237,3,218.0
10458,1612,3,0.7
13484,1832,3,53.0
15318,2285,3,11.5
3417,68,3,1820.0
268,2285,3,23.0
18275,2631,3,228.0
10297,2285,3,30.0
4676,1497,3,214.0
10397,2630,3,244.0
6187,2285,3,83.0
2063,2389,3,8.5
9697,2285,3,49.0
18118,1596,3,0.0
13388,2285,3,82.0
17098,1915,3,9.3
9589,1488,3,273.0
8057,1488,3,4.1
2819,1488,3,152.0
2449,1228,3,1088.0
9253,1659,3,3.8
2274,2285,3,31.0
12301,1275,3,23.0
15618,272,3,56.0
14555,2922,3,106.0
2599,2285,3,57.0
571,2922,3,89.0
8481,2285,3,25.0
11104,2285,3,37.0
2922,2285,3,30.0
1875,2536,3,13.6
15631,811,3,82.0
7915,546,3,21.0
11975,2001,3,85.0
534,2285,3,32.0
6275,2285,3,76.0
14643,2285,3,44.0
3308,2285,3,43.0
16781,2285,3,36.0
11825,2631,3,12.4
16367,732,3,728.0
14492,2285,3,51.0
11537,1612,3,4.2
9884,1321,3,2.6
3742,1488,3,19.7
2425,461,3,588.0
13636,2922,3,72.0
7679,2285,3,11.7
13866,2285,3,27.0
4746,2285,3,46.0
18137,1321,3,3.4
2824,2285,3,44.0
6193,2285,3,38.0
1580,237,3,1317.0
1324,2630,3,86.0
10647,2148,3,2098.0
14256,2285,3,31.0
17104,944,3,2855.0
13222,944,3,1449.0
17809,2285,3,17.6
7718,2580,3,18.0
12675,743,3,87.0
14106,237,3,120.0
5876,237,3,812.0
7211,2285,3,13.2
153,579,3,31.0
16197,2932,3,13.0
615,1488,3,233.0
9881,2285,3,29.0
12322,368,3,6538.0
6773,2285,3,36.0
15,2096,3,935.0
7549,2285,3,36.0
11229,1662,3,156.0
2173,572,3,145.0
929,1785,3,1733.0
1919,2285,3,30.0
17585,2285,3,58.0
3371,2338,3,0.8
8968,237,3,512.0
17112,1488,3,43.0
13462,2774,3,15.0
13778,732,3,632.0
15544,2285,3,39.0
5569,1721,3,54.0
1312,1612,3,0.1
17717,2285,3,30.0
17600,2285,3,16.9
8376,2780,3,1.5
12968,2285,3,83.0
16264,1492,3,497.0
10316,2285,3,43.0
10584,828,3,403.0
3622,1253,3,0.6
14552,2285,3,9.1
2252,2027,3,5.6
12241,2285,3,76.0
16930,1875,3,9.8
10752,2285,3,53.0
11618,2726,3,29.0
977,2922,3,128.0
4346,732,3,705.0
11389,2285,3,42.0
13606,368,3,2891.0
9070,137,3,0.3
155,1650,3,164.0
5584,2285,3,44.0
4907,718,3,1327.0
9937,2631,3,104.0
9579,237,3,7.8
17468,1612,3,0.8
12705,2285,3,18.7
631,2285,3,52.0
11345,1128,3,22.0
988,1166,3,43.0
6806,2285,3,42.0
4908,2285,3,59.0
11493,2191,3,22.0
15539,545,3,13.2
2022,1612,3,2.2
5472,1612,3,3.7
14756,2631,3,236.0
13482,482,3,0.5
4559,1488,3,5.9
10885,1608,3,813.0
318,2285,3,20.0
13841,1407,3,7.1
16015,1612,3,0.1
6140,2285,3,39.0
5312,1090,3,154.0
9687,25,3,35.0
4920,2496,3,8.2
896,68,3,1042.0
7617,2285,3,52.0
17534,2285,3,70.0
17840,2631,3,11.6
3513,2285,3,78.0
14834,2285,3,47.0
17385,1937,3,5.7
17224,1557,3,944.0
17077,1488,3,128.0
18040,2285,3,40.0
2420,2285,3,40.0
9493,2380,3,822.0
1398,2831,3,13.6
3793,1612,3,0.5
1026,2285,3,34.0
8289,2285,3,31.0
10995,2831,3,174.0
3911,1488,3,259.0
12603,1612,3,3.3
15684,1612,3,0.4
5631,2285,3,13.4
987,2526,3,2.7
10302,74,3,0.1
11438,2631,3,77.0
6868,1776,3,10.6
13591,1027,3,118.0
16519,1156,3,0.9
5156,2631,3,121.0
13227,2285,3,56.0
4016,1604,3,1.1
14069,1832,3,3.1
8394,237,3,72.0
14845,1155,3,354.0
3364,2780,3,6.3
9218,11,3,0.0
10405,745,3,3.0
611,1128,3,1.5
15091,725,3,26.0
1092,2001,3,53.0
4767,1831,3,2.3
17139,1832,3,11.6
8837,2922,3,92.0
2605,1911,3,1599.0
4788,745,3,94.0
10173,2096,3,7.5
5182,2285,3,28.0
4150,1497,3,111.0
14160,2630,3,228.0
15838,2922,3,222.0
3878,1655,3,456.0
9774,2780,3,15.8
10897,2922,3,154.0
8932,2285,3,18.5
13845,2285,3,20.0
8485,2285,3,52.0
3385,1612,3,1.5
17934,2285,3,0.5
11278,2285,3,53.0
17058,1612,3,0.2
12741,2285,3,56.0
2275,587,3,76.0
12214,1202,3,31.0
18140,2285,3,7.2
2001,1488,3,21.0
7198,1450,3,9.4
1394,237,3,628.0
13072,2831,3,44.0
13758,312,3,28.0
5301,2285,3,86.0
10709,2285,3,11.7
2596,1488,3,222.0
16636,2759,3,3807.0
5524,1612,3,1.2
10423,2547,3,1.6
12437,2285,3,39.0
6405,2631,3,95.0
13738,2630,3,171.0
12418,455,3,164.0
13937,1832,3,103.0
7729,2631,3,204.0
8875,1832,3,30.0
17181,2285,3,40.0
400,1488,3,193.0
4720,2285,3,54.0
12523,2285,3,50.0
589,1174,3,8.3
15651,1612,3,5.6
15935,2630,3,19.0
8852,68,3,769.0
15299,2285,3,10.0
9571,2831,3,722.0
3035,1776,3,8.0
12128,1832,3,1.4
4771,1300,3,8.5
9501,237,3,83.0
2467,2285,3,27.0
11821,2759,3,16.6
8065,2285,3,64.0
9700,2285,3,4.7
16460,2285,3,46.0
15260,2285,3,13.2
11040,864,3,7.7
5025,2635,3,10.7
17246,2098,3,53.0
17471,1612,3,4.2
6411,2285,3,3.2
15319,2285,3,27.0
590,2285,3,56.0
8298,1737,3,0.4
17267,579,3,27.0
10690,1655,3,57.0
13647,546,3,7.4
4692,1321,3,9.6
4555,2285,3,30.0
7903,1321,3,12.6
6131,2285,3,48.0
4840,2285,3,35.0
14182,2028,3,197.0
17915,2285,3,41.0
16476,1937,3,0.4
1370,1228,3,601.0
16434,1064,3,62.0
15868,1488,3,6.5
13673,2630,3,988.0
15753,2285,3,58.0
16756,1596,3,3.6
2639,1940,3,4.0
2811,2285,3,70.0
14234,2205,3,18.2
8619,1141,3,19.2
11888,1488,3,78.0
10994,1488,3,77.0
11565,2285,3,36.0
8149,1721,3,32.0
10158,2285,3,26.0
16661,2285,3,58.0
9557,2842,3,41.0
9045,98,3,85.0
206,2285,3,40.0
18162,1228,3,211.0
18249,617,3,44.0
673,2607,3,293.0
4215,2195,3,11.2
1535,2285,3,57.0
13593,2285,3,34.0
6387,811,3,401.0
13994,237,3,832.0
1812,1610,3,312.0
4562,2285,3,10.4
6346,2726,3,27.0
12216,100,3,22.0
3132,2285,3,30.0
7775,1776,3,24.0
12909,100,3,110.0
3500,2285,3,42.0
1046,2285,3,54.0
9459,2285,3,49.0
5052,2726,3,20.0
412,272,3,9.9
11508,2298,3,30.0
1974,1488,3,73.0
5070,2496,3,12.0
13901,2285,3,18.9
15072,2630,3,33.0
14692,2285,3,20.0
6666,2526,3,1.3
6699,1612,3,0.7
12593,2488,3,454.0
808,2285,3,49.0
6763,1166,3,87.0
3461,30,3,3.2
14000,2285,3,48.0
12044,843,3,510.0
12130,2285,3,49.0
15092,2285,3,59.0
6179,2285,3,27.0
17525,68,3,428.0
8211,1807,3,2.4
6766,2285,3,32.0
8724,2285,3,10.9
7422,2285,3,25.0
16066,1776,3,38.0
11735,2911,3,123.0
3560,1488,3,2202.0
13350,867,3,23.0
13266,2285,3,25.0
1187,1488,3,905.0
1255,2285,3,43.0
5418,1612,3,3.8
289,368,3,1853.0
15057,1300,3,182.0
2506,1612,3,0.1
16576,725,3,8.8
2404,2911,3,72.0
243,2285,3,101.0
17579,1737,3,4.5
7932,2922,3,113.0
9598,2726,3,23.0
4143,237,3,1693.0
15670,1875,3,18.4
8781,2285,3,37.0
13854,2488,3,1430.0
550,2285,3,10.6
7625,1488,3,15.0
9739,2285,3,18.0
7779,2285,3,15.9
6785,1488,3,31.0
1747,2285,3,38.0
2585,2285,3,41.0
903,2726,3,13.0
4944,2285,3,76.0
6765,1937,3,2.5
17617,1890,3,0.3
16376,2631,3,96.0
6266,2285,3,44.0
3477,2285,3,68.0
165,2285,3,13.2
13279,2285,3,13.0
7812,1612,3,0.1
11792,946,3,19.5
14305,2285,3,43.0
7352,2001,3,84.0
17575,1228,3,94.0
3929,2285,3,71.0
8265,1488,3,71.0
15847,2572,3,0.0
15842,560,3,2.6
14080,2285,3,61.0
3442,2409,3,0.6
17549,546,3,6.0
15846,2285,3,58.0
12104,2865,3,45.0
7110,1464,3,206.0
6103,368,3,2570.0
15302,1832,3,56.0
11522,1608,3,280.0
9376,237,3,1363.0
4617,1234,3,3.7
4828,725,3,3.2
11422,1488,3,252.0
15903,2285,3,42.0
6311,2285,3,33.0
16131,766,3,574.0
13931,2285,3,35.0
1413,237,3,1047.0
6507,1805,3,13.2
15029,546,3,28.0
185,2726,3,78.0
14086,2285,3,61.0
2138,944,3,3991.0
16657,1166,3,22.0
10522,2285,3,2.6
16564,2285,3,44.0
11616,1721,3,32.0
18169,2194,3,473.0
2873,2285,3,51.0
8451,2285,3,37.0
8901,2631,3,230.0
2316,1488,3,87.0
13774,1525,3,71.0
3327,1128,3,3.0
3718,1837,3,14.2
9456,25,3,52.0
12936,282,3,50.0
8280,1488,3,40.0
13528,2285,3,36.0
4196,2922,3,40.0
4054,2285,3,23.0
16474,1612,3,2.6
16163,2285,3,2.4
11274,828,3,499.0
329,2285,3,51.0
12184,1141,3,4.0
17178,1612,3,0.6
5641,2285,3,7.4
15806,1488,3,44.0
313,1488,3,5.2
1648,2285,3,34.0
14658,2285,3,49.0
8507,1488,3,9.4
3225,1112,3,48.0
4397,766,3,501.0
3998,272,3,324.0
12942,1004,3,5.7
14914,2285,3,48.0
14846,1947,3,12.2
7450,811,3,132.0
3633,2285,3,31.0
13468,2631,3,130.0
5484,1612,3,0.0
16078,2285,3,23.0
10528,2285,3,36.0
11703,2285,3,30.0
17505,1156,3,4.0
15802,1838,3,15.6
16884,1488,3,339.0
873,2285,3,68.0
23,2285,3,5.4
17196,2285,3,57.0
16685,2536,3,5.9
8820,2285,3,31.0
1305,2285,3,32.0
5074,1608,3,639.0
6829,2631,3,285.0
14540,1146,3,0.5
16241,897,3,300.0
16628,1612,3,3.2
17463,1488,3,480.0
8058,2285,3,1.8
12827,791,3,723.0
11151,2285,3,35.0
7753,2285,3,44.0
799,580,3,114.0
5931,1277,3,6.0
10292,2285,3,7.2
17601,2285,3,55.0
3348,1488,3,332.0
12768,1713,3,11.7
16110,1189,3,94.0
11661,1525,3,67.0
2883,1488,3,19.1
7653,2338,3,1.5
10270,2922,3,116.0
6159,2285,3,50.0
5052,2285,3,48.0
1833,2285,3,12.6
6974,2285,3,6.4
7449,2433,3,18.5
397,2223,3,128.0
9592,255,3,154.0
14629,31,3,54.0
538,1488,3,74.0
1185,2631,3,324.0
6558,944,3,196.0
348,2922,3,473.0
11733,2708,3,3.4
14218,1488,3,2765.0
4303,1488,3,309.0
1528,2726,3,0.2
14939,2631,3,0.0
8096,2631,3,147.0
7514,2285,3,4.0
3767,2630,3,39.0
5,2439,3,6.4
10460,2285,3,46.0
18099,1720,3,53.0
10590,1488,3,1963.0
13622,2526,3,12.3
14213,2708,3,135.0
2843,2285,3,12.8
3379,946,3,96.0
3532,2285,3,56.0
11136,2285,3,65.0
18253,725,3,14.2
10318,2285,3,40.0
1040,1832,3,25.0
7427,1414,3,5.9
4972,1612,3,0.1
930,791,3,10.9
12563,2285,3,85.0
7382,1488,3,94.0
16832,556,3,43.0
8719,2285,3,35.0
6695,732,3,1146.0
10260,237,3,3151.0
17407,1721,3,6.4
522,1166,3,1.1
10205,2607,3,260.0
5978,68,3,311.0
17298,2285,3,12.8
12744,272,3,16.5
1654,2922,3,61.0
16736,555,3,234.0
1102,2285,3,30.0
9086,2631,3,380.0
42,2285,3,3.4
7652,2285,3,42.0
9338,2285,3,2.0
17090,1201,3,1.4
3430,2285,3,38.0
2071,2536,3,9.4
13324,572,3,60.0
1079,1189,3,132.0
9303,2285,3,34.0
16609,2285,3,48.0
12408,2285,3,45.0
53,2562,3,4.5
15476,115,3,3.9
3877,2865,3,33.0
2623,2344,3,1.9
11696,1612,3,5.9
1534,1142,3,51.0
15957,1488,3,665.0
4748,696,3,25.0
7181,1973,3,41.0
6541,1832,3,89.0
3936,2380,3,330.0
15144,572,3,79.0
18019,2285,3,66.0
16690,2285,3,16.5
6335,2922,3,63.0
17837,2897,3,17.2
10728,2285,3,45.0
4940,1488,3,155.0
3763,2285,3,30.0
11318,359,3,123.0
17631,237,3,366.0
13944,2285,3,39.0
17675,237,3,2470.0
2996,272,3,34.0
6831,2285,3,47.0
10198,2726,3,238.0
17095,237,3,122.0
5158,957,3,15.4
11804,1825,3,6.3
12903,2285,3,32.0
11104,1737,3,3.3
14433,944,3,1576.0
15707,1612,3,5.4
11510,1612,3,0.2
9012,2831,3,1468.0
10491,2285,3,27.0
7062,732,3,68.0
11311,2631,3,42.0
3288,2285,3,40.0
6484,10,3,0.1
16631,2285,3,33.0
2879,2285,3,0.6
1975,272,3,125.0
9418,2521,3,8.6
4860,39,3,11.5
6792,2831,3,95.0
9977,255,3,239.0
10421,237,3,709.0
4278,1610,3,13.1
6703,2285,3,56.0
17948,1027,3,284.0
16511,2285,3,24.0
10434,9,3,36.0
6576,2285,3,62.0
17618,2285,3,152.0
14048,1372,3,393.0
13649,2285,3,13.0
1801,272,3,14.8
7853,2285,3,34.0
10208,2285,3,19.1
11658,2285,3,28.0
14377,873,3,146.0
17220,2285,3,82.0
3261,2631,3,123.0
17042,572,3,403.0
14406,725,3,13.5
6786,2922,3,24.0
4869,2294,3,7.9
9174,1612,3,2.8
7024,1128,3,109.0
6566,2285,3,14.6
11382,2285,3,6.2
3290,854,3,589.0
17486,1612,3,8.1
8154,2285,3,3.4
7934,1612,3,0.1
15420,1166,3,283.0
18196,1837,3,31.0
7324,2441,3,65.0
10889,1212,3,11.9
5423,2285,3,39.0
15985,2285,3,32.0
9561,368,3,2437.0
10450,1776,3,18.2
9809,1382,3,1.9
8532,537,3,0.6
8112,142,3,162.0
15740,1876,3,8.5
17551,1492,3,2712.0
11682,2398,3,7.6
4656,244,3,9.7
9972,1784,3,83.0
13544,1321,3,18.6
3923,944,3,1544.0
17517,2437,3,7.8
16487,946,3,422.0
9657,1612,3,4.5
17084,288,3,10.3
13091,2285,3,16.1
3408,1715,3,46.0
14822,2285,3,19.0
3945,1202,3,74.0
13460,1488,3,1355.0
5604,924,3,16.6
8381,2285,3,35.0
12177,246,3,15.8
969,1166,3,181.0
15591,1202,3,8.7
2366,2285,3,48.0
931,2285,3,41.0
17236,2692,3,0.2
13475,864,3,1.3
1468,2631,3,215.0
3547,2171,3,2.2
15274,2285,3,12.1
16775,718,3,199.0
12809,100,3,27.0
14174,2285,3,9.6
11678,1781,3,917.0
848,2726,3,65.0
17170,2380,3,755.0
16653,2001,3,8.2
5347,1830,3,22.0
14676,1721,3,115.0
6370,237,3,382.0
3095,2631,3,29.0
14665,1488,3,176.0
8045,1837,3,130.0
12342,1030,3,706.0
3820,1612,3,7.6
17439,2285,3,17.7
4348,1612,3,0.6
10408,791,3,352.0
5623,214,3,225.0
6186,2285,3,65.0
12654,1277,3,19.1
970,2285,3,33.0
4066,924,3,1.5
9168,1832,3,1.2
2424,1821,3,190.0
12324,1488,3,145.0
391,2922,3,214.0
14452,2285,3,10.5
8315,811,3,130.0
18163,2285,3,0.4
11559,1832,3,83.0
17954,2136,3,43.0
7917,1488,3,23.0
15866,1048,3,124.0
3092,1612,3,0.9
16433,368,3,1034.0
15084,2650,3,32.0
894,2285,3,2.7
5076,2285,3,31.0
7967,2630,3,17.3
543,2285,3,9.4
13078,1696,3,2.9
2012,98,3,211.0
2466,919,3,5.1
3414,2631,3,166.0
3487,2285,3,45.0
17985,25,3,17.8
15761,271,3,2322.0
17911,1655,3,472.0
11043,176,3,21.0
185,2285,3,38.0
16269,1128,3,1.6
6224,2285,3,40.0
8830,1488,3,718.0
5809,2631,3,22.0
3374,1755,3,1697.0
4618,944,3,31.0
352,1800,3,1.8
4489,237,3,1626.0
17821,1488,3,607.0
11507,2409,3,38.0
11138,2285,3,92.0
13327,2630,3,83.0
15887,2285,3,30.0
2049,1608,3,1336.0
1724,2631,3,62.0
1366,1776,3,19.3
18049,368,3,0.5
18104,2285,3,50.0
15540,2285,3,21.0
4026,2285,3,35.0
1122,2285,3,35.0
5458,2285,3,46.0
10212,944,3,1409.0
13214,580,3,26.0
7800,1832,3,24.0
10432,2380,3,616.0
10111,2285,3,19.7
6623,1488,3,78.0
13223,2922,3,265.0
11183,1323,3,203.0
17745,2285,3,34.0
12206,723,3,8.7
6900,1609,3,260.0
17005,2285,3,49.0
17518,2001,3,42.0
14293,1500,3,674.0
14194,1488,3,97.0
285,2726,3,67.0
7719,108,3,3.1
9052,2285,3,32.0
2238,2285,3,30.0
13755,2285,3,42.0
14203,2285,3,40.0
18184,2285,3,46.0
4682,68,3,1330.0
15530,1090,3,131.0
7159,1612,3,0.8
13549,1612,3,0.5
11465,1044,3,13.0
12814,1189,3,83.0
6481,1612,3,0.2
9911,113,3,211.0
8790,1586,3,56.0
1042,2285,3,0.9
11332,77,3,99.0
10917,1755,3,12.0
9344,2227,3,835.0
15626,1612,3,8.9
12221,68,3,829.0
2161,2285,3,17.8
35,251,3,1615.0
16355,2270,3,83.0
13972,1610,3,2.4
3169,2631,3,181.0
6394,2922,3,25.0
11065,2098,3,88.0
7476,2285,3,46.0
11230,1685,3,87.0
4994,814,3,411.0
13113,274,3,17.3
816,1732,3,19.9
12204,1947,3,5.5
4410,2285,3,40.0
8951,2285,3,64.0
13850,405,3,14.9
8701,2762,3,1.1
17952,1027,3,5.8
5562,2631,3,152.0
260,2285,3,17.4
15478,1612,3,5.6
11871,2285,3,4.8
14457,1488,3,445.0
9209,2285,3,29.0
13712,1488,3,418.0
10461,2380,3,35.0
17914,2285,3,46.0
145,2285,3,46.0
15385,2285,3,37.0
9152,2285,3,10.6
6637,2622,3,3.2
15831,1488,3,21.0
6090,2285,3,37.0
1001,1389,3,98.0
8054,1203,3,5.6
12600,867,3,5.8
3873,2380,3,1912.0
131,1407,3,7.5
16179,2285,3,31.0
17213,2831,3,195.0
1847,1488,3,72.0
10574,1488,3,75.0
10815,1612,3,5.2
14207,1832,3,27.0
3640,2631,3,152.0
12047,1612,3,3.0
337,2285,3,37.0
13913,725,3,1.0
16020,2102,3,15.9
9314,2285,3,41.0
452,2285,3,74.0
13366,1799,3,4.6
7480,1832,3,172.0
208,2285,3,41.0
13515,565,3,3.6
16242,2001,3,69.0
5504,1499,3,28.0
578,2285,3,31.0
15784,2285,3,10.6
792,2285,3,17.9
1146,1785,3,185.0
2243,2001,3,10.2
2950,1612,3,1.1
96,2285,3,39.0
17851,2285,3,40.0
15744,2285,3,21.0
17460,1488,3,42.0
635,1488,3,88.0
3789,2243,3,4.8
10585,1202,3,42.0
14091,2285,3,16.0
12302,2285,3,0.6
7681,2285,3,44.0
15826,1785,3,1604.0
16306,2488,3,1269.0
4576,2526,3,5.0
58,1612,3,7.6
8437,2285,3,58.0
18203,2592,3,14.6
7665,1488,3,9.4
4775,255,3,691.0
15435,2380,3,12.5
10904,2285,3,38.0
15725,1681,3,14.3
13402,1166,3,57.0
14171,694,3,0.0
14473,279,3,3507.0
14549,2285,3,38.0
1222,2285,3,72.0
3494,2285,3,17.2
12490,2922,3,409.0
11095,1829,3,156.0
15156,1781,3,618.0
2754,2631,3,23.0
9389,2285,3,24.0
5317,1488,3,114.0
14985,2631,3,36.0
12146,1128,3,89.0
11791,52,3,0.9
7344,1937,3,22.0
4279,732,3,272.0
14515,2831,3,307.0
5749,237,3,315.0
3569,711,3,0.2
13090,2285,3,21.0
1415,2001,3,18.7
13886,1876,3,30.0
2354,368,3,400.0
15713,1832,3,84.0
13008,1488,3,7.6
403,132,3,48.0
602,2922,3,136.0
4431,2726,3,302.0
13560,944,3,1027.0
12032,2922,3,84.0
12950,1166,3,126.0
9224,1612,3,2.6
415,2285,3,160.0
1044,1679,3,27.0
14862,944,3,2238.0
1671,2285,3,39.0
15837,1321,3,3.5
11842,1202,3,50.0
983,2285,3,9.2
10937,1499,3,98.0
16316,2631,3,47.0
13540,2338,3,1.0
14436,1488,3,116.0
15675,2285,3,45.0
11385,1128,3,46.0
3712,2850,3,49.0
2381,2339,3,2.1
344,1488,3,11.8
15551,1382,3,42.0
6679,828,3,294.0
15121,1488,3,64.0
10320,1000,3,0.6
273,2285,3,64.0
8107,1215,3,35.0
6739,572,3,181.0
13567,2496,3,22.0
2112,1612,3,3.5
11896,1832,3,5.2
16605,2527,3,1.6
15731,1488,3,950.0
10768,2285,3,19.2
10433,237,3,599.0
17426,725,3,13.7
10485,1492,3,24.0
11693,2285,3,8.9
510,2285,3,31.0
16803,2285,3,27.0
355,2285,3,50.0
5138,2630,3,117.0
9386,1321,3,48.0
16629,2922,3,114.0
4169,2922,3,139.0
10520,2298,3,69.0
16096,223,3,107.0
12087,2205,3,6.2
6213,2285,3,23.0
9256,2285,3,59.0
888,1832,3,88.0
9837,2630,3,181.0
13916,2726,3,199.0
17919,1491,3,8.9
7981,2285,3,32.0
9841,2285,3,69.0
4554,1952,3,1.5
314,2285,3,8.8
6003,2726,3,67.0
10763,1610,3,457.0
11873,2526,3,22.0
1388,2447,3,36.0
9439,1054,3,91.0
12217,2285,3,57.0
17957,1488,3,348.0
4580,2285,3,9.1
2002,1024,3,177.0
15396,312,3,68.0
3360,2294,3,19.8
17828,1155,3,217.0
7558,1655,3,24.0
4673,1832,3,53.0
167,1155,3,42.0
7355,811,3,156.0
5793,2922,3,137.0
10947,2285,3,1.1
1514,2285,3,42.0
15533,2602,3,61.0
11545,2420,3,189.0
7577,1203,3,5.7
10321,237,3,562.0
7162,2285,3,57.0
7208,2631,3,87.0
12833,2195,3,2.1
3654,2285,3,21.0
7260,2631,3,88.0
16302,1166,3,1.6
1274,2285,3,108.0
9788,573,3,15.9
16967,2631,3,130.0
15554,1166,3,309.0
8136,1533,3,2.0
10587,2285,3,45.0
796,2498,3,42.0
864,2511,3,9.0
16036,1488,3,66.0
6116,2285,3,57.0
2200,2285,3,107.0
12566,468,3,4.9
15769,1557,3,832.0
4447,1655,3,321.0
1059,2630,3,351.0
13088,2285,3,56.0
2684,2285,3,19.5
3787,25,3,30.0
8885,2285,3,9.6
5489,2380,3,606.0
2241,274,3,5.0
10802,2285,3,49.0
9679,2195,3,17.8
17391,368,3,2088.0
1712,1499,3,161.0
13825,2726,3,97.0
10150,2001,3,51.0
7050,594,3,1244.0
4444,355,3,12.7
845,2285,3,68.0
15337,579,3,12.2
13899,2726,3,30.0
13633,1203,3,1.9
2268,2850,3,15.3
10806,732,3,327.0
10877,725,3,14.9
7488,745,3,96.0
7743,2285,3,92.0
6220,2783,3,156.0
12464,1617,3,214.0
5849,2137,3,100.0
1297,1166,3,143.0
10240,745,3,45.0
15920,1228,3,948.0
1435,1488,3,76.0
15101,1827,3,45.0
6852,2098,3,28.0
11964,68,3,675.0
7249,2911,3,123.0
7377,1139,3,1.2
5072,2285,3,50.0
17991,2441,3,5.4
15494,2865,3,1167.0
9577,2285,3,32.0
14564,2285,3,7.4
4580,745,3,56.0
3243,2285,3,0.2
14127,725,3,21.0
11333,450,3,32.0
15097,1407,3,0.0
5028,2285,3,67.0
2720,1488,3,1193.0
15828,2285,3,25.0
16062,2922,3,270.0
16765,2285,3,14.2
9449,1128,3,8.2
15017,1202,3,118.0
13136,2285,3,62.0
6733,2630,3,130.0
9003,1612,3,0.4
15797,2285,3,38.0
1082,237,3,380.0
17786,1488,3,694.0
14501,2285,3,97.0
6812,2285,3,20.0
3177,426,3,2055.0
5682,237,3,1059.0
16805,2285,3,67.0
150,2285,3,13.0
8588,1488,3,79.0
16268,1488,3,710.0
15170,2380,3,3415.0
7362,606,3,6.6
12018,1832,3,18.5
13309,2380,3,1950.0
16351,944,3,206.0
7460,1382,3,41.0
1696,732,3,314.0
13016,1144,3,2822.0
2158,2285,3,40.0
3109,1488,3,165.0
5630,1488,3,53.0
8120,2285,3,62.0
5223,2922,3,127.0
4596,1878,3,107.0
4727,2726,3,19.7
2988,1488,3,15.5
946,2409,3,1.5
4192,2285,3,50.0
468,2285,3,55.0
16088,745,3,38.0
9645,2706,3,74.0
7360,1716,3,1219.0
17851,2380,3,159.0
4674,2496,3,22.0
13229,2285,3,14.9
16398,2922,3,117.0
16524,272,3,195.0
12679,2726,3,108.0
8452,2631,3,143.0
5405,2285,3,59.0
9398,2831,3,425.0
16392,1608,3,280.0
16608,724,3,87.0
13680,718,3,7663.0
7993,2631,3,113.0
1889,2285,3,66.0
2963,1612,3,0.0
12107,2285,3,46.0
15408,1166,3,130.0
7926,1612,3,0.1
16873,1827,3,54.0
15334,282,3,2.1
8200,1488,3,823.0
3459,2631,3,100.0
11334,237,3,214.0
6762,1409,3,3.0
11491,2865,3,115.0
7442,1202,3,36.0
7183,1716,3,786.0
10939,816,3,60.0
18067,1488,3,31.0
3029,237,3,2606.0
16029,1488,3,318.0
8431,1488,3,64.0
13145,2285,3,0.2
10090,1488,3,19.8
6463,2922,3,66.0
10398,237,3,2331.0
8882,2285,3,55.0
162,2285,3,31.0
5517,1612,3,4.2
12175,2285,3,102.0
4882,237,3,539.0
12798,2285,3,17.1
6435,237,3,613.0
13219,2285,3,53.0
5382,1488,3,75.0
16952,2205,3,3.5
4265,718,3,1117.0
5299,1612,3,2.9
13813,1128,3,51.0
2663,2489,3,9.1
18235,572,3,567.0
5503,1838,3,11.4
5428,44,3,1.0
12557,1177,3,36.0
17411,1602,3,5.4
1164,2285,3,46.0
11859,2285,3,50.0
8104,944,3,1041.0
6188,1488,3,167.0
9904,2726,3,80.0
7804,2631,3,204.0
12325,2285,3,49.0
2132,2285,3,36.0
15794,1139,3,12.3
6834,1488,3,1239.0
4424,2639,3,57.0
1516,1488,3,541.0
11321,1488,3,148.0
7920,1720,3,8.1
13748,368,3,1807.0
6496,1488,3,220.0
7752,1785,3,311.0
6228,2759,3,74.0
15538,2285,3,37.0
399,2488,3,1924.0
4589,2515,3,8.3
2427,142,3,625.0
6063,2285,3,40.0
6155,2285,3,32.0
10933,594,3,709.0
7649,2344,3,0.3
169,2285,3,52.0
3610,166,3,0.8
5043,743,3,11.5
3496,2285,3,28.0
1659,1323,3,256.0
6724,1155,3,131.0
16493,2630,3,149.0
16916,1202,3,134.0
12470,1488,3,16.6
754,2285,3,21.0
11198,2285,3,10.1
493,2285,3,46.0
8718,1166,3,44.0
505,2285,3,59.0
10779,2285,3,69.0
10243,1832,3,59.0
12570,725,3,7.5
16978,1265,3,10.1
883,2285,3,61.0
554,2831,3,175.0
4958,302,3,18.4
1127,98,3,57.0
18123,1381,3,2.6
11476,68,3,671.0
7949,1488,3,529.0
3650,1876,3,20.0
4442,1612,3,1.0
6143,2285,3,12.1
3700,1872,3,10.9
5868,137,3,6.1
11564,237,3,482.0
168,1166,3,30.0
7745,2285,3,34.0
7308,1612,3,0.4
15952,100,3,173.0
5831,2285,3,55.0
2683,68,3,469.0
17048,2380,3,278.0
10617,2285,3,24.0
16993,2285,3,23.0
16649,237,3,440.0
6372,2285,3,48.0
14816,2842,3,16.5
5329,2285,3,28.0
11967,2285,3,10.9
16992,1488,3,209.0
9143,376,3,45.0
210,2285,3,44.0
16790,1983,3,51.0
8232,2285,3,36.0
2896,1612,3,2.9
2392,2285,3,45.0
17764,594,3,27.0
16192,1202,3,70.0
17089,68,3,1464.0
4025,2831,3,51.0
18115,944,3,7790.0
16749,2285,3,0.5
3525,237,3,16.1
10824,1450,3,9.1
4130,1321,3,4.9
13318,2285,3,31.0
17091,2692,3,12.1
6823,2285,3,36.0
8570,2285,3,25.0
5689,2285,3,24.0
8873,2205,3,16.6
13833,1838,3,36.0
2820,1499,3,107.0
13817,572,3,406.0
7666,2285,3,17.6
2507,1655,3,754.0
11227,1488,3,97.0
7528,25,3,16.4
14097,811,3,469.0
15377,2349,3,1.3
8361,2925,3,2.0
4007,2346,3,0.2
13696,2831,3,122.0
8695,2285,3,45.0
3904,1488,3,10127.0
8801,2285,3,33.0
569,2157,3,1.7
10869,2876,3,52.0
14416,1578,3,892.0
16210,1492,3,871.0
15229,2398,3,6.3
7368,944,3,1368.0
9220,2285,3,14.1
12111,2619,3,270.0
7296,1177,3,8.5
7158,2496,3,5.8
17322,1655,3,77.0
12662,2900,3,21.0
5944,1099,3,19.0
13739,1655,3,106.0
8112,1876,3,1.9
5107,2831,3,5.3
3805,185,3,4.9
13065,2866,3,1.8
4837,925,3,0.4
10898,1947,3,270.0
2725,732,3,412.0
3715,237,3,631.0
17598,549,3,91.0
1056,2922,3,68.0
14684,2726,3,243.0
12512,2632,3,10.8
15309,68,3,1338.0
1566,2285,3,14.6
2833,2285,3,81.0
544,2380,3,653.0
1555,2285,3,17.0
15298,237,3,1982.0
4560,1612,3,0.0
15820,282,3,2.6
10544,1612,3,6.1
6355,552,3,34.0
7817,854,3,7.2
7466,2285,3,11.5
9234,2285,3,12.2
16034,2285,3,29.0
7570,1488,3,1194.0
1431,2285,3,27.0
17759,1492,3,2627.0
6768,2285,3,28.0
3000,2340,3,83.0
4326,2122,3,103.0
1371,2285,3,38.0
15686,1901,3,0.7
982,2285,3,9.8
14209,2285,3,22.0
897,2833,3,140.0
974,854,3,132.0
16233,2285,3,9.1
11256,1514,3,0.3
17791,743,3,12.2
14835,1304,3,91.0
11000,2285,3,101.0
6098,725,3,36.0
13252,1612,3,0.1
4625,2340,3,1.6
11093,2285,3,115.0
3172,2380,3,203.0
12795,2139,3,400.0
9114,1832,3,11.3
6585,2011,3,1.0
12664,2488,3,146.0
7977,450,3,70.0
5511,2380,3,656.0
10757,1189,3,97.0
7505,1832,3,7.1
1738,255,3,500.0
7436,549,3,148.0
13508,1711,3,18.1
15685,733,3,19.4
13230,1612,3,5.9
11314,1632,3,1858.0
15619,2285,3,11.8
12680,2631,3,229.0
17025,1937,3,0.2
3781,814,3,35.0
17265,2285,3,27.0
1434,2780,3,44.0
10475,2383,3,507.0
10367,2285,3,12.4
1111,68,3,2233.0
1181,1612,3,0.4
14614,208,3,1230.0
1410,272,3,765.0
15491,594,3,1153.0
15719,2285,3,71.0
16126,2285,3,48.0
7127,2285,3,54.0
1612,237,3,459.0
8008,2285,3,43.0
3981,2886,3,10.1
16562,2285,3,133.0
12359,2205,3,27.0
10780,594,3,11.2
11990,2285,3,24.0
16764,969,3,46.0
6344,1875,3,108.0
11375,2879,3,1.7
9280,1864,3,32.0
916,2285,3,31.0
16701,1155,3,557.0
15919,1737,3,30.0
10094,2285,3,86.0
13185,1488,3,193.0
17381,1488,3,7370.0
16404,1202,3,1.0
2727,2380,3,1426.0
17452,1612,3,0.8
2758,2850,3,104.0
9368,1525,3,6.0
6005,814,3,327.0
5884,368,3,2390.0
7933,2285,3,33.0
17701,2686,3,66.0
12186,1721,3,311.0
12597,2541,3,90.0
3061,2285,3,32.0
1138,1304,3,22.0
9633,2285,3,36.0
904,2285,3,10.3
7660,2285,3,0.2
90,1608,3,737.0
3191,2285,3,56.0
15792,68,3,967.0
7919,2285,3,108.0
12050,1647,3,41.0
9685,2285,3,23.0
5388,1612,3,2.0
932,1488,3,10.5
14197,426,3,1105.0
15256,2285,3,25.0
340,1612,3,0.7
3150,1030,3,30.0
6722,237,3,442.0
10845,314,3,2.7
198,2285,3,98.0
14626,2631,3,137.0
13997,2241,3,0.9
8322,252,3,1.2
1777,68,3,1791.0
6518,2285,3,42.0
2728,2865,3,208.0
3246,946,3,172.0
7259,1488,3,224.0
7600,933,3,6.5
12555,2285,3,84.0
9197,2285,3,49.0
11514,237,3,1622.0
11058,2281,3,8.5
5719,1317,3,837.0
8753,2285,3,82.0
2513,2526,3,0.6
2552,1838,3,1.1
3078,2630,3,130.0
13425,2911,3,41.0
2886,1557,3,414.0
11709,2001,3,19.2
2786,811,3,163.0
16714,2137,3,100.0
525,1488,3,39.0
4031,725,3,94.0
8333,1604,3,21.0
5275,2285,3,54.0
5543,2631,3,62.0
17608,2285,3,41.0
10115,2285,3,70.0
12093,2285,3,30.0
3762,2285,3,16.2
12393,1609,3,2.6
5214,52,3,1.1
10999,296,3,1364.0
12456,2922,3,60.0
3173,1594,3,0.4
7247,2285,3,30.0
12162,1488,3,16.2
6249,811,3,223.0
10469,2285,3,29.0
17808,1228,3,102.0
6312,1612,3,4.0
4753,2285,3,17.8
17315,2439,3,348.0
14150,1321,3,16.7
8961,2631,3,124.0
9321,1208,3,41.0
11780,732,3,66.0
6721,2285,3,53.0
11133,2285,3,52.0
454,723,3,17.5
2473,2638,3,30.0
12392,1612,3,3.1
8953,1827,3,58.0
14639,237,3,557.0
9834,1612,3,0.0
10327,2345,3,13.1
17965,2630,3,38.0
2159,2285,3,38.0
8592,2285,3,24.0
16072,68,3,487.0
2784,1612,3,1.4
17029,545,3,4.4
16902,237,3,950.0
3776,2556,3,0.0
5863,2285,3,30.0
1258,2685,3,789.0
16703,2607,3,456.0
3284,2285,3,4.6
7253,237,3,197.0
5323,368,3,1536.0
17970,2205,3,0.6
16317,1752,3,1.2
7818,2285,3,6.8
4260,1832,3,17.6
2513,1128,3,4.6
14714,1832,3,105.0
10279,237,3,1206.0
9871,2865,3,1474.0
10472,1228,3,374.0
5482,25,3,28.0
8904,2285,3,13.5
10473,2922,3,114.0
6437,2285,3,109.0
2517,732,3,365.0
5174,2409,3,2.3
16635,2285,3,35.0
326,2285,3,79.0
2581,431,3,36.0
14582,2285,3,38.0
9212,2285,3,24.0
11387,1612,3,2.4
3322,1832,3,77.0
8246,368,3,5019.0
12220,444,3,23.0
3141,594,3,335.0
16658,2285,3,26.0
15151,68,3,410.0
12073,2631,3,69.0
2866,2285,3,79.0
4367,1721,3,225.0
6568,924,3,6.6
8270,2285,3,40.0
13182,2850,3,64.0
9410,2285,3,33.0
17539,1166,3,163.0
7070,2285,3,96.0
14329,2630,3,83.0
5551,14,3,2.1
17024,1714,3,7.4
11953,2285,3,16.6
9391,2285,3,16.5
8681,946,3,225.0
15764,2285,3,51.0
875,1488,3,14.9
14860,2285,3,76.0
8745,2229,3,0.6
2576,1488,3,4118.0
5968,2285,3,46.0
15031,2759,3,623.0
13561,2285,3,16.6
6615,179,3,16.3
16935,2922,3,196.0
11578,2285,3,54.0
17762,552,3,0.6
8835,1228,3,150.0
16473,1557,3,800.0
5493,2285,3,65.0
17651,2285,3,6.8
4393,2285,3,24.0
4988,2631,3,9.6
2340,1533,3,2341.0
5728,745,3,757.0
6578,1488,3,16.3
5702,2285,3,38.0
13333,2643,3,14.7
6462,2285,3,17.8
908,1166,3,73.0
4843,1755,3,3571.0
1887,2631,3,68.0
15226,2285,3,49.0
1405,1395,3,2.4
8766,2285,3,28.0
686,2285,3,42.0
11016,549,3,3.0
5886,924,3,4.6
12551,2285,3,0.3
6323,2380,3,727.0
5024,2617,3,0.2
16660,2843,3,8.7
480,1612,3,0.0
1002,2285,3,15.7
414,1488,3,253.0
13643,1781,3,170.0
10273,1087,3,11.2
12484,272,3,9.1
13347,2285,3,44.0
4234,1166,3,9.8
6647,2759,3,244.0
639,2922,3,105.0
7147,2285,3,53.0
13833,2285,3,41.0
10813,630,3,142.0
9111,424,3,4.5
11381,1488,3,107.0
18054,1488,3,19.5
1441,2285,3,0.8
2080,1973,3,18.1
14698,2285,3,6.9
10294,2285,3,30.0
3444,2285,3,46.0
156,2285,3,3.0
1148,2651,3,9.4
3846,811,3,183.0
3335,25,3,4.6
11895,2229,3,87.0
13943,2631,3,26.0
5946,368,3,7889.0
4041,2340,3,2.8
12569,2631,3,188.0
5737,725,3,71.0
14464,2285,3,5.3
254,2285,3,23.0
15213,2780,3,25.0
9694,1208,3,543.0
11012,1488,3,64.0
4011,2865,3,115.0
7863,1488,3,178.0
17597,272,3,19.0
13829,2922,3,436.0
16459,2922,3,7.5
6058,814,3,250.0
13297,1497,3,141.0
9677,944,3,652.0
141,306,3,7.2
17151,2285,3,19.4
4917,1030,3,367.0
18210,2285,3,32.0
12988,237,3,1669.0
933,2285,3,6.0
14225,2285,3,37.0
15482,2827,3,4.7
13947,237,3,669.0
13009,725,3,76.0
2538,237,3,500.0
15924,1488,3,200.0
224,2285,3,48.0
16288,2611,3,2.7
14619,2196,3,1.8
11342,1557,3,389.0
4666,98,3,4.0
12233,2298,3,0.0
17226,100,3,147.0
14481,1471,3,412.0
4859,2285,3,27.0
11826,1612,3,0.0
461,2285,3,47.0
5385,2911,3,1462.0
1515,1070,3,58.0
5340,2285,3,56.0
9226,1128,3,58.0
9941,1488,3,79.0
16494,237,3,524.0
13433,2285,3,31.0
3832,2285,3,38.0
14571,1488,3,677.0
17602,1655,3,18.1
3681,2285,3,17.4
99,2331,3,4.6
11056,1488,3,40.0
6062,2285,3,31.0
11308,2285,3,43.0
17067,371,3,211.0
14527,445,3,8.2
13376,237,3,352.0
3788,2777,3,0.0
13961,2526,3,0.7
14850,2285,3,22.0
17068,2439,3,217.0
17290,2285,3,44.0
9574,2285,3,28.0
7187,2285,3,1.5
16588,1488,3,285.0
9506,1752,3,87.0
9896,1479,3,9.9
16544,2285,3,11.4
15167,2562,3,1.6
2586,2340,3,71.0
11886,237,3,535.0
3283,281,3,15.7
1224,2780,3,6.6
14881,2285,3,68.0
17697,2630,3,229.0
15958,2638,3,7.6
277,2596,3,52.0
256,944,3,397.0
3450,2395,3,2.4
5051,2285,3,89.0
15579,2285,3,54.0
9981,2285,3,13.2
13192,2285,3,41.0
7913,1030,3,825.0
557,2285,3,47.0
12999,1612,3,9.2
7815,2285,3,68.0
18161,572,3,99.0
15649,2285,3,14.6
1186,1191,3,232.0
14709,1628,3,1.4
14575,766,3,541.0
5535,1612,3,3.8
4672,2922,3,54.0
8737,2630,3,4.0
9964,2243,3,18.7
10036,2631,3,150.0
18147,68,3,62.0
17163,1202,3,13.8
8350,2380,3,495.0
9674,725,3,58.0
9213,725,3,32.0
8253,2285,3,65.0
16684,2285,3,48.0
281,1612,3,3.5
12778,2631,3,137.0
17257,2638,3,82.0
14680,2380,3,1299.0
12316,2876,3,238.0
6569,2285,3,21.0
16638,2639,3,12.1
124,1488,3,1.2
1932,272,3,332.0
13501,2285,3,39.0
2435,1488,3,308.0
295,2285,3,52.0
1028,2285,3,0.6
4276,2001,3,20.0
3889,1488,3,1219.0
14101,2357,3,31.0
10798,2285,3,18.7
14634,429,3,21.0
13959,878,3,9.4
6356,2148,3,0.2
10369,2285,3,28.0
852,1947,3,16.2
5316,1087,3,3.3
6697,1832,3,13.8
4526,2285,3,13.4
5752,1612,3,4.2
4073,1605,3,1.9
15322,1321,3,0.5
11604,2285,3,23.0
1360,2562,3,5.5
13301,2285,3,57.0
7112,1655,3,5.3
388,2285,3,49.0
14053,1776,3,3.0
15235,74,3,1.8
10548,2842,3,4.9
13294,1699,3,0.1
7379,2285,3,39.0
4099,1407,3,3.3
6038,1321,3,46.0
5401,2285,3,35.0
8491,25,3,9.8
8139,2285,3,40.0
11631,2619,3,485.0
14486,2285,3,70.0
6419,255,3,136.0
10934,732,3,261.0
7349,1372,3,9.1
11598,2488,3,457.0
17359,2285,3,33.0
12819,2285,3,77.0
3087,2285,3,22.0
11536,368,3,3962.0
16186,142,3,55.0
18297,2562,3,21.0
3193,2285,3,40.0
565,2922,3,211.0
3772,25,3,9.6
5209,811,3,525.0
17456,2685,3,131.0
9301,2285,3,31.0
13490,491,3,1.1
14751,725,3,44.0
13609,2285,3,33.0
382,1488,3,340.0
4537,2922,3,77.0
4849,2726,3,105.0
11102,1177,3,14.8
9696,2285,3,43.0
3220,2285,3,22.0
398,2285,3,122.0
14470,2001,3,28.0
1996,682,3,87.0
205,1488,3,26.0
5001,237,3,449.0
7974,2536,3,11.8
10436,1228,3,408.0
5018,1488,3,97.0
2589,2433,3,6.0
8746,1832,3,2.4
17649,2285,3,17.6
11727,2380,3,2118.0
8813,1628,3,0.6
4070,1612,3,10.9
10662,1612,3,0.0
8034,1760,3,28.0
3520,2285,3,52.0
12690,1488,3,248.0
8147,2285,3,20.0
4188,2922,3,39.0
4320,2865,3,394.0
7315,18,3,15.3
11863,1832,3,39.0
15581,100,3,35.0
6068,823,3,19.6
14723,1617,3,389.0
10170,2285,3,18.5
8704,224,3,243.0
7063,2285,3,21.0
5539,1488,3,4115.0
9701,2439,3,328.0
16251,614,3,97.0
15732,237,3,38.0
9830,74,3,0.5
7856,237,3,1439.0
2084,2631,3,84.0
6290,2285,3,50.0
12975,2285,3,3.3
850,2285,3,85.0
3729,2865,3,16.1
9529,752,3,1.8
8590,2285,3,0.7
9248,237,3,259.0
15020,2285,3,40.0
9014,142,3,180.0
14627,797,3,1.6
8845,2340,3,63.0
2870,1662,3,33.0
2553,2285,3,54.0
11021,944,3,263.0
5563,1533,3,1420.0
10430,1612,3,0.3
17165,2285,3,43.0
9513,2285,3,26.0
11064,2685,3,4058.0
7582,2922,3,24.0
7517,2285,3,20.0
17423,2631,3,0.5
12507,1608,3,1101.0
8067,1202,3,174.0
12666,897,3,152.0
9275,2630,3,230.0
2187,944,3,1612.0
9656,1341,3,6.6
1666,237,3,1009.0
16083,1557,3,361.0
3482,2526,3,14.6
4708,2397,3,145.0
15856,2285,3,64.0
2372,2285,3,47.0
10442,2630,3,316.0
14539,777,3,0.8
16038,2631,3,35.0
14122,2285,3,73.0
7402,2562,3,18.1
15013,1832,3,23.0
17728,2285,3,56.0
7709,1583,3,174.0
14047,1858,3,12.3
15542,2631,3,48.0
16739,2285,3,26.0
2184,2525,3,4.0
12212,2169,3,17.0
341,2285,3,8.7
4614,1612,3,9.1
17665,2096,3,888.0
9886,2685,3,7394.0
163,1488,3,17.0
10611,1776,3,12.8
15147,1166,3,800.0
5722,2719,3,620.0
785,68,3,967.0
18251,2638,3,8.6
10673,2285,3,3.6
15102,2285,3,6.1
17849,2726,3,42.0
15531,1832,3,45.0
13489,1593,3,3.3
13132,2285,3,24.0
11251,1612,3,1.1
10886,1488,3,161.0
5321,2780,3,48.0
6180,2285,3,25.0
6638,2285,3,58.0
12091,2922,3,90.0
379,2922,3,633.0
1308,2380,3,1666.0
18212,2229,3,93.0
17368,1612,3,0.0
16411,2285,3,59.0
13268,1612,3,8.2
5696,2869,3,0.9
16462,2380,3,3341.0
10200,2285,3,65.0
4966,140,3,13.7
7495,1655,3,317.0
10097,2911,3,945.0
16425,445,3,87.0
11610,1488,3,472.0
17895,1503,3,29.0
7550,2285,3,31.0
16573,2285,3,15.1
6486,745,3,24.0
1576,1612,3,0.3
4648,2780,3,85.0
5541,2285,3,52.0
2384,2285,3,41.0
12489,68,3,327.0
11884,2726,3,38.0
15200,2285,3,23.0
13447,2285,3,39.0
6522,1202,3,1.0
5956,2922,3,64.0
17166,2285,3,33.0
1407,2098,3,165.0
9919,2285,3,35.0
10042,2285,3,48.0
14158,237,3,12.4
6664,2285,3,14.9
17904,2488,3,94.0
13259,811,3,126.0
4379,1166,3,36.0
15230,2285,3,49.0
8312,1612,3,1.1
11844,2285,3,49.0
17293,1321,3,34.0
16691,237,3,746.0
12873,2285,3,66.0
17449,1554,3,0.3
15602,132,3,1448.0
5391,1525,3,19.5
5514,1205,3,110.0
8971,2285,3,109.0
17564,1488,3,78.0
10695,2922,3,95.0
8399,2285,3,124.0
16892,2285,3,17.8
15271,237,3,75.0
10522,2285,3,39.0
5859,2285,3,15.0
10900,572,3,176.0
11592,1488,3,143.0
5189,1612,3,0.1
6628,2285,3,33.0
13785,1177,3,3.9
6381,2320,3,4.0
15644,2285,3,43.0
1990,1612,3,2.4
11175,151,3,15.0
11901,1612,3,0.5
17699,2001,3,1.8
9627,142,3,753.0
17691,2844,3,4.7
12759,2285,3,20.0
16745,2225,3,721.0
15129,1721,3,8.6
17523,368,3,3224.0
8432,2285,3,33.0
52,1488,3,965.0
11861,2139,3,14.2
10058,2922,3,197.0
1757,2285,3,29.0
11889,1612,3,0.1
4466,2001,3,4.2
15588,1488,3,506.0
13077,2631,3,250.0
8389,732,3,565.0
4019,1030,3,24.0
2064,1202,3,149.0
9821,368,3,1965.0
8506,2865,3,81.0
19,1488,3,691.0
1573,2285,3,30.0
15327,2630,3,26.0
2383,2400,3,5.6
1178,113,3,3.7
15560,1128,3,61.0
820,2285,3,53.0
7960,549,3,19.6
16867,2630,3,523.0
5375,68,3,573.0
5510,2285,3,82.0
1719,2726,3,55.0
322,2285,3,38.0
11516,1166,3,366.0
12406,2223,3,3095.0
4886,1488,3,4632.0
13922,2865,3,448.0
14026,1721,3,70.0
9535,2285,3,61.0
11679,2001,3,22.0
4264,68,3,128.0
13488,2285,3,79.0
16854,2285,3,26.0
6718,214,3,54.0
17709,2285,3,52.0
13081,2285,3,13.3
17742,1553,3,4410.0
9469,1090,3,223.0
9858,2285,3,17.2
9521,1488,3,25.0
11219,1128,3,22.0
14600,2285,3,83.0
8094,2285,3,19.1
18031,2285,3,8.8
14038,237,3,215.0
13043,2285,3,4.6
16369,2285,3,51.0
7716,237,3,254.0
2285,2285,3,33.0
13940,2285,3,91.0
3386,1584,3,1.6
11283,1499,3,210.0
16598,2285,3,36.0
13908,1937,3,2.1
14851,2285,3,50.0
17752,2344,3,0.1
11289,1228,3,194.0
14085,2285,3,34.0
12862,2876,3,121.0
13150,2285,3,120.0
1251,272,3,7.4
765,1236,3,6.8
14118,237,3,158.0
5960,1189,3,2.7
9667,2285,3,64.0
3390,2409,3,1.0
17424,2285,3,21.0
18170,2631,3,216.0
278,2285,3,65.0
7787,2285,3,33.0
1749,1321,3,0.8
3543,2285,3,75.0
14389,1321,3,50.0
4437,2285,3,93.0
11096,2285,3,31.0
5501,2285,3,18.6
2577,897,3,78.0
5808,2881,3,6.2
10513,2285,3,2.1
18290,2285,3,17.6
8184,237,3,708.0
11935,1937,3,0.1
17992,2285,3,39.0
997,2285,3,66.0
13270,1832,3,15.3
4255,1677,3,2.0
16363,684,3,5.4
540,2285,3,26.0
4827,2867,3,24.0
8693,1424,3,42.0
5390,237,3,290.0
713,1608,3,1712.0
3237,2285,3,42.0
11217,237,3,1244.0
9885,1488,3,549.0
11832,2285,3,14.7
12969,732,3,525.0
14778,1612,3,0.6
917,1832,3,95.0
4426,2488,3,1991.0
724,2285,3,98.0
14411,718,3,99.0
3760,2285,3,37.0
17588,2223,3,3306.0
10975,2285,3,69.0
13034,2205,3,7.7
4838,368,3,1935.0
7953,2865,3,653.0
10639,2027,3,23.0
4507,946,3,92.0
362,2285,3,32.0
3425,2148,3,37.0
16602,2285,3,46.0
13512,77,3,15.0
105,2285,3,0.6
4495,1202,3,82.0
9741,2285,3,18.8
17308,1539,3,25.0
6691,2285,3,21.0
9686,2285,3,75.0
4384,2285,3,22.0
13861,39,3,297.0
14237,1488,3,48.0
13006,2285,3,3.1
13354,1228,3,482.0
556,2922,3,37.0
1349,237,3,361.0
4127,2876,3,191.0
469,2285,3,15.2
2331,237,3,175.0
14569,2488,3,977.0
251,2497,3,35.0
13920,336,3,1.2
13328,2285,3,31.0
8204,25,3,13.3
8163,1578,3,296.0
13652,2285,3,32.0
8808,2562,3,18.1
1358,2631,3,19.2
7167,2285,3,35.0
11919,271,3,193.0
16158,2630,3,25.0
3409,2285,3,38.0
4107,2285,3,43.0
12807,1612,3,0.6
14243,1228,3,1067.0
12532,2285,3,34.0
16572,1776,3,44.0
657,2285,3,41.0
17612,464,3,0.6
7705,1525,3,4.8
8726,2098,3,47.0
2260,1721,3,4.3
16717,1612,3,1.1
10986,1488,3,51.0
16761,572,3,428.0
9053,2205,3,8.9
866,2285,3,39.0
13586,2922,3,202.0
15382,25,3,3.0
13580,2285,3,46.0
4902,237,3,240.0
5628,781,3,28.0
16513,2285,3,34.0
7042,944,3,68.0
9810,281,3,3.6
7519,237,3,1289.0
1354,2001,3,46.0
11468,2631,3,44.0
9306,2380,3,2947.0
6551,2630,3,135.0
13277,2285,3,58.0
5445,1838,3,3.0
9773,2285,3,70.0
4722,2285,3,80.0
9390,25,3,5.0
3784,1488,3,492.0
3231,1488,3,131.0
8196,272,3,3.8
16281,2205,3,8.1
2276,732,3,381.0
12613,2285,3,29.0
1190,2631,3,244.0
15714,1832,3,76.0
9058,2409,3,12.6
16554,22,3,12.0
17007,1488,3,320.0
13044,1832,3,1.2
12415,2285,3,13.6
12850,1128,3,15.4
12806,1304,3,371.0
15221,1611,3,45.0
13562,579,3,1.2
13407,1488,3,494.0
5873,272,3,59.0
13094,2285,3,49.0
16610,1578,3,32.0
7823,100,3,315.0
1096,505,3,1.4
991,2285,3,255.0
15432,2922,3,53.0
5838,1776,3,1.0
12732,2380,3,215.0
11435,2148,3,0.4
15808,1488,3,110.0
367,2285,3,43.0
15162,1492,3,426.0
17207,2496,3,10.0
11200,2922,3,61.0
15682,1406,3,32.0
3728,1166,3,59.0
648,2166,3,2.2
5984,1721,3,53.0
12761,1612,3,3.8
15104,1488,3,53.0
10783,2285,3,31.0
13725,2285,3,21.0
12396,2285,3,34.0
5701,68,3,915.0
10829,2161,3,1179.0
2025,1553,3,1018.0
7563,2285,3,72.0
6509,174,3,3.0
14375,2922,3,149.0
8559,2285,3,79.0
8843,1215,3,132.0
6319,1488,3,69.0
15499,2195,3,14.5
17278,68,3,442.0
8219,2285,3,41.0
4862,2631,3,98.0
843,2285,3,19.1
17160,2285,3,22.0
3952,2285,3,7.5
4368,545,3,24.0
255,2285,3,36.0
13351,1612,3,1.6
14104,2285,3,42.0
7222,2285,3,45.0
12836,1832,3,95.0
12803,1323,3,164.0
8877,2285,3,37.0
18046,1612,3,1.1
9263,2285,3,22.0
13108,2631,3,127.0
4971,2285,3,13.8
4860,2285,3,66.0
11498,1557,3,1110.0
11483,2285,3,74.0
3684,2285,3,35.0
16783,2285,3,18.0
11003,2285,3,59.0
11203,368,3,1795.0
15739,2285,3,29.0
7477,2285,3,13.0
8666,68,3,1115.0
8462,426,3,2528.0
9285,2285,3,13.2
15555,2630,3,24.0
8148,237,3,8.6
9131,2654,3,89.0
13314,42,3,31.0
8252,2285,3,23.0
13918,1488,3,22.0
16491,1612,3,4.8
11779,1189,3,36.0
17498,2536,3,63.0
14638,2285,3,20.0
2561,1776,3,21.0
10742,237,3,994.0
7534,564,3,178.0
8678,2631,3,363.0
9802,1488,3,719.0
11307,2285,3,17.7
6403,2285,3,25.0
13765,814,3,634.0
3880,2285,3,52.0
4919,1488,3,9.5
14294,2337,3,3.2
15927,2285,3,3.6
17126,732,3,453.0
16752,237,3,2357.0
18133,1488,3,1200.0
4109,1832,3,35.0
17085,1617,3,101.0
18292,98,3,21.0
10445,1612,3,2.2
10741,2243,3,1.1
1718,2285,3,68.0
12284,2285,3,59.0
17912,1037,3,40.0
12123,2285,3,24.0
15475,745,3,126.0
2079,1793,3,0.1
13638,2285,3,8.4
14040,1488,3,30.0
9660,1612,3,4.6
8958,2285,3,30.0
15574,1612,3,10.5
15323,572,3,562.0
13017,2631,3,70.0
2477,2340,3,31.0
6957,2285,3,20.0
13818,1655,3,15.2
2180,2285,3,50.0
17495,2285,3,32.0
13867,2195,3,7.3
7530,2285,3,38.0
835,2285,3,31.0
1192,2285,3,24.0
12735,1273,3,0.3
3539,237,3,139.0
14277,2448,3,83.0
8660,1632,3,613.0
6317,2285,3,18.2
2045,1611,3,5.6
3884,2285,3,52.0
1505,212,3,35.0
6865,1245,3,18.7
4287,1488,3,1.7
7498,1827,3,69.0
11077,1619,3,0.1
8772,572,3,3.6
12465,2285,3,12.8
11969,730,3,0.3
11142,2285,3,45.0
479,2285,3,35.0
9339,2631,3,54.0
2710,2285,3,38.0
9123,1488,3,135.0
319,2285,3,69.0
7951,2630,3,8.2
421,2285,3,28.0
207,1612,3,2.1
1873,1612,3,5.0
14988,897,3,214.0
12497,2285,3,68.0
8375,2285,3,4.8
6037,814,3,1198.0
14206,2205,3,8.6
9583,2285,3,37.0
11247,2630,3,62.0
7275,2631,3,132.0
7202,2285,3,0.3
7541,1876,3,30.0
12007,2285,3,14.6
11411,1612,3,1.0
1793,2850,3,68.0
8070,237,3,1088.0
6351,569,3,3.0
13914,2631,3,244.0
11755,1304,3,270.0
12488,1832,3,7.7
15835,1612,3,0.5
15387,2285,3,71.0
16910,1552,3,0.6
9945,1533,3,830.0
5803,743,3,100.0
10675,2285,3,46.0
10478,1832,3,26.0
7353,2285,3,42.0
12970,2439,3,407.0
6654,572,3,185.0
13115,132,3,773.0
17832,2285,3,44.0
4484,74,3,0.0
8281,2285,3,1.1
9771,1166,3,197.0
16479,1612,3,1.3
17310,2631,3,87.0
3321,1108,3,8.1
2001,271,3,144.0
17950,237,3,2217.0
3251,2285,3,88.0
11270,1488,3,6.7
14608,74,3,2.6
1814,2285,3,33.0
7025,2285,3,101.0
15212,2285,3,58.0
1351,2098,3,36.0
15007,1488,3,17.9
10046,2630,3,5.8
276,407,3,5.0
4283,614,3,78.0
10130,2631,3,113.0
14571,2380,3,922.0
18231,2285,3,72.0
16821,2028,3,19.6
6587,1488,3,287.0
149,814,3,447.0
7410,1321,3,10.6
2017,2285,3,25.0
5778,965,3,14.2
15316,2285,3,8.3
8427,2922,3,20.0
16244,2285,3,21.0
18158,1471,3,329.0
10290,1612,3,5.8
3481,2285,3,2.8
2894,255,3,468.0
9629,2285,3,84.0
11932,718,3,45.0
11686,237,3,605.0
12100,2285,3,77.0
15001,1488,3,2711.0
2791,1908,3,1.2
9056,2285,3,55.0
3337,2285,3,54.0
16632,1864,3,4.3
16515,2831,3,495.0
134,2285,3,7.0
11657,2285,3,23.0
14322,68,3,1047.0
17706,854,3,146.0
12056,2827,3,7.4
15472,2631,3,104.0
17725,68,3,1641.0
15782,2489,3,10.3
12655,2865,3,88.0
9794,828,3,22.0
6764,2631,3,92.0
15242,2630,3,810.0
10379,1612,3,0.0
223,1488,3,0.6
8555,2630,3,11.5
5721,2001,3,20.0
7999,2285,3,0.3
8825,2285,3,24.0
3145,1838,3,108.0
17475,1488,3,5.3
10861,2922,3,2250.0
9151,2285,3,14.8
200,237,3,43.0
266,2425,3,6.0
678,1488,3,641.0
14942,2547,3,0.6
9231,2630,3,154.0
17838,237,3,1545.0
7640,2285,3,43.0
9740,68,3,1348.0
4734,2285,3,33.0
3566,2285,3,32.0
10602,1488,3,76.0
8128,2285,3,51.0
8227,2285,3,9.6
15791,1776,3,27.0
3164,1700,3,1.6
17771,237,3,161.0
15085,2285,3,46.0
13608,2285,3,2.8
10663,2631,3,303.0
17222,2332,3,185.0
323,2299,3,2.0
7821,2631,3,133.0
961,2285,3,59.0
15987,2285,3,28.0
11157,2285,3,32.0
17268,1488,3,243.0
88,2726,3,36.0
7513,2850,3,11.2
509,1488,3,223.0
10160,2631,3,173.0
11985,1612,3,7.4
3062,2631,3,158.0
13942,1166,3,21.0
1253,1721,3,2644.0
11746,2285,3,32.0
12420,1612,3,7.5
15117,2726,3,45.0
8898,1832,3,47.0
1632,274,3,24.0
16199,2001,3,7.4
16973,2366,3,6.5
17783,1499,3,156.0
11357,1533,3,347.0
12887,2285,3,56.0
10372,2285,3,83.0
136,1488,3,199.0
12127,2285,3,58.0
3952,1488,3,451.0
15968,2685,3,221.0
14298,897,3,1129.0
11486,1612,3,3.1
9165,1166,3,68.0
9145,2026,3,0.0
9127,2285,3,40.0
7631,2622,3,35.0
10262,237,3,40.0
17814,2888,3,106.0
5198,2285,3,47.0
12004,2922,3,80.0
14928,1488,3,3920.0
9654,2285,3,39.0
5449,1583,3,91.0
6096,814,3,164.0
12441,1488,3,85.0
15950,2536,3,0.2
12775,2285,3,46.0
4471,2285,3,70.0
14469,2922,3,92.0
11669,1321,3,18.6
1661,2922,3,149.0
9317,2285,3,33.0
16418,1189,3,66.0
3048,1071,3,53.0
8512,2016,3,30.0
5850,1612,3,0.0
12361,1610,3,871.0
16224,2285,3,38.0
13062,1612,3,0.6
16940,1202,3,15.0
16140,2922,3,94.0
14407,1488,3,357.0
16005,132,3,97.0
950,2285,3,72.0
3325,2285,3,46.0
7367,2285,3,80.0
6150,1488,3,6.2
11909,2380,3,1943.0
11132,25,3,0.7
10858,1488,3,550.0
13573,845,3,12.1
2018,2420,3,373.0
13386,2822,3,28.0
16136,816,3,29.0
12921,814,3,102.0
8055,1612,3,2.4
12190,2831,3,97.0
15844,237,3,615.0
2504,2685,3,714.0
12788,2911,3,7220.0
13713,2607,3,630.0
2527,237,3,676.0
3794,68,3,1529.0
413,2027,3,0.3
16383,2285,3,35.0
14414,2285,3,130.0
12202,1488,3,22.0
8579,944,3,218.0
9354,1037,3,168.0
5904,2722,3,1.5
1869,1838,3,18.6
12558,1488,3,948.0
6208,1832,3,175.0
15203,919,3,17.2
427,1407,3,6.7
13761,1488,3,51.0
432,2285,3,47.0
16019,1321,3,77.0
9831,2619,3,11.9
9550,2205,3,3.4
10312,2630,3,15.4
7748,1557,3,203.0
3391,2285,3,36.0
8310,2285,3,36.0
4558,323,3,116.0
6589,2285,3,30.0
17461,2285,3,37.0
17457,1776,3,60.0
11406,2719,3,510.0
10715,2013,3,7.1
17646,1488,3,311.0
4191,100,3,176.0
1813,1488,3,3894.0
11606,272,3,40.0
4730,2285,3,21.0
13281,1655,3,270.0
15036,2285,3,41.0
14003,2285,3,41.0
3682,2631,3,34.0
8614,2631,3,68.0
9153,2526,3,18.0
3852,1057,3,11.4
10497,2630,3,5.5
12538,1304,3,352.0
11892,2285,3,54.0
10339,68,3,1646.0
1475,2285,3,52.0
5774,1685,3,31.0
3869,2285,3,35.0
13453,2285,3,23.0
12882,237,3,126.0
16498,2285,3,19.2
10753,1608,3,188.0
12787,237,3,9.6
12802,2285,3,50.0
8112,68,3,1798.0
17127,2285,3,5.9
9869,2876,3,106.0
8577,549,3,0.2
5949,1553,3,1745.0
10549,2285,3,39.0
10652,1612,3,8.0
10749,2285,3,8.7
934,2055,3,7.3
13551,1488,3,347.0
9645,2285,3,44.0
1787,944,3,1158.0
11119,2630,3,533.0
1631,48,3,36.0
5088,2498,3,1.1
305,1128,3,185.0
13605,2922,3,35.0
2000,2152,3,10.4
8084,2285,3,47.0
7398,2285,3,32.0
16027,2285,3,41.0
4128,1612,3,12.2
16361,1166,3,718.0
3416,2285,3,57.0
13296,1317,3,7.9
15060,2631,3,200.0
7085,282,3,2.8
6514,1341,3,5.0
15638,2631,3,205.0
1261,2292,3,147.0
15512,2285,3,34.0
16729,1376,3,25.0
10651,1838,3,117.0
17538,2285,3,37.0
15489,25,3,8.9
17202,1612,3,3.0
17111,2285,3,33.0
15907,1397,3,0.6
2756,1087,3,13.7
2539,2285,3,22.0
16440,2285,3,25.0
16166,2285,3,45.0
16967,237,3,2789.0
15117,732,3,921.0
14760,2285,3,34.0
3149,1341,3,0.9
7456,2726,3,7.3
13422,74,3,1.8
1489,237,3,723.0
12281,1721,3,12.2
4643,2423,3,215.0
15942,1838,3,16.2
13952,2285,3,82.0
7080,1838,3,10.0
18004,1317,3,340.0
3582,9,3,3.5
2402,237,3,1341.0
4222,741,3,8.6
9463,1488,3,267.0
16694,2562,3,9.8
3791,814,3,4.1
8780,2285,3,64.0
5310,2285,3,43.0
6012,1407,3,7.0
9648,2285,3,45.0
11025,1215,3,243.0
16187,2285,3,9.9
13893,2340,3,19.6
4848,2285,3,100.0
18300,237,3,1688.0
15350,74,3,3.5
17415,2285,3,33.0
868,2285,3,55.0
2426,1608,3,1688.0
8464,1300,3,126.0
12881,1612,3,0.0
7943,1156,3,3.5
16195,1488,3,185.0
13664,2380,3,709.0
394,2285,3,16.0
11460,1610,3,673.0
9640,2285,3,50.0
5662,368,3,24.0
14126,68,3,421.0
2151,572,3,673.0
4905,2285,3,5.5
5797,2631,3,44.0
6184,1612,3,0.0
1899,2285,3,68.0
1985,2285,3,24.0
11316,2631,3,68.0
14084,1612,3,0.9
4013,1525,3,7.8
12366,2285,3,25.0
4794,2285,3,111.0
12917,359,3,57.0
1901,1655,3,43.0
12659,68,3,995.0
721,2106,3,5.6
5096,864,3,9.6
6046,482,3,0.1
12573,2285,3,18.5
10185,2844,3,13.9
13083,2285,3,57.0
3398,2630,3,202.0
15930,2562,3,0.9
12468,1612,3,0.2
2338,2285,3,28.0
11064,2225,3,1274.0
11161,2922,3,91.0
11716,1488,3,1499.0
12282,237,3,600.0
13358,237,3,466.0
3639,229,3,4526.0
16850,25,3,64.0
10300,1832,3,96.0
10195,2631,3,75.0
3148,2630,3,8.2
3032,2285,3,63.0
15145,2285,3,6.2
12572,2285,3,62.0
13777,2285,3,17.2
2681,483,3,4.8
17700,1911,3,414.0
12823,2275,3,158.0
13698,1128,3,27.0
3227,1838,3,11.4
8143,2630,3,431.0
14991,1679,3,31.0
216,1721,3,0.3
2065,1785,3,873.0
2516,2142,3,28.0
6334,2285,3,33.0
15052,1030,3,29.0
17988,1557,3,935.0
5816,2285,3,61.0
7321,2343,3,121.0
12996,2285,3,37.0
16129,2285,3,51.0
7481,2831,3,26.0
14107,766,3,219.0
14400,2122,3,102.0
3927,157,3,3.2
17906,2295,3,32.0
5286,2285,3,4.6
17825,2780,3,58.0
2248,2631,3,72.0
16695,100,3,423.0
17659,246,3,58.0
435,2285,3,34.0
562,2631,3,239.0
15947,1612,3,1.5
10711,854,3,235.0
14727,1488,3,103.0
7685,1488,3,82.0
1802,1488,3,634.0
15446,1737,3,0.0
6805,1612,3,1.2
13837,74,3,2.0
16024,1488,3,177.0
15069,1838,3,21.0
13165,25,3,1.0
1275,2631,3,140.0
1074,2285,3,34.0
9838,2285,3,37.0
14502,185,3,0.6
15813,25,3,1.7
17481,2562,3,6.4
5248,1612,3,0.2
14814,68,3,447.0
3966,237,3,48.0
9692,2775,3,37.0
8197,200,3,52.0
11908,425,3,246.0
15233,1488,3,198.0
7780,237,3,18.7
3557,2285,3,122.0
15390,1660,3,1.4
2716,2285,3,46.0
233,811,3,285.0
5557,2285,3,18.6
1843,2285,3,88.0
5013,2526,3,10.6
10838,2831,3,217.0
14034,2285,3,0.8
13537,1947,3,27.0
7883,2122,3,111.0
2803,2630,3,296.0
12389,2631,3,42.0
14850,237,3,1819.0
4985,237,3,545.0
4139,724,3,2.0
4716,2910,3,8.0
15436,1037,3,31.0
6242,2631,3,187.0
13688,237,3,373.0
9661,2285,3,66.0
7671,1612,3,0.5
12872,1488,3,4211.0
14010,1612,3,2.4
12953,2285,3,45.0
17060,1721,3,0.7
6870,2285,3,44.0
13316,2285,3,36.0
12838,2631,3,50.0
6431,426,3,953.0
16900,1557,3,864.0
14094,1534,3,60.0
2905,2865,3,573.0
14755,1703,3,1.0
737,2285,3,35.0
8180,1128,3,188.0
10871,237,3,118.0
1016,1166,3,728.0
13618,1300,3,226.0
7091,558,3,41.0
1911,100,3,409.0
5111,68,3,11.8
11597,1202,3,0.5
3373,565,3,2.8
13792,2285,3,27.0
15187,2752,3,6.6
4225,1488,3,113.0
16064,1776,3,57.0
5593,2285,3,81.0
956,2285,3,29.0
3917,1612,3,0.8
11168,2285,3,56.0
17981,255,3,62.0
14291,1612,3,0.0
10402,2285,3,27.0
14890,2285,3,2.4
12869,2780,3,74.0
7018,2631,3,369.0
5961,1488,3,12.9
1521,1155,3,48.0
8624,1612,3,5.6
15056,1832,3,77.0
16820,2922,3,22.0
13244,1985,3,33.0
16797,2098,3,92.0
5145,237,3,182.0
11156,2285,3,49.0
1099,1128,3,62.0
892,1189,3,1.9
3785,2285,3,19.4
17720,2285,3,1.8
7113,2001,3,61.0
17933,1612,3,2.7
15273,1166,3,61.0
5678,1612,3,2.6
17639,2285,3,16.9
1973,2285,3,69.0
15643,2850,3,13.8
17878,1030,3,44.0
17607,1612,3,0.2
13180,854,3,67.0
960,1605,3,2.3
6073,2285,3,48.0
16366,732,3,185.0
15267,2780,3,6.6
7845,1578,3,419.0
5450,1471,3,1216.0
11865,2285,3,28.0
1212,2631,3,217.0
2031,1612,3,0.4
2511,2285,3,34.0
9415,2380,3,479.0
16443,2285,3,30.0
9559,2285,3,46.0
13857,2285,3,32.0
12198,2225,3,166.0
5479,1721,3,25.0
11994,2285,3,54.0
10412,2285,3,13.8
15901,1557,3,1410.0
13545,2441,3,9.0
1260,237,3,1253.0
13317,2630,3,311.0
9157,2865,3,58.0
16591,814,3,809.0
16073,1155,3,180.0
8272,1488,3,119.0
11818,1488,3,85.0
15360,998,3,1.0
16241,2380,3,2067.0
15455,1232,3,167.0
6684,2631,3,238.0
18033,237,3,858.0
16467,2285,3,38.0
2775,2738,3,13.0
15246,2285,3,28.0
6167,198,3,0.3
15200,2631,3,76.0
13322,1679,3,4.9
6630,2285,3,82.0
17875,1785,3,336.0
8880,1832,3,77.0
1641,2423,3,1.3
4383,2339,3,2652.0
16507,2831,3,6.4
10657,732,3,572.0
14142,1832,3,27.0
12577,2726,3,4.6
3560,2285,3,41.0
9011,2285,3,3.4
3065,2380,3,847.0
15517,2290,3,26.0
345,1937,3,8.9
9898,2285,3,14.3
12038,100,3,5.8
17723,1156,3,1.7
3436,2106,3,8.2
10154,1578,3,187.0
5260,237,3,1488.0
2613,1578,3,122.0
4358,944,3,828.0
9500,2380,3,1281.0
12832,2285,3,44.0
14916,1832,3,12.1
5575,237,3,656.0
17374,2285,3,21.0
10373,237,3,409.0
16097,2285,3,19.6
16438,2148,3,1.1
9986,2285,3,19.9
128,2285,3,1.0
1281,2122,3,167.0
4704,2285,3,42.0
5925,2496,3,15.9
17106,237,3,771.0
9524,1838,3,36.0
16953,2380,3,713.0
10117,2865,3,799.0
7523,237,3,2412.0
13786,2631,3,550.0
17623,2850,3,27.0
2417,2783,3,66.0
15877,679,3,91.0
2524,2380,3,1689.0
6886,691,3,4.7
14904,864,3,5.1
6164,237,3,760.0
14886,564,3,7.2
10510,1488,3,167.0
905,725,3,22.0
1574,2285,3,19.8
9946,2341,3,2.0
13251,343,3,0.3
625,2380,3,620.0
13166,2285,3,58.0
3969,2631,3,179.0
8504,282,3,1.2
8617,1557,3,912.0
610,237,3,1716.0
17520,68,3,1528.0
13424,574,3,41.0
3005,1142,3,2.5
15496,2285,3,41.0
11980,237,3,285.0
2183,1471,3,220.0
17081,2911,3,954.0
10539,368,3,825.0
3960,255,3,2.1
12142,2285,3,14.1
12327,1721,3,17.9
7123,2285,3,33.0
9474,1304,3,559.0
6983,2285,3,32.0
11325,368,3,1154.0
14385,2631,3,445.0
11487,2630,3,133.0
8127,2142,3,138.0
15991,2285,3,58.0
2336,2631,3,130.0
15146,1492,3,1976.0
6811,1488,3,62.0
1595,2285,3,21.0
9939,2285,3,15.6
5270,2285,3,15.5
8440,2285,3,35.0
3,237,3,1240.0
10920,2285,3,8.9
7956,2027,3,17.2
3433,2285,3,42.0
15483,2400,3,24.0
4165,2227,3,1182.0
13783,2922,3,19.8
16055,2439,3,231.0
1425,2631,3,4.6
7922,1612,3,0.1
5429,1228,3,505.0
10274,1612,3,0.8
4104,1911,3,177.0
8540,2865,3,918.0
9281,2285,3,64.0
10449,2285,3,27.0
12014,2285,3,16.4
12801,1488,3,75.0
2224,2285,3,32.0
12487,2285,3,25.0
14774,142,3,525.0
8686,2922,3,26.0
17824,1617,3,447.0
9208,2006,3,711.0
315,1228,3,1527.0
12670,1776,3,11.9
16755,2285,3,126.0
14439,1488,3,51.0
2853,2285,3,33.0
17567,2275,3,24.0
9874,1578,3,160.0
13695,2327,3,34.0
8447,2285,3,22.0
3034,687,3,10.0
10607,1228,3,430.0
15245,1488,3,217.0
3042,1202,3,160.0
11625,237,3,2890.0
5086,1323,3,738.0
3340,2285,3,62.0
8317,1488,3,64.0
81,2631,3,218.0
1991,2225,3,1383.0
13524,2922,3,112.0
1807,2380,3,47.0
2745,2285,3,1.8
15780,2285,3,51.0
11373,2631,3,74.0
15098,2631,3,132.0
5735,68,3,793.0
13133,2630,3,32.0
10691,2726,3,16.3
6070,68,3,999.0
10606,2285,3,36.0
12515,819,3,1.4
740,2285,3,124.0
11162,1044,3,5.0
10750,2285,3,52.0
14541,2098,3,0.0
16543,1488,3,6.7
8223,1612,3,1.6
9814,1781,3,1482.0
2973,2285,3,41.0
15849,2205,3,9.2
1430,2631,3,132.0
13265,1832,3,5.5
11140,897,3,10.3
3606,1488,3,16.7
6754,2285,3,37.0
8036,1128,3,48.0
8813,1612,3,0.6
967,2489,3,373.0
12885,30,3,7.1
1438,897,3,164.0
10656,2631,3,161.0
1383,272,3,55.0
6899,1488,3,405.0
13264,279,3,32.0
838,2695,3,6.2
955,1342,3,18.2
13248,2298,3,67.0
6727,2285,3,57.0
6389,2285,3,4.0
11036,1488,3,230.0
9528,1776,3,31.0
12376,2285,3,12.7
7375,1277,3,19.1
17344,1609,3,39.0
1942,2285,3,34.0
8956,1030,3,75.0
863,2285,3,31.0
6001,2630,3,114.0
12686,2096,3,47.0
11519,594,3,387.0
17891,2285,3,53.0
17479,2397,3,289.0
8983,2285,3,12.3
10476,1721,3,13.7
14641,1612,3,1.4
13847,2380,3,6678.0
13663,2285,3,43.0
12848,271,3,67.0
16277,2630,3,404.0
7419,68,3,92.0
11691,2638,3,6.2
13912,142,3,1853.0
14426,2285,3,34.0
889,2285,3,42.0
11775,2056,3,3.0
15933,1341,3,24.0
11170,1488,3,143.0
9442,2630,3,109.0
16448,2161,3,524.0
4553,237,3,1440.0
14396,2285,3,59.0
6960,2016,3,9.9
16032,2285,3,47.0
13909,2285,3,2.1
10616,2630,3,440.0
8460,2285,3,5.0
11371,2631,3,101.0
14799,809,3,12.5
12388,1832,3,15.6
8457,2298,3,12.6
7864,1166,3,208.0
2136,811,3,925.0
10595,2285,3,78.0
16778,2285,3,19.8
18195,1179,3,14.2
17512,1488,3,466.0
9435,1488,3,48.0
2379,2285,3,47.0
14662,1612,3,0.3
438,2285,3,35.0
14292,1608,3,956.0
14823,897,3,150.0
1524,2285,3,33.0
10726,2285,3,46.0
3139,1612,3,4.4
9819,2285,3,43.0
16563,1336,3,3.0
3507,68,3,1986.0
4680,237,3,1504.0
16971,1985,3,0.0
16862,2285,3,45.0
1375,537,3,20.0
12904,1087,3,16.5
6988,2285,3,64.0
8913,1488,3,491.0
16589,2922,3,120.0
13776,2854,3,25.0
6449,98,3,25.0
7891,2285,3,54.0
5221,1000,3,4.5
1447,2285,3,23.0
5050,2631,3,180.0
8282,529,3,44.0
4984,953,3,513.0
14852,2285,3,137.0
10649,2285,3,62.0
1063,2285,3,52.0
12694,1407,3,2.3
2917,2285,3,70.0
4597,1228,3,85.0
4010,1612,3,1.6
739,1488,3,318.0
12462,9,3,25.0
2636,1166,3,28.0
11997,2380,3,738.0
4528,2420,3,16.9
11776,1612,3,0.9
3440,237,3,2477.0
13543,1612,3,0.4
4429,237,3,1382.0
17409,1838,3,3.2
15444,2225,3,1774.0
1457,1837,3,67.0
1470,2285,3,46.0
15409,2285,3,45.0
139,1721,3,33.0
15989,1407,3,9.4
11122,324,3,0.6
7952,1488,3,61.0
15825,1488,3,5.6
7301,1488,3,111.0
1998,237,3,824.0
9763,25,3,46.0
3735,1608,3,631.0
16258,2439,3,802.0
17820,2285,3,46.0
10518,1721,3,2.0
6665,2243,3,3.0
11972,1612,3,3.5
15673,2285,3,16.3
2752,1612,3,5.3
11233,828,3,137.0
5615,237,3,520.0
11177,2285,3,1.4
18223,2285,3,40.0
13839,2630,3,55.0
12894,2095,3,0.0
17793,2285,3,42.0
4603,2631,3,178.0
5165,2922,3,293.0
3891,2285,3,69.0
293,2630,3,238.0
12347,1612,3,0.2
8615,68,3,504.0
16881,2285,3,53.0
3249,2285,3,3.9
17430,2631,3,94.0
1471,1488,3,31.0
10095,2285,3,80.0
9883,2285,3,18.3
6690,1785,3,21.0
4977,944,3,862.0
12119,2876,3,594.0
10640,1468,3,40.0
3077,2285,3,138.0
16912,2285,3,55.0
12101,2285,3,79.0
9842,1304,3,1177.0
11495,237,3,1258.0
13124,1488,3,792.0
14381,2611,3,0.2
12355,944,3,59.0
6921,2630,3,128.0
18097,732,3,667.0
14453,2285,3,32.0
12052,2922,3,102.0
11,2285,3,7.8
8141,2285,3,8.8
1579,1488,3,121.0
16272,1612,3,2.2
14344,1488,3,186.0
4229,1559,3,77.0
4532,1612,3,3.9
7472,488,3,659.0
8530,1539,3,71.0
10776,1848,3,11.8
2353,237,3,1649.0
7678,2285,3,16.4
978,1155,3,316.0
13599,1832,3,37.0
264,2922,3,208.0
1202,368,3,2494.0
6354,2693,3,25.0
1088,1488,3,256.0
7850,2285,3,23.0
17986,2285,3,143.0
11540,732,3,204.0
6833,1128,3,11.2
10822,1128,3,33.0
17837,1876,3,13.7
697,2285,3,28.0
12455,2536,3,2.0
15045,1488,3,1743.0
12092,2285,3,18.1
13555,2285,3,6.8
15514,1776,3,8.0
9680,142,3,303.0
17201,1488,3,188.0
10084,237,3,789.0
7888,1612,3,2.0
10293,944,3,293.0
14412,2631,3,81.0
11800,2285,3,45.0
12805,2285,3,60.0
18186,2630,3,11.2
11827,1612,3,3.8
16535,811,3,20.0
13965,1612,3,0.7
689,2285,3,18.7
5983,2285,3,30.0
14028,944,3,175.0
336,68,3,1764.0
6707,2285,3,35.0
14655,1321,3,38.0
11725,2922,3,33.0
10731,2285,3,38.0
15135,312,3,29.0
5380,2285,3,32.0
15672,2631,3,44.0
14401,1488,3,57.0
3342,237,3,1171.0
10222,1203,3,47.0
17191,237,3,1419.0
330,2285,3,29.0
14352,1596,3,0.3
17069,1832,3,66.0
13412,2726,3,6.0
3764,854,3,311.0
8473,1096,3,0.0
12595,1832,3,110.0
10712,237,3,209.0
14744,2285,3,42.0
434,1603,3,6.6
10905,2285,3,7.9
10345,556,3,26.0
9036,2285,3,94.0
7342,1488,3,55.0
13112,2285,3,44.0
11593,2585,3,90.0
4755,1407,3,0.7
18177,1492,3,470.0
3619,814,3,443.0
1024,2285,3,66.0
274,1832,3,14.5
16261,854,3,551.0
10976,2630,3,6.3
2277,2122,3,3.9
5247,2285,3,41.0
3901,1612,3,2.2
7035,2780,3,2.0
16508,1330,3,7.5
14425,1603,3,3.0
15124,2148,3,4.2
6265,2285,3,54.0
8092,1488,3,130.0
14962,359,3,106.0
15503,1228,3,228.0
12345,274,3,13.3
798,2055,3,0.2
9777,518,3,5.0
3172,2631,3,2.9
11532,1533,3,629.0
1750,2285,3,21.0
5890,1488,3,22.0
9315,25,3,6.1
8035,2285,3,38.0
14984,2285,3,40.0
759,1936,3,3.5
6115,2285,3,52.0
10808,1609,3,75.0
14802,237,3,2757.0
9508,814,3,682.0
2127,1655,3,101.0
1788,2526,3,16.8
1161,811,3,2170.0
797,98,3,16.1
10835,237,3,2002.0
5958,25,3,15.3
16089,2619,3,166.0
609,2630,3,72.0
1758,2631,3,113.0
10153,797,3,7.5
240,2631,3,0.7
10010,1488,3,46.0
15864,1585,3,3.8
123,2285,3,15.4
6917,2285,3,29.0
3313,1488,3,44.0
3644,2285,3,57.0
5565,546,3,19.8
13799,2017,3,10.3
2854,2285,3,23.0
12201,2285,3,15.0
10774,237,3,672.0
4307,2631,3,278.0
13616,2285,3,24.0
7833,2285,3,21.0
14704,2285,3,23.0
14706,288,3,361.0
416,1321,3,37.0
15300,2285,3,1.5
516,2631,3,0.0
4493,1079,3,2376.0
9028,2922,3,106.0
13144,237,3,2697.0
4140,732,3,479.0
10733,2285,3,41.0
12369,2285,3,68.0
13225,237,3,2340.0
12187,1911,3,1774.0
8248,2285,3,0.5
16957,2631,3,101.0
178,2285,3,37.0
5411,2285,3,57.0
14489,1801,3,17.1
12333,1721,3,18.9
17852,2285,3,165.0
10439,2922,3,87.0
10993,2285,3,33.0
11712,2805,3,3.6
15113,537,3,40.0
12169,2285,3,23.0
16732,1488,3,36.0
2979,2122,3,157.0
7261,2285,3,29.0
7414,2511,3,179.0
16245,1347,3,7.1
11731,1215,3,46.0
11506,2285,3,35.0
10913,2285,3,31.0
14169,2285,3,36.0
13496,1128,3,89.0
4232,1612,3,3.0
8926,1557,3,164.0
10045,1156,3,0.4
513,2285,3,103.0
1380,994,3,0.1
7424,2631,3,146.0
16933,1488,3,383.0
7382,2227,3,1341.0
11059,2285,3,84.0
4925,1488,3,34.0
16253,1488,3,103.0
14090,2285,3,25.0
14661,2285,3,45.0
7369,2285,3,17.8
1003,126,3,6.0
10075,1612,3,3.6
6235,1488,3,22.0
11076,1488,3,8.1
14033,1488,3,201.0
13147,2285,3,19.2
1944,2285,3,44.0
11708,1228,3,759.0
15345,237,3,738.0
4385,1488,3,71.0
5268,2285,3,40.0
12980,2285,3,39.0
10363,1612,3,4.8
12756,2630,3,331.0
10743,2285,3,52.0
7521,1612,3,0.0
695,1497,3,1.5
4164,1488,3,157.0
13884,1488,3,169.0
9032,2865,3,157.0
3122,2911,3,135.0
2287,1155,3,60.0
629,1593,3,13.7
15148,2844,3,8.8
17154,1304,3,591.0
4082,272,3,17.7
3293,237,3,1490.0
3228,2285,3,24.0
263,1655,3,84.0
667,2285,3,35.0
10299,1488,3,1321.0
16118,2285,3,35.0
17903,1228,3,1085.0
16311,2285,3,63.0
10739,1734,3,263.0
2933,132,3,49.0
11697,132,3,123.0
1902,376,3,4.7
6221,1214,3,18.8
2934,2448,3,0.5
6477,2630,3,109.0
6837,2780,3,69.0
13659,2285,3,27.0
10987,2285,3,42.0
10809,2285,3,47.0
11417,2922,3,155.0
5389,944,3,683.0
11660,2285,3,14.4
8410,2327,3,6.8
656,2229,3,104.0
16475,2631,3,46.0
2520,2726,3,58.0
16004,2223,3,6.0
16226,2631,3,34.0
6533,2441,3,148.0
8521,2096,3,1319.0
13267,2562,3,13.3
262,2285,3,52.0
17158,1488,3,34.0
16848,1628,3,1.6
14437,2630,3,48.0
15630,272,3,177.0
3393,2631,3,55.0
11728,2285,3,23.0
9909,791,3,235.0
12224,1321,3,18.5
12816,2285,3,33.0
10420,368,3,221.0
17573,1827,3,1126.0
17528,2285,3,25.0
17627,2285,3,7.2
10525,2922,3,32.0
18181,25,3,0.9
15272,2630,3,3.1
12344,2285,3,38.0
2051,1488,3,1065.0
12159,237,3,1417.0
8708,2285,3,35.0
6257,555,3,411.0
14505,2285,3,17.8
772,2630,3,210.0
5276,100,3,58.0
11445,1610,3,535.0
1075,2922,3,279.0
13127,1321,3,11.0
10019,408,3,2.0
3276,2831,3,52.0
17879,2285,3,46.0
10719,2285,3,8.8
1098,946,3,119.0
7271,68,3,273.0
11930,2285,3,2.5
8033,1875,3,2.6
14953,2285,3,27.0
10560,2922,3,59.0
6171,1128,3,112.0
5474,214,3,100.0
16590,2285,3,25.0
10735,2027,3,49.0
6329,2285,3,23.0
13532,2638,3,4.1
5466,1488,3,346.0
9620,2285,3,141.0
14137,1578,3,1050.0
14070,2380,3,550.0
13907,1612,3,3.5
11810,2285,3,17.3
15789,1937,3,2.1
13135,2285,3,7.7
7834,2344,3,1.0
15722,2876,3,1661.0
11359,1488,3,4348.0
11232,1141,3,148.0
10555,237,3,280.0
756,1612,3,4.3
7538,1937,3,0.2
7168,1612,3,1.0
11690,2285,3,75.0
15960,2285,3,52.0
9251,2380,3,1766.0
13269,1635,3,139.0
766,2631,3,185.0
5519,272,3,429.0
13184,402,3,395.0
6284,2380,3,127.0
17346,2630,3,49.0
14965,237,3,333.0
11629,98,3,29.0
17457,1612,3,1.4
17789,1407,3,0.0
10343,2285,3,32.0
8,2285,3,42.0
837,98,3,77.0
6633,1518,3,0.0
16033,412,3,247.0
8561,2536,3,12.0
11363,2197,3,2.6
143,1838,3,16.9
6114,1253,3,0.9
17446,68,3,842.0
15667,2285,3,26.0
14673,2285,3,22.0
11266,2285,3,22.0
5996,1612,3,0.2
6071,2285,3,59.0
15931,142,3,85.0
527,2147,3,49.0
15899,2922,3,74.0
16429,1202,3,129.0
3041,2285,3,37.0
1900,251,3,2379.0
342,2285,3,40.0
14089,2922,3,86.0
13513,2631,3,232.0
15391,555,3,189.0
4134,2285,3,48.0
17388,274,3,23.0
14571,1318,3,3.2
14999,237,3,175.0
6362,25,3,15.2
6937,2136,3,128.0
17150,682,3,7.2
6871,1488,3,10.9
2193,2285,3,7.9
9906,1128,3,112.0
4565,1027,3,47.0
1114,1876,3,25.0
15424,2285,3,333.0
4811,2631,3,140.0
220,2285,3,52.0
9467,2285,3,5.7
14520,2865,3,778.0
11455,814,3,935.0
4585,1612,3,5.7
12112,1820,3,4.4
3670,442,3,9.5
11064,2285,3,23.0
9808,359,3,51.0
12608,2205,3,21.0
9719,1488,3,178.0
16488,1488,3,260.0
1381,2285,3,19.8
8303,2285,3,34.0
16423,2285,3,14.5
13138,2751,3,10.5
7620,1612,3,7.4
853,1030,3,501.0
8345,1608,3,729.0
9458,1488,3,152.0
15063,2285,3,13.7
14956,1488,3,19.2
16247,2380,3,2026.0
15284,777,3,1.2
12610,2285,3,69.0
3469,2611,3,1.9
4976,1202,3,305.0
7372,1612,3,0.0
14226,255,3,462.0
11523,2922,3,31.0
14153,545,3,45.0
11344,25,3,13.4
378,237,3,2269.0
5829,237,3,887.0
6375,2285,3,29.0
14369,2285,3,37.0
597,2285,3,41.0
1055,2630,3,139.0
897,2285,3,18.4
2347,1827,3,5.1
11202,237,3,2322.0
12533,1488,3,22.0
2161,814,3,1632.0
3678,1612,3,0.0
13956,2285,3,54.0
15077,282,3,6.2
13426,2285,3,24.0
6217,1030,3,127.0
18014,1465,3,43.0
5791,718,3,52.0
2895,368,3,3780.0
18011,1811,3,0.1
6869,2562,3,14.7
17176,1612,3,2.3
13880,2285,3,51.0
10424,1858,3,11.6
10297,271,3,9.5
9193,779,3,4.9
8249,2631,3,425.0
12010,2285,3,4.2
15520,1612,3,2.4
6292,2285,3,58.0
12421,1776,3,18.4
13173,1655,3,153.0
10401,1037,3,68.0
8029,2285,3,2.8
9908,2562,3,0.3
8864,2285,3,13.4
1335,1612,3,4.2
2706,816,3,147.0
18121,2285,3,26.0
2537,1488,3,162.0
15321,2225,3,649.0
1792,1612,3,6.7
11281,68,3,1243.0
16468,25,3,9.5
16469,732,3,229.0
17353,2285,3,6.2
14847,2380,3,2264.0
170,2285,3,31.0
9223,237,3,295.0
7032,2631,3,249.0
4929,2562,3,13.0
1054,2631,3,193.0
16642,2285,3,29.0
6123,2285,3,55.0
5464,2285,3,8.3
12395,1606,3,792.0
7846,368,3,262.0
1651,2285,3,51.0
3766,1128,3,216.0
3125,151,3,3.7
86,2285,3,18.4
500,2285,3,63.0
13812,1269,3,104.0
15918,1079,3,3918.0
2825,725,3,4.2
1343,2630,3,1176.0
11337,2285,3,39.0
3612,2285,3,18.4
15047,1228,3,1141.0
2033,1488,3,32.0
3669,1488,3,35.0
10502,2285,3,80.0
18070,816,3,97.0
14144,546,3,61.0
13326,2285,3,19.8
16202,1612,3,1.3
2123,725,3,19.4
10707,237,3,1105.0
17289,1617,3,178.0
12126,2285,3,8.4
16851,237,3,1422.0
10344,282,3,43.0
11154,2631,3,79.0
3708,1612,3,7.3
1010,2631,3,78.0
16682,2276,3,16.9
7443,867,3,67.0
13793,2527,3,0.4
9922,2285,3,55.0
9935,2285,3,44.0
12357,2285,3,38.0
9394,272,3,44.0
13805,1832,3,1.2
6055,811,3,249.0
15742,1838,3,5.2
11533,68,3,129.0
2531,2409,3,4.7
11013,1612,3,2.8
14664,2229,3,123.0
9484,1612,3,2.8
17853,1507,3,56.0
11966,1612,3,1.1
17083,1515,3,0.6
2635,1407,3,11.2
6941,2285,3,36.0
4002,2285,3,2.1
13053,1488,3,573.0
6177,2285,3,41.0
9399,2285,3,39.0
9554,1488,3,728.0
11402,272,3,109.0
11881,1650,3,106.0
6753,2285,3,36.0
10978,25,3,21.0
15771,2285,3,34.0
17118,1341,3,3.7
15601,2262,3,0.6
18207,272,3,72.0
9019,1488,3,193.0
17035,2536,3,5.9
7244,2285,3,44.0
14521,1832,3,20.0
12334,1832,3,74.0
10579,2380,3,1146.0
8846,2285,3,79.0
478,725,3,55.0
14199,966,3,47.0
17244,2285,3,36.0
18173,2439,3,231.0
7564,797,3,14.4
18122,1166,3,368.0
15563,811,3,182.0
16898,1612,3,3.6
17107,1488,3,124.0
794,2285,3,51.0
8725,2842,3,57.0
13243,1940,3,1.6
9185,2631,3,228.0
553,1488,3,150.0
5037,1166,3,110.0
5948,2631,3,379.0
10251,1488,3,24.0
508,2344,3,2.0
1106,854,3,56.0
9421,2285,3,29.0
12847,1155,3,383.0
10915,1715,3,84.0
9211,2631,3,23.0
10671,2285,3,40.0
10847,594,3,738.0
4436,1612,3,6.6
13186,2285,3,5.8
11479,1937,3,2.3
13627,1612,3,0.4
9777,1612,3,7.8
14922,2439,3,630.0
16259,2380,3,1033.0
12150,1539,3,82.0
5359,560,3,39.0
4249,1608,3,0.5
8728,1488,3,91.0
16175,2631,3,3.8
8906,2380,3,1275.0
7160,1128,3,35.0
11899,2922,3,127.0
2155,68,3,352.0
1136,2285,3,42.0
968,2285,3,40.0
15075,1612,3,0.5
17254,1471,3,611.0
13662,1228,3,339.0
11112,545,3,12.7
3329,237,3,834.0
6223,2631,3,146.0
17404,368,3,0.6
10482,113,3,794.0
11472,1629,3,5.2
2282,1937,3,2.0
10468,2285,3,66.0
3486,1341,3,17.3
11607,1612,3,0.4
995,2861,3,8.3
16889,237,3,103.0
1231,2285,3,38.0
15197,2567,3,0.3
6466,944,3,1128.0
8489,2285,3,70.0
10552,1128,3,118.0
546,2285,3,102.0
1544,2285,3,57.0
14791,573,3,0.7
13885,1488,3,31.0
14348,2285,3,33.0
807,2285,3,43.0
5281,2285,3,70.0
11462,1578,3,82.0
16115,1491,3,622.0
11641,2876,3,109.0
17642,2285,3,54.0
9172,2285,3,37.0
1805,100,3,98.0
17216,1947,3,19.4
9135,2285,3,16.7
16120,2922,3,104.0
5069,1488,3,726.0
13681,1911,3,2888.0
10302,2227,3,12.4
3907,1488,3,153.0
6374,2631,3,142.0
12519,944,3,412.0
6318,1612,3,9.3
718,274,3,16.0
9316,2380,3,457.0
2170,68,3,1762.0
14339,2685,3,1094.0
10029,2285,3,59.0
15668,98,3,35.0
7177,2280,3,12.4
13971,68,3,2056.0
5384,2285,3,19.1
15138,580,3,48.0
4982,2285,3,45.0
15916,1029,3,11.9
17994,1488,3,476.0
16600,113,3,511.0
4023,2922,3,67.0
18071,1829,3,10.0
3043,2285,3,48.0
16712,1635,3,822.0
8167,1721,3,75.0
14548,2285,3,45.0
9658,944,3,718.0
2010,2685,3,587.0
8165,272,3,63.0
1907,2542,3,1.2
13946,1468,3,10.4
11806,1079,3,3539.0
11894,1488,3,176.0
11544,1721,3,119.0
1379,2922,3,237.0
5023,2630,3,77.0
14366,483,3,47.0
10853,1443,3,17.5
9148,2630,3,184.0
17324,1228,3,140.0
8351,2340,3,543.0
8111,68,3,567.0
11228,229,3,299.0
559,2117,3,4.7
839,2122,3,45.0
15642,1612,3,1.0
935,1201,3,1.4
15945,1612,3,0.3
11420,2285,3,45.0
9265,2285,3,22.0
17632,1388,3,2.3
17497,556,3,42.0
10226,2285,3,14.1
959,660,3,0.5
16842,836,3,265.0
4459,1612,3,8.7
15934,1832,3,60.0
9279,2285,3,109.0
8730,2229,3,73.0
17742,2922,3,220.0
6145,2122,3,0.7
1607,566,3,4.8
10234,2562,3,39.0
649,1488,3,46.0
2032,1128,3,0.8
14255,1488,3,198.0
17679,1978,3,1.8
12431,759,3,1.2
15195,2096,3,940.0
13772,98,3,40.0
2620,2027,3,77.0
11722,2285,3,31.0
17062,237,3,82.0
10906,1488,3,9.2
832,2285,3,9.8
11742,237,3,1191.0
14078,2285,3,53.0
5471,1079,3,1524.0
474,2380,3,978.0
13401,2922,3,60.0
126,745,3,62.0
17045,1488,3,15.2
17604,68,3,1510.0
5446,2286,3,5.2
8692,2285,3,65.0
7690,1155,3,329.0
2077,862,3,31.0
17962,1612,3,2.0
3552,1578,3,78.0
6101,1612,3,0.1
2498,2922,3,119.0
13217,944,3,502.0
16439,302,3,53.0
14934,2630,3,82.0
13600,2726,3,54.0
7686,1203,3,14.0
16485,2285,3,48.0
504,2285,3,23.0
13878,74,3,8.1
17822,2285,3,36.0
9443,2726,3,9.2
17093,1833,3,3.3
16995,2001,3,48.0
14371,1557,3,15.7
13951,2285,3,45.0
16909,2285,3,28.0
7263,2285,3,27.0
6563,2631,3,202.0
7409,946,3,34.0
6544,2340,3,51.0
9454,2285,3,65.0
11588,1189,3,42.0
8354,237,3,81.0
7231,2205,3,18.0
1571,2630,3,245.0
18105,2285,3,30.0
6949,2631,3,52.0
588,2285,3,49.0
6283,2285,3,45.0
10209,1612,3,3.2
1821,2285,3,34.0
9006,68,3,575.0
2823,98,3,13.5
2039,274,3,23.0
3623,2285,3,18.4
11861,2630,3,130.0
12773,1128,3,255.0
10969,2285,3,58.0
14526,2285,3,44.0
4923,1488,3,436.0
1822,829,3,74.0
17831,944,3,258.0
10938,2285,3,59.0
16792,2285,3,6.5
16454,2685,3,820.0
4343,1915,3,19.8
8836,2285,3,6.1
720,2285,3,29.0
3046,2922,3,50.0
3822,1612,3,2.8
16706,766,3,199.0
4472,897,3,1637.0
16844,142,3,2589.0
6943,225,3,4128.0
4810,2285,3,41.0
14697,2526,3,8.8
11392,2081,3,11.5
16919,1612,3,5.6
2296,2285,3,49.0
2235,272,3,143.0
3987,2631,3,53.0
8928,2056,3,12.1
15190,1488,3,2779.0
10441,2285,3,32.0
4020,565,3,59.0
2861,2631,3,124.0
6555,2285,3,45.0
3636,2285,3,36.0
2711,867,3,22.0
13190,2285,3,19.2
12299,2285,3,38.0
2095,1776,3,42.0
13483,2630,3,24.0
16068,1128,3,132.0
5906,501,3,1083.0
10985,2631,3,315.0
13372,1499,3,3.0
8449,2842,3,56.0
6011,2122,3,12.5
8929,2631,3,68.0
14072,2285,3,21.0
7242,2285,3,39.0
9462,1655,3,290.0
8644,2631,3,127.0
18241,2913,3,0.5
16237,2285,3,4.5
8541,816,3,27.0
11413,2285,3,30.0
10723,1690,3,3.1
10940,1488,3,7.9
10839,1488,3,175.0
6016,237,3,1282.0
321,1084,3,40.0
11139,2285,3,94.0
16901,933,3,4.4
12448,946,3,102.0
16332,2630,3,92.0
4860,481,3,1.1
12391,1878,3,10.7
5550,68,3,214.0
11401,2285,3,44.0
9353,1612,3,25.0
372,2285,3,19.8
4158,2285,3,39.0
3184,1612,3,2.2
13891,814,3,596.0
552,2285,3,39.0
14364,2285,3,110.0
13400,2488,3,481.0
13898,2630,3,658.0
15087,725,3,12.0
3583,132,3,28.0
7007,1004,3,2.5
12729,1612,3,4.6
3803,2631,3,160.0
994,2536,3,6.4
7890,1202,3,187.0
3339,1578,3,55.0
13775,1611,3,99.0
13155,1331,3,0.1
7014,2630,3,5.6
8979,246,3,0.5
10034,2774,3,44.0
813,1189,3,72.0
5712,2759,3,46.0
12914,2285,3,52.0
2019,100,3,38.0
10514,2285,3,54.0
6723,1721,3,821.0
10524,2285,3,16.3
10375,1612,3,0.2
15610,2285,3,21.0
11492,1612,3,0.0
9366,2285,3,32.0
11866,2631,3,21.0
15231,2096,3,4.4
5147,2285,3,39.0
9489,2654,3,102.0
14017,1717,3,41.0
15239,2380,3,1677.0
1470,68,3,658.0
13539,237,3,753.0
455,1128,3,13.5
15286,2562,3,16.6
10946,76,3,2247.0
6920,1407,3,16.7
228,1228,3,43.0
3609,1488,3,94.0
715,1321,3,3.2
3464,1612,3,3.2
15100,2285,3,38.0
4411,2285,3,44.0
2258,2285,3,28.0
16878,2344,3,1.2
3076,1464,3,46.0
7824,1407,3,3.0
13879,2065,3,39.0
14156,1166,3,5.1
1598,1037,3,6.2
17115,2285,3,55.0
6136,1612,3,4.7
9646,1189,3,0.6
5762,2096,3,1265.0
7996,2285,3,58.0
14598,2285,3,52.0
17041,1635,3,0.6
14944,1612,3,3.6
6286,2285,3,1.9
12560,2631,3,136.0
14259,1612,3,3.1
6236,2285,3,15.8
3226,1612,3,3.9
12574,2285,3,13.1
13041,1612,3,1.3
9401,343,3,42.0
16958,2759,3,601.0
10133,2631,3,89.0
9544,2631,3,71.0
16308,2285,3,47.0
18154,2631,3,18.2
17276,237,3,948.0
11277,2780,3,62.0
10377,2285,3,50.0
15296,2525,3,0.2
74,2161,3,197.0
4691,2631,3,347.0
11798,237,3,295.0
16225,897,3,17.3
11453,2285,3,33.0
5693,2285,3,46.0
16457,98,3,210.0
16813,2285,3,81.0
6362,1608,3,1042.0
14567,2285,3,102.0
3502,2831,3,98.0
13208,1342,3,18.1
6891,1030,3,35.0
5212,2285,3,26.0
16539,25,3,27.0
11556,2285,3,16.0
10660,2285,3,62.0
11639,1323,3,10.2
13988,2441,3,16.6
5542,2285,3,40.0
4781,426,3,1775.0
5392,2223,3,2.3
14020,1985,3,123.0
8259,717,3,4.0
652,1612,3,2.1
5153,2886,3,30.0
3364,68,3,436.0
9159,2536,3,11.2
10931,1128,3,15.2
14386,1832,3,13.6
14806,2285,3,33.0
15374,68,3,849.0
1332,2285,3,27.0
13343,2285,3,8.9
18236,1612,3,1.0
11494,1319,3,3.5
11590,2285,3,39.0
219,1720,3,8.0
1624,25,3,10.1
16100,246,3,33.0
14417,1612,3,6.7
17939,1488,3,1040.0
12929,113,3,138.0
17117,1044,3,6.2
15773,2630,3,247.0
16586,2380,3,3110.0
6097,2463,3,34.0
12908,237,3,2824.0
936,2285,3,5.2
15176,68,3,382.0
7912,2630,3,112.0
761,1128,3,59.0
9895,132,3,194.0
6130,791,3,380.0
529,2285,3,66.0
6438,68,3,140.0
14355,2039,3,81.0
12854,1488,3,288.0
14925,2285,3,24.0
3921,2630,3,46.0
15258,2631,3,196.0
10483,237,3,111.0
16668,725,3,35.0
2702,2285,3,58.0
6493,2285,3,40.0
7084,2631,3,214.0
9580,2285,3,81.0
8288,2831,3,233.0
3935,2122,3,2.5
12205,2083,3,2.7
15257,1832,3,110.0
6592,2285,3,27.0
12629,1655,3,1444.0
4044,2285,3,12.9
16713,2148,3,9.6
15208,2489,3,1.1
3962,1488,3,479.0
16357,2195,3,1.2
7333,1875,3,1.2
15068,2285,3,47.0
13511,1030,3,1132.0
9958,2285,3,43.0
2999,2285,3,28.0
2265,1488,3,773.0
878,1206,3,1065.0
127,1128,3,60.0
15083,1655,3,190.0
7645,718,3,4.0
3986,1128,3,15.2
1953,237,3,1064.0
5226,68,3,443.0
18073,2631,3,131.0
9447,2122,3,68.0
10950,2285,3,8.2
9466,725,3,1.1
8600,2285,3,11.5
4457,2631,3,299.0
230,2285,3,41.0
7239,2285,3,5.4
13950,2380,3,1452.0
6709,2285,3,97.0
5002,2631,3,17.9
18271,530,3,3.9
215,1838,3,0.8
13612,1832,3,73.0
10957,1079,3,10496.0
15362,2285,3,48.0
937,2285,3,64.0
15737,2380,3,1476.0
12884,1399,3,6.2
6170,2631,3,89.0
9166,161,3,8.9
17175,2285,3,4.3
15073,1737,3,4.8
11984,2397,3,0.8
16580,2922,3,145.0
7194,1957,3,4.0
97,2285,3,47.0
7740,2631,3,7.6
15645,1488,3,56.0
7575,1166,3,2.4
17743,2285,3,15.8
1134,2104,3,3.4
10651,2285,3,30.0
6120,725,3,83.0
16584,1488,3,286.0
12844,2639,3,0.0
5955,2285,3,27.0
9927,1128,3,15.1
7712,2831,3,36.0
14445,2631,3,178.0
1408,2096,3,0.1
5764,30,3,8.8
10593,2285,3,16.0
11567,1655,3,251.0
8712,2685,3,559.0
14499,2403,3,743.0
16026,2285,3,50.0
7868,1720,3,9.5
10729,761,3,13.4
15523,272,3,5.6
14184,359,3,21.0
5362,1721,3,10.8
18061,2285,3,12.0
7361,1488,3,406.0
2678,1612,3,3.1
4161,1128,3,63.0
10948,2166,3,1.3
18138,2285,3,35.0
7339,1166,3,297.0
918,1713,3,235.0
9298,2285,3,61.0
5439,1355,3,50.0
13557,1594,3,18.0
5087,343,3,0.0
9287,2285,3,16.1
10227,2547,3,36.0
9683,1407,3,9.7
12926,2285,3,38.0
15368,1737,3,6.0
3028,1492,3,975.0
16415,237,3,1683.0
3568,1911,3,4173.0
9824,2285,3,51.0
373,1166,3,109.0
5453,282,3,1.4
11877,2340,3,14.8
9662,2285,3,64.0
12865,2285,3,9.1
13455,2285,3,48.0
12568,732,3,1115.0
18240,2285,3,30.0
1019,2285,3,18.5
8260,1782,3,27.0
16566,1721,3,2.8
13238,2864,3,39.0
14328,2285,3,44.0
666,1534,3,1.0
524,2285,3,117.0
7722,766,3,78.0
15617,2285,3,13.6
12793,2285,3,62.0
18260,2498,3,0.6
15592,2631,3,206.0
9283,2285,3,101.0
8110,1776,3,23.0
17687,2763,3,2.3
11312,2886,3,16.4
82,944,3,254.0
7266,1671,3,1.2
12938,2098,3,62.0
8777,1488,3,359.0
14390,2285,3,45.0
365,1488,3,163.0
15896,709,3,0.7
13001,2488,3,1608.0
9426,940,3,432.0
12303,2630,3,139.0
4148,2285,3,65.0
4750,2394,3,12.1
526,2285,3,44.0
7819,2285,3,39.0
11912,732,3,211.0
6162,2631,3,103.0
10066,774,3,3.9
16229,25,3,13.9
6612,1304,3,449.0
6750,1612,3,1.0
9880,2631,3,135.0
17751,2439,3,6.5
846,1721,3,82.0
12263,1189,3,39.0
9537,2122,3,36.0
9678,2631,3,63.0
9245,237,3,496.0
8545,2285,3,21.0
445,2285,3,50.0
7225,1832,3,51.0
7180,2285,3,41.0
8406,2922,3,219.0
5343,237,3,376.0
18095,1612,3,0.5
12610,2496,3,46.0
2954,2285,3,13.2
12695,1755,3,238.0
12459,2285,3,18.0
8346,732,3,143.0
13387,237,3,1250.0
17402,2001,3,1.5
5587,1659,3,11.8
17156,1488,3,331.0
3435,2096,3,14.0
7465,2630,3,715.0
4364,2631,3,71.0
17685,2631,3,97.0
3974,2285,3,89.0
439,823,3,0.1
10302,237,3,253.0
13130,1838,3,0.2
4758,2783,3,36.0
10943,237,3,1023.0
1262,68,3,892.0
11973,829,3,18.4
7095,271,3,159.0
2767,2285,3,48.0
12537,2285,3,38.0
11070,2631,3,54.0
13456,1228,3,230.0
13679,1832,3,17.0
4112,1721,3,1160.0
17896,2630,3,345.0
12748,2285,3,53.0
16680,2285,3,52.0
9199,1166,3,12.5
5224,2285,3,13.4
13395,2285,3,42.0
12180,2285,3,38.0
14877,1228,3,167.0
15140,2380,3,1763.0
3804,2285,3,19.6
6617,2285,3,5.2
11112,2285,3,18.2
16996,2285,3,30.0
10756,1488,3,33.0
1525,2470,3,0.7
5396,1294,3,3.2
15252,2344,3,0.2
9294,1612,3,3.7
1838,811,3,103.0
1945,68,3,1891.0
6378,2285,3,40.0
5957,1488,3,551.0
9167,237,3,3016.0
9878,14,3,33.0
4339,237,3,1811.0
11471,2285,3,15.8
7793,1878,3,70.0
9889,2285,3,57.0
14915,2344,3,0.8
9163,2380,3,1564.0
9499,2922,3,114.0
4875,2285,3,44.0
4277,1610,3,2.0
6165,2285,3,50.0
16417,14,3,25.0
640,2285,3,9.2
9890,2285,3,38.0
15721,237,3,324.0
14372,2195,3,4.5
4467,2748,3,57.0
14981,2122,3,11.4
3783,2285,3,61.0
9822,1004,3,21.0
11239,2285,3,28.0
14892,24,3,54.0
10648,237,3,238.0
15647,1628,3,1.0
11539,2831,3,250.0
17599,2726,3,54.0
4354,2685,3,184.0
15614,1208,3,169.0
13589,2875,3,4.7
11572,2631,3,122.0
16655,2285,3,28.0
8203,2285,3,55.0
17014,282,3,106.0
8279,25,3,33.0
11454,237,3,1189.0
13459,1488,3,284.0
16362,2496,3,22.0
14839,2685,3,5507.0
16893,237,3,450.0
6608,2285,3,58.0
17645,2285,3,42.0
12794,2780,3,204.0
8151,271,3,206.0
4866,1491,3,1221.0
10103,804,3,0.1
7510,1655,3,592.0
8400,2285,3,31.0
14523,1612,3,1.5
17788,2285,3,90.0
3462,2726,3,67.0
15206,1612,3,4.0
12799,1578,3,205.0
2865,2227,3,292.0
9206,44,3,541.0
1901,2630,3,510.0
15428,2285,3,33.0
17892,2285,3,62.0
13030,1612,3,0.7
5878,272,3,42.0
8779,1427,3,10.8
6932,2285,3,26.0
3038,2243,3,3.9
3519,972,3,54.0
3738,1832,3,191.0
8804,282,3,0.6
13585,2380,3,561.0
9427,1557,3,653.0
3604,2631,3,182.0
7711,2285,3,41.0
3345,2285,3,23.0
938,1612,3,0.0
3601,2496,3,14.1
14404,1617,3,48.0
2945,1156,3,2.7
2179,1128,3,19.0
9162,237,3,485.0
73,1189,3,154.0
2582,2098,3,163.0
8902,1488,3,186.0
14506,2631,3,68.0
15200,2831,3,125.0
4293,1166,3,0.2
11608,2631,3,231.0
11729,1612,3,0.7
15179,2285,3,19.4
5577,1155,3,312.0
15168,2001,3,68.0
5766,2285,3,21.0
11421,68,3,674.0
12139,1488,3,21.0
14429,1947,3,64.0
8528,1612,3,0.4
10256,766,3,84.0
13417,2802,3,606.0
6339,237,3,49.0
9043,814,3,1665.0
17514,2865,3,155.0
12020,98,3,41.0
2167,2285,3,12.1
8696,2285,3,78.0
5711,2631,3,23.0
14829,1612,3,0.1
10716,237,3,56.0
7063,1973,3,2.0
17009,237,3,1382.0
16135,732,3,494.0
7350,68,3,1428.0
12867,946,3,45.0
14897,1612,3,0.2
4509,2631,3,89.0
18055,1321,3,20.0
6271,1488,3,2574.0
3600,2340,3,56.0
17951,237,3,1241.0
6642,2631,3,206.0
627,2096,3,170.0
1855,2562,3,20.0
10006,2001,3,6.7
3562,2285,3,68.0
6818,2444,3,16.6
15227,2285,3,33.0
719,1832,3,6.9
7215,1228,3,863.0
7383,1832,3,13.5
8024,854,3,49.0
13045,2285,3,1.1
5459,2285,3,83.0
4602,732,3,44.0
4432,340,3,22.0
15126,1612,3,4.2
11304,2759,3,632.0
5570,25,3,32.0
7117,1488,3,192.0
1946,718,3,2288.0
14843,2285,3,20.0
6706,1488,3,135.0
815,2285,3,21.0
13273,939,3,1.9
3241,312,3,12.2
1785,1488,3,199.0
8262,1832,3,22.0
1835,2631,3,22.0
14025,142,3,1194.0
3683,2285,3,40.0
12946,2285,3,16.4
7461,2285,3,41.0
311,2285,3,29.0
4615,52,3,6.5
16250,2631,3,217.0
13628,368,3,2060.0
6382,1915,3,30.0
11340,1044,3,11.4
10176,2365,3,13.2
11948,2285,3,24.0
15781,2285,3,39.0
15546,1488,3,191.0
237,2285,3,60.0
15954,237,3,1345.0
13582,1488,3,27.0
14413,1832,3,39.0
12676,1612,3,0.0
752,2354,3,29.0
14894,537,3,1.5
1355,2285,3,27.0
10504,1269,3,316.0
13851,2861,3,6.0
1999,1832,3,18.8
7347,2194,3,27.0
2232,574,3,6.8
6000,1155,3,185.0
234,1879,3,7.8
10990,2366,3,16.8
12049,2380,3,942.0
2073,1090,3,695.0
15720,272,3,28.0
14578,2285,3,44.0
1157,1612,3,5.0
12031,237,3,113.0
3467,25,3,1.9
9171,2285,3,18.3
16241,237,3,57.0
6244,371,3,80.0
2330,1612,3,2.5
4,2685,3,2813.0
1313,897,3,197.0
17457,2922,3,260.0
17337,302,3,375.0
17769,2285,3,65.0
9098,2285,3,40.0
6828,100,3,115.0
8417,2285,3,13.0
14477,1488,3,34.0
10746,2122,3,10.2
7141,2631,3,219.0
10497,1594,3,14.2
1084,1805,3,5.0
2834,2774,3,92.0
9665,2562,3,26.0
7145,2631,3,171.0
8392,274,3,26.0
2378,2685,3,321.0
608,1166,3,30.0
11092,2639,3,23.0
8029,1166,3,186.0
4629,2285,3,36.0
5617,2285,3,5.4
17594,272,3,28.0
12171,2726,3,233.0
62,68,3,1808.0
13151,2630,3,510.0
13340,2875,3,7.1
12099,1622,3,6.6
12345,2881,3,1.2
15912,1647,3,704.0
13822,2922,3,108.0
12466,1612,3,0.8
8930,2380,3,866.0
1091,814,3,91.0
14252,2285,3,32.0
2986,159,3,1.9
18190,2122,3,65.0
12210,1166,3,687.0
6826,1838,3,22.0
17285,732,3,793.0
14398,150,3,1.8
7677,68,3,638.0
6002,2285,3,31.0
8941,667,3,1.2
3910,1492,3,75.0
4627,811,3,202.0
3780,237,3,424.0
10287,718,3,680.0
16997,2285,3,18.7
12960,2380,3,241.0
8056,572,3,163.0
5827,2630,3,91.0
15418,1166,3,162.0
9440,2285,3,29.0
13737,2285,3,38.0
11271,237,3,562.0
17132,573,3,5.9
5026,2285,3,43.0
9522,2562,3,1.0
5477,2631,3,3.9
7723,2285,3,56.0
14188,2285,3,39.0
7240,292,3,61.0
13984,944,3,500.0
6738,1832,3,2.0
9933,2285,3,14.8
10395,2285,3,5.4
6153,2285,3,61.0
645,274,3,2.6
9080,2922,3,132.0
3876,2285,3,7.2
9192,2285,3,62.0
2399,1837,3,54.0
3144,2285,3,88.0
4131,2631,3,100.0
2020,2285,3,18.7
15996,1488,3,43.0
17071,2205,3,23.0
13367,2380,3,1049.0
15076,2259,3,164.0
9717,237,3,665.0
14418,1488,3,426.0
15983,2285,3,32.0
8998,1695,3,20.0
15406,2285,3,9.2
12714,1156,3,0.3
7206,25,3,19.0
7162,2285,3,48.0
12402,1696,3,1.4
16863,814,3,1086.0
4573,706,3,10.8
1254,2881,3,0.3
758,1277,3,6.9
9475,2285,3,56.0
11252,2028,3,132.0
13506,2285,3,11.7
10202,2285,3,44.0
9076,2285,3,31.0
17620,1321,3,3.3
3183,350,3,5.2
11754,2685,3,10.1
5940,2285,3,23.0
1541,2886,3,14.0
9460,2285,3,18.8
12841,2726,3,98.0
8500,2922,3,96.0
11719,2285,3,37.0
3631,1943,3,38.0
8680,237,3,43.0
1289,237,3,146.0
8989,2536,3,1.6
12476,2285,3,31.0
125,1680,3,9.1
6383,1674,3,31.0
13445,2285,3,14.7
2880,2886,3,0.2
3090,2285,3,72.0
3319,562,3,6.6
5176,2536,3,7.0
12672,1612,3,8.0
2534,2285,3,36.0
16381,1488,3,108.0
7597,579,3,55.0
17993,1128,3,0.4
8854,2380,3,137.0
4195,743,3,16.3
15188,2285,3,52.0
7964,2122,3,126.0
1519,1838,3,9.4
16320,1612,3,2.6
17262,745,3,793.0
17307,2285,3,34.0
10553,2285,3,22.0
13667,2285,3,30.0
12906,1776,3,38.0
15059,1612,3,0.2
17426,2028,3,103.0
15430,272,3,1053.0
563,2630,3,180.0
7730,2536,3,6.0
10411,457,3,0.2
5939,2285,3,27.0
2774,1721,3,13.6
5213,1317,3,1.7
417,1612,3,2.0
2941,52,3,19.0
8640,213,3,31.0
2828,2225,3,1305.0
17223,2285,3,46.0
8109,368,3,37.0
16211,237,3,1537.0
14624,2285,3,52.0
14465,2631,3,127.0
2205,1937,3,0.8
776,1649,3,81.0
13110,2876,3,655.0
15048,2536,3,12.2
8828,2631,3,284.0
17521,572,3,129.0
9436,2630,3,81.0
9731,1128,3,152.0
15964,1612,3,4.7
6474,1202,3,48.0
1966,2285,3,39.0
14341,2922,3,35.0
10070,2285,3,48.0
2255,2285,3,33.0
5685,778,3,12.7
7715,2631,3,6.4
11569,1321,3,35.0
11249,2285,3,48.0
8416,1202,3,71.0
16138,2285,3,48.0
218,2285,3,18.4
6447,1612,3,5.5
17768,2285,3,33.0
13197,2285,3,4.9
5887,2631,3,76.0
4425,2285,3,36.0
9433,931,3,79.0
5554,1940,3,0.7
11499,2685,3,4806.0
13152,2285,3,38.0
14994,2911,3,29.0
12168,237,3,938.0
7092,2285,3,56.0
5145,2285,3,58.0
9825,76,3,6689.0
4612,2114,3,0.1
13888,2380,3,424.0
5761,897,3,27.0
1508,1755,3,752.0
2304,237,3,422.0
16896,1911,3,631.0
16018,237,3,292.0
10444,1832,3,15.4
842,2285,3,46.0
2016,272,3,49.0
6209,1488,3,1163.0
15641,2285,3,28.0
6914,1096,3,0.4
16461,1800,3,2.7
17092,2380,3,652.0
3534,1612,3,3.9
5121,1189,3,3.0
2851,537,3,130.0
1761,2631,3,276.0
2744,25,3,29.0
5398,1304,3,74.0
6778,2285,3,28.0
8986,1321,3,4.2
225,2285,3,27.0
2087,49,3,91.0
15070,2922,3,12.1
15711,2410,3,0.6
8372,282,3,2.7
7872,272,3,28.0
6007,1304,3,523.0
1365,1612,3,0.4
13604,1655,3,185.0
530,237,3,967.0
7525,2591,3,0.2
17690,2631,3,84.0
1862,282,3,32.0
7151,732,3,3930.0
658,2496,3,21.0
6500,1488,3,13.0
12183,2285,3,28.0
7002,2285,3,5.9
6636,2285,3,7.3
13768,2285,3,7.8
10918,2630,3,76.0
9126,1488,3,1696.0
10146,2285,3,80.0
5596,2001,3,2.6
5743,2285,3,13.2
8795,2922,3,163.0
817,1832,3,28.0
6801,2631,3,1.7
17028,461,3,27.0
15698,1488,3,82.0
10182,1202,3,16.9
11004,2536,3,6.3
607,1128,3,145.0
7994,98,3,0.4
8677,2285,3,38.0
11441,1594,3,19.8
371,946,3,57.0
5836,718,3,160.0
9333,1406,3,512.0
9240,2285,3,22.0
11707,2922,3,45.0
9307,1488,3,89.0
12360,1407,3,9.0
10596,1838,3,24.0
6086,237,3,2223.0
3578,2630,3,437.0
14357,2285,3,40.0
14951,2285,3,2.3
592,2285,3,24.0
11949,2285,3,47.0
2446,2922,3,59.0
7186,2285,3,24.0
5352,944,3,85.0
7546,1465,3,5.0
1198,2420,3,1.6
16470,2015,3,5.5
1404,1832,3,15.2
15111,732,3,135.0
12948,2285,3,36.0
5023,2409,3,42.0
3171,2285,3,39.0
17137,1622,3,1.2
2990,501,3,196.0
11656,2787,3,29.0
11378,2630,3,147.0
5381,449,3,9.3
7701,2631,3,83.0
5588,1488,3,1066.0
154,1721,3,0.0
9618,1488,3,167.0
13282,237,3,265.0
8950,552,3,40.0
14082,1800,3,17.2
16146,98,3,44.0
13911,1155,3,139.0
2760,2631,3,200.0
16905,237,3,2439.0
4884,1612,3,3.6
3479,2631,3,43.0
17386,100,3,164.0
16275,2285,3,32.0
1856,2922,3,224.0
13568,2285,3,32.0
3505,1488,3,55.0
17726,1321,3,5.6
396,2285,3,50.0
939,2409,3,11.0
4272,791,3,832.0
14123,2285,3,19.3
6102,572,3,388.0
9413,306,3,5.9
679,1488,3,291.0
6898,14,3,8.5
3840,2285,3,16.7
2996,2285,3,60.0
2495,1488,3,19.8
5252,1202,3,1.6
15125,237,3,259.0
18090,725,3,30.0
18266,1612,3,1.5
15621,1202,3,104.0
14119,2922,3,52.0
15202,2876,3,9.4
1560,814,3,38.0
4400,2083,3,0.2
13935,1887,3,1.9
9659,2285,3,49.0
6444,2285,3,26.0
18107,2380,3,1474.0
10633,2285,3,10.4
14235,2831,3,94.0
15745,1492,3,390.0
11468,272,3,27.0
18080,113,3,273.0
507,2726,3,128.0
2653,299,3,28.0
3258,1492,3,2230.0
16300,811,3,180.0
12045,2922,3,100.0
5547,1785,3,725.0
7727,889,3,16.5
9408,2922,3,218.0
5913,68,3,1995.0
10331,718,3,520.0
18284,1655,3,403.0
14466,237,3,1413.0
11284,1228,3,140.0
7234,237,3,15.1
10855,1557,3,446.0
14301,536,3,3.9
10328,68,3,512.0
5237,814,3,265.0
9018,2285,3,22.0
16223,2285,3,27.0
15325,1510,3,8.1
15209,1875,3,16.0
14075,2339,3,1.2
10054,2285,3,45.0
3999,2285,3,22.0
467,1321,3,10.2
5609,2285,3,12.8
15623,725,3,52.0
10165,2842,3,44.0
12436,2285,3,51.0
7371,2380,3,2632.0
979,1776,3,82.0
15339,237,3,575.0
10486,2285,3,73.0
8414,1525,3,5.1
13163,2285,3,32.0
17803,2285,3,17.6
5225,1612,3,21.0
10744,2285,3,45.0
15733,2285,3,62.0
9146,2409,3,11.2
14528,1029,3,26.0
2288,1323,3,155.0
10736,2631,3,109.0
6542,2922,3,21.0
13430,1016,3,6.2
6636,2526,3,163.0
4830,2631,3,61.0
14006,738,3,24.0
5775,777,3,0.0
14519,1827,3,33.0
1279,2630,3,12.0
9237,2285,3,46.0
16877,2285,3,55.0
11916,572,3,259.0
11557,1488,3,25.0
11971,2285,3,17.6
9682,1488,3,11.3
7990,1604,3,16.6
4738,1044,3,54.0
7220,2285,3,33.0
801,2922,3,455.0
7003,68,3,106.0
11080,100,3,22.0
18299,2285,3,23.0
834,1832,3,2.4
5278,2229,3,620.0
11915,2285,3,82.0
2037,2285,3,45.0
9681,2285,3,30.0
17427,142,3,780.0
1844,2285,3,57.0
14536,2285,3,1.0
2887,2285,3,35.0
11571,2380,3,230.0
13058,745,3,102.0
7425,302,3,52.0
6588,2285,3,40.0
1221,2526,3,2.5
3298,1612,3,0.8
8823,282,3,1.1
3117,2096,3,292.0
11954,1889,3,54.0
15656,2285,3,77.0
45,2285,3,56.0
4357,992,3,204.0
275,2285,3,43.0
7238,237,3,598.0
13066,2148,3,13.2
1387,1778,3,0.5
2323,2922,3,112.0
13955,2285,3,26.0
7526,2285,3,33.0
17607,1228,3,1972.0
11768,137,3,0.0
16560,2285,3,25.0
8649,68,3,850.0
2746,1612,3,3.8
14094,237,3,655.0
3701,946,3,201.0
12846,1612,3,4.0
15505,2922,3,114.0
15232,2285,3,0.8
14740,2512,3,0.7
14807,2285,3,34.0
9330,972,3,0.5
12528,255,3,1000.0
10479,2155,3,0.0
8195,2285,3,52.0
17469,2630,3,78.0
3318,2607,3,434.0
17803,1612,3,1.2
13954,1612,3,4.6
7021,2701,3,1.1
10799,2285,3,33.0
7734,2285,3,23.0
14517,2202,3,1.6
5062,2072,3,379.0
6233,9,3,312.0
12559,2285,3,3.2
14976,2922,3,112.0
2471,732,3,915.0
1577,25,3,28.0
18157,2876,3,4.7
15569,2229,3,230.0
18298,1488,3,71.0
1590,1737,3,12.7
6640,2631,3,105.0
9370,2630,3,96.0
11098,1937,3,0.2
11711,1611,3,11.1
5751,897,3,0.0
5979,2630,3,217.0
10926,2028,3,29.0
14610,74,3,0.7
18024,1488,3,74.0
15632,2285,3,6.1
18242,2285,3,33.0
16276,237,3,1156.0
12919,2547,3,35.0
6662,579,3,3.8
5564,2285,3,44.0
16421,2526,3,4.6
4039,1307,3,0.5
15730,1657,3,4.3
13461,272,3,11.2
12628,1321,3,5.1
859,2285,3,51.0
6936,9,3,9.1
11313,2285,3,25.0
3146,1612,3,3.2
7251,2285,3,48.0
17043,133,3,0.0
8794,1208,3,16.6
940,1525,3,22.0
16984,1488,3,840.0
17417,445,3,30.0
11107,2285,3,96.0
6126,237,3,601.0
11790,1612,3,0.1
192,745,3,33.0
14938,1838,3,6.1
16795,1128,3,50.0
13954,1612,3,1.2
5786,1655,3,97.0
17477,2027,3,35.0
16214,404,3,0.6
2216,1179,3,7.7
1004,2285,3,40.0
17734,1612,3,1.6
593,1128,3,143.0
6342,670,3,1011.0
10980,1472,3,3.1
11803,2631,3,52.0
11225,2630,3,309.0
6261,2630,3,204.0
9938,2285,3,46.0
7881,311,3,82.0
9085,68,3,785.0
7976,1016,3,28.0
3511,2285,3,88.0
14975,2285,3,21.0
14490,2285,3,13.0
1265,992,3,613.0
12808,2285,3,43.0
16671,2285,3,7.1
9498,2027,3,20.0
12454,1488,3,156.0
10277,2205,3,69.0
3142,1612,3,3.0
11753,2354,3,26.0
18269,237,3,1337.0
8222,1578,3,100.0
15008,1876,3,0.2
16441,972,3,42.0
14810,2654,3,0.5
7298,2285,3,60.0
14518,2285,3,29.0
291,2786,3,30.0
334,2285,3,24.0
476,2285,3,51.0
9022,1612,3,5.0
5203,1170,3,14.2
8671,68,3,1354.0
2556,1228,3,242.0
14186,2285,3,26.0
13993,1488,3,69.0
518,2285,3,45.0
7602,2631,3,263.0
17663,1612,3,5.5
6807,2285,3,10.5
8557,811,3,68.0
5455,2631,3,106.0
10781,2562,3,1.5
9505,1496,3,37.0
1298,1584,3,59.0
13743,1838,3,27.0
8028,1680,3,4.4
12480,2380,3,632.0
1831,68,3,208.0
3005,2285,3,1.8
4832,1488,3,54.0
17966,271,3,16.1
13998,2285,3,25.0
9963,2922,3,79.0
7332,237,3,865.0
6966,2285,3,34.0
16194,897,3,763.0
5089,1583,3,13.6
7676,2631,3,58.0
7801,68,3,1559.0
8142,2365,3,27.0
3008,2285,3,52.0
11301,2285,3,40.0
11467,2285,3,15.2
11856,2285,3,17.2
5861,1612,3,3.9
9746,1284,3,12.6
10188,1586,3,0.3
12845,1407,3,1.0
16581,2285,3,18.6
4334,2285,3,43.0
6134,1156,3,102.0
4799,237,3,1443.0
9438,1488,3,360.0
9708,2285,3,44.0
14748,237,3,229.0
9023,312,3,4.1
12295,1832,3,70.0
13254,237,3,167.0
7108,2364,3,362.0
6425,427,3,0.0
12579,2685,3,537.0
18208,2630,3,198.0
14818,2922,3,195.0
6961,2285,3,35.0
15014,2631,3,50.0
14347,2285,3,15.0
4710,1084,3,30.0
9940,1612,3,2.4
13153,2205,3,65.0
12429,2285,3,94.0
6993,2285,3,40.0
1528,2631,3,208.0
14167,2285,3,64.0
5672,1488,3,90.0
1095,828,3,78.0
11879,2285,3,7.5
9238,2441,3,26.0
5348,2409,3,12.6
15163,2366,3,6.2
6880,2285,3,56.0
7529,2340,3,405.0
14511,572,3,743.0
16252,640,3,3.9
17261,2285,3,38.0
12209,2285,3,73.0
15716,142,3,509.0
11781,2285,3,92.0
10698,1166,3,276.0
2078,1612,3,8.1
9483,2285,3,65.0
4285,2285,3,0.4
6980,237,3,765.0
11153,2285,3,13.6
10334,2285,3,13.0
9738,2630,3,38.0
13842,2285,3,42.0
12237,483,3,39.0
2943,1832,3,20.0
14491,1721,3,148.0
2439,1641,3,0.3
7704,2285,3,25.0
6288,237,3,1225.0
4176,2285,3,21.0
9380,2285,3,18.5
4418,100,3,203.0
102,2380,3,212.0
12989,2285,3,25.0
9397,1838,3,16.0
3083,2285,3,10.0
16633,2285,3,37.0
8702,1655,3,111.0
15926,113,3,905.0
8108,2285,3,31.0
1722,1488,3,728.0
4954,2285,3,6.8
16416,2285,3,31.0
15746,725,3,29.0
14114,237,3,742.0
2302,68,3,3432.0
913,2285,3,13.9
685,1655,3,26.0
3355,1612,3,3.1
16081,2285,3,10.1
971,2285,3,19.6
13578,739,3,8.2
17818,2096,3,32.0
3351,2285,3,35.0
14073,1876,3,2.8
15423,2380,3,1375.0
6714,1304,3,445.0
12479,1324,3,1.7
17664,2285,3,61.0
15694,25,3,27.0
12726,944,3,141.0
5410,1651,3,129.0
18291,2270,3,69.0
1649,2285,3,3.6
7870,1488,3,65.0
15312,2285,3,37.0
14128,1406,3,13.7
1717,2285,3,33.0
5077,2285,3,31.0
15889,1488,3,7.2
1115,1612,3,0.4
2346,2439,3,410.0
11902,2285,3,28.0
12163,811,3,105.0
14270,1612,3,0.1
15372,1488,3,37.0
7351,68,3,2504.0
10556,2536,3,9.7
919,2317,3,1021.0
712,2285,3,45.0
3231,237,3,29.0
11782,139,3,64.0
7601,2285,3,43.0
12008,1228,3,413.0
7794,2285,3,3.4
10027,2285,3,29.0
9859,778,3,16.7
13205,2285,3,74.0
17406,1612,3,3.3
867,1488,3,15.8
12125,237,3,98.0
14927,2631,3,48.0
14785,2475,3,12.2
1470,1612,3,0.1
17007,1488,3,251.0
502,229,3,18.6
6963,2285,3,42.0
2592,2096,3,7.8
11339,2285,3,47.0
8170,2285,3,21.0
368,2285,3,44.0
13037,2285,3,58.0
6510,2285,3,25.0
11799,2285,3,29.0
16835,471,3,1.7
711,580,3,72.0
5358,1488,3,1782.0
15287,1655,3,135.0
15577,2285,3,42.0
730,2285,3,60.0
15370,1030,3,7.3
16495,1202,3,219.0
184,1488,3,66.0
5634,1876,3,21.0
2872,1747,3,7.8
14343,2285,3,38.0
11649,1832,3,67.0
6227,2726,3,8.0
17656,1156,3,343.0
14214,1832,3,6.6
14654,690,3,6.1
7023,2433,3,1.5
7867,1202,3,48.0
3750,2850,3,28.0
10720,2285,3,84.0
9978,237,3,771.0
10784,2574,3,3.2
11179,1488,3,948.0
14131,237,3,209.0
9477,685,3,0.9
862,2285,3,23.0
15427,1341,3,27.0
755,2285,3,10.7
13220,2285,3,34.0
9910,237,3,356.0
11393,2631,3,14.6
11207,2339,3,70.0
1799,1832,3,61.0
9588,1141,3,120.0
1065,2380,3,1867.0
14640,1492,3,840.0
15293,2285,3,34.0
9046,1488,3,118.0
4146,100,3,54.0
7565,1488,3,1.3
12143,725,3,2.2
2110,166,3,77.0
10535,2865,3,145.0
946,31,3,240.0
8395,2285,3,2.1
11817,1832,3,30.0
993,2285,3,24.0
2824,2001,3,3.2
2704,2285,3,86.0
10789,725,3,87.0
191,2148,3,1.8
17457,2865,3,23.0
15688,2285,3,52.0
16263,725,3,33.0
15584,2285,3,35.0
13128,2631,3,115.0
8119,722,3,19.3
10630,1832,3,24.0
10265,1492,3,1452.0
10305,2285,3,36.0
12958,2759,3,74.0
15028,2780,3,42.0
15460,317,3,10.5
7830,2138,3,29.0
8348,2314,3,0.2
7157,2285,3,56.0
13716,237,3,42.0
9,237,3,46.0
17731,1832,3,14.3
4790,944,3,131.0
1885,2285,3,47.0
7520,972,3,20.0
13364,2285,3,38.0
14559,2726,3,247.0
17064,1776,3,26.0
11665,2285,3,12.2
5742,237,3,209.0
3658,2526,3,16.3
8543,2850,3,122.0
17334,2922,3,56.0
920,1838,3,1.3
431,2285,3,141.0
16810,2285,3,16.0
13882,2285,3,43.0
17535,2225,3,953.0
6321,2285,3,23.0
13856,2285,3,34.0
15304,2285,3,20.0
12338,811,3,99.0
15788,1832,3,39.0
15594,25,3,26.0
6106,237,3,96.0
7657,2285,3,9.9
9297,1189,3,202.0
4152,237,3,422.0
7827,2380,3,55.0
16611,2285,3,32.0
17543,2285,3,37.0
12730,1937,3,2.3
6466,1655,3,150.0
13505,354,3,9.3
12332,572,3,4.8
9952,2285,3,27.0
120,2285,3,42.0
100,2285,3,61.0
13172,1202,3,1.8
8368,237,3,9.5
54,814,3,128.0
17454,2822,3,51.0
6218,1889,3,39.0
8967,2285,3,84.0
17714,2285,3,56.0
10055,745,3,5.8
14397,2285,3,32.0
6646,1612,3,0.4
11841,14,3,119.0
18229,1612,3,2.3
16885,1612,3,6.6
17509,2573,3,2.4
6192,944,3,3.0
6413,2780,3,7.9
15613,2285,3,24.0
8081,1876,3,14.6
3611,2380,3,1601.0
13729,2380,3,693.0
4879,2380,3,1621.0
13550,237,3,846.0
16693,2285,3,20.0
17626,1488,3,55.0
12648,1832,3,53.0
1006,854,3,94.0
18035,74,3,2.5
6641,2285,3,38.0
8258,2285,3,32.0
12752,718,3,4.8
1265,2285,3,25.0
11306,2285,3,24.0
4632,2522,3,16.8
6295,2285,3,42.0
13690,2380,3,1042.0
7713,113,3,19.2
11740,1342,3,39.0
13437,2285,3,20.0
6663,2285,3,44.0
11358,2639,3,4.4
3741,271,3,63.0
11253,237,3,41.0
9024,2922,3,135.0
7384,2780,3,154.0
4065,2922,3,46.0
3842,1612,3,1.2
6530,1612,3,0.2
11758,1610,3,97.0
5545,1304,3,365.0
353,2285,3,37.0
10258,277,3,647.0
11126,2285,3,33.0
10919,2285,3,80.0
17682,2726,3,10.0
11794,100,3,135.0
598,2285,3,70.0
3620,1488,3,260.0
11416,2726,3,2.2
418,2285,3,32.0
2028,2340,3,33.0
7876,2285,3,23.0
13782,2096,3,23.0
2094,1612,3,7.0
7755,1281,3,31.0
729,2922,3,94.0
14787,1610,3,59.0
5600,2922,3,75.0
15971,1849,3,23.0
11853,1785,3,350.0
4090,1612,3,7.1
13035,2285,3,2.0
6556,2285,3,34.0
9806,1776,3,29.0
3688,2536,3,7.6
3736,1125,3,2.9
17671,2630,3,102.0
4199,2285,3,26.0
13903,1030,3,437.0
7269,1612,3,2.6
177,1488,3,3.0
16322,2285,3,66.0
1200,1612,3,0.6
5036,68,3,1277.0
12526,1721,3,46.0
12564,2285,3,7.8
15515,2285,3,37.0
3119,1785,3,16.0
1445,2285,3,49.0
5047,1612,3,6.5
7336,2631,3,34.0
2104,68,3,1262.0
14334,68,3,1062.0
12368,1612,3,0.3
17868,272,3,1.2
17007,2031,3,103.0
8664,1215,3,74.0
294,2285,3,36.0
4593,2285,3,15.7
9078,1488,3,2371.0
6777,2285,3,21.0
7957,814,3,546.0
16348,766,3,87.0
3875,1155,3,330.0
10134,1492,3,684.0
6341,1488,3,74.0
4422,2865,3,179.0
13231,2380,3,3140.0
14826,2631,3,153.0
12625,2285,3,69.0
10637,1130,3,2.8
16025,2285,3,53.0
13624,1488,3,58.0
6908,2285,3,24.0
14653,1488,3,12.2
882,2285,3,124.0
16400,1488,3,1133.0
16152,2285,3,44.0
6652,2340,3,0.2
77,696,3,131.0
14790,1228,3,439.0
11783,237,3,435.0
17377,1488,3,241.0
6567,274,3,16.4
17185,302,3,48.0
15712,237,3,693.0
17511,1825,3,4.2
11970,2285,3,48.0
8919,2631,3,129.0
16477,2526,3,0.9
12413,1923,3,0.4
7114,2630,3,365.0
9802,68,3,549.0
3130,2285,3,42.0
18218,2285,3,7.8
8074,2339,3,2.5
3239,1488,3,211.0
7904,1612,3,5.7
15037,1189,3,1.2
15081,237,3,68.0
1798,1557,3,806.0
15936,556,3,56.0
10370,2285,3,25.0
2040,1317,3,10.1
8992,1488,3,226.0
10637,2285,3,1.2
3280,2285,3,30.0
8063,2285,3,40.0
1179,2380,3,0.3
7626,2285,3,38.0
2748,2631,3,6.3
2267,2001,3,131.0
10603,1488,3,28.0
3533,897,3,157.0
5146,762,3,7.3
486,25,3,21.0
9274,2285,3,41.0
16002,1488,3,215.0
2860,2098,3,8.5
8909,237,3,3499.0
9553,1488,3,42.0
8699,100,3,17.4
15938,1832,3,55.0
4286,1030,3,19.1
433,944,3,1068.0
6683,2285,3,48.0
3973,2631,3,220.0
17272,2630,3,16.3
13986,1016,3,4.2
15034,2631,3,393.0
10135,2380,3,8.6
14083,2718,3,12.0
15447,1300,3,367.0
16915,2630,3,60.0
6229,1655,3,30.0
15128,68,3,2237.0
9009,811,3,202.0
12042,1831,3,10.9
12537,1488,3,7.6
2893,1397,3,43.0
14630,1440,3,3.5
884,843,3,1616.0
3985,2285,3,73.0
1993,98,3,150.0
18008,718,3,33.0
9857,2922,3,64.0
3331,745,3,46.0
4025,237,3,350.0
13596,68,3,1151.0
10049,944,3,5.8
8059,279,3,1517.0
11594,2562,3,1.9
1878,2285,3,4.8
14840,450,3,26.0
2891,25,3,4.0
2849,1488,3,3.6
4915,946,3,18.6
14647,594,3,300.0
5451,2630,3,71.0
17836,2285,3,41.0
1492,2922,3,78.0
11671,1488,3,103.0
2889,1324,3,19.0
5911,2285,3,42.0
7474,2285,3,36.0
15215,2285,3,48.0
2740,274,3,78.0
7447,2285,3,18.0
14337,1655,3,384.0
15068,2631,3,49.0
8848,2285,3,55.0
15243,2631,3,149.0
1209,2285,3,23.0
9868,2027,3,65.0
17046,2285,3,67.0
1481,2488,3,72.0
7188,718,3,25.0
10883,2685,3,378.0
1168,461,3,29.0
13875,2246,3,20.0
12962,2631,3,183.0
4536,2285,3,45.0
10303,1776,3,43.0
7079,25,3,19.7
13809,2285,3,19.0
3126,1321,3,21.0
7532,2285,3,92.0
16592,2285,3,50.0
7669,237,3,850.0
8685,1155,3,124.0
2588,2285,3,74.0
15454,1304,3,209.0
16257,9,3,6.7
3909,68,3,1781.0
5896,1128,3,46.0
10455,2285,3,28.0
9387,1612,3,1.9
2456,1612,3,1.5
4677,1492,3,3304.0
6979,2865,3,517.0
8755,2221,3,91.0
8888,2285,3,29.0
8003,1041,3,33.0
10730,2630,3,32.0
8595,2380,3,2280.0
10582,2285,3,22.0
15559,2685,3,1249.0
11808,2631,3,34.0
7322,1655,3,229.0
15410,2285,3,13.0
17021,2631,3,32.0
3563,2285,3,37.0
6385,2285,3,27.0
10876,814,3,154.0
11292,1578,3,8.0
8250,744,3,5.2
14268,732,3,256.0
16144,74,3,3.2
7603,2285,3,86.0
6181,464,3,15.8
11628,1228,3,356.0
15829,1488,3,161.0
411,2285,3,53.0
1467,2285,3,37.0
2779,2285,3,36.0
9840,2285,3,32.0
17590,237,3,780.0
10219,2420,3,10.2
1124,25,3,17.8
13216,2285,3,35.0
3808,68,3,178.0
381,2285,3,36.0
8773,556,3,15.6
15857,828,3,101.0
5927,738,3,3.4
3997,2285,3,32.0
536,2285,3,31.0
229,100,3,85.0
11429,1578,3,156.0
2749,2285,3,42.0
1826,1593,3,13.4
11285,1721,3,2.4
430,1321,3,31.0
13178,2631,3,101.0
17026,1776,3,8.9
13167,1875,3,0.0
57,2922,3,10.7
7654,897,3,34.0
6959,1128,3,185.0
13249,68,3,903.0
1892,1612,3,4.5
17999,814,3,88.0
13906,2285,3,47.0
7646,1875,3,22.0
14427,290,3,1.0
9091,1488,3,74.0
8273,2267,3,61.0
7503,2147,3,18.2
7403,2441,3,9.7
15913,897,3,22.0
16353,1917,3,2.6
900,2285,3,44.0
13439,2285,3,42.0
9769,829,3,113.0
6725,1166,3,178.0
16929,1198,3,0.1
1786,2171,3,22.0
17056,2631,3,5.3
15726,2285,3,31.0
545,2285,3,53.0
1588,1488,3,30.0
4582,1905,3,66.0
10981,2285,3,64.0
7965,68,3,179.0
6492,199,3,1.6
16484,1128,3,5.8
13602,1955,3,2.3
13095,1304,3,661.0
152,2285,3,21.0
16113,1655,3,5.9
2227,2285,3,1.1
1736,791,3,8.1
16830,2285,3,36.0
6858,2726,3,202.0
17615,2631,3,177.0
451,2285,3,55.0
16961,2631,3,301.0
1548,100,3,63.0
672,2630,3,29.0
15359,2630,3,338.0
15002,2285,3,34.0
16999,2285,3,42.0
12025,1202,3,181.0
13982,2285,3,9.5
18131,237,3,40.0
6325,1612,3,2.1
11150,2285,3,41.0
13516,2780,3,5.4
18259,1030,3,26.0
10051,1838,3,5.5
16220,52,3,1.1
76,766,3,1658.0
10537,556,3,468.0
14830,2285,3,39.0
11645,1655,3,877.0
91,594,3,532.0
613,2285,3,64.0
810,2285,3,123.0
15248,1612,3,0.0
11670,1488,3,19.6
9347,2619,3,75.0
15351,2285,3,23.0
594,1488,3,76.0
11621,614,3,0.0
5291,1488,3,8.9
7210,828,3,24.0
4163,1832,3,49.0
11642,2339,3,40.0
5851,1488,3,93.0
13403,132,3,2.0
5810,2285,3,26.0
18262,237,3,955.0
501,2285,3,59.0
16246,2285,3,43.0
11426,2444,3,21.0
3257,2285,3,7.5
14342,2631,3,64.0
15265,2285,3,22.0
13176,811,3,184.0
2332,284,3,24.0
13877,2506,3,358.0
7408,1041,3,0.4
4542,1838,3,5.8
14979,2489,3,39.0
8480,1557,3,3.5
4846,237,3,1416.0
8786,1155,3,392.0
10765,2285,3,3.2
819,2285,3,79.0
8049,2285,3,27.0
7199,1612,3,0.6
4772,1578,3,162.0
8205,2631,3,283.0
5286,745,3,0.6
2721,2122,3,55.0
2319,1488,3,78.0
16442,2631,3,34.0
3235,2285,3,66.0
17711,2285,3,42.0
980,2285,3,69.0
16331,1706,3,59.0
10632,1202,3,252.0
14682,556,3,11.0
564,2285,3,4.0
15759,2001,3,3.3
7027,2409,3,21.0
16280,2630,3,288.0
8920,2140,3,19.8
440,2631,3,231.0
7323,1488,3,9.2
16141,1875,3,46.0
9225,1937,3,0.7
12983,74,3,0.8
5249,2285,3,25.0
13346,237,3,224.0
9548,2339,3,19.0
12995,2631,3,79.0
13764,1202,3,29.0
17271,2285,3,23.0
13815,1321,3,242.0
2514,2285,3,51.0
11926,237,3,15.4
9329,1721,3,19.1
676,2631,3,39.0
12665,25,3,5.6
680,2630,3,101.0
10812,1228,3,622.0
1345,353,3,2.1
14328,1488,3,59.0
6433,68,3,1005.0
12211,1832,3,36.0
4860,2630,3,46.0
13639,2631,3,96.0
11180,2630,3,150.0
2327,565,3,48.0
644,2285,3,16.0
14474,2380,3,32.0
13711,2630,3,27.0
12394,2380,3,773.0
6369,1488,3,207.0
10827,2285,3,36.0
9328,2111,3,15.1
3229,2285,3,31.0
15918,1128,3,130.0
9968,2229,3,39.0
17638,2285,3,11.0
10489,1636,3,71.0
11814,1638,3,3.5
17924,2630,3,19.2
7789,1876,3,34.0
8324,2285,3,55.0
11936,237,3,525.0
8430,2380,3,1341.0
4180,2865,3,123.0
8826,237,3,324.0
286,1488,3,59.0
4980,1488,3,63.0
10418,1488,3,217.0
9800,471,3,0.3
10053,1128,3,120.0
7535,2285,3,41.0
2219,2865,3,385.0
2603,223,3,438.0
15035,2631,3,8.5
458,836,3,87.0
7313,1832,3,41.0
17683,1488,3,6268.0
11449,1612,3,7.1
13203,2285,3,17.0
14346,1037,3,5.4
8748,2478,3,33.0
11862,274,3,2.5
9325,68,3,1007.0
1779,2708,3,55.0
1815,2380,3,1282.0
3671,368,3,2423.0
5601,1776,3,6.8
16704,2096,3,1236.0
12399,2285,3,40.0
3069,279,3,631.0
14700,2285,3,17.0
10124,1166,3,130.0
16948,1202,3,47.0
12312,2380,3,359.0
395,2285,3,33.0
7931,1488,3,3.4
2572,1628,3,0.6
11248,946,3,49.0
42,2285,3,118.0
3317,881,3,56.0
1898,2922,3,48.0
3491,1030,3,49.0
17487,1612,3,3.1
9144,2526,3,97.0
6581,1488,3,30.0
7714,732,3,612.0
14178,2380,3,2930.0
7648,237,3,18.5
16167,2831,3,143.0
3343,74,3,0.5
343,449,3,1.2
10543,1488,3,340.0
1934,1341,3,1.9
6052,2285,3,36.0
13114,1612,3,0.2
1315,209,3,12.9
13062,2285,3,22.0
17,100,3,88.0
7590,1612,3,12.2
8474,1189,3,54.0
15735,2630,3,268.0
12195,2285,3,28.0
3396,1488,3,104.0
1030,100,3,21.0
11050,1488,3,98.0
14335,1128,3,120.0
7713,1655,3,353.0
11068,2303,3,6.6
5991,101,3,7965.0
4600,814,3,1529.0
10284,2380,3,3370.0
6454,1578,3,2.6
9839,2285,3,50.0
12000,2380,3,2029.0
10703,2285,3,64.0
16568,2285,3,6.0
14648,2285,3,17.2
16571,1060,3,9.7
2295,2526,3,11.3
10495,1612,3,5.6
548,2285,3,33.0
11636,19,3,24.0
15352,1488,3,36.0
6149,2285,3,59.0
5116,2285,3,82.0
7551,2742,3,23.0
9948,1488,3,153.0
14898,1612,3,0.2
966,2441,3,11.0
15593,2631,3,90.0
4257,2285,3,107.0
14134,2526,3,31.0
11701,2285,3,44.0
10874,2285,3,62.0
8176,1304,3,778.0
6626,2285,3,34.0
8964,2285,3,48.0
8461,2285,3,19.4
12966,271,3,15.9
15294,2488,3,50.0
15612,2335,3,1.1
15155,1128,3,65.0
14391,25,3,9.1
11581,1488,3,141.0
17613,2865,3,56.0
8245,2512,3,4.0
14067,1830,3,29.0
18044,2285,3,55.0
15355,2285,3,25.0
13819,2098,3,22.0
8466,68,3,170.0
4521,1189,3,40.0
13187,1274,3,1601.0
13336,1044,3,6.3
14649,2285,3,63.0
10577,2630,3,32.0
12203,1776,3,5.6
9752,2630,3,88.0
9823,2285,3,8.9
13553,2285,3,65.0
6564,1166,3,171.0
14264,237,3,774.0
6696,2489,3,238.0
12770,2398,3,22.0
11027,142,3,34.0
9383,1321,3,77.0
13068,237,3,552.0
9709,237,3,3353.0
6845,811,3,395.0
4116,1875,3,11.7
17648,1128,3,13.4
2944,1488,3,98.0
7380,2285,3,13.4
6366,2285,3,63.0
11828,1612,3,7.2
9632,1488,3,228.0
1133,2630,3,136.0
2385,2631,3,168.0
3273,2285,3,39.0
1664,2922,3,27.0
67,1597,3,5.9
10795,2630,3,101.0
13146,2610,3,0.6
15695,1655,3,420.0
11713,68,3,451.0
7612,2630,3,54.0
8294,237,3,82.0
231,2630,3,23.0
13824,2194,3,291.0
5377,2526,3,13.5
14646,1128,3,4.2
4842,2285,3,97.0
16090,2285,3,18.4
7692,1721,3,21.0
12605,1832,3,20.0
1470,811,3,144.0
9954,2285,3,14.0
14368,2285,3,26.0
9169,1947,3,55.0
9119,724,3,0.7
10433,1488,3,387.0
9799,1488,3,5.7
247,1488,3,899.0
944,2610,3,16.0
17844,1832,3,13.2
8764,2285,3,72.0
11772,2526,3,36.0
5738,2285,3,7.6
11488,2714,3,10.4
5977,2403,3,11.5
13802,1529,3,0.5
12977,2285,3,40.0
8839,2631,3,105.0
9983,1937,3,5.0
3942,2831,3,644.0
7226,2250,3,37.0
18102,2380,3,889.0
1618,1612,3,3.6
16031,1956,3,10.8
3057,2630,3,116.0
9252,2685,3,71.0
21,2285,3,29.0
6873,2285,3,43.0
8694,2631,3,155.0
15112,1612,3,0.0
7232,944,3,1972.0
13711,2285,3,56.0
17578,881,3,1.7
10589,1488,3,74.0
17782,745,3,0.2
12472,1876,3,26.0
2642,237,3,2103.0
12354,1277,3,7.5
12258,2631,3,150.0
280,1612,3,2.8
910,2205,3,6.1
10487,1612,3,4.8
11546,1488,3,5580.0
2708,2285,3,45.0
10837,142,3,216.0
1023,2001,3,6.7
16533,2630,3,182.0
9689,2285,3,37.0
7057,946,3,157.0
17294,2726,3,44.0
1285,962,3,100.0
4980,2285,3,30.0
14690,777,3,2.2
6743,1228,3,246.0
108,2285,3,23.0
14157,1611,3,8.0
9507,2095,3,127.0
6955,732,3,1125.0
12954,1202,3,63.0
1077,1707,3,9.3
17874,2631,3,67.0
870,2285,3,80.0
10705,2285,3,18.1
3156,811,3,352.0
2003,2631,3,281.0
16497,1488,3,3.2
2408,1300,3,0.2
13637,2831,3,603.0
17850,2285,3,45.0
408,2285,3,40.0
10,1612,3,0.2
3036,1655,3,397.0
13794,237,3,583.0
523,1757,3,0.0
7010,725,3,6.0
542,2285,3,34.0
9227,2285,3,67.0
12682,1583,3,151.0
3429,2285,3,16.7
10724,2630,3,1.0
1097,546,3,4.4
16307,1488,3,183.0
17827,1488,3,33.0
8140,2526,3,12.1
9077,2285,3,2.5
16624,1557,3,102.0
6580,2638,3,38.0
7720,2027,3,6.5
9369,1488,3,176.0
1796,237,3,604.0
17927,2380,3,2101.0
16176,2380,3,204.0
8357,113,3,257.0
17803,1832,3,44.0
15549,1488,3,638.0
16453,814,3,126.0
8228,237,3,1584.0
15648,1321,3,24.0
8853,1128,3,1.8
11202,2285,3,26.0
12023,2354,3,1.1
10368,1166,3,121.0
11858,2285,3,10.1
16354,2685,3,3584.0
6216,1612,3,0.6
9655,2631,3,126.0
9637,2285,3,9.0
5039,2285,3,44.0
4736,2630,3,366.0
647,2285,3,5.0
8387,2285,3,33.0
3495,2285,3,19.4
7030,2625,3,2.0
6191,2631,3,887.0
17705,1610,3,55.0
760,1878,3,12.2
9496,1419,3,87.0
741,2802,3,2.5
12803,1832,3,26.0
9486,2285,3,44.0
8752,2285,3,38.0
17660,966,3,10.0
17281,2285,3,41.0
7527,2285,3,47.0
5127,2285,3,63.0
14455,237,3,995.0
664,1491,3,198.0
13577,2285,3,1.4
15415,1488,3,1813.0
16182,2205,3,10.4
12639,2285,3,13.0
4284,1128,3,5.4
4701,274,3,260.0
15772,1488,3,126.0
10512,68,3,2737.0
17722,2095,3,0.2
111,2285,3,71.0
11148,237,3,804.0
306,2285,3,59.0
6848,2631,3,173.0
18043,2630,3,171.0
197,1612,3,2.8
18134,2285,3,12.2
16561,1128,3,54.0
7687,1488,3,100.0
6539,132,3,55.0
15115,1166,3,853.0
55,2726,3,77.0
653,1491,3,1171.0
13118,732,3,195.0
4486,1612,3,0.8
10429,2285,3,51.0
4815,1156,3,0.2
2600,237,3,701.0
1274,1626,3,2600.0
5460,1578,3,104.0
14132,1832,3,19.8
12108,814,3,210.0
11394,2285,3,39.0
8810,237,3,218.0
9850,237,3,2113.0
2101,237,3,1155.0
3338,2488,3,1725.0
5553,1202,3,159.0
8083,2285,3,38.0
1223,1488,3,14.4
15359,2285,3,18.2
17275,2285,3,6.6
482,2285,3,1.4
17161,1488,3,334.0
3499,572,3,353.0
7579,1781,3,132.0
11752,2285,3,37.0
5083,811,3,141.0
11489,2380,3,265.0
13404,2380,3,136.0
8045,1612,3,0.1
4479,1326,3,7.7
12811,1228,3,158.0
7256,2285,3,13.8
11796,2285,3,55.0
8857,302,3,4.2
7744,2285,3,41.0
11506,1864,3,17.1
4085,816,3,270.0
3544,2285,3,29.0
16552,2285,3,33.0
17429,2285,3,33.0
15139,1488,3,84.0
10916,2865,3,261.0
7627,546,3,43.0
12565,1488,3,59.0
2231,9,3,37.0
4523,2161,3,120.0
16740,1612,3,7.8
11041,6,3,64.0
10355,1576,3,15.8
14878,2285,3,13.7
16723,2138,3,13.1
8698,2285,3,4.1
450,2285,3,6.0
1470,2380,3,1322.0
4525,2285,3,8.0
14606,944,3,316.0
1112,711,3,107.0
6780,2631,3,364.0
15548,1166,3,91.0
11723,1832,3,25.0
15433,274,3,47.0
4823,1155,3,292.0
9643,1612,3,0.6
4829,1465,3,138.0
9304,2285,3,34.0
14151,2285,3,42.0
10616,1655,3,293.0
11213,1488,3,271.0
5259,237,3,955.0
16155,2285,3,26.0
17360,2321,3,0.4
14828,2285,3,53.0
12419,2630,3,116.0
10758,572,3,68.0
717,972,3,2.4
7179,237,3,424.0
17516,2630,3,81.0
11078,2285,3,53.0
245,2171,3,0.4
16834,2285,3,57.0
17459,2630,3,68.0
1964,1610,3,2.3
11525,2285,3,77.0
5992,814,3,157.0
742,2285,3,63.0
5626,2285,3,52.0
8514,237,3,419.0
5985,1752,3,18.2
8321,2285,3,33.0
3223,2285,3,10.6
4251,2547,3,90.0
16529,1612,3,0.1
6345,797,3,23.0
6299,1776,3,16.8
4490,2285,3,65.0
14573,2685,3,267.0
7216,1192,3,55.0
3970,1189,3,6.8
9039,1488,3,217.0
13919,2285,3,41.0
9768,2380,3,2880.0
15628,113,3,174.0
17499,2285,3,26.0
6970,1488,3,3006.0
16478,1488,3,2296.0
1135,2285,3,82.0
42,271,3,40.0
15448,1208,3,196.0
12544,2001,3,25.0
9727,2285,3,45.0
11512,44,3,1.4
4418,2488,3,112.0
8050,2285,3,55.0
11672,766,3,234.0
16327,2285,3,10.3
17472,2285,3,0.7
11391,1203,3,2.6
16148,1612,3,5.1
13432,2922,3,154.0
12563,2285,3,3.0
16826,2285,3,31.0
11627,2630,3,154.0
1500,2371,3,1.6
2982,944,3,1064.0
15062,237,3,1683.0
15750,2225,3,194.0
15184,2477,3,9.6
4034,2285,3,49.0
3922,1983,3,15.2
972,25,3,33.0
272,1215,3,0.5
2881,725,3,43.0
10406,2562,3,5.6
2530,2285,3,14.9
11961,1488,3,588.0
11543,1612,3,0.3
14696,2380,3,78.0
3701,368,3,3352.0
6583,2285,3,59.0
12137,2285,3,34.0
964,1202,3,19.4
3898,1911,3,1367.0
201,1617,3,85.0
12176,2285,3,42.0
1219,450,3,31.0
10140,2285,3,60.0
7451,42,3,58.0
10052,2285,3,88.0
12267,946,3,110.0
1184,1321,3,39.0
5844,1612,3,0.2
393,2285,3,4.2
6884,2285,3,15.9
5476,2630,3,138.0
1861,2285,3,41.0
14963,1030,3,56.0
3698,237,3,629.0
10638,2285,3,9.3
419,2285,3,20.0
9664,1488,3,2066.0
4807,1341,3,35.0
9266,2285,3,37.0
9461,2631,3,97.0
11831,2630,3,60.0
13446,745,3,264.0
9737,1041,3,3.6
6946,2439,3,559.0
14782,2844,3,3.5
18149,1317,3,17.6
9187,828,3,87.0
6961,541,3,35.0
2862,2285,3,41.0
4095,2285,3,48.0
13933,2122,3,58.0
15407,2285,3,24.0
9479,1228,3,497.0
519,1737,3,11.5
11655,1037,3,16.7
15071,1300,3,245.0
14140,2280,3,9.6
17736,2285,3,8.5
2318,1079,3,12227.0
12635,2380,3,1032.0
5171,1488,3,4107.0
1288,1476,3,273.0
2144,2631,3,142.0
11166,2285,3,53.0
781,2285,3,19.2
7741,2285,3,29.0
8150,237,3,1404.0
10302,2404,3,0.9
6238,1139,3,2.8
17984,2526,3,5.4
12165,2496,3,21.0
426,312,3,15.3
15674,1443,3,8.1
12022,2285,3,72.0
14900,1321,3,191.0
15186,1070,3,1770.0
17776,237,3,954.0
13399,2285,3,96.0
8013,1612,3,6.5
17811,1838,3,23.0
3231,2285,3,46.0
10000,2285,3,24.0
7012,100,3,46.0
734,2875,3,13.6
9790,2660,3,2.5
8336,2285,3,18.7
14170,128,3,11.8
638,679,3,208.0
10397,1488,3,26.0
15867,2726,3,118.0
13804,2285,3,36.0
2380,2631,3,70.0
8769,1864,3,16.7
6348,1249,3,4.8
8364,2631,3,164.0
18202,237,3,1771.0
17235,2285,3,46.0
6472,2285,3,34.0
642,1128,3,1.4
12818,1488,3,6.7
17882,572,3,234.0
11505,2285,3,43.0
17813,2285,3,25.0
7663,2285,3,15.7
11570,2285,3,45.0
6545,1612,3,5.2
16330,2285,3,31.0
11864,237,3,375.0
270,1488,3,81.0
16413,2285,3,32.0
12323,272,3,8.2
9326,1981,3,31.0
10364,2630,3,377.0
9374,919,3,5.2
5812,944,3,33.0
7471,2285,3,34.0
5845,1488,3,97.0
12892,2285,3,22.0
10570,312,3,282.0
18293,1612,3,0.3
3786,2285,3,30.0
9310,732,3,903.0
12422,2285,3,28.0
11412,944,3,1720.0
9828,237,3,10.0
16405,2285,3,0.6
15921,2631,3,72.0
10927,1079,3,1759.0
4797,1612,3,0.8
11480,1488,3,1144.0
3614,237,3,1360.0
2038,1832,3,117.0
17312,1583,3,129.0
1176,237,3,269.0
1732,2285,3,40.0
11376,512,3,2.7
6506,2726,3,108.0
12080,1304,3,1283.0
1514,1488,3,271.0
15384,2285,3,37.0
16117,1864,3,0.0
3212,2285,3,48.0
1940,2285,3,27.0
6590,237,3,37.0
7189,2338,3,0.9
1064,1321,3,3.0
1730,2285,3,28.0
10532,2285,3,7.2
6231,2285,3,30.0
7426,142,3,2318.0
9673,1166,3,225.0
617,2285,3,5.3
16345,2285,3,19.7
6669,2285,3,153.0
8060,972,3,140.0
15943,142,3,2634.0
8305,237,3,2813.0
5202,2285,3,39.0
12098,2285,3,46.0
10359,556,3,27.0
1970,2610,3,8.3
17215,2285,3,113.0
16824,1612,3,0.9
1409,1488,3,64.0
17847,237,3,185.0
17960,2285,3,1.4
15809,2380,3,1164.0
8041,113,3,1.1
2877,854,3,422.0
4711,1488,3,5.8
16888,946,3,260.0
3234,237,3,1003.0
16324,1612,3,4.3
16799,2285,3,83.0
12500,237,3,1145.0
17507,142,3,1297.0
7991,68,3,1892.0
5864,2285,3,29.0
8420,1557,3,1163.0
2837,2536,3,7.9
4814,1317,3,121.0
17314,2423,3,10.2
10569,1044,3,104.0
1756,1128,3,48.0
7482,2371,3,1.4
16853,1832,3,44.0
7589,2562,3,2.4
11037,1952,3,1.0
11407,237,3,887.0
1591,2630,3,301.0
16,2409,3,4.7
16087,1837,3,785.0
16702,2285,3,32.0
12410,2285,3,24.0
11432,2285,3,38.0
13565,2630,3,108.0
9118,1488,3,398.0
1564,946,3,85.0
14565,2285,3,52.0
3465,572,3,198.0
13814,1832,3,24.0
3009,237,3,41.0
14276,2380,3,692.0
17901,811,3,49.0
14062,1202,3,23.0
11141,2344,3,0.2
11268,1488,3,687.0
10619,2807,3,576.0
2874,2708,3,27.0
6543,1626,3,1325.0
1270,2631,3,181.0
17075,213,3,2.7
547,1655,3,46.0
204,2285,3,59.0
15870,2285,3,11.2
15587,2380,3,1079.0
14148,1488,3,2968.0
5500,732,3,893.0
14106,2911,3,187.0
12118,2922,3,171.0
17753,572,3,300.0
15109,237,3,806.0
4928,1612,3,1.0
4783,2922,3,62.0
2665,1488,3,32.0
14177,2685,3,356.0
17017,1228,3,435.0
16297,237,3,960.0
11538,1488,3,18.4
16471,2285,3,0.2
13224,2496,3,0.5
10437,166,3,2.0
17780,2423,3,474.0
11503,732,3,1091.0
4841,1612,3,1.1
12642,237,3,476.0
10642,25,3,35.0
16105,944,3,637.0
2491,2285,3,2.4
8618,1655,3,306.0
9756,2285,3,12.8
879,1128,3,11.3
12194,2087,3,4.3
444,2285,3,40.0
10282,2285,3,13.5
4420,1471,3,89.0
11679,2876,3,97.0
7137,1189,3,90.0
2870,2922,3,68.0
7224,1027,3,7.8
16352,2726,3,222.0
3183,1488,3,271.0
13385,2285,3,13.1
12,546,3,12.0
3949,2285,3,44.0
12132,6,3,0.2
8792,2285,3,51.0
14039,1612,3,1.8
46,2285,3,34.0
5160,1075,3,13.0
11797,1776,3,91.0
6648,762,3,1.6
12013,237,3,263.0
12234,2285,3,12.6
16836,1488,3,115.0
4483,68,3,1047.0
14012,2285,3,42.0
17395,237,3,1452.0
7644,1189,3,0.6
5242,1189,3,50.0
8240,237,3,134.0
12786,88,3,0.3
11761,2585,3,0.2
1650,1612,3,0.3
12733,1488,3,35.0
83,2886,3,10.8
5412,2630,3,672.0
5267,2285,3,56.0
14136,2631,3,4.9
8644,1832,3,132.0
17755,2922,3,214.0
12708,2911,3,33.0
7086,2631,3,328.0
12201,1304,3,2016.0
5167,1079,3,10704.0
2878,1192,3,66.0
18151,100,3,78.0
18006,1155,3,17.6
12053,725,3,51.0
6939,2285,3,33.0
8198,2028,3,20.0
14447,2390,3,4.8
13880,546,3,39.0
9947,688,3,22.0
9134,2285,3,55.0
17466,2192,3,5.4
8832,272,3,33.0
15173,2285,3,55.0
11795,2285,3,70.0
16913,2380,3,488.0
8007,1488,3,5.5
11903,237,3,577.0
7767,2631,3,90.0
18174,933,3,2.5
10484,2726,3,81.0
1511,2631,3,118.0
12383,1304,3,331.0
2330,2631,3,61.0
595,2285,3,53.0
16982,2285,3,13.4
700,2285,3,14.9
16928,68,3,1064.0
5473,2285,3,40.0
2830,2285,3,40.0
422,237,3,986.0
1891,1488,3,157.0
16998,2285,3,18.3
6926,1612,3,3.8
17956,2536,3,7.4
15661,237,3,203.0
12837,1155,3,764.0
8558,2710,3,40.0
5640,237,3,25.0
10701,2764,3,1.7
16298,2285,3,39.0
2926,2285,3,3.0
13051,1488,3,59.0
16342,1128,3,122.0
16419,2685,3,465.0
7277,1079,3,2814.0
12439,2631,3,119.0
6901,2439,3,497.0
4762,732,3,353.0
6121,1832,3,20.0
1764,237,3,349.0
8362,2726,3,14.3
14296,614,3,0.2
16296,2285,3,57.0
17455,237,3,2646.0
5245,1488,3,228.0
1014,2285,3,29.0
9402,2911,3,627.0
5740,1832,3,8.0
15049,272,3,28.0
92,2922,3,86.0
10201,1488,3,72.0
16675,1612,3,0.5
14428,2631,3,257.0
14454,339,3,9.7
8221,2439,3,153.0
5578,828,3,25.0
15804,775,3,13.1
6698,2285,3,21.0
13757,1612,3,3.3
4022,2285,3,39.0
10881,132,3,1.5
8603,237,3,554.0
196,2380,3,1188.0
17795,2884,3,331.0
10416,2631,3,38.0
18073,2627,3,107.0
2915,2285,3,118.0
16557,745,3,400.0
14422,946,3,48.0
7295,2631,3,3.2
7164,2027,3,168.0
3995,1128,3,18.4
8754,2631,3,33.0
17973,1304,3,399.0
1480,2631,3,219.0
14223,2152,3,58.0
2056,572,3,59.0
13069,2380,3,452.0
10627,1871,3,3.2
15598,2630,3,163.0
2957,1199,3,1.0
9959,100,3,76.0
15341,1612,3,3.0
10872,2631,3,161.0
9907,2285,3,38.0
11528,944,3,7.4
312,68,3,6.5
6668,2285,3,48.0
10241,2630,3,534.0
12893,2285,3,64.0
1841,2285,3,25.0
6950,1915,3,14.9
17193,237,3,648.0
14116,1609,3,4.9
160,2285,3,22.0
13750,2285,3,58.0
2161,2285,3,19.2
11595,100,3,92.0
15572,1488,3,70.0
2566,2631,3,155.0
727,1905,3,0.9
9843,2510,3,106.0
16726,2865,3,122.0
9241,2285,3,7.8
9862,854,3,78.0
4793,2285,3,31.0
2052,115,3,0.7
4178,2380,3,534.0
282,25,3,27.0
6087,237,3,1316.0
1914,237,3,45.0
14423,2380,3,458.0
10740,1720,3,0.3
17527,1202,3,45.0
16274,2285,3,30.0
3030,1608,3,1198.0
16073,944,3,510.0
3984,725,3,3.2
13368,2285,3,21.0
17947,1488,3,3238.0
3004,2340,3,216.0
10952,2631,3,52.0
13393,1721,3,32.0
9258,766,3,49.0
7862,1228,3,19.5
3075,237,3,2188.0
14596,2348,3,127.0
6010,745,3,4.4
10558,1004,3,1.5
12736,68,3,884.0
17662,2285,3,68.0
3834,237,3,42.0
13161,272,3,15.8
725,1609,3,12.2
4586,2631,3,137.0
5191,1488,3,42.0
8975,68,3,2783.0
18155,302,3,38.0
11293,2519,3,24.0
16895,2631,3,190.0
604,2285,3,60.0
17667,31,3,60.0
3855,1202,3,32.0
14133,1488,3,19.8
14263,1300,3,5.1
8044,237,3,405.0
13473,2631,3,122.0
1066,2630,3,938.0
12477,2285,3,28.0
771,237,3,2113.0
6111,2631,3,66.0
2011,1612,3,8.8
3147,132,3,0.6
5981,237,3,180.0
4860,1832,3,45.0
17995,1488,3,130.0
13423,100,3,143.0
15557,68,3,1165.0
5769,1107,3,92.0
11913,1612,3,0.2
8870,98,3,173.0
8030,814,3,331.0
14181,2536,3,12.7
17897,944,3,285.0
149,2205,3,0.4
16516,1488,3,64.0
11933,2285,3,3.9
6670,2922,3,50.0
13184,594,3,46.0
6489,237,3,405.0
7738,1612,3,5.2
11336,1612,3,5.1
15956,2631,3,27.0
8423,2285,3,129.0
16646,1612,3,2.0
18205,1030,3,76.0
7069,2380,3,977.0
11653,1609,3,13.6
6781,2285,3,13.5
6962,2225,3,375.0
3067,1407,3,0.9
13306,271,3,12.7
6693,2285,3,73.0
11509,545,3,34.0
10710,1612,3,7.1
8434,2285,3,36.0
17149,2345,3,112.0
7507,2285,3,39.0
7038,1542,3,5.8
11517,617,3,2.3
5490,2223,3,23.0
5870,2783,3,19.7
4888,2439,3,8.9
16169,725,3,52.0
4241,725,3,2.5
15678,944,3,1099.0
12379,2122,3,24.0
1511,2420,3,6.5
10766,1647,3,0.7
3175,572,3,260.0
1860,25,3,11.6
16818,2285,3,60.0
659,2285,3,34.0
17953,2285,3,48.0
10492,2299,3,38.0
2152,1612,3,0.1
16579,1128,3,51.0
13492,237,3,1110.0
2902,1166,3,78.0
16325,2865,3,66.0
135,343,3,0.4
13431,461,3,8.4
14717,2285,3,87.0
4491,2631,3,142.0
10392,2192,3,0.2
4050,1128,3,278.0
9293,2285,3,17.6
11351,2285,3,84.0
8478,2285,3,33.0
14618,2631,3,203.0
7560,2285,3,36.0
11890,2285,3,43.0
287,2630,3,179.0
3460,2285,3,43.0
12378,237,3,454.0
14766,312,3,15.9
7588,1832,3,5.2
16619,1488,3,28.0
11473,2285,3,38.0
14049,2285,3,47.0
14307,1737,3,1.4
1322,2631,3,261.0
12440,1609,3,58.0
9969,2122,3,83.0
9069,68,3,1437.0
2353,237,3,431.0
6726,281,3,1.0
15013,2526,3,14.0
12692,1030,3,50.0
17119,2631,3,145.0
7038,2400,3,5.9
14592,2380,3,1648.0
9639,1228,3,238.0
13450,2285,3,17.9
1246,508,3,57.0
14761,521,3,284.0
10175,1612,3,0.1
17250,1625,3,465.0
16012,2631,3,32.0
14811,1832,3,1.2
9121,2285,3,35.0
10351,1166,3,383.0
7783,1632,3,409.0
17217,2285,3,81.0
1759,2285,3,74.0
5010,944,3,1935.0
5118,1488,3,33.0
11736,2285,3,23.0
984,2285,3,46.0
10960,1488,3,64.0
7544,2489,3,51.0
7822,343,3,13.0
17319,1202,3,2.6
2611,1321,3,24.0
459,2285,3,5.9
10221,1553,3,1334.0
13481,1832,3,43.0
17053,2631,3,0.2
10661,1008,3,6.3
7478,2726,3,6.3
18093,2285,3,43.0
10527,1317,3,101.0
9705,2285,3,52.0
8896,359,3,102.0
8384,2285,3,25.0
1281,2129,3,9.4
14217,2285,3,77.0
6195,1612,3,0.0
14784,2631,3,203.0
10850,2285,3,88.0
8927,1166,3,190.0
5244,962,3,9.2
14746,2285,3,19.2
9545,725,3,12.8
8475,1721,3,55.0
17177,1304,3,722.0
6310,2285,3,42.0
15728,2631,3,109.0
6129,2285,3,5.0
11133,295,3,48.0
15191,2285,3,59.0
462,2285,3,41.0
5123,2285,3,114.0
17105,2285,3,29.0
7399,732,3,814.0
11869,2285,3,59.0
13629,1079,3,10481.0
16070,2409,3,18.9
14508,2802,3,47.0
4419,1189,3,0.0
3675,778,3,24.0
12971,271,3,93.0
16147,2285,3,26.0
8560,1203,3,14.8
10457,2630,3,114.0
13020,1128,3,68.0
1306,2630,3,117.0
17329,2285,3,14.4
9305,2285,3,48.0
4852,2024,3,0.1
13356,2526,3,98.0
10717,2922,3,5.6
13106,44,3,1276.0
11267,2285,3,1.2
6893,237,3,541.0
11739,2285,3,9.0
15576,2631,3,28.0
12218,2285,3,26.0
2637,1228,3,183.0
1665,1913,3,9.8
17646,829,3,698.0
2452,2285,3,81.0
4808,2339,3,15.8
3524,1488,3,36.0
6761,2922,3,380.0
6667,2285,3,7.7
14029,854,3,114.0
14625,1228,3,20.0
16643,545,3,30.0
16825,2922,3,126.0
7074,2285,3,59.0
11137,237,3,391.0
15344,864,3,16.2
1314,2348,3,206.0
11250,2395,3,14.4
5444,791,3,111.0
9517,1166,3,208.0
12575,2285,3,13.6
12289,2285,3,22.0
11451,1832,3,69.0
14804,2285,3,44.0
11726,1937,3,0.4
2658,2285,3,49.0
12085,565,3,50.0
16122,2285,3,3.6
10035,25,3,11.5
2764,2631,3,144.0
12889,237,3,18.6
11335,2285,3,23.0
17593,2285,3,32.0
15095,1166,3,301.0
17033,1488,3,2620.0
11977,2631,3,202.0
13406,2366,3,0.0
14405,1128,3,21.0
6992,2285,3,4.6
2557,2380,3,128.0
4122,2285,3,43.0
3879,2685,3,5613.0
1030,2285,3,48.0
15504,1321,3,26.0
17630,2448,3,0.3
18092,1128,3,23.0
17531,1128,3,256.0
13666,237,3,670.0
8793,2223,3,1.2
42,74,3,0.4
1745,2631,3,195.0
11922,1488,3,118.0
12403,1488,3,249.0
7548,237,3,1237.0
3792,2285,3,15.0
10157,2285,3,24.0
2968,1643,3,682.0
6770,854,3,201.0
579,2726,3,63.0
14331,2285,3,54.0
16604,2285,3,42.0
619,2630,3,69.0
2565,2285,3,37.0
8396,2285,3,41.0
10378,237,3,220.0
10554,25,3,31.0
13174,2562,3,21.0
16234,1488,3,63.0
823,1488,3,185.0
10041,343,3,5.1
1368,2285,3,0.7
363,2285,3,30.0
2176,2285,3,1.3
10230,2285,3,9.3
14605,1612,3,0.1
16738,2631,3,42.0
2364,2285,3,64.0
13140,2380,3,2144.0
9775,2285,3,22.0
10561,2285,3,42.0
12841,688,3,2.8
16121,1488,3,21.0
1191,237,3,2040.0
10958,142,3,278.0
9897,2380,3,1107.0
17002,2285,3,11.6
6851,1488,3,31.0
7975,1488,3,109.0
3367,2519,3,5.6
17450,2285,3,22.0
1226,1525,3,11.2
5537,1610,3,4.8
9888,2285,3,22.0
1620,2285,3,0.7
16960,25,3,2.6
9892,2922,3,109.0
8166,278,3,918.0
14731,25,3,24.0
2827,2865,3,384.0
15500,2027,3,27.0
14855,2285,3,23.0
11430,1128,3,65.0
14930,1228,3,870.0
364,368,3,297.0
7067,2409,3,36.0
7561,2631,3,47.0
13720,2285,3,30.0
17815,1030,3,118.0
6607,164,3,2.0
214,2285,3,33.0
11129,614,3,1.4
15283,100,3,360.0
457,2630,3,65.0
15635,1875,3,6.8
13840,2630,3,86.0
16305,1488,3,19.7
15381,2285,3,16.2
6498,2285,3,51.0
641,2285,3,49.0
5929,1871,3,2.4
6710,1030,3,120.0
7852,1488,3,65.0
14805,1827,3,843.0
704,2285,3,21.0
12685,2285,3,41.0
7605,2195,3,7.1
9853,2285,3,21.0
8960,272,3,583.0
5853,2285,3,53.0
17147,2285,3,0.4
13980,1024,3,1.9
17657,1166,3,38.0
3811,2285,3,47.0
4408,2285,3,71.0
259,745,3,29.0
16670,271,3,34.0
2700,1500,3,582.0
11338,2285,3,30.0
17629,2710,3,52.0
5205,1553,3,760.0
9713,1228,3,797.0
7207,1304,3,267.0
17336,2285,3,46.0
12510,68,3,432.0
4947,814,3,370.0
4740,897,3,26.0
9732,1875,3,23.0
804,1166,3,105.0
2688,2631,3,112.0
10125,1269,3,161.0
10956,2726,3,17.2
10921,237,3,974.0
8294,2285,3,78.0
8819,1355,3,90.0
3221,556,3,23.0
8803,2285,3,1.8
213,2285,3,25.0
6582,2285,3,41.0
13359,1837,3,50.0
13120,2285,3,16.5
15379,944,3,177.0
4768,444,3,16.0
10448,1037,3,16.3
3204,2488,3,118.0
14143,1488,3,288.0
3684,74,3,3.3
13665,594,3,734.0
6933,2285,3,17.5
8072,2285,3,81.0
14814,2285,3,39.0
15752,1488,3,33.0
11526,2285,3,13.0
10454,1488,3,10.0
6353,1612,3,6.3
16458,946,3,130.0
2162,1721,3,195.0
8931,237,3,345.0
14611,2285,3,38.0
4898,670,3,275.0
941,1488,3,903.0
1890,1617,3,24.0
7153,237,3,222.0
581,1189,3,67.0
7511,1321,3,48.0
17758,2285,3,41.0
885,2525,3,0.4
2654,1612,3,9.3
1784,1832,3,45.0
16215,549,3,183.0
616,1030,3,1.0
13293,2285,3,36.0
8627,2630,3,479.0
18110,2285,3,34.0
1364,2285,3,36.0
4613,1612,3,5.0
1289,1488,3,885.0
3489,1202,3,26.0
16486,1128,3,26.0
16793,1720,3,2.4
6152,1488,3,47.0
6854,237,3,459.0
5022,2631,3,55.0
18165,814,3,1037.0
13547,2631,3,105.0
7197,2285,3,71.0
10942,2285,3,32.0
7293,2285,3,26.0
7973,2285,3,35.0
16944,68,3,2087.0
5820,2285,3,37.0
5399,1832,3,28.0
10007,1721,3,7.0
13441,2631,3,136.0
584,2285,3,33.0
942,2285,3,18.3
9610,594,3,388.0
11501,2028,3,0.3
15578,823,3,40.0
8366,2285,3,73.0
943,2922,3,174.0
2916,1605,3,1.1
16098,1612,3,0.0
16772,2630,3,356.0
10653,68,3,755.0
10546,2639,3,23.0
13435,2285,3,23.0
283,2229,3,390.0
5985,1947,3,66.0
5178,2922,3,341.0
17367,2631,3,146.0
8045,1876,3,6.3
12051,2285,3,48.0
8426,2285,3,43.0
9384,556,3,20.0
13855,1611,3,16.6
12940,1189,3,248.0
7228,1785,3,87.0
11805,74,3,8.6
7733,2285,3,41.0
3176,312,3,6.4
15633,2285,3,128.0
2455,2285,3,57.0
2271,725,3,34.0
2515,1612,3,5.5
15013,113,3,65.0
12012,1488,3,97.0
14395,2631,3,436.0
2884,2922,3,88.0
827,2285,3,2.1
4655,781,3,18.8
5530,272,3,33.0
7756,1594,3,1.8
15425,2922,3,37.0
3441,1488,3,38.0
2783,237,3,287.0
4311,745,3,185.0
13533,1184,3,3.3
8476,237,3,65.0
2121,2285,3,18.6
9619,237,3,455.0
6897,2270,3,646.0
16217,981,3,11.5
15636,272,3,30.0
15827,2285,3,13.4
10474,2344,3,0.0
3938,1488,3,512.0
16768,1832,3,125.0
5918,521,3,0.7
2501,2285,3,50.0
11575,1392,3,0.5
15192,1321,3,26.0
6767,2631,3,108.0
15796,2285,3,51.0
6906,2639,3,66.0
8675,272,3,35.0
8116,2365,3,0.1
11206,2285,3,36.0
13749,1321,3,1.8
13660,2087,3,0.0
10646,2285,3,19.5
1497,2494,3,21.0
7331,1128,3,18.7
6713,2630,3,49.0
4563,2285,3,45.0
13463,237,3,56.0
1384,1612,3,0.3
18026,2285,3,44.0
16666,1655,3,32.0
16501,814,3,292.0
12181,2285,3,60.0
16150,2630,3,40.0
15453,166,3,10.6
7013,1304,3,392.0
10358,2380,3,460.0
16741,2043,3,7.1
464,2285,3,22.0
8073,2285,3,48.0
7836,1488,3,79.0
14711,1488,3,28.0
8620,2285,3,46.0
15023,828,3,231.0
6604,2122,3,29.0
9008,2630,3,129.0
16003,2285,3,46.0
9875,2631,3,129.0
7087,1228,3,93.0
15734,1407,3,9.1
13235,565,3,115.0
8858,2285,3,62.0
12556,1488,3,349.0
7376,2285,3,28.0
1604,1612,3,4.3
560,1300,3,13.6
9634,2096,3,199.0
2992,68,3,1965.0
10775,237,3,189.0
11702,2344,3,1.0
7330,2639,3,4.5
7054,2441,3,9.8
6596,368,3,1950.0
5555,1578,3,7.2
15511,2285,3,19.8
13859,1488,3,18.2
15687,2285,3,51.0
12275,1616,3,126.0
2014,1612,3,2.2
1297,74,3,0.8
2971,1785,3,70.0
12992,2780,3,23.0
16864,2173,3,0.0
425,2285,3,49.0
449,2631,3,96.0
655,1488,3,235.0
16865,2285,3,13.2
7694,745,3,11.0
14924,1827,3,14.6
4076,142,3,91.0
320,2285,3,9.2
13168,2576,3,17.4
2462,2285,3,7.6
7955,1491,3,0.6
6634,2685,3,2506.0
9982,1488,3,83.0
12003,2536,3,1.0
2141,25,3,43.0
6453,2631,3,224.0
9762,2285,3,80.0
11433,2285,3,25.0
389,2285,3,168.0
6614,1029,3,2.3
10289,1054,3,3.2
12170,2285,3,23.0
16216,2285,3,116.0
15141,2631,3,262.0
12287,1937,3,7.0
3510,2285,3,36.0
13945,1030,3,8.7
16969,2285,3,9.3
14295,529,3,39.0
1703,1128,3,24.0
13338,1937,3,0.9
3362,814,3,51.0
16811,2285,3,37.0
9414,2631,3,78.0
11989,2380,3,1349.0
6798,2842,3,8.8
573,1488,3,767.0
7923,2285,3,24.0
976,2285,3,36.0
4760,1832,3,34.0
17694,1196,3,42.0
9336,1488,3,13.4
4204,2865,3,78.0
12326,237,3,621.0
8082,1321,3,36.0
13098,1876,3,23.0
11579,2285,3,17.7
16007,237,3,1071.0
9170,1844,3,0.1
596,2285,3,32.0
7724,359,3,8.2
15528,237,3,226.0
5337,237,3,223.0
497,2285,3,44.0
14783,2285,3,53.0
8263,2839,3,1.6
11777,2285,3,17.6
14617,100,3,77.0
9901,237,3,29.0
5164,556,3,5.5
5406,2285,3,26.0
5526,2285,3,57.0
307,1832,3,23.0
357,1832,3,0.3
15508,156,3,0.4
7468,2285,3,17.2
7703,1272,3,3.7
15284,2630,3,194.0
17113,2654,3,228.0
4398,2864,3,75.0
5666,1382,3,14.8
6877,237,3,190.0
17636,1659,3,19.6
3084,1128,3,4.5
3451,2630,3,46.0
2299,2285,3,67.0
1903,2285,3,73.0
18206,1128,3,24.0
3586,2285,3,75.0
7585,1488,3,6647.0
12131,829,3,962.0
7493,2611,3,10.7
665,2285,3,30.0
696,1715,3,2.4
15812,1054,3,8.1
11644,361,3,0.1
10936,2631,3,180.0
10494,1488,3,135.0
8155,2856,3,185.0
13378,237,3,0.8
133,2285,3,30.0
10629,1202,3,76.0
574,2285,3,35.0
17748,1611,3,15.2
2272,992,3,37.0
8470,2153,3,1.9
6183,2285,3,22.0
16886,1166,3,105.0
7807,2285,3,25.0
7060,2285,3,62.0
7965,2630,3,263.0
10955,2630,3,414.0
4169,113,3,11.9
17306,2911,3,77.0
7942,2631,3,211.0
18017,2285,3,52.0
6469,42,3,77.0
16647,2285,3,28.0
11638,2875,3,42.0
6846,1843,3,4.0
2502,2285,3,57.0
17893,2285,3,24.0
15793,2285,3,40.0
14304,1488,3,284.0
17619,68,3,649.0
8598,1578,3,58.0
3744,2622,3,17.8
6268,213,3,9.0
2301,1321,3,35.0
18224,1833,3,4.4
8623,1848,3,3.6
5492,2639,3,31.0
7214,272,3,16.2
2181,2285,3,47.0
17873,1832,3,64.0
10493,868,3,3.4
11511,1612,3,1.8
4961,2285,3,43.0
16436,1838,3,25.0
9272,2001,3,28.0
10699,25,3,63.0
7116,2380,3,1587.0
7015,1610,3,9.4
675,1321,3,34.0
13497,2285,3,63.0
6105,22,3,3.4
12057,921,3,0.2
17833,2630,3,266.0
7092,811,3,124.0
13948,2631,3,39.0
3895,2522,3,5.7
2766,732,3,488.0
17733,1610,3,14.7
7766,1128,3,0.7
14524,237,3,207.0
11983,1488,3,2.3
6931,1128,3,10.2
13780,2922,3,135.0
11613,2285,3,78.0
17015,237,3,811.0
9079,1092,3,15.6
17592,2285,3,25.0
13329,2285,3,40.0
7621,237,3,271.0
7832,2285,3,31.0
15466,2631,3,91.0
6135,2285,3,20.0
2114,2285,3,107.0
11409,1128,3,51.0
12641,237,3,204.0
3112,1030,3,137.0
16872,2631,3,197.0
331,2285,3,45.0
7914,2780,3,2.0
15254,2631,3,73.0
12952,732,3,629.0
12987,2096,3,405.0
11469,972,3,15.9
8296,2526,3,27.0
13474,2631,3,584.0
2929,2922,3,43.0
6376,1612,3,0.3
17550,1030,3,939.0
132,2380,3,907.0
15223,1202,3,302.0
15888,725,3,7.3
14593,235,3,0.6
11061,1488,3,916.0
16904,2631,3,404.0
15880,2866,3,9.6
3326,1488,3,14.2
4337,1488,3,4.9
6644,2631,3,243.0
14496,2631,3,368.0
13119,854,3,408.0
11767,1488,3,28.0
16235,1228,3,426.0
13416,2285,3,39.0
8328,237,3,351.0
8018,777,3,21.0
10651,2285,3,22.0
18185,2285,3,57.0
4254,237,3,853.0
3710,1612,3,4.4
407,2630,3,257.0
6874,2285,3,65.0
15250,1864,3,3.0
13042,1166,3,110.0
14856,113,3,66.0
16735,2285,3,5.4
6442,1612,3,0.8
10961,2122,3,35.0
10693,2631,3,156.0
2629,2285,3,30.0
14035,2285,3,39.0
12696,282,3,18.2
15702,897,3,175.0
2413,1488,3,430.0
10814,2285,3,38.0
9760,2285,3,56.0
3925,2630,3,281.0
8905,946,3,37.0
18193,2922,3,5.7
10431,2285,3,10.8
5346,113,3,1075.0
10854,2759,3,133.0
8976,237,3,695.0
13245,2285,3,28.0
3926,2285,3,38.0
16941,1612,3,3.1
16335,2285,3,35.0
7082,2631,3,11.6
447,1488,3,0.2
16510,2630,3,23.0
17968,1612,3,3.4
13535,2631,3,92.0
17212,1300,3,41.0
16720,2527,3,0.4
10139,814,3,2231.0
11366,2285,3,7.9
404,718,3,430.0
6015,2781,3,4.9
7039,2285,3,39.0
7193,2285,3,0.3
12516,944,3,630.0
12930,1612,3,3.4
13033,2285,3,24.0
12924,343,3,39.0
11226,113,3,60.0
7217,2439,3,561.0
8304,2285,3,48.0
17187,2285,3,35.0
14152,2631,3,111.0
5852,237,3,42.0
654,2285,3,47.0
8477,237,3,617.0
14601,312,3,29.0
2165,2393,3,6.9
4780,766,3,174.0
17485,2285,3,93.0
8191,2285,3,39.0
9002,1610,3,61.0
446,1488,3,50.0
8482,2285,3,45.0
16447,2865,3,768.0
6279,68,3,95.0
3696,1128,3,37.0
7916,745,3,21.0
576,2285,3,30.0
18199,2630,3,636.0
2195,862,3,1.9
16922,2137,3,0.0
15419,743,3,6.1
14403,1612,3,0.5
692,2285,3,3.1
8379,2922,3,82.0
11885,2726,3,29.0
8886,2285,3,42.0
14262,2631,3,72.0
1517,2910,3,5.4
6045,2225,3,2499.0
16575,2195,3,10.2
705,1612,3,3.3
2546,732,3,588.0
8123,1832,3,64.0
16856,2096,3,67.0
12731,68,3,28.0
17504,2285,3,0.4
15305,1488,3,252.0
9010,2630,3,82.0
15405,2028,3,17.8
11410,237,3,1038.0
17264,2285,3,35.0
12584,2285,3,34.0
7810,2631,3,52.0
521,2285,3,60.0
4516,2285,3,44.0
6432,274,3,11.7
10945,206,3,24.0
8997,1488,3,131.0
10611,2630,3,12.7
6104,1947,3,44.0
15030,237,3,1141.0
5767,1913,3,24.0
14780,1202,3,12.6
14149,2285,3,25.0
14117,237,3,409.0
8134,284,3,2.0
11957,2285,3,27.0
9200,1876,3,14.6
2797,1610,3,34.0
9219,1655,3,400.0
12207,2285,3,36.0
5240,100,3,47.0
17060,2285,3,35.0
17251,2631,3,252.0
5643,2726,3,119.0
4591,2285,3,6.9
11025,1717,3,1.4
8269,1947,3,44.0
14561,2285,3,43.0
18139,572,3,12.1
13383,1524,3,1.5
11246,2339,3,8.6
10687,1128,3,126.0
1763,2441,3,4.5
12874,2865,3,36.0
14888,1612,3,3.8
12409,368,3,7.1
13770,2285,3,49.0
16207,2850,3,37.0
6840,237,3,15.9
13718,1488,3,5729.0
3059,1612,3,4.7
17554,2631,3,61.0
11450,2285,3,36.0
12208,1300,3,103.0
10147,2380,3,715.0
4586,2631,3,102.0
18029,2630,3,31.0
14108,685,3,22.0
15948,2285,3,44.0
8443,1876,3,30.0
7001,614,3,35.0
1034,2285,3,35.0
7774,2148,3,18.0
10391,237,3,797.0
1027,2285,3,9.8
1386,578,3,4.6
670,100,3,14.6
13005,2923,3,0.8
10032,2001,3,3.8
15526,723,3,5.1
1039,1591,3,50.0
5020,2285,3,31.0
12769,1320,3,16.1
18076,2380,3,339.0
15583,2285,3,84.0
18089,2285,3,3.6
16103,2285,3,67.0
8847,368,3,22.0
328,2631,3,196.0
3118,1201,3,0.6
10610,556,3,35.0
2995,549,3,11.4
3470,2285,3,26.0
9541,2285,3,55.0
1160,25,3,50.0
2496,1128,3,23.0
14271,1488,3,50.0
16194,2285,3,39.0
14449,2285,3,78.0
3428,1876,3,4.3
3482,2630,3,38.0
5908,1269,3,50.0
8386,2708,3,5.0
3147,100,3,42.0
14312,2285,3,48.0
14497,2285,3,28.0
16648,237,3,529.0
12381,237,3,174.0
16082,2285,3,10.1
2908,2285,3,12.1
17462,1832,3,9.0
4965,1128,3,11.0
2234,594,3,482.0
7278,2087,3,0.4
5222,2285,3,51.0
9721,237,3,684.0
7857,139,3,10.1
13394,2340,3,52.0
6742,2285,3,50.0
8812,2285,3,49.0
555,556,3,69.0
13257,2631,3,95.0
9549,2285,3,27.0
7452,2285,3,32.0
4684,237,3,668.0
8767,1832,3,38.0
9181,2631,3,206.0
1290,1776,3,29.0
15241,2526,3,14.5
7312,2285,3,18.2
16512,1721,3,451.0
13184,1680,3,36.0
17785,2285,3,24.0
17942,2285,3,16.2
17716,1612,3,3.3
11999,237,3,1236.0
777,1030,3,17.0
17781,2084,3,0.2
1830,1488,3,80.0
8271,1858,3,22.0
10216,725,3,30.0
17803,823,3,0.6
7538,274,3,11.5
380,1096,3,0.4
13675,237,3,151.0
7407,2380,3,195.0
14996,2380,3,244.0
114,2285,3,42.0
14361,2285,3,48.0
10996,1037,3,76.0
5892,113,3,879.0
16240,2726,3,68.0
8922,1611,3,4.5
17730,2380,3,1618.0
8251,2285,3,31.0
9296,237,3,140.0
8826,1937,3,0.1
5765,24,3,33.0
8068,1858,3,13.3
5126,2285,3,7.4
10833,1832,3,29.0
18150,1156,3,1.3
1674,2001,3,31.0
9324,1578,3,361.0
8934,2439,3,293.0
14771,2850,3,59.0
13552,2285,3,52.0
15196,1488,3,1158.0
8173,1027,3,25.0
15875,68,3,673.0
16899,292,3,3.4
10907,237,3,194.0
15634,2285,3,17.2
17542,166,3,4.6
1391,2631,3,1.6
11599,2285,3,42.0
17231,2285,3,78.0
10908,2285,3,25.0
6141,290,3,6.3
16890,1612,3,1.0
15677,1612,3,4.2
15234,399,3,60.0
12762,820,3,0.0
470,743,3,30.0
4006,1977,3,8.2
8192,2285,3,51.0
17061,2285,3,53.0
795,2285,3,8.0
13411,944,3,9.6
11573,362,3,5.4
1152,1030,3,315.0
757,147,3,0.7
18211,1488,3,416.0
13310,2630,3,73.0
14689,2285,3,71.0
50,1720,3,28.0
10677,1214,3,9.6
17540,237,3,1065.0
7178,1317,3,3.5
2486,1128,3,339.0
18039,237,3,789.0
1073,2726,3,24.0
13451,1837,3,260.0
10166,2865,3,574.0
5683,2285,3,29.0
3202,933,3,11.1
688,2285,3,29.0
2230,1612,3,2.2
16456,449,3,99.0
14716,766,3,76.0
4664,781,3,61.0
9675,572,3,253.0
16191,1832,3,2.7
10722,732,3,197.0
16092,2380,3,954.0
16378,272,3,107.0
17357,2726,3,96.0
4063,272,3,17.4
12314,1612,3,4.0
512,2285,3,58.0
9960,1179,3,13.4
10974,2630,3,123.0
11045,2285,3,4.2
11060,2726,3,23.0
6013,142,3,59.0
12434,2285,3,28.0
6525,52,3,58.0
4021,1030,3,77.0
8411,2285,3,7.5
9855,2285,3,39.0
8401,1612,3,0.0
6352,2922,3,1.8
5114,2844,3,11.9
517,1937,3,9.9
17729,1128,3,69.0
13298,1488,3,61.0
10366,2631,3,121.0
9943,1628,3,0.2
14280,1228,3,435.0
14570,2007,3,4.4
3933,1876,3,22.0
14586,2897,3,24.0
2594,343,3,4.6
9726,2285,3,6.4
3825,897,3,0.3
9123,2285,3,17.2
4009,1488,3,42.0
164,2285,3,46.0
8822,2639,3,6.7
2358,2611,3,2.1
18200,2285,3,37.0
18087,980,3,8.1
16043,113,3,244.0
1701,2285,3,24.0
5651,2285,3,15.5
6680,237,3,728.0
5084,2288,3,1.4
18063,2285,3,22.0
298,2285,3,52.0
12199,2340,3,2.7
6471,1155,3,406.0
358,2285,3,41.0
10480,2098,3,6.2
11477,814,3,1655.0
6616,2536,3,6.0
13154,2285,3,34.0
10964,2536,3,3.8
10060,284,3,41.0
7174,2285,3,38.0
2133,2922,3,65.0
774,2285,3,26.0
2048,2631,3,213.0
8201,1030,3,0.3
16398,2380,3,514.0
14902,1776,3,3.6
18027,2096,3,2.3
3915,2285,3,1.5
13566,1492,3,293.0
15237,1937,3,1.0
4818,2285,3,38.0
15050,829,3,4.2
11331,2285,3,50.0
11849,2001,3,19.2
13280,854,3,194.0
5880,745,3,0.7
4003,237,3,81.0
5819,2096,3,9.1
3256,2285,3,152.0
13171,2380,3,1268.0
12068,2285,3,25.0
6154,2001,3,16.6
1311,854,3,234.0
15553,2865,3,3.1
16022,2631,3,117.0
4513,1875,3,14.7
13934,237,3,1050.0
17393,946,3,66.0
8274,237,3,1291.0
9955,1655,3,32.0
15845,2403,3,149.0
11654,1609,3,0.5
15219,2285,3,52.0
2554,897,3,11.9
6751,828,3,647.0
15961,2380,3,630.0
16008,237,3,179.0
14266,237,3,253.0
7662,745,3,109.0
8509,1578,3,36.0
9299,1036,3,3.6
10659,2873,3,0.0
12724,2285,3,49.0
2737,2631,3,5.5
361,1612,3,4.5
11205,2685,3,49.0
17384,1215,3,6.0
8802,966,3,6.5
12445,1488,3,165.0
17858,2922,3,156.0
7326,1166,3,104.0
669,1838,3,5.5
13571,1488,3,39.0
10818,2489,3,328.0
6168,1875,3,1.3
301,2285,3,26.0
10923,1342,3,11.0
16625,2631,3,44.0
11614,2285,3,7.0
17233,2285,3,58.0
7131,2922,3,16.9
316,2285,3,43.0
17666,1488,3,11.6
374,2380,3,680.0
7073,2285,3,68.0
7440,2922,3,21.0
10348,2285,3,30.0
17798,1799,3,2.5
13139,2922,3,25.0
15364,2285,3,23.0
13692,2285,3,36.0
17323,2536,3,9.9
8308,738,3,32.0
6215,1843,3,7.8
6759,2285,3,13.7
1070,2638,3,26.0
5296,2285,3,24.0
14729,2285,3,31.0
17001,2541,3,79.0
2339,2631,3,165.0
15507,1608,3,761.0
6410,2631,3,3.0
15949,1612,3,4.3
662,2380,3,314.0
14848,2380,3,960.0
18103,944,3,307.0
6821,2285,3,5.3
16343,2285,3,45.0
16273,399,3,56.0
11236,2285,3,46.0
6415,2285,3,13.8
2294,2285,3,54.0
5311,1557,3,16.2
8866,2285,3,8.4
13719,2285,3,49.0
257,2339,3,1.7
14632,579,3,0.4
17923,1612,3,0.3
17355,2631,3,76.0
6815,2630,3,480.0
6537,52,3,29.0
2981,919,3,4.9
11118,1858,3,9.8
9001,2631,3,53.0
7726,804,3,1.2
15939,2654,3,152.0
7065,237,3,578.0
11851,2285,3,30.0
511,2484,3,9.2
11085,2631,3,70.0
15655,1488,3,115.0
10316,2631,3,152.0
8973,1612,3,4.8
2790,2285,3,42.0
386,2285,3,53.0
14978,1488,3,33.0
346,2285,3,68.0
7135,1643,3,34.0
15876,2285,3,34.0
377,944,3,341.0
1969,2285,3,5.1
15395,2285,3,32.0
13541,2285,3,33.0
8343,2285,3,16.0
9015,1612,3,6.4
948,1109,3,0.1
532,2285,3,63.0
14637,282,3,25.0
18030,2285,3,9.2
14772,2285,3,38.0
6247,2922,3,206.0
16737,2285,3,7.2
8963,811,3,220.0
15041,1166,3,199.0
9183,1609,3,35.0
11286,2285,3,67.0
4399,2380,3,926.0
8900,2285,3,64.0
2298,1488,3,46.0
14318,1336,3,3.7
12140,2285,3,56.0
13123,1875,3,6.8
8974,237,3,855.0
16987,1875,3,46.0
7173,1166,3,214.0
12248,1488,3,934.0
7419,1655,3,85.0
2612,2285,3,21.0
10082,1776,3,40.0
5044,2096,3,244.0
3994,2685,3,1057.0
9106,1628,3,5.2
212,2285,3,20.0
12307,2340,3,332.0
9181,2631,3,52.0
10954,237,3,200.0
13117,944,3,106.0
1553,237,3,1203.0
17484,2214,3,0.8
591,2285,3,43.0
11464,1752,3,10.0
10177,1832,3,0.4
2149,1166,3,90.0
14384,2922,3,97.0
6272,958,3,12.2
14287,2420,3,1.7
15976,1985,3,29.0
12236,2253,3,4.7
17392,2383,3,1.6
2512,1655,3,39.0
104,19,3,5.5
5192,166,3,1.1
13308,2631,3,69.0
663,272,3,17.0
5993,1525,3,12.4
12901,2285,3,38.0
137,1488,3,27.0
599,1488,3,24.0
14872,2285,3,70.0
15928,2864,3,35.0
2500,1407,3,10.0
15200,2285,3,69.0
5732,1937,3,20.0
14833,2488,3,208.0
4604,2205,3,25.0
13523,1488,3,3.4
16618,1155,3,0.6
10214,2285,3,58.0
13457,2922,3,19.2
175,2285,3,80.0
2541,725,3,55.0
15394,1449,3,38.0
877,2285,3,85.0
14066,1832,3,17.3
14733,1488,3,9.2
16014,237,3,240.0
8633,725,3,11.0
7866,2285,3,38.0
16782,24,3,13.8
6314,368,3,634.0
2289,2285,3,1.0
8516,1300,3,81.0
5552,237,3,842.0
10050,2285,3,46.0
5568,1776,3,35.0
6794,1488,3,27.0
6603,1557,3,153.0
722,2285,3,48.0
6138,2726,3,54.0
13556,2285,3,23.0
2622,2441,3,46.0
16386,2285,3,57.0
2604,529,3,1032.0
7950,1655,3,8.1
4305,2631,3,40.0
1543,2285,3,69.0
166,1488,3,2.0
9191,274,3,52.0
16779,2631,3,81.0
3081,2285,3,30.0
12416,1128,3,42.0
12943,2631,3,176.0
16673,1488,3,145.0
9184,1488,3,34.0
17812,2285,3,4.0
16278,2285,3,38.0
6986,944,3,70.0
1128,1156,3,9.5
2389,2027,3,42.0
9471,232,3,8.5
2601,2087,3,6.4
5645,670,3,278.0
296,2285,3,34.0
17120,2630,3,731.0
1690,2285,3,32.0
16219,2631,3,195.0
15222,1488,3,67.0
17292,2285,3,49.0
14597,2630,3,45.0
15589,2726,3,78.0
15953,2285,3,24.0
13655,2285,3,15.4
9542,2285,3,41.0
8403,2922,3,127.0
2770,718,3,53.0
2835,1338,3,0.7
10817,2285,3,17.5
633,2285,3,54.0
7420,2285,3,14.1
10676,2122,3,4.4
606,2285,3,62.0
14936,2285,3,25.0
17888,2229,3,3.4
15536,2126,3,5.7
11174,274,3,0.3
17277,1977,3,8.1
14120,2631,3,98.0
14580,2285,3,42.0
15487,2285,3,39.0
5790,2726,3,0.9
5644,2243,3,0.5
12751,2285,3,63.0
914,1228,3,58.0
575,100,3,141.0
12630,897,3,22.0
10983,1037,3,96.0
11677,2631,3,82.0
10893,2122,3,40.0
2221,2285,3,66.0
17036,745,3,14.4
11576,814,3,327.0
2066,2630,3,61.0
716,1802,3,217.0
17532,2285,3,43.0
586,2285,3,12.5
8405,2576,3,0.5
9270,1838,3,6.6
7847,1189,3,141.0
10390,282,3,2.6
11717,2726,3,16.9
10665,2630,3,274.0
151,1030,3,38.0
14533,2285,3,40.0
13584,2285,3,43.0
17412,1609,3,1.4
16986,986,3,7.1
6008,2167,3,0.9
2311,2285,3,11.5
14284,2340,3,178.0
10371,2285,3,70.0
9448,2285,3,9.2
6399,2285,3,54.0
7998,237,3,385.0
7772,2285,3,37.0
12956,1832,3,11.2
8497,2285,3,32.0
7924,237,3,1.8
17692,2285,3,54.0
18230,343,3,13.4
12825,814,3,15.9
2438,425,3,84.0
16777,2285,3,60.0
15998,237,3,610.0
109,100,3,2.9
4494,1410,3,0.2
9518,2380,3,1205.0
4552,1163,3,83.0
10307,2475,3,0.4
11243,2285,3,25.0
14249,944,3,281.0
14961,2726,3,180.0
7280,2631,3,169.0
4575,516,3,0.2
203,2285,3,16.3
12167,2496,3,2.4
7374,1155,3,186.0
16333,1832,3,31.0
15570,732,3,222.0
11459,2630,3,299.0
9284,396,3,16.1
1804,1228,3,41.0
6407,2285,3,45.0
14620,2096,3,17.8
9142,1594,3,14.9
1606,2285,3,36.0
12760,2285,3,28.0
118,2285,3,0.2
473,2692,3,14.9
17006,2285,3,11.9
5954,2914,3,4.4
12994,2338,3,29.0
16048,2488,3,695.0
16964,725,3,42.0
3988,1202,3,7.1
13595,2285,3,71.0
269,725,3,98.0
6515,2285,3,30.0
749,2285,3,85.0
15181,237,3,663.0
17681,2285,3,16.7
8948,241,3,5.0
15061,2468,3,6.6
10330,2536,3,3.9
7311,2285,3,19.9
7658,343,3,156.0
10081,2780,3,77.0
7674,745,3,87.0
13477,1488,3,65.0
6853,2285,3,94.0
3463,2285,3,14.5
10557,1202,3,55.0
17398,68,3,460.0
11549,1488,3,17.2
10207,1179,3,70.0
8216,897,3,62.0
8182,1488,3,28.0
8736,745,3,22.0
6348,944,3,0.2
7453,2285,3,45.0
4111,1838,3,56.0
8463,2285,3,49.0
16075,237,3,362.0
8313,1776,3,101.0
14863,1488,3,350.0
14694,2340,3,6.3
14968,2285,3,33.0
3947,1488,3,17.7
6967,272,3,110.0
726,2285,3,24.0
491,25,3,48.0
17595,2285,3,87.0
8363,1054,3,9.6
14969,2365,3,7.7
10673,1612,3,4.6
7103,2285,3,71.0
16346,237,3,258.0
18261,2285,3,53.0
5980,743,3,5.0
13975,1612,3,9.0
4688,2065,3,32.0
805,2285,3,19.8
11395,2285,3,33.0
9540,2285,3,29.0
18222,725,3,92.0
1490,2285,3,25.0
6758,2285,3,9.6
7966,2631,3,66.0
6985,2380,3,548.0
10734,2285,3,16.9
13070,237,3,72.0
6478,424,3,20.0
6420,2285,3,11.8
15449,2631,3,320.0
14509,2922,3,250.0
16406,1155,3,0.5
7855,2285,3,108.0
620,1030,3,42.0
16974,2285,3,8.6
11684,141,3,1.2
4114,1612,3,3.7
826,1488,3,10.6
3414,1876,3,22.0
11534,2285,3,40.0
14679,2285,3,47.0
42,1488,3,77.0
603,777,3,1.2
15313,237,3,80.0
16641,2061,3,120.0
17197,2630,3,37.0
10112,2285,3,88.0
18148,1087,3,23.0
822,1612,3,0.0
13507,2285,3,39.0
15692,1876,3,9.7
17547,2285,3,73.0
747,2285,3,62.0
87,1557,3,382.0
16373,1605,3,4.7
6128,2285,3,63.0
6734,100,3,94.0
6653,1612,3,2.8
17905,237,3,469.0
570,2285,3,18.9
572,2366,3,30.0
13389,2630,3,426.0
5603,2630,3,95.0
17133,1321,3,53.0
13465,2922,3,120.0
18132,1525,3,5.4
2575,1612,3,1.0
2755,2285,3,13.1
3557,2285,3,27.0
11116,2285,3,55.0
13000,2708,3,172.0
16241,1488,3,1.0
15862,2631,3,310.0
6910,2631,3,104.0
16985,1612,3,1.2
14162,2285,3,49.0
10884,272,3,9.0
13939,2285,3,66.0
5772,282,3,36.0
9728,2607,3,86.0
9725,2285,3,129.0
10985,2461,3,2.7
702,2285,3,35.0
14781,2285,3,39.0
14530,2285,3,51.0
16664,546,3,20.0
441,2653,3,17.9
5798,1612,3,2.1
7161,2692,3,15.9
891,1680,3,6.0
12547,2285,3,24.0
11212,2922,3,72.0
7489,237,3,22.0
16099,237,3,383.0
10048,2285,3,37.0
16715,2087,3,12.2
8164,2630,3,86.0
5066,2721,3,4.4
567,2285,3,58.0
182,2922,3,224.0
906,2922,3,260.0
11440,946,3,47.0
7587,2630,3,5.4
5515,2630,3,235.0
15571,1612,3,6.0
17846,1488,3,3.3
8266,2285,3,48.0
6862,1300,3,156.0
7284,2654,3,53.0
11802,2285,3,32.0
3185,1488,3,1646.0
2526,237,3,394.0
3518,2339,3,44.0
2911,1128,3,80.0
10108,237,3,571.0
15937,2526,3,77.0
7385,2285,3,26.0
753,1612,3,0.6
12160,1832,3,51.0
13930,2865,3,322.0
261,2726,3,3.8
17829,1321,3,72.0
1175,1612,3,0.3
490,1128,3,181.0
10697,2631,3,268.0
7784,2285,3,7.4
7813,2708,3,8.8
7397,2285,3,82.0
849,1583,3,213.0
506,1838,3,34.0
2964,1458,3,0.4
4474,1488,3,17.6
6660,2339,3,33.0
1740,1612,3,5.7
16860,1690,3,0.6
10004,2630,3,89.0
13830,2726,3,18.9
7166,1084,3,4.0
13285,2285,3,1.1
15946,2631,3,164.0
5286,828,3,52.0
14205,745,3,336.0
9035,237,3,311.0
9049,2285,3,60.0
10184,2285,3,24.0
16435,2285,3,35.0
15329,933,3,5.7
10191,2285,3,42.0
3236,1300,3,31.0
31,2285,3,44.0
9745,2285,3,19.6
16546,1189,3,2.5
3232,944,3,623.0
9818,1488,3,5.6
10435,725,3,7.6
11006,68,3,758.0
6804,2285,3,102.0
2330,2631,3,96.0
7257,1488,3,14.2
12219,1578,3,16.3
1414,1827,3,85.0
2055,1488,3,45.0
6363,1838,3,10.8
1214,2122,3,0.0
14007,237,3,95.0
15094,2285,3,73.0
13767,743,3,2.1
12383,2631,3,211.0
728,1488,3,5.4
6550,2285,3,79.0
11128,2282,3,326.0
9422,1612,3,3.3
12911,1832,3,81.0
12997,814,3,596.0
8444,1030,3,6.7
3641,2780,3,66.0
13710,2285,3,7.3
5480,2285,3,19.1
12054,2285,3,3.0
11769,1776,3,5.0
299,2285,3,45.0
14997,237,3,975.0
12492,2380,3,721.0
2602,1488,3,19.3
16918,213,3,34.0
7581,2726,3,113.0
15162,1128,3,22.0
5272,237,3,149.0
12164,2922,3,13.7
13408,1488,3,3.5
3050,1488,3,40.0
10069,2285,3,49.0
9688,1612,3,2.9
369,546,3,3.9
13228,1832,3,98.0
16402,1206,3,14.5
2213,2631,3,131.0
13355,2786,3,3.1
6495,614,3,14.4
9348,725,3,1.4
6909,2285,3,24.0
3018,924,3,3.0
15107,2285,3,19.1
1937,2780,3,41.0
15646,2285,3,80.0
10264,2366,3,10.4
15565,1820,3,1.1
12083,1488,3,216.0
10022,2285,3,58.0
10536,1084,3,365.0
149,1612,3,0.0
16309,2285,3,12.9
6207,237,3,859.0
4557,1156,3,0.8
11878,1128,3,86.0
16382,1832,3,3.4
11525,2285,3,39.0
6771,560,3,25.0
9989,237,3,650.0
2348,1828,3,22.0
6813,2285,3,0.4
3597,426,3,403.0
11396,1215,3,135.0
4784,2630,3,19.4
17097,1030,3,220.0
9492,74,3,2.0
10419,237,3,22.0
9201,1128,3,33.0
7580,2285,3,74.0
7650,1832,3,1.8
6675,1488,3,6.6
14591,1832,3,42.0
238,2285,3,42.0
6863,237,3,502.0
9453,2285,3,15.7
190,237,3,621.0
16165,1875,3,15.1
14190,1876,3,4.1
8117,237,3,258.0
11221,2515,3,7.7
17229,947,3,17.2
4628,2630,3,6.8
13195,2285,3,28.0
17529,52,3,2.1
2194,237,3,573.0
10326,579,3,11.0
11917,1166,3,104.0
5830,2285,3,85.0
17208,2118,3,17.7
1264,2536,3,4.8
7335,2748,3,27.0
8006,2285,3,56.0
16659,2922,3,317.0
14165,237,3,265.0
10807,2285,3,9.0
11287,2205,3,19.3
3027,1655,3,138.0
13669,2441,3,15.3
5857,2631,3,294.0
16185,2285,3,0.8
8831,1189,3,105.0
17522,2285,3,31.0
17974,25,3,3.6
4331,594,3,105.0
632,2630,3,98.0
6430,944,3,0.3
7831,2285,3,41.0
14770,2764,3,7.3
738,1488,3,33.0
17766,1802,3,19.8
12182,2285,3,16.6
7299,2285,3,60.0
10605,2631,3,51.0
15450,2631,3,35.0
4062,2439,3,162.0
651,2285,3,12.2
9378,2285,3,46.0
3538,2831,3,38.0
6954,2285,3,6.0
11770,2420,3,49.0
3434,445,3,19.4
14950,1166,3,198.0
9112,2726,3,55.0
13420,142,3,366.0
14124,2285,3,24.0
769,1832,3,102.0
8907,1612,3,4.1
11875,2285,3,23.0
13413,2285,3,50.0
15498,745,3,98.0
6253,2631,3,114.0
17862,1612,3,1.1
8501,1781,3,1.2
4865,1128,3,237.0
7150,2285,3,18.2
10192,24,3,35.0
2283,2285,3,71.0
5046,2922,3,37.0
17708,1037,3,27.0
12728,1230,3,3.2
7841,2285,3,33.0
17000,2285,3,57.0
13018,2285,3,3.6
15434,1395,3,4.6
3955,2630,3,114.0
18146,2285,3,33.0
16679,2339,3,11.8
836,1832,3,35.0
6267,670,3,224.0
11350,2285,3,45.0
11656,2285,3,44.0
13502,2380,3,301.0
7201,1177,3,52.0
15843,2380,3,701.0
17108,1488,3,1.6
10690,354,3,2.1
11648,1488,3,15.6
10107,2630,3,94.0
1031,2922,3,125.0
18100,237,3,163.0
13671,1610,3,12.6
17186,1488,3,65.0
13590,2285,3,29.0
637,2285,3,14.5
10790,2526,3,5.4
1494,2285,3,19.2
481,1515,3,0.4
423,2475,3,14.0
5620,2285,3,90.0
12255,574,3,5.6
8409,745,3,4.6
733,2726,3,98.0
9117,271,3,2.0
3201,272,3,3.9
682,2285,3,72.0
7364,2285,3,63.0
13312,237,3,179.0
5967,2340,3,9.3
9520,77,3,46.0
3068,1488,3,22.0
3599,2631,3,67.0
2852,1488,3,0.1
16537,944,3,125.0
13003,2285,3,22.0
8178,1321,3,25.0
9161,1030,3,20.0
15966,2685,3,466.0
707,2285,3,25.0
327,271,3,72.0
10628,1937,3,8.9
17644,25,3,9.4
782,25,3,0.5
13788,1395,3,3.0
11088,2726,3,73.0
4087,2631,3,105.0
7930,2285,3,52.0
17587,2285,3,53.0
13726,142,3,224.0
7338,944,3,426.0
8783,2285,3,53.0
7203,1156,3,0.9
17589,1488,3,2.4
13601,100,3,0.4
10576,2285,3,5.9
15416,237,3,779.0
13653,2285,3,16.2
996,2285,3,29.0
17790,113,3,591.0
17689,2205,3,22.0
11343,2630,3,164.0
3941,2285,3,72.0
5216,2285,3,65.0
7107,814,3,101.0
13915,2285,3,52.0
14880,2285,3,32.0
7189,2630,3,124.0
17146,2630,3,9.0
17794,2285,3,5.5
10564,1492,3,835.0
528,944,3,201.0
15932,1202,3,44.0
5512,1832,3,61.0
1340,1128,3,47.0
390,814,3,136.0
7229,743,3,6.7
11265,1100,3,7.1
12138,2285,3,46.0
1041,2285,3,33.0
3455,2285,3,45.0
14801,1874,3,0.7
15969,2285,3,51.0
7936,2285,3,17.8
13226,132,3,64.0
9953,2631,3,374.0
116,1166,3,250.0
10017,237,3,449.0
13797,2285,3,20.0
10687,424,3,1.8
8234,2285,3,24.0
17561,2503,3,0.3
10750,2285,3,35.0
10383,237,3,250.0
17870,2285,3,4.9
16962,1492,3,1146.0
8002,2285,3,53.0
15467,2441,3,8.9
732,2122,3,12.2
7698,2285,3,40.0
9371,2285,3,11.7
15193,2489,3,29.0
409,2285,3,87.0
7004,1321,3,42.0
2627,2285,3,12.5
6501,2285,3,19.7
12738,1488,3,28.0
11063,2285,3,65.0
11484,572,3,315.0
5840,2285,3,44.0
11835,2285,3,125.0
912,2630,3,0.4
7619,1611,3,78.0
14242,2911,3,451.0
841,2285,3,48.0
16766,1876,3,15.2
17209,972,3,4.6
15025,2630,3,98.0
1189,594,3,65.0
8750,2285,3,64.0
9803,1610,3,243.0
13286,1655,3,1.5
17916,1832,3,21.0
3364,2865,3,35.0
11317,237,3,254.0
8407,1937,3,0.7
436,2285,3,35.0
7438,2282,3,0.6
15817,272,3,35.0
8499,2285,3,89.0
1012,1406,3,149.0
15397,2285,3,31.0
16340,1932,3,174.0
14176,272,3,36.0
1499,237,3,59.0
5254,2285,3,36.0
15898,1612,3,3.4
6849,237,3,684.0
8337,2285,3,62.0
14952,1128,3,16.2
1436,2630,3,224.0
12153,944,3,9.5
6025,2285,3,30.0
10670,2630,3,147.0
157,1832,3,70.0
13156,1940,3,4.3
4885,2285,3,19.0
17881,2922,3,289.0
9490,2285,3,41.0
15890,897,3,0.0
14933,725,3,6.3
7578,2285,3,46.0
10714,2285,3,34.0
1008,2285,3,57.0
13704,1166,3,15.9
13977,1024,3,3.1
15403,560,3,4.6
735,1414,3,6.4
5834,1832,3,85.0
9327,2726,3,56.0
8687,2285,3,36.0
6406,2285,3,18.1
709,2726,3,156.0
17182,1488,3,1152.0
9054,237,3,725.0
420,2272,3,14.6
14442,2285,3,27.0
17996,1488,3,17.8
14113,2922,3,113.0
583,2285,3,36.0
708,31,3,15.2
6825,1488,3,1.7
8490,2148,3,9.0
8435,2285,3,46.0
14510,2285,3,1.8
14196,2285,3,19.4
6712,1054,3,2.1
10718,2056,3,2.4
6118,2001,3,206.0
8329,2285,3,10.8
17372,2285,3,51.0
8894,814,3,426.0
14589,2631,3,236.0
13011,2922,3,142.0
7195,2285,3,26.0
5734,1030,3,8.6
10181,2631,3,203.0
8218,2631,3,203.0
684,2285,3,12.6
7618,2285,3,83.0
17442,944,3,17.8
79,2285,3,27.0
11521,1404,3,26.0
8349,913,3,0.6
2733,1097,3,18.4
13519,272,3,33.0
1266,2922,3,186.0
12446,965,3,2.4
2138,1087,3,22.0
10427,2285,3,41.0
3577,2631,3,154.0
13661,2285,3,25.0
6746,2630,3,89.0
14173,841,3,5.4
907,1976,3,0.3
17122,1612,3,0.7
11950,237,3,12.1
376,237,3,103.0
13061,2285,3,34.0
12857,2285,3,21.0
7828,1128,3,92.0
6791,2285,3,16.3
7381,2922,3,335.0
16395,2249,3,17.4
410,2380,3,341.0
824,2285,3,79.0
3863,2285,3,27.0
9194,2285,3,49.0
2664,944,3,510.0
10870,1832,3,25.0
17677,2922,3,16.3
600,2630,3,11.9
14220,2380,3,61.0
12330,237,3,2.9
12984,2194,3,13.6
15161,946,3,54.0
350,1832,3,1.0
17437,2296,3,5.2
7739,1830,3,105.0
17775,274,3,38.0
7446,2285,3,11.3
855,2631,3,140.0
265,1582,3,1.5
12075,2726,3,3.9
582,2888,3,70.0
13748,1488,3,9.5
12478,2285,3,13.3
9254,2876,3,53.0
14899,2285,3,35.0
15653,1612,3,0.2
11257,739,3,73.0
17672,2285,3,31.0
10823,2285,3,52.0
6464,2922,3,106.0
14460,2344,3,0.5
12563,1776,3,0.1
9055,2285,3,21.0
12611,2468,3,5.6
6598,1679,3,5.3
17339,2630,3,15.3
4635,878,3,2.2
383,2285,3,11.1
13569,2285,3,11.9
15823,2285,3,7.1
9993,2285,3,106.0
1294,2050,3,80.0
179,2922,3,91.0
614,2001,3,69.0
15000,2285,3,64.0
7536,2285,3,47.0
13844,2726,3,40.0
6809,2285,3,51.0
17465,579,3,8.5
8161,739,3,0.8
14588,74,3,1.2
13689,2285,3,23.0
14688,2631,3,122.0
13080,237,3,327.0
12412,237,3,259.0
8472,2285,3,49.0
9243,2285,3,11.4
7432,2285,3,60.0
10301,237,3,201.0
1895,2285,3,25.0
16597,1612,3,2.4
16977,2285,3,16.6
743,2630,3,72.0
7760,2285,3,7.4
17735,944,3,9.0
13806,1825,3,0.1
693,614,3,107.0
12348,25,3,4.1
2278,1054,3,15.5
11290,2285,3,14.6
3218,572,3,8.8
14535,2285,3,30.0
13377,1209,3,0.0
14349,2225,3,108.0
14387,2294,3,1.7
17876,1202,3,81.0
5815,725,3,20.0
9318,2285,3,51.0
701,2285,3,48.0
16536,2146,3,3.8
10342,2195,3,14.6
4312,1037,3,0.6
14019,343,3,0.4
16444,1612,3,0.1
13332,237,3,0.6
12095,2285,3,59.0
6688,2285,3,175.0
6538,2285,3,10.2
14581,2285,3,55.0
10152,2630,3,292.0
10061,2285,3,4.3
9623,1488,3,0.5
14879,237,3,202.0
3558,2340,3,89.0
129,2285,3,72.0
103,1720,3,28.0
7327,2285,3,34.0
6573,2630,3,1.1
7769,2285,3,19.7
14690,944,3,14.0
14908,2285,3,14.8
1018,2285,3,37.0
13415,2726,3,139.0
674,718,3,32.0
14498,1488,3,90.0
14302,1596,3,1.4
244,2285,3,9.2
11763,1079,3,0.3
8933,52,3,7.5
8099,594,3,75.0
9593,1998,3,2.8
11981,2726,3,17.0
437,2285,3,39.0
2036,2285,3,26.0
10396,1721,3,32.0
5336,2365,3,2.0
16991,2922,3,93.0
585,2380,3,14.7
13339,2922,3,0.8
6397,2122,3,11.1
15747,2285,3,81.0
6414,1044,3,4.2
492,74,3,1.8
356,237,3,4.4
15801,2630,3,9.5
15103,2122,3,1.5
9949,2726,3,3.3
9057,1488,3,12.8
18032,368,3,64.0
14812,2285,3,41.0
15343,1757,3,3.4
6978,2285,3,79.0
14109,2144,3,805.0
15414,1838,3,0.6
17978,2285,3,2.3
14625,1488,3,45.0
1811,25,3,19.6
9437,1488,3,172.0
7109,2526,3,19.5
5085,2205,3,6.8
16023,140,3,31.0
10678,2285,3,29.0
5373,1832,3,50.0
9652,2922,3,34.0
1952,1039,3,19.8
18302,1553,3,6573.0
13063,461,3,271.0
9340,1488,3,84.0
15474,1488,3,469.0
1055,368,3,8858.0
7357,2777,3,19.2
4207,2418,3,3.8
2630,975,3,0.0
3399,766,3,53.0
7274,2021,3,0.7
12297,1488,3,30.0
17134,35,3,5.4
95,1156,3,0.8
8103,1612,3,0.8
6485,816,3,162.0
6047,745,3,0.4
1167,1208,3,696.0
13880,296,3,2258.0
4175,745,3,0.4
18106,1776,3,21.0
3798,1832,3,2.3
17802,2631,3,32.0
16617,237,3,145.0
1978,2710,3,32.0
18286,1166,3,201.0
12113,1612,3,0.0
1055,68,3,818.0
7693,68,3,720.0
3420,732,3,144.0
13410,2876,3,48.0
2741,2285,3,7.8
16771,368,3,1909.0
6482,1316,3,1.3
1677,814,3,32.0
6190,2285,3,1.1
15297,1721,3,92.0
12529,811,3,213.0
16212,805,3,2.4
2091,1578,3,324.0
335,237,3,1339.0
4211,2285,3,67.0
9158,2285,3,27.0
2145,2233,3,2.7
2059,2630,3,171.0
5618,1228,3,58.0
8865,2842,3,17.6
12328,2120,3,6.6
18228,572,3,27.0
16555,1488,3,271.0
8652,1488,3,24.0
6540,2285,3,70.0
7882,2135,3,1.8
9957,2869,3,0.2
3313,1737,3,0.5
1958,2631,3,117.0
10466,632,3,3.0
10159,828,3,67.0
3819,368,3,6597.0
4897,651,3,2.8
194,25,3,55.0
11192,104,3,93.0
15324,2494,3,10.3
15093,1832,3,42.0
1698,2169,3,1.7
3468,2285,3,23.0
2867,1610,3,115.0
14891,2285,3,13.3
18083,1156,3,103.0
7499,725,3,0.8
16203,1612,3,0.4
5637,2285,3,55.0
10203,1827,3,23.0
10414,1141,3,77.0
3596,1687,3,7.0
1526,296,3,64.0
146,2285,3,5.1
7,2285,3,48.0
10762,2562,3,0.6
8648,2911,3,3918.0
4873,1030,3,134.0
12305,113,3,40.0
15871,368,3,4274.0
4652,368,3,3491.0
6557,68,3,121.0
1118,1827,3,45.0
3174,1080,3,10992.0
10843,1030,3,3.1
6790,1721,3,169.0
11074,1488,3,11.4
11444,732,3,768.0
1967,237,3,933.0
4578,946,3,51.0
14441,2607,3,137.0
6797,2122,3,121.0
11019,1800,3,4.6
10811,2273,3,0.1
2068,944,3,591.0
5078,2631,3,105.0
9179,2285,3,23.0
14585,2285,3,19.8
9485,1612,3,0.1
10285,2514,3,0.3
9044,2282,3,55.0
1304,2536,3,23.0
1904,1612,3,0.0
2931,897,3,248.0
11397,1876,3,18.6
4981,944,3,271.0
14747,828,3,0.2
1036,2496,3,23.0
7142,2285,3,21.0
7668,1578,3,59.0
189,2285,3,38.0
3474,2536,3,1.4
8169,1045,3,18.6
13107,2536,3,7.0
4683,2631,3,141.0
16770,2922,3,14.8
1951,1352,3,0.1
13459,2850,3,8.2
14954,1612,3,0.4
11100,1492,3,3414.0
8566,216,3,669.0
13207,1612,3,2.8
11664,425,3,35.0
1416,2285,3,37.0
10174,1488,3,43.0
13452,817,3,6.0
13776,2027,3,22.0
706,1612,3,3.5
12400,1705,3,1.4
13515,2922,3,186.0
1678,2285,3,8.1
17548,132,3,1.4
8944,2285,3,23.0
9782,745,3,226.0
13865,1776,3,34.0
11185,2285,3,72.0
310,282,3,7.4
11561,811,3,112.0
11403,1937,3,0.3
16482,863,3,1.6
12776,2118,3,5.5
4997,897,3,23.0
12229,2631,3,306.0
227,1488,3,340.0
7163,1832,3,22.0
18288,2098,3,1.8
17695,1832,3,6.9
691,1932,3,4.8
1737,718,3,40.0
11713,2865,3,272.0
4481,2285,3,8.9
14622,2441,3,14.3
17099,2285,3,47.0
4564,1030,3,30.0
9350,1612,3,3.4
7373,2098,3,0.0
9761,237,3,1346.0
8628,2733,3,213.0
9538,1488,3,46.0
15718,2638,3,0.4
236,2285,3,33.0
5392,680,3,1.8
12451,2654,3,0.1
8813,2803,3,49.0
8691,1608,3,1271.0
17448,1628,3,0.6
18109,368,3,2952.0
15004,2285,3,19.0
13642,1608,3,1421.0
4540,2285,3,28.0
17401,368,3,7736.0
3893,1937,3,14.5
4032,1488,3,4.9
15426,725,3,2.0
10067,1488,3,15.5
5427,946,3,0.8
14909,2339,3,3.4
13175,572,3,31.0
9345,2285,3,58.0
9492,1156,3,1.5
16047,2354,3,37.0
9998,426,3,2046.0
17834,1832,3,72.0
10851,272,3,272.0
1538,1612,3,0.4
8771,2285,3,15.9
7052,2285,3,13.6
12585,255,3,107.0
4228,1608,3,1658.0
2958,2285,3,17.6
6639,2285,3,36.0
2930,1755,3,487.0
10508,2148,3,0.0
4883,1492,3,2627.0
8553,1612,3,0.1
11244,2357,3,0.5
10021,1128,3,12.5
4498,2285,3,30.0
7788,1838,3,0.5
4906,1488,3,1127.0
11958,2631,3,46.0
14701,1488,3,343.0
18178,2650,3,36.0
6476,2631,3,183.0
4252,1488,3,145.0
13064,2285,3,46.0
1130,944,3,970.0
11732,1853,3,2.2
11188,2195,3,0.7
4294,2285,3,7.7
10225,2285,3,4.6
3902,237,3,1871.0
14325,2631,3,109.0
267,814,3,270.0
8415,2922,3,96.0
4574,1612,3,2.0
14064,2504,3,0.2
17474,2136,3,30.0
17110,2285,3,31.0
5261,579,3,16.3
12753,1737,3,2.4
2236,376,3,68.0
1587,1756,3,4.2
14645,946,3,104.0
9277,2001,3,23.0
4909,293,3,5.6
3336,1488,3,25.0
15774,2799,3,5.8
12103,944,3,254.0
3493,2580,3,34.0
10747,1488,3,144.0
4485,237,3,3336.0
16201,1832,3,114.0
15717,2285,3,38.0
9150,1612,3,0.3
11456,68,3,643.0
12058,2285,3,0.4
11026,2221,3,320.0
9450,897,3,63.0
15461,1985,3,24.0
13177,2631,3,8.5
13105,1202,3,147.0
1727,1612,3,0.1
1110,2320,3,3.0
9564,2285,3,78.0
9062,2285,3,66.0
3255,2285,3,34.0
10773,1488,3,53.0
9136,1488,3,114.0
2239,2398,3,7.3
15049,1488,3,1.3
5687,1533,3,63.0
16455,2285,3,22.0
5598,2285,3,8.1
2528,2285,3,40.0
9228,2886,3,25.0
16341,2453,3,119.0
8751,1228,3,62.0
12619,2285,3,4.3
10613,828,3,16.2
13992,1321,3,15.5
2005,1492,3,299.0
11809,2922,3,78.0
11852,2340,3,30.0
13442,1277,3,7.5
4088,2631,3,0.5
2842,1612,3,0.5
4404,897,3,129.0
14388,482,3,0.5
2847,1488,3,91.0
6348,2285,3,51.0
5590,2285,3,0.7
7521,2285,3,2.2
8923,1515,3,1.6
2924,68,3,1700.0
12780,100,3,195.0
15336,2285,3,48.0
1670,1612,3,0.3
12896,1937,3,0.7
8503,179,3,16.8
15266,272,3,7.9
14130,1166,3,5.8
4646,2285,3,32.0
12200,1228,3,172.0
5920,1321,3,54.0
16256,1321,3,108.0
13686,2547,3,3.3
3058,321,3,0.1
6856,546,3,0.9
7552,1557,3,254.0
16654,1128,3,133.0
15886,2592,3,90.0
15473,2285,3,2.8
1839,2285,3,21.0
4682,52,3,11.6
16716,1983,3,3.0
5874,2285,3,42.0
14841,2783,3,19.6
4004,2831,3,267.0
17972,2366,3,0.1
16193,2780,3,69.0
15585,1202,3,0.7
7273,1611,3,9.3
10310,1877,3,5.9
12615,2123,3,320.0
11851,1838,3,9.0
14809,1628,3,0.8
927,868,3,0.2
2757,1488,3,135.0
4895,2285,3,52.0
2691,2441,3,0.4
4288,2631,3,159.0
3651,1755,3,231.0
13181,1578,3,77.0
6296,905,3,93.0
17536,1407,3,0.1
5883,2285,3,25.0
15824,1488,3,14.4
3796,2285,3,77.0
13531,745,3,137.0
2021,2285,3,38.0
10922,1655,3,789.0
4250,1681,3,8.9
15923,2285,3,19.6
13067,2842,3,26.0
9343,2496,3,33.0
11051,992,3,382.0
16153,854,3,205.0
10087,1690,3,1.9
9142,1488,3,88.0
6241,572,3,129.0
2089,1533,3,757.0
3413,2285,3,54.0
9916,425,3,2.8
4024,1612,3,1.4
9707,1655,3,6.3
2157,1557,3,162.0
4151,483,3,1.5
18056,2227,3,9.6
13727,1947,3,52.0
4166,237,3,1756.0
9801,2866,3,7.1
8711,816,3,21.0
16578,1488,3,179.0
13895,2285,3,29.0
18225,1832,3,45.0
475,725,3,113.0
3806,1827,3,62.0
2398,42,3,247.0
5372,2922,3,123.0
1421,1488,3,21.0
33,2911,3,205.0
15917,1499,3,183.0
4727,237,3,1357.0
5177,2285,3,33.0
2177,1488,3,36.0
14179,2355,3,1.4
16127,2415,3,1.2
4078,2285,3,27.0
15159,997,3,4.9
3535,2285,3,66.0
5969,2344,3,0.2
4317,368,3,2228.0
14409,2285,3,10.0
5273,1128,3,127.0
2503,2285,3,71.0
17944,1581,3,59.0
3448,237,3,787.0
2436,1721,3,31.0
8981,1846,3,22.0
6889,1179,3,67.0
17143,1832,3,7.9
16372,1409,3,0.9
17596,2338,3,5.4
2550,1832,3,16.4
14644,1304,3,7.4
9903,2285,3,15.6
3687,732,3,308.0
5442,2922,3,182.0
17605,606,3,0.7
2562,1832,3,13.8
4445,2001,3,55.0
15758,2631,3,37.0
6716,2876,3,22.0
13853,1832,3,2.3
2580,1321,3,57.0
9712,2001,3,25.0
9899,862,3,0.3
16074,1655,3,674.0
3049,2547,3,0.8
8153,2630,3,252.0
12979,2726,3,68.0
14581,1830,3,5.7
2390,100,3,167.0
1644,546,3,43.0
9797,1488,3,409.0
11214,1488,3,2.1
4624,1608,3,3562.0
4948,272,3,71.0
6561,2631,3,95.0
12890,1488,3,212.0
8721,1832,3,128.0
1800,2285,3,21.0
66,944,3,3370.0
12739,2285,3,5.6
14602,811,3,178.0
12062,1208,3,4.8
8358,98,3,30.0
7783,1030,3,14.9
15310,132,3,8.5
1057,1488,3,82.0
4309,314,3,23.0
13858,68,3,724.0
4060,897,3,456.0
37,1612,3,0.3
11367,1036,3,5.1
3449,132,3,1188.0
11730,1774,3,3.8
4871,1912,3,0.2
13623,944,3,979.0
15811,359,3,2.7
2949,572,3,149.0
472,191,3,11.1
477,2285,3,5.0
3758,2285,3,19.2
7405,572,3,314.0
13211,572,3,233.0
16200,2285,3,29.0
17732,766,3,243.0
14718,2392,3,31.0
6935,1611,3,43.0
12039,2285,3,19.4
5067,2285,3,32.0
4150,814,3,1240.0
6348,1832,3,6.4
8639,237,3,688.0
16318,2285,3,35.0
17352,2922,3,259.0
3302,1827,3,84.0
9594,98,3,18.2
12055,1647,3,1552.0
11155,1641,3,4.7
15371,1348,3,9.7
14334,68,3,637.0
15883,1832,3,44.0
9447,1488,3,130.0
2345,1189,3,21.0
9013,1690,3,0.5
13010,2285,3,40.0
1204,2299,3,91.0
9424,944,3,1235.0
7543,1609,3,2.6
18053,1436,3,84.0
11812,1488,3,11.8
11075,2192,3,0.5
18,1317,3,0.9
13440,368,3,2783.0
551,2866,3,0.4
4316,2285,3,34.0
17255,1488,3,5.0
8778,2285,3,2.7
9934,2630,3,367.0
17076,1321,3,100.0
9638,1488,3,256.0
5461,2380,3,689.0
17877,113,3,512.0
10529,2285,3,42.0
9999,2285,3,43.0
1605,572,3,179.0
1072,1612,3,1.0
12401,2285,3,50.0
587,2831,3,921.0
12742,255,3,170.0
8739,1596,3,1.7
10692,425,3,10.7
5777,2631,3,132.0
9132,2285,3,67.0
3648,2922,3,59.0
16823,1240,3,40.0
12656,1617,3,0.0
15172,2285,3,35.0
4714,2285,3,25.0
3944,1832,3,19.7
8238,1488,3,34.0
7909,580,3,25.0
7871,2285,3,1.6
10967,997,3,1.4
12059,2285,3,44.0
4698,1776,3,32.0
7006,68,3,1456.0
3021,2285,3,42.0
8371,2285,3,26.0
9650,2285,3,33.0
1292,140,3,16.6
6857,1612,3,3.0
16841,2285,3,2.5
18120,2726,3,120.0
9125,1488,3,371.0
13116,2285,3,38.0
15922,2028,3,0.2
3933,1617,3,163.0
16883,237,3,138.0
650,2759,3,938.0
4991,1690,3,2.6
4001,725,3,3.6
3839,2285,3,62.0
1104,2285,3,21.0
15951,2844,3,10.5
2798,2109,3,1.0
3961,1612,3,2.0
13040,2790,3,0.3
14121,2285,3,65.0
9396,237,3,20.0
17568,1776,3,20.0
15518,272,3,138.0
14376,237,3,598.0
5675,2726,3,103.0
12651,1838,3,0.3
3266,68,3,1470.0
5939,197,3,4.6
681,343,3,4.5
12076,2285,3,53.0
14827,2285,3,15.7
14410,2285,3,8.0
14763,2562,3,21.0
17890,1628,3,0.4
11945,2285,3,31.0
15552,743,3,15.7
9723,1424,3,23.0
2273,2929,3,0.2
7945,1583,3,29.0
8897,944,3,1020.0
2406,811,3,328.0
9089,2831,3,11.4
7897,1488,3,24.0
8356,1608,3,2589.0
16769,2195,3,3.9
8850,660,3,0.2
7445,1488,3,34.0
12343,2285,3,13.8
12064,68,3,1137.0
16663,897,3,806.0
14832,2285,3,13.5
744,1269,3,769.0
6059,1372,3,1.7
9300,1465,3,509.0
12821,237,3,392.0
2212,2759,3,122.0
6373,972,3,42.0
10142,2205,3,5.4
17300,68,3,2385.0
13242,2488,3,3.9
4583,944,3,186.0
14195,1595,3,0.1
4546,2285,3,35.0
4043,1321,3,64.0
4108,2285,3,38.0
3829,1403,3,33.0
6082,2285,3,47.0
4891,274,3,95.0
6953,1832,3,75.0
6034,1321,3,0.5
14603,289,3,0.0
14345,1488,3,8.5
11934,2631,3,52.0
11646,1612,3,0.0
4142,1717,3,13.2
8467,1832,3,11.2
7750,1776,3,53.0
16583,930,3,2.4
11427,68,3,37.0
7805,424,3,5.8
5040,682,3,10.6
7911,1488,3,3016.0
13179,2295,3,7.6
17661,2630,3,156.0
9249,2922,3,112.0
17458,2844,3,7.6
12109,1985,3,37.0
15543,1838,3,13.7
6577,2205,3,9.0
18251,2196,3,1.0
13981,2285,3,7.9
3349,2831,3,75.0
3096,68,3,647.0
12998,974,3,76.0
6124,2441,3,44.0
4289,1080,3,7519.0
4212,2631,3,202.0
4097,1407,3,1.8
10509,1488,3,323.0
10516,944,3,1375.0
4940,1324,3,18.7
13744,2285,3,29.0
16677,1488,3,491.0
14544,2285,3,10.7
1653,2027,3,0.2
13521,14,3,169.0
17082,745,3,163.0
4622,1913,3,14.5
7623,2630,3,178.0
13654,368,3,2676.0
13325,1488,3,130.0
1565,2195,3,8.7
10941,2285,3,1.0
5052,1090,3,206.0
13910,2630,3,82.0
4169,2780,3,7.0
6560,1076,3,1.6
16981,1407,3,7.3
5965,1832,3,12.5
9813,2285,3,1.3
2595,237,3,187.0
2006,2128,3,0.4
7538,1488,3,117.0
13722,237,3,289.0
11216,2010,3,0.2
13887,1525,3,0.0
9246,2922,3,133.0
16266,1166,3,616.0
16744,237,3,894.0
10422,185,3,28.0
5187,2285,3,5.8
18022,2285,3,54.0
7746,1832,3,54.0
15599,2285,3,28.0
6304,1515,3,1.2
1754,2340,3,470.0
9715,1206,3,0.3
1472,886,3,3.7
2717,1488,3,16.2
4153,1876,3,19.1
3782,811,3,98.0
7009,1776,3,37.0
8369,2726,3,252.0
4983,1488,3,243.0
9444,272,3,30.0
7860,68,3,2037.0
1356,572,3,652.0
3896,2285,3,9.4
9173,271,3,281.0
12549,2285,3,22.0
14884,1208,3,81.0
1915,368,3,1985.0
10637,2922,3,66.0
12121,368,3,4585.0
5558,2922,3,63.0
11305,2922,3,65.0
1183,2285,3,9.9
5239,282,3,212.0
4567,2285,3,0.8
5279,594,3,137.0
5505,282,3,7.2
428,2285,3,39.0
10997,1612,3,5.7
2806,2285,3,42.0
4918,2496,3,6.6
10101,2631,3,173.0
1171,271,3,0.6
9229,368,3,5278.0
8101,42,3,1118.0
3094,1155,3,764.0
12084,2285,3,30.0
14495,343,3,29.0
3942,2285,3,18.3
6599,2423,3,179.0
2393,2573,3,3.2
15192,2285,3,7.4
1155,237,3,404.0
4547,745,3,2.4
11279,1128,3,135.0
2743,1690,3,2.4
3527,144,3,38.0
10247,2538,3,1.0
11943,2098,3,44.0
16743,1488,3,191.0
17438,1323,3,57.0
13998,1488,3,175.0
5531,68,3,2219.0
4729,1450,3,1.6
2225,2911,3,1823.0
5521,1578,3,31.0
10272,2285,3,54.0
7363,2726,3,179.0
1406,2594,3,99.0
9221,2285,3,56.0
4662,246,3,0.6
13846,1155,3,109.0
4266,2285,3,10.0
3040,2562,3,0.4
11603,2831,3,6.6
4964,1488,3,72.0
14208,2388,3,0.4
17421,2285,3,35.0
4381,2536,3,8.2
1213,2285,3,17.8
15807,368,3,12369.0
14786,725,3,38.0
12594,2229,3,354.0
15691,1488,3,154.0
11986,2488,3,661.0
11874,1832,3,37.0
5622,1832,3,32.0
6705,1219,3,5.4
9504,1785,3,1204.0
3216,565,3,6.2
9815,1785,3,304.0
14500,811,3,239.0
11360,922,3,9.8
10821,822,3,0.5
18246,229,3,118.0
17103,2298,3,14.5
18010,2403,3,15.7
17031,2285,3,49.0
4776,2285,3,67.0
4974,9,3,11.2
9539,1128,3,127.0
7279,972,3,20.0
13487,1612,3,0.5
4461,1612,3,0.2
2050,2066,3,27.0
1348,1488,3,56.0
16994,811,3,220.0
5470,811,3,280.0
5262,2631,3,117.0
1610,1488,3,51.0
5966,1785,3,236.0
13960,732,3,567.0
14752,2922,3,28.0
15818,2922,3,69.0
8046,2285,3,40.0
9118,2285,3,22.0
7328,1070,3,39.0
6245,614,3,45.0
14285,2492,3,8.0
8160,17,3,11.1
13554,2922,3,105.0
6708,2285,3,52.0
4975,2911,3,908.0
18074,1832,3,51.0
1687,1583,3,192.0
13751,2630,3,206.0
8352,1488,3,203.0
6483,2285,3,51.0
14289,2631,3,93.0
5303,1488,3,29.0
15065,2710,3,0.7
13085,2285,3,24.0
16403,2285,3,5.1
9573,2285,3,63.0
5143,2285,3,49.0
5236,68,3,2245.0
4910,2285,3,22.0
1863,1488,3,13.9
4544,2285,3,31.0
12019,2631,3,94.0
4047,2285,3,17.2
6422,269,3,4.9
5231,2205,3,5.4
8283,2195,3,6.6
3717,2285,3,46.0
7509,1838,3,25.0
11992,1825,3,4.3
5105,371,3,0.6
5654,745,3,8.0
3414,753,3,0.6
9876,1228,3,0.5
3115,2285,3,0.9
2137,368,3,8829.0
14068,2780,3,39.0
13515,1488,3,85.0
284,777,3,632.0
4365,1488,3,213.0
6031,2638,3,24.0
8645,237,3,1008.0
14374,1488,3,87.0
7118,1497,3,3.2
3697,2285,3,31.0
13409,1832,3,248.0
12416,1937,3,0.7
2485,1635,3,67.0
16727,2285,3,3.8
14138,1488,3,230.0
13559,2169,3,11.5
16212,1488,3,2.2
922,2205,3,55.0
217,1832,3,41.0
2344,811,3,239.0
2171,685,3,0.3
12504,2340,3,81.0
9581,2439,3,209.0
7246,2822,3,5.6
7512,323,3,5.9
1169,1488,3,67.0
15214,2933,3,0.6
13957,128,3,0.0
3206,1731,3,4.9
4051,1407,3,2.6
15080,113,3,0.6
9092,1488,3,183.0
8518,1488,3,40.0
15308,1488,3,12.0
4056,572,3,549.0
2156,68,3,1162.0
14935,1525,3,25.0
5144,2027,3,4.6
4033,2195,3,1.8
3269,183,3,84.0
13419,2846,3,9.9
3388,778,3,14.5
15189,1488,3,404.0
12041,2285,3,47.0
2317,2897,3,6.2
10235,1838,3,75.0
15314,1628,3,0.2
2100,2285,3,40.0
9497,1488,3,770.0
9636,1488,3,20.0
2421,1557,3,135.0
11463,2661,3,6.2
15897,2285,3,74.0
12097,2298,3,10.3
10062,1488,3,24.0
3476,140,3,55.0
5703,2726,3,5.7
8654,2285,3,1.6
16030,2285,3,75.0
4805,1838,3,84.0
10636,745,3,1.4
3928,745,3,3.9
3365,2285,3,66.0
17188,2285,3,68.0
10026,272,3,82.0
12606,2205,3,10.0
12781,816,3,46.0
8637,615,3,101.0
7494,1719,3,0.4
13013,2759,3,23.0
4913,1612,3,0.0
14703,2340,3,4.8
17938,2122,3,77.0
9703,368,3,2231.0
16804,458,3,1.5
4386,1737,3,15.1
15767,1488,3,93.0
15895,1370,3,0.4
14543,2285,3,26.0
5271,1488,3,132.0
12036,1911,3,3081.0
10111,368,3,376.0
7337,1655,3,83.0
9352,2285,3,23.0
8742,944,3,3931.0
16757,2285,3,38.0
2906,1488,3,93.0
9695,1488,3,243.0
2856,1609,3,15.2
15013,2285,3,5.7
12443,2285,3,12.4
2518,2488,3,1130.0
5383,2285,3,40.0
4941,1488,3,76.0
17171,1628,3,1.5
3341,2607,3,17.7
9105,1776,3,71.0
6439,2294,3,2.8
3733,867,3,23.0
8583,572,3,555.0
5487,1913,3,0.1
1713,1825,3,10.8
13872,237,3,1946.0
6446,109,3,1.8
12993,368,3,5960.0
16950,2280,3,1.2
9572,1488,3,24.0
8509,1937,3,6.3
2047,2120,3,11.6
3182,1166,3,1061.0
958,213,3,74.0
12684,1488,3,183.0
5314,2285,3,17.2
16917,1856,3,2.0
6460,1488,3,17.4
9392,2631,3,6.4
3684,2911,3,67.0
16854,2380,3,2008.0
9175,1488,3,273.0
10979,603,3,5.0
2669,2760,3,7.5
7165,2285,3,2.5
12863,1166,3,3.7
17094,2285,3,18.4
14955,1128,3,27.0
4124,1612,3,0.2
1047,25,3,2.4
5713,1488,3,9.4
15729,368,3,2421.0
7875,2285,3,6.2
1377,2886,3,2.4
5586,2911,3,16.9
4686,98,3,4.7
13798,814,3,0.4
5430,2001,3,103.0
10503,1488,3,110.0
1199,1937,3,8.7
16859,2631,3,93.0
13048,1610,3,35.0
10452,2285,3,24.0
18280,237,3,628.0
2324,1488,3,368.0
2102,2285,3,26.0
1483,38,3,274.0
7537,2285,3,8.0
1684,1611,3,1.1
14159,1488,3,17.6
1218,613,3,3.2
17500,2285,3,39.0
1227,565,3,302.0
14797,1421,3,1.8
6144,1832,3,36.0
6819,1584,3,3.9
1237,1311,3,74.0
1238,2285,3,8.3
2043,2285,3,72.0
11069,1611,3,103.0
1242,2285,3,5.3
18219,1608,3,143.0
2070,1488,3,7.8
3180,2285,3,55.0
2303,2285,3,64.0
12367,2285,3,16.2
6189,944,3,631.0
6157,1832,3,0.4
1273,75,3,0.7
1274,1722,3,0.0
10988,2888,3,55.0
1532,1228,3,613.0
11673,1832,3,76.0
9260,2076,3,129.0
1450,944,3,931.0
17478,1578,3,110.0
1328,864,3,5.0
6169,1628,3,0.6
1334,2194,3,81.0
17980,1202,3,85.0
17756,2285,3,37.0
17445,2285,3,26.0
11354,1776,3,52.0
4502,1488,3,73.0
6175,2285,3,57.0
3203,1321,3,49.0
3594,572,3,253.0
9975,1525,3,176.0
16464,580,3,29.0
4942,1156,3,3.0
1359,2285,3,80.0
1363,1186,3,32.0
15652,1876,3,34.0
14257,2285,3,17.6
11905,670,3,207.0
10245,1832,3,41.0
1153,2380,3,703.0
4816,1612,3,0.2
2046,1321,3,5.2
8292,2285,3,4.1
16063,1111,3,2.4
16681,685,3,18.2
1849,1030,3,0.8
6526,368,3,2084.0
17256,1080,3,10576.0
5339,2285,3,41.0
9781,1611,3,29.0
1419,878,3,15.3
15609,966,3,19.8
1433,2285,3,45.0
1729,16,3,0.1
1446,1574,3,15.1
11173,2285,3,54.0
8673,820,3,2.1
14484,1321,3,0.1
9464,1323,3,1163.0
12693,237,3,2326.0
1463,1721,3,128.0
6214,368,3,0.0
1487,2285,3,75.0
1491,206,3,621.0
1501,791,3,0.4
5907,2285,3,0.2
6061,271,3,66.0
9289,552,3,11.6
17801,2631,3,121.0
6225,2922,3,39.0
17482,2710,3,58.0
7055,392,3,0.4
8391,1608,3,1113.0
6298,2285,3,50.0
1582,53,3,4.3
1583,1488,3,143.0
11940,864,3,2.1
17676,98,3,3.0
1584,2631,3,59.0
11929,2013,3,45.0
844,1488,3,1.6
18164,1608,3,1069.0
4370,1235,3,30.0
15269,1155,3,539.0
16205,739,3,82.0
3483,2027,3,28.0
15149,271,3,19.4
17770,1156,3,3.4
11524,2630,3,382.0
6125,718,3,26.0
12703,2285,3,49.0
9787,1228,3,294.0
6258,2285,3,57.0
3823,153,3,0.7
1615,1557,3,649.0
6262,2285,3,47.0
10787,1039,3,8.6
6050,2850,3,81.0
6264,2096,3,102.0
1735,1406,3,0.6
15863,186,3,32.0
1623,43,3,24.0
1828,1609,3,2.2
1746,2922,3,98.0
12986,867,3,0.1
8488,2619,3,64.0
1637,2536,3,2.8
6277,2285,3,21.0
14594,2285,3,1.4
14022,1255,3,0.0
1439,1488,3,55.0
14779,2285,3,5.7
18084,2029,3,49.0
8085,1491,3,228.0
6287,1612,3,0.2
3278,142,3,0.4
4718,2194,3,6.2
14180,2285,3,35.0
1668,2327,3,2.7
3381,1701,3,223.0
1679,814,3,851.0
10496,2294,3,4.5
1683,405,3,26.0
9444,2285,3,30.0
8145,1608,3,1837.0
1693,2831,3,638.0
12102,1453,3,373.0
16688,1785,3,501.0
13963,725,3,23.0
2198,2285,3,9.4
953,854,3,65.0
15204,2195,3,22.0
1568,1608,3,1031.0
3844,1612,3,0.9
1708,68,3,2648.0
1658,2489,3,12.2
1714,456,3,2.2
16502,100,3,3.6
14707,2496,3,5.6
4786,1947,3,25.0
14419,2631,3,30.0
8939,2865,3,819.0
11474,2285,3,62.0
6255,145,3,116.0
1731,2862,3,0.3
9017,1655,3,25.0
1734,2285,3,109.0
13592,676,3,4.0
3297,944,3,304.0
16397,1832,3,58.0
15411,1202,3,4.9
69,1090,3,286.0
14115,368,3,3728.0
3167,1321,3,118.0
16060,2285,3,50.0
16773,2285,3,105.0
4550,2285,3,51.0
9552,2285,3,8.0
1619,2285,3,4.5
15399,2285,3,38.0
2376,368,3,3909.0
13263,2157,3,99.0
10462,2760,3,0.1
16816,1832,3,91.0
2357,1628,3,0.5
8535,2195,3,3.2
11996,1488,3,39.0
15545,68,3,257.0
8646,2285,3,37.0
17044,1407,3,9.3
12469,113,3,391.0
12110,2195,3,11.3
6357,2285,3,3.1
51,1937,3,2.3
9262,237,3,229.0
18239,777,3,11.8
6360,1937,3,0.1
9048,2726,3,80.0
11552,2630,3,271.0
2694,1488,3,171.0
5058,1488,3,67.0
6056,2639,3,3.2
11944,2856,3,11.9
17325,2229,3,34.0
16011,2863,3,14.9
12185,2285,3,30.0
9033,2285,3,43.0
13936,25,3,16.5
16037,2195,3,3.5
12973,1355,3,973.0
13007,237,3,6.4
9783,1608,3,1228.0
9441,2285,3,22.0
4570,2285,3,49.0
4668,2631,3,123.0
17746,2344,3,0.0
7475,1875,3,43.0
27,1717,3,157.0
5068,2285,3,36.0
6380,745,3,25.0
8911,237,3,1405.0
1797,1488,3,2544.0
16869,1504,3,0.0
1859,919,3,1.9
9966,68,3,2426.0
10875,2876,3,170.0
2799,1488,3,32.0
2409,2285,3,15.4
6392,2380,3,1205.0
1879,2380,3,1376.0
1880,288,3,88.0
5597,816,3,122.0
5008,2619,3,72.0
1888,2696,3,2.9
13974,282,3,3.4
10547,2285,3,49.0
13625,1488,3,41.0
9854,2285,3,55.0
17584,572,3,306.0
11437,2285,3,57.0
4406,696,3,1046.0
10852,142,3,149.0
5115,2638,3,19.7
1910,1832,3,27.0
17136,1884,3,1.2
1766,1832,3,39.0
13821,2285,3,34.0
2218,2285,3,37.0
6417,2780,3,115.0
6421,2922,3,603.0
10533,1937,3,60.0
14321,481,3,7.0
1771,2285,3,28.0
5378,368,3,6074.0
18127,2285,3,13.9
1772,2285,3,1.0
1680,1832,3,14.8
12188,1443,3,13.4
1933,1228,3,831.0
6427,732,3,104.0
4302,1488,3,7.5
4588,2380,3,1105.0
1778,2440,3,71.0
4281,1488,3,187.0
1957,1612,3,4.6
16980,2536,3,60.0
13357,1765,3,84.0
6451,715,3,16.1
9178,2734,3,23.0
1977,2654,3,148.0
17063,2285,3,46.0
17162,2631,3,116.0
4069,1321,3,36.0
16908,1985,3,13.0
11619,237,3,2541.0
22,661,3,2.0
6081,139,3,569.0
1210,1685,3,179.0
11272,1610,3,107.0
14798,2433,3,2.2
11872,2279,3,1.5
8970,1612,3,0.0
2229,2850,3,51.0
2640,354,3,40.0
1989,213,3,83.0
2821,1203,3,233.0
17496,854,3,470.0
3024,572,3,380.0
8524,1442,3,1.0
16532,2285,3,61.0
17784,2922,3,17.0
18025,2780,3,262.0
9931,2500,3,0.1
3802,2227,3,188.0
11082,901,3,22.0
4572,2087,3,9.0
11135,725,3,1.8
10892,2285,3,17.7
7320,2285,3,47.0
6659,1321,3,88.0
2061,1843,3,4.0
8918,2285,3,45.0
2888,1721,3,0.8
2075,237,3,605.0
12849,1488,3,89.0
1252,1488,3,130.0
11974,1156,3,1.3
2093,2285,3,9.5
2732,2631,3,45.0
2099,2285,3,75.0
12514,1755,3,1838.0
4451,816,3,59.0
2257,680,3,381.0
14993,1612,3,0.0
2106,271,3,46.0
6512,1609,3,26.0
1803,987,3,9.0
767,302,3,2.7
3111,944,3,509.0
15748,2017,3,0.0
2111,25,3,1.5
4118,2710,3,1.8
8596,2285,3,26.0
138,1525,3,282.0
3002,2285,3,19.1
1052,766,3,2223.0
5581,293,3,0.2
2130,1915,3,34.0
7184,2001,3,128.0
14353,2536,3,9.9
366,2096,3,218.0
6535,1228,3,49.0
7323,2285,3,57.0
8285,2631,3,218.0
4499,166,3,6.8
2154,1300,3,334.0
4561,1601,3,75.0
2139,2371,3,16.7
3824,572,3,394.0
6426,1612,3,0.0
4468,670,3,1339.0
2172,2285,3,45.0
2174,1488,3,368.0
5056,1809,3,2.9
8895,2631,3,63.0
13046,1488,3,439.0
2244,933,3,16.8
8936,1488,3,74.0
6091,2285,3,23.0
11741,2409,3,0.6
1971,368,3,2386.0
16705,2285,3,32.0
8709,237,3,3996.0
2201,1277,3,1.0
6562,362,3,2.8
2207,2441,3,37.0
2206,98,3,78.0
2208,2831,3,44.0
5098,2285,3,34.0
11009,1827,3,83.0
2215,237,3,1797.0
13588,944,3,1071.0
10023,2285,3,37.0
6572,1776,3,37.0
714,2285,3,11.8
2242,1407,3,1.9
8993,2285,3,18.4
3052,1488,3,242.0
5676,98,3,2.0
4765,2285,3,17.2
10298,237,3,491.0
17269,1612,3,0.1
17206,2922,3,82.0
15566,166,3,4.9
15982,1582,3,6.5
1824,2087,3,3.2
2290,1557,3,605.0
1585,1671,3,67.0
928,272,3,44.0
17200,594,3,1740.0
2921,1522,3,4.2
5269,1852,3,11.5
6597,1612,3,0.1
2305,2619,3,8.4
2306,1832,3,52.0
10909,2285,3,84.0
6605,1837,3,91.0
2334,2638,3,61.0
2335,1304,3,69.0
5782,139,3,1131.0
2341,2026,3,1.0
10031,1473,3,0.6
2269,1617,3,22.0
5784,1321,3,46.0
2369,614,3,129.0
2370,2562,3,15.0
6622,2285,3,46.0
5463,1827,3,142.0
2363,2736,3,121.0
4732,2285,3,63.0
2391,2631,3,54.0
13964,574,3,81.0
13467,2106,3,3.3
2394,2285,3,29.0
5027,68,3,1979.0
2281,1655,3,71.0
6624,813,3,6.9
15249,142,3,79.0
2410,2726,3,150.0
13055,17,3,8.8
2270,1913,3,14.2
2739,944,3,312.0
6075,2654,3,0.1
12550,2285,3,40.0
1470,180,3,5.4
5649,2285,3,35.0
11355,2631,3,46.0
4414,572,3,177.0
9116,68,3,657.0
16931,1321,3,3.4
1429,1488,3,886.0
1765,2285,3,46.0
8609,1660,3,1.4
2443,2285,3,13.7
2490,1355,3,15.0
17855,811,3,86.0
1850,2285,3,1.0
14762,2285,3,33.0
6657,2865,3,125.0
2593,25,3,8.3
3079,1432,3,11.2
2035,2374,3,5.0
17857,274,3,226.0
9232,2710,3,9.6
17817,2631,3,93.0
15177,2607,3,824.0
6671,2631,3,173.0
6418,1254,3,0.7
6676,1262,3,8.9
7068,1612,3,0.0
16809,811,3,154.0
18111,1488,3,1065.0
9320,2285,3,72.0
2454,2631,3,4.7
4352,2285,3,46.0
2525,2630,3,363.0
18268,1533,3,2697.0
2535,572,3,96.0
18060,2922,3,84.0
4806,1612,3,2.9
5196,1488,3,817.0
2919,663,3,1.7
6686,2659,3,4.5
13089,1611,3,22.0
7314,1583,3,228.0
14660,1488,3,67.0
8031,2922,3,49.0
18267,2866,3,17.4
5580,2223,3,19.6
10505,1488,3,5.5
13670,1202,3,114.0
14360,1655,3,0.3
2697,2639,3,29.0
10507,2631,3,65.0
12460,2285,3,10.8
2578,1655,3,0.1
13321,1887,3,83.0
4274,482,3,4.6
15205,1491,3,127.0
9444,282,3,7.5
3800,1611,3,57.0
18188,2227,3,1027.0
1512,2865,3,2.9
9290,897,3,1401.0
14612,1628,3,0.3
2246,1452,3,6.1
2396,1128,3,71.0
2292,2922,3,80.0
12238,1737,3,1.6
2652,1202,3,112.0
15492,800,3,0.9
14820,2488,3,1713.0
18243,2096,3,206.0
10769,2568,3,8.6
15705,530,3,4.0
1158,237,3,1326.0
14621,2433,3,3.1
4703,514,3,66.0
6719,1128,3,178.0
6735,1488,3,747.0
2609,2631,3,75.0
6741,1937,3,0.1
11238,271,3,36.0
4342,2285,3,31.0
11160,368,3,5756.0
2615,1612,3,0.6
3692,2631,3,196.0
15469,1608,3,64.0
3381,2285,3,32.0
15663,410,3,13.4
2703,1465,3,576.0
6757,1305,3,3.6
4687,425,3,164.0
6523,1450,3,0.2
16483,1612,3,4.4
2626,1488,3,22.0
12599,2285,3,43.0
8856,68,3,2296.0
13870,2030,3,1.5
13677,944,3,217.0
12700,2285,3,22.0
13678,142,3,310.0
16236,2285,3,3.5
16614,2453,3,136.0
13820,2285,3,29.0
17633,1557,3,1026.0
2682,2285,3,6.4
11918,2285,3,20.0
9130,1612,3,0.1
6548,2285,3,23.0
16549,2556,3,33.0
16227,354,3,20.0
11667,1488,3,14.2
10196,972,3,45.0
6787,237,3,1103.0
5448,2631,3,61.0
17799,1823,3,0.4
2805,369,3,46.0
13075,1228,3,90.0
1963,2285,3,57.0
11172,2285,3,17.1
7101,1488,3,2472.0
4324,1316,3,10.4
6799,2285,3,38.0
11560,1492,3,833.0
16173,2027,3,2.2
17004,237,3,1328.0
10138,25,3,2.1
12812,2631,3,19.6
2662,2780,3,217.0
2848,312,3,0.4
4556,1488,3,14.6
1547,2285,3,48.0
9693,2285,3,42.0
15074,2285,3,33.0
14050,1982,3,0.3
7230,2285,3,40.0
6820,1189,3,0.2
6336,100,3,175.0
17431,2285,3,45.0
2753,2285,3,53.0
12298,2285,3,36.0
4173,553,3,297.0
11323,2678,3,11.9
6760,2285,3,13.8
5754,2285,3,35.0
14525,2607,3,43.0
14058,2285,3,2.5
6839,2285,3,53.0
181,2062,3,40.0
11346,1533,3,334.0
43,1497,3,52.0
6841,696,3,45.0
6842,545,3,7.5
10862,1929,3,31.0
6810,2496,3,27.0
11833,2630,3,294.0
6850,2858,3,12.6
2549,732,3,48.0
6855,314,3,12.8
9096,1488,3,133.0
17008,1031,3,1.7
2773,237,3,303.0
9569,1802,3,6.8
14587,203,3,4.2
6861,2067,3,0.0
16067,2631,3,176.0
3292,2001,3,47.0
16231,1144,3,3848.0
11688,1304,3,54.0
2890,100,3,290.0
17562,1832,3,12.0
12154,2285,3,56.0
9355,1030,3,96.0
18078,2285,3,23.0
8544,237,3,4823.0
13362,2285,3,3.4
32,1937,3,2.6
16786,2631,3,30.0
634,2285,3,48.0
13800,2285,3,1.1
8039,237,3,382.0
2899,594,3,206.0
4577,2056,3,5.4
7120,25,3,2.6
2904,1300,3,112.0
6347,310,3,1010.0
6327,2087,3,2.0
16577,555,3,1736.0
2802,1612,3,10.0
1753,2831,3,8.5
965,1737,3,0.8
15708,1228,3,114.0
1676,2383,3,1235.0
3554,811,3,98.0
16061,2285,3,11.5
14430,25,3,7.5
1283,2630,3,548.0
250,265,3,40.0
3931,368,3,4403.0
11330,2285,3,38.0
9451,718,3,215.0
2962,368,3,7738.0
16492,2630,3,721.0
2548,2830,3,85.0
3590,593,3,4.1
2967,1488,3,81.0
12905,1464,3,523.0
6907,736,3,32.0
2463,68,3,1111.0
12280,2630,3,17.7
7562,2759,3,38.0
3887,253,3,1.6
6913,2922,3,281.0
13527,2285,3,25.0
2978,1488,3,978.0
2987,2865,3,21.0
15582,2394,3,3.5
11482,1864,3,14.9
6927,2195,3,15.6
6928,2285,3,0.1
8765,2285,3,6.1
2993,2285,3,11.2
16787,2285,3,37.0
1981,1608,3,1454.0
13464,68,3,3138.0
9357,2285,3,50.0
5559,1557,3,1606.0
14911,574,3,14.1
10634,2285,3,46.0
901,2366,3,34.0
6942,2294,3,1.4
1091,1919,3,6.6
11458,1937,3,52.0
9589,2285,3,37.0
8770,1258,3,36.0
18276,2285,3,65.0
3020,1832,3,56.0
13479,863,3,0.3
6951,2285,3,34.0
6952,1202,3,248.0
11876,2831,3,1162.0
6610,2285,3,52.0
3089,1876,3,9.1
3105,2285,3,40.0
13904,2285,3,16.7
3099,2285,3,25.0
8952,1488,3,78.0
3102,2192,3,0.8
3103,1876,3,15.6
12116,2157,3,104.0
11550,2285,3,58.0
14885,2285,3,54.0
11014,2439,3,284.0
1356,1488,3,80.0
13926,2831,3,118.0
17074,38,3,3074.0
5159,2227,3,956.0
12253,2922,3,68.0
17721,1832,3,31.0
5366,2922,3,863.0
11399,1838,3,1.7
14300,1612,3,0.0
3707,1655,3,0.0
9104,811,3,102.0
13097,1721,3,0.0
11201,2285,3,1.7
17848,1497,3,264.0
3123,1578,3,17.9
14229,946,3,80.0
15012,2285,3,1.6
9165,1612,3,0.9
3129,1488,3,862.0
16595,1959,3,2.1
3108,2285,3,21.0
2314,237,3,841.0
13515,354,3,25.0
1810,2922,3,126.0
10231,1628,3,0.8
3160,1628,3,1.3
3136,2285,3,36.0
17767,743,3,55.0
15650,811,3,16.5
8515,368,3,3688.0
18282,2441,3,52.0
3152,1633,3,1.3
7573,237,3,2034.0
2008,1994,3,0.0
3157,1488,3,54.0
1236,2285,3,50.0
5877,725,3,8.9
6458,1626,3,1227.0
13656,811,3,147.0
3080,255,3,380.0
17428,2168,3,1.9
3162,2340,3,16.6
3711,2285,3,18.4
15018,1488,3,52.0
6999,2285,3,21.0
12607,556,3,375.0
11848,1586,3,13.9
3056,282,3,17.0
7000,2285,3,48.0
2189,368,3,7238.0
9031,272,3,14.4
4361,1488,3,123.0
3181,1832,3,40.0
17871,2639,3,34.0
16774,771,3,50.0
15881,237,3,879.0
11676,1612,3,0.4
952,2285,3,1.7
6715,1608,3,3738.0
15477,1488,3,442.0
3366,1488,3,116.0
3213,2285,3,38.0
16698,2639,3,0.3
3263,1612,3,5.0
10929,1488,3,154.0
7790,2056,3,0.0
3916,1827,3,103.0
9138,1488,3,29.0
3271,745,3,3.4
11633,2243,3,22.0
12385,1269,3,134.0
1333,1539,3,107.0
16938,2285,3,42.0
7019,2285,3,4.0
10129,1612,3,5.6
1310,2285,3,37.0
5195,2285,3,36.0
3291,2285,3,15.1
15006,1932,3,57.0
15852,1141,3,11.5
5710,1989,3,7.0
11262,1208,3,1675.0
6627,368,3,1269.0
3306,1277,3,29.0
8667,814,3,3594.0
7040,1947,3,313.0
13953,2285,3,32.0
7152,282,3,11.5
16506,2413,3,15.6
7047,2285,3,36.0
5113,126,3,2.8
3224,237,3,1162.0
16722,1488,3,253.0
13530,1642,3,3.9
14960,68,3,932.0
3350,1488,3,138.0
3354,2285,3,31.0
3358,1603,3,2.0
7061,1876,3,13.7
4949,368,3,4545.0
7066,2366,3,5.9
2442,455,3,3749.0
13742,2631,3,14.5
1444,766,3,115.0
2567,68,3,821.0
3286,2423,3,23.0
7078,2409,3,33.0
4877,1488,3,42.0
9121,1612,3,0.1
15736,2205,3,26.0
7083,2285,3,21.0
14272,814,3,156.0
3245,2865,3,62.0
12071,1721,3,2.6
1303,2536,3,29.0
13104,2285,3,4.5
2551,2340,3,11.0
1791,2780,3,127.0
17580,2838,3,0.4
17941,82,3,36.0
16260,2850,3,71.0
3402,2001,3,196.0
1870,213,3,21.0
7098,271,3,14.3
16196,237,3,1.6
12081,1612,3,0.8
8985,2780,3,64.0
3404,1608,3,1845.0
1688,1491,3,618.0
6904,368,3,5269.0
4253,2285,3,36.0
10080,2285,3,29.0
3497,2001,3,58.0
9236,2807,3,519.0
3506,1612,3,11.5
11236,2285,3,31.0
14245,732,3,1198.0
3247,1947,3,37.0
3512,814,3,104.0
15295,703,3,0.7
2457,68,3,1820.0
15357,1166,3,507.0
3523,368,3,3432.0
4248,387,3,221.0
3528,2285,3,20.0
3529,2285,3,2.5
15501,556,3,30.0
6875,2056,3,0.2
15568,2484,3,11.0
11423,2285,3,1.0
3427,1488,3,2562.0
12791,1488,3,52.0
13019,1813,3,42.0
2985,1612,3,0.3
8542,1612,3,0.1
5656,2285,3,5.9
9924,2911,3,1515.0
3556,237,3,2402.0
3565,2285,3,100.0
3719,745,3,0.5
9861,2285,3,1.0
2412,2285,3,32.0
3559,2344,3,0.5
3971,1612,3,0.1
9061,572,3,124.0
7241,282,3,5.1
1943,2001,3,177.0
14750,2339,3,35.0
15697,1982,3,16.0
9860,2922,3,44.0
7288,2136,3,17.3
7329,2371,3,0.2
13515,1476,3,1101.0
3584,2285,3,0.6
8520,1737,3,0.3
14507,2630,3,224.0
18002,1488,3,19.5
7190,1488,3,52.0
7170,2285,3,25.0
14730,368,3,8320.0
16599,2006,3,7.0
2125,1553,3,4110.0
7319,1838,3,16.3
3607,2922,3,125.0
9951,1612,3,0.4
10865,1177,3,2.0
16894,2285,3,0.4
11470,368,3,9074.0
5692,2688,3,0.1
3608,1781,3,0.0
18068,2102,3,10.5
13735,2285,3,19.7
7591,2285,3,71.0
11900,753,3,0.1
11099,2922,3,224.0
11466,100,3,417.0
10782,1832,3,63.0
5691,206,3,6.6
14211,2380,3,857.0
13746,2922,3,92.0
1132,2631,3,1.1
3628,2488,3,323.0
7218,1828,3,27.0
3254,2726,3,379.0
7219,1488,3,321.0
2938,190,3,0.0
6303,237,3,1083.0
7221,1488,3,1016.0
14574,2151,3,1.2
3836,237,3,1835.0
12387,2562,3,1.2
818,2285,3,37.0
7227,444,3,1.0
4590,2922,3,45.0
6645,2285,3,23.0
12702,2243,3,6.6
1100,1776,3,2.4
3451,1757,3,11.5
18281,1557,3,196.0
13520,1769,3,9.8
7236,1665,3,3.9
13703,1202,3,7.0
11223,1488,3,2422.0
3643,2285,3,33.0
7243,2627,3,48.0
4506,1612,3,0.0
5110,2831,3,289.0
4295,1488,3,352.0
3656,1407,3,3.4
18215,572,3,133.0
5436,1488,3,44.0
1522,2856,3,0.5
5057,1606,3,1584.0
14299,2607,3,1676.0
3660,2285,3,0.4
3661,1680,3,34.0
18303,559,3,3.6
14330,897,3,515.0
1215,1611,3,91.0
16875,1832,3,41.0
5582,2285,3,32.0
3587,1837,3,206.0
10841,2285,3,28.0
1248,2285,3,47.0
14327,572,3,558.0
2153,814,3,1438.0
7264,1785,3,133.0
7265,1628,3,0.9
16349,2285,3,5.6
3613,1144,3,32.0
5440,1776,3,10.1
16798,2843,3,63.0
16095,2285,3,29.0
14362,1832,3,67.0
17571,572,3,362.0
12842,2922,3,78.0
7270,1304,3,3.0
11370,501,3,86.0
16924,1832,3,44.0
3695,745,3,126.0
16850,1304,3,481.0
11923,2922,3,123.0
3454,2285,3,35.0
4911,2631,3,191.0
5824,1940,3,0.6
2256,1243,3,6.3
3714,1543,3,78.0
8809,1911,3,2702.0
3716,2285,3,51.0
16384,2444,3,2.3
7089,2285,3,11.4
9613,2285,3,36.0
13476,2441,3,53.0
10404,2631,3,110.0
18094,580,3,38.0
2532,2417,3,17.3
17887,1832,3,45.0
13029,2726,3,188.0
9286,965,3,0.2
3721,685,3,0.8
3485,2221,3,334.0
7415,1979,3,1.7
3727,1608,3,883.0
9793,1737,3,0.1
3332,68,3,52.0
3731,944,3,2078.0
4012,300,3,2.6
3871,2861,3,5.1
4853,2030,3,8.9
10333,302,3,182.0
11134,1488,3,445.0
3821,438,3,0.9
4012,1609,3,30.0
11931,2148,3,33.0
4014,2496,3,33.0
8868,2488,3,1628.0
3833,1321,3,7.3
17949,2822,3,46.0
2108,2285,3,28.0
12277,1559,3,0.2
9666,1612,3,0.0
14504,2630,3,51.0
13721,1912,3,1.4
3848,282,3,21.0
13111,1232,3,524.0
4929,1128,3,73.0
3858,1488,3,18.9
5379,282,3,31.0
3865,919,3,13.8
185,614,3,21.0
1296,1583,3,270.0
17816,2205,3,7.8
10340,2742,3,30.0
3882,2519,3,28.0
18278,1612,3,2.3
3890,2285,3,72.0
7346,945,3,3.3
16616,854,3,51.0
10631,2302,3,0.1
6745,1612,3,0.2
3897,2353,3,0.4
14920,2631,3,312.0
3903,2285,3,40.0
13079,2562,3,24.0
3913,237,3,2337.0
7356,580,3,103.0
3918,1838,3,59.0
5971,1533,3,262.0
4777,2285,3,13.2
10910,1090,3,339.0
9536,1488,3,72.0
17087,1488,3,36.0
5747,2285,3,71.0
3759,288,3,64.0
11855,594,3,806.0
2794,2285,3,46.0
16623,1655,3,1398.0
1559,52,3,112.0
15869,1833,3,0.3
4193,1635,3,351.0
16710,2922,3,622.0
2418,814,3,600.0
3956,2285,3,33.0
5523,1612,3,1.9
1250,1488,3,56.0
63,237,3,144.0
17066,1304,3,1080.0
9795,1491,3,3523.0
7378,1492,3,2412.0
2974,1488,3,100.0
3285,445,3,25.0
6649,1438,3,5.2
3734,1238,3,93.0
4927,1832,3,71.0
3978,2285,3,26.0
1518,811,3,64.0
3937,2526,3,23.0
7388,1339,3,5.0
16696,1079,3,7046.0
7389,255,3,379.0
11515,779,3,10.9
3771,113,3,21.0
3990,1612,3,0.2
16430,1612,3,0.1
5695,2285,3,14.3
7441,2726,3,43.0
13209,2922,3,28.0
8638,944,3,404.0
12864,718,3,881.0
2788,2631,3,48.0
11072,237,3,243.0
3992,572,3,47.0
6747,745,3,303.0
3774,2285,3,59.0
7396,556,3,16.2
16708,1488,3,115.0
1244,2922,3,361.0
4079,762,3,13.7
9567,2842,3,54.0
7404,180,3,19.0
4005,1488,3,214.0
14937,2285,3,26.0
10745,1612,3,0.2
3097,1286,3,0.5
18289,2204,3,2.4
13253,2922,3,121.0
3659,929,3,2.4
4017,2285,3,34.0
4018,269,3,45.0
624,368,3,7742.0
7417,2285,3,0.2
17303,2285,3,46.0
4896,1488,3,1590.0
7418,1202,3,209.0
17102,2188,3,1722.0
16843,1189,3,74.0
15978,869,3,0.1
2937,725,3,11.8
7423,1563,3,0.5
11562,2285,3,43.0
17670,2380,3,277.0
13149,897,3,65.0
12813,2285,3,3.2
9558,1612,3,0.0
3668,2383,3,934.0
9064,1189,3,86.0
10896,651,3,0.2
4081,1141,3,89.0
4080,358,3,5.0
13315,2630,3,823.0
18213,828,3,110.0
7435,2550,3,2.3
4094,2876,3,18.2
14175,2631,3,91.0
9472,2911,3,1646.0
5485,2285,3,25.0
17342,237,3,496.0
4110,2285,3,41.0
14308,1947,3,6.7
4159,774,3,4.4
18052,811,3,161.0
8291,2922,3,130.0
12027,2004,3,21.0
1883,1167,3,4.7
7459,2863,3,0.4
11829,434,3,36.0
5595,2285,3,55.0
1150,274,3,239.0
7462,2285,3,48.0
14905,237,3,1133.0
4181,2285,3,65.0
7464,25,3,25.0
16232,1612,3,0.2
15194,2285,3,20.0
6226,2285,3,30.0
8938,1030,3,169.0
9836,303,3,75.0
17946,1488,3,322.0
4197,2285,3,0.5
11046,2380,3,683.0
12509,68,3,1044.0
8286,1488,3,391.0
9758,2285,3,76.0
4202,2098,3,0.9
9215,2630,3,132.0
18042,1647,3,152.0
10500,1606,3,176.0
13574,2409,3,56.0
1818,2772,3,0.0
14830,2285,3,43.0
2608,1612,3,0.0
14972,2285,3,35.0
1182,251,3,24.0
1094,1947,3,6.8
17921,745,3,10.0
8122,2922,3,124.0
14210,2631,3,5.3
4230,1128,3,125.0
4233,237,3,1694.0
4904,1488,3,153.0
10120,1929,3,45.0
1321,2285,3,35.0
5875,72,3,2.2
11158,74,3,4.6
4244,282,3,3.8
12309,1947,3,8.9
2939,1128,3,128.0
15666,2631,3,113.0
4174,1612,3,0.1
4261,2831,3,38.0
11443,1128,3,20.0
8453,2865,3,74.0
4713,170,3,0.7
9716,2285,3,10.9
15905,237,3,683.0
8733,2285,3,57.0
14201,38,3,40.0
8229,1128,3,63.0
14358,1231,3,4.2
4323,1128,3,11.3
15988,237,3,1872.0
4329,574,3,7.6
7545,2205,3,25.0
4382,1863,3,5.9
7547,1875,3,23.0
4371,2285,3,46.0
4372,2285,3,27.0
3737,811,3,378.0
4374,864,3,7.2
9779,2285,3,34.0
16829,572,3,67.0
11097,255,3,0.4
4470,2285,3,5.2
9984,2285,3,39.0
5806,368,3,973.0
2098,2802,3,171.0
7554,1488,3,37.0
8659,386,3,0.3
4409,1832,3,71.0
4344,2030,3,30.0
2742,811,3,174.0
4416,1721,3,18.9
4417,1407,3,0.9
12719,2285,3,41.0
4045,864,3,0.2
4350,2934,3,0.5
2349,2285,3,35.0
12222,1596,3,1.8
8526,237,3,688.0
4428,2439,3,232.0
14317,2285,3,25.0
4439,237,3,0.3
1180,556,3,1.6
9377,2631,3,81.0
10365,2876,3,5.1
2826,1612,3,0.3
4456,1612,3,0.1
16689,1776,3,179.0
17248,1128,3,94.0
7599,1569,3,0.2
4465,2831,3,214.0
4803,2288,3,1.0
7571,1957,3,2.8
17616,2285,3,64.0
7670,98,3,16.8
18072,1027,3,46.0
4480,2013,3,18.4
4482,1612,3,0.4
4129,1488,3,186.0
6324,1128,3,2.6
14568,2726,3,0.3
385,2922,3,234.0
691,1611,3,78.0
2850,2285,3,18.4
16594,2285,3,55.0
4514,2285,3,2.6
17533,1667,3,13.2
16177,897,3,4.3
10187,1608,3,2090.0
9129,2285,3,45.0
9309,1832,3,60.0
10679,2527,3,0.5
18204,368,3,4936.0
4605,816,3,30.0
4518,1872,3,1.6
17727,1612,3,0.6
347,2638,3,82.0
899,2922,3,55.0
7634,2285,3,34.0
3192,1321,3,51.0
8815,2496,3,19.4
5014,1055,3,6.0
9109,1752,3,11.1
12266,2285,3,22.0
13374,2285,3,19.2
17253,2631,3,166.0
16976,381,3,1.5
4434,547,3,58.0
14393,1488,3,1478.0
7639,711,3,111.0
11850,2285,3,8.8
13471,1985,3,55.0
3045,966,3,37.0
981,2397,3,1547.0
17741,2285,3,26.0
1986,947,3,186.0
12658,237,3,946.0
4511,368,3,3578.0
2322,1488,3,15.8
3777,1523,3,162.0
3001,2264,3,43.0
16613,2285,3,11.1
5400,293,3,1.9
4855,2850,3,0.4
8551,1488,3,255.0
13752,190,3,18.1
6269,1913,3,21.0
4594,2285,3,52.0
2674,1488,3,297.0
4541,410,3,7.4
17655,2403,3,63.0
7655,2027,3,0.6
13723,2285,3,35.0
4598,1488,3,41.0
11112,237,3,62.0
11439,1277,3,12.0
7656,2285,3,47.0
7611,2285,3,45.0
4607,1488,3,28.0
4610,2328,3,0.8
4608,2285,3,32.0
4611,1134,3,3.2
2951,1228,3,130.0
1131,1612,3,0.1
6194,546,3,21.0
16080,811,3,92.0
15605,2285,3,33.0
3570,1326,3,33.0
9930,2562,3,6.0
15174,2285,3,3.4
2480,811,3,280.0
226,732,3,17.7
7667,470,3,11.6
16763,371,3,1.6
2468,2922,3,32.0
14560,2285,3,19.6
15412,49,3,9.3
7675,2496,3,16.0
13480,2285,3,14.8
12279,1368,3,2.6
5230,1608,3,2618.0
4678,2631,3,205.0
12580,2285,3,9.8
4566,828,3,97.0
7539,237,3,432.0
14336,1488,3,98.0
4535,2639,3,24.0
15992,1488,3,8.8
9767,1838,3,0.0
11502,572,3,307.0
11090,1838,3,8.3
5179,2285,3,1.4
15236,1802,3,18.7
9811,2285,3,77.0
2947,1612,3,0.0
16359,2922,3,84.0
10025,777,3,0.3
2687,2285,3,34.0
4725,2205,3,1.5
4724,685,3,103.0
8594,1889,3,45.0
4863,1832,3,1053.0
2115,1539,3,50.0
4747,1323,3,1011.0
4970,2536,3,11.9
2645,2285,3,0.1
7707,183,3,28.0
13188,2285,3,26.0
9444,1488,3,867.0
3674,2328,3,5.1
17574,313,3,0.3
7771,2884,3,1.0
3248,2922,3,73.0
10113,1832,3,64.0
14940,1557,3,330.0
4858,2741,3,0.4
2948,2285,3,26.0
4856,2285,3,27.0
10086,1027,3,25.0
15386,2195,3,14.7
4881,1317,3,278.0
14163,2496,3,2.7
9585,1488,3,335.0
7022,2205,3,0.4
16013,1578,3,552.0
1987,2285,3,66.0
17488,897,3,56.0
4759,1776,3,68.0
5930,368,3,12192.0
1894,2285,3,28.0
4930,2285,3,0.1
11240,2285,3,11.8
4932,1960,3,12.6
17869,2535,3,0.5
15710,1317,3,99.0
8587,2631,3,219.0
5172,1128,3,449.0
15815,1488,3,1069.0
6609,1838,3,5.2
5407,572,3,113.0
7759,2682,3,0.7
10380,2631,3,250.0
2007,142,3,35.0
5534,132,3,7708.0
8990,368,3,218.0
12151,2243,3,32.0
10001,2285,3,32.0
6911,1612,3,9.0
646,1827,3,71.0
8190,854,3,68.0
2076,1755,3,7.4
15392,2562,3,66.0
7781,2111,3,6.0
14014,237,3,3087.0
4987,758,3,88.0
12587,2285,3,26.0
17704,44,3,58.0
4998,113,3,6.4
12634,1488,3,103.0
8052,1776,3,22.0
5007,368,3,7094.0
4782,2631,3,39.0
17027,1874,3,10.8
15137,2488,3,2009.0
17609,2285,3,4.1
1913,944,3,502.0
12883,2285,3,29.0
1037,368,3,4257.0
17453,734,3,6.3
1229,2001,3,95.0
5021,2285,3,50.0
5661,98,3,5.4
5529,643,3,10.2
5031,2285,3,32.0
7797,1189,3,12.6
7798,1488,3,9.6
15603,56,3,2.2
5033,2630,3,1.3
17712,444,3,48.0
7803,2801,3,0.2
5041,2285,3,6.0
10911,2285,3,49.0
5045,1155,3,4.0
8879,2285,3,28.0
15990,2285,3,49.0
1331,213,3,10.9
16399,312,3,374.0
6737,2285,3,17.6
9754,2205,3,0.3
10100,2285,3,35.0
7811,2327,3,74.0
7508,530,3,1.6
5049,2285,3,35.0
11322,2380,3,446.0
5053,52,3,0.2
14471,897,3,66.0
15470,2194,3,79.0
1374,2285,3,17.5
5071,1612,3,0.9
5075,2227,3,414.0
5079,1641,3,21.0
8727,1444,3,11934.0
5080,1612,3,0.0
12223,2285,3,13.6
16626,2729,3,0.1
5097,2285,3,25.0
7835,983,3,68.0
2333,2496,3,0.2
12407,2780,3,77.0
5100,1174,3,31.0
8715,1443,3,26.0
9605,816,3,92.0
7842,2726,3,68.0
3615,1030,3,50.0
2192,237,3,2874.0
14438,2285,3,25.0
16387,732,3,667.0
9990,1087,3,11.0
5109,2081,3,12.9
13966,2866,3,1.4
7848,2842,3,0.8
12660,1499,3,72.0
5207,2195,3,8.2
14239,1889,3,8.0
11408,1488,3,47.0
7869,2285,3,42.0
15766,2419,3,20.0
5860,565,3,21.0
10443,2630,3,144.0
15751,2285,3,34.0
2793,1592,3,0.1
13189,1142,3,8.6
13193,2780,3,9.8
7873,864,3,8.6
11738,1434,3,16.6
4945,2831,3,384.0
10490,766,3,80.0
18018,811,3,92.0
5166,1209,3,1.2
13509,1832,3,68.0
4833,2726,3,156.0
2251,368,3,1837.0
12764,827,3,0.1
5330,2098,3,171.0
1205,1488,3,216.0
7895,2285,3,15.3
7899,1612,3,0.1
1249,2631,3,75.0
16287,732,3,209.0
16295,1721,3,10.4
5902,100,3,658.0
5200,2136,3,26.0
14721,2285,3,44.0
5218,745,3,0.6
3153,2290,3,0.1
4820,2638,3,3.3
16279,2285,3,43.0
17737,1612,3,0.3
15955,2285,3,0.1
11942,2285,3,58.0
13717,1304,3,537.0
4488,1612,3,1.1
7898,2006,3,807.0
17674,1655,3,19.7
3607,52,3,11.8
5308,1202,3,21.0
1329,2831,3,663.0
12689,371,3,50.0
1440,2285,3,54.0
7935,2195,3,0.6
6079,68,3,1878.0
10598,237,3,68.0
1117,2285,3,21.0
9409,1832,3,48.0
13657,1323,3,370.0
5334,1327,3,5.6
15755,1488,3,76.0
17141,2694,3,6.6
5342,1608,3,509.0
5350,368,3,5435.0
8584,255,3,303.0
6014,501,3,7.6
5856,1612,3,0.1
2494,984,3,4.2
2026,1612,3,7.8
5266,210,3,16.1
15122,237,3,87.0
16754,325,3,0.8
8806,2285,3,0.7
4641,697,3,3.2
10393,25,3,12.2
7749,2320,3,3.1
5741,237,3,216.0
4325,1449,3,5.9
17464,98,3,16.9
15388,237,3,1331.0
16882,399,3,63.0
8760,1832,3,53.0
2892,2562,3,17.8
1085,2285,3,16.5
5394,1727,3,13.6
7859,2607,3,1018.0
5395,2850,3,43.0
9835,282,3,8.6
5397,732,3,721.0
5403,2195,3,0.0
14212,1776,3,0.7
5408,897,3,27.0
5415,2407,3,9.1
15790,2285,3,71.0
7972,1341,3,8.6
5280,2285,3,22.0
7702,2285,3,34.0
11229,2611,3,3.1
15855,2013,3,27.0
5433,1721,3,1.3
3828,1468,3,33.0
5441,251,3,239.0
5313,2205,3,6.1
7979,1080,3,9734.0
15850,549,3,499.0
5452,2142,3,102.0
1061,1695,3,9.1
9891,282,3,1.4
13834,1612,3,4.0
5250,1644,3,645.0
7997,1923,3,36.0
15306,843,3,4.1
4332,1827,3,118.0
4634,1940,3,2.4
1129,2285,3,14.3
16388,237,3,688.0
8014,1488,3,9.2
5509,679,3,667.0
6618,957,3,8.3
5516,2285,3,25.0
12718,272,3,701.0
5525,2285,3,42.0
5533,1612,3,2.4
9802,2631,3,130.0
2351,1533,3,147.0
8021,2292,3,225.0
8022,2285,3,24.0
8025,552,3,103.0
5520,2238,3,2.5
12716,1612,3,1.2
15865,2876,3,23.0
10079,2001,3,108.0
8042,9,3,25.0
4475,811,3,203.0
17361,811,3,483.0
5120,1166,3,252.0
9222,389,3,5.6
16212,2285,3,74.0
12831,1189,3,6.6
5502,25,3,5.0
5606,2006,3,212.0
8051,944,3,1189.0
13762,2865,3,1898.0
12588,1884,3,7.8
1896,1321,3,7.4
4939,2285,3,32.0
13674,2922,3,7.0
5621,282,3,66.0
1558,2205,3,3.6
10764,1009,3,1.4
5665,1937,3,2.0
5624,1488,3,174.0
16337,76,3,123.0
1170,1937,3,2.0
1622,2285,3,60.0
4551,368,3,3869.0
5739,572,3,328.0
14998,1070,3,99.0
1113,2111,3,5.0
2824,2344,3,1.7
384,1128,3,180.0
1451,2285,3,21.0
6887,2285,3,48.0
8086,2635,3,0.9
16313,237,3,545.0
8088,537,3,6.8
5627,2205,3,39.0
7289,1488,3,268.0
2118,1982,3,6.4
2328,237,3,963.0
5677,368,3,12086.0
8098,1387,3,0.0
4145,2496,3,7.6
2991,1167,3,3.0
8100,2922,3,52.0
2928,2285,3,59.0
13493,564,3,10.3
16669,393,3,38.0
15925,271,3,2.2
12928,1208,3,1.1
6895,992,3,60.0
2312,1976,3,0.0
11634,1488,3,113.0
5688,2142,3,228.0
5120,2631,3,89.0
683,649,3,88.0
17379,2285,3,33.0
14283,1721,3,67.0
6388,1488,3,1181.0
13902,1612,3,2.1
16827,2850,3,89.0
8113,1166,3,19.8
7905,1608,3,813.0
5059,614,3,14.5
10635,501,3,289.0
14265,854,3,51.0
2632,237,3,669.0
4313,2631,3,101.0
3133,2496,3,15.9
5723,2195,3,14.0
8946,745,3,1203.0
3652,1609,3,244.0
8656,2865,3,232.0
5729,2842,3,11.9
5648,426,3,1002.0
8064,1462,3,31.0
11022,1869,3,0.1
8892,1044,3,27.0
17309,2562,3,2.2
7020,2831,3,22.0
5009,1838,3,0.8
17378,1202,3,7.8
17964,237,3,355.0
7736,1832,3,65.0
1207,1488,3,35.0
8115,2285,3,29.0
17366,2327,3,1.2
14036,556,3,0.8
5768,1553,3,686.0
16570,1497,3,550.0
3967,2285,3,30.0
17992,2098,3,4.3
8157,1612,3,0.0
9319,1228,3,67.0
5655,1304,3,1.4
5671,2285,3,4.6
4864,255,3,742.0
5936,1488,3,89.0
8168,1128,3,81.0
80,2285,3,54.0
1058,1977,3,0.2
11086,2631,3,45.0
8276,1737,3,6.2
17669,100,3,47.0
14669,725,3,72.0
13032,2285,3,54.0
8183,272,3,273.0
10329,929,3,0.6
8185,1832,3,51.0
1149,2285,3,16.2
10109,2931,3,2.8
8208,2630,3,109.0
1660,1323,3,0.2
6964,795,3,5.4
2465,2865,3,126.0
11815,1612,3,0.1
13820,2631,3,111.0
7395,2285,3,70.0
16480,302,3,126.0
5745,1785,3,1962.0
8199,2443,3,12533.0
8811,889,3,38.0
9533,161,3,0.3
18273,2285,3,0.6
5117,814,3,288.0
13838,2380,3,671.0
7624,2631,3,171.0
1776,2285,3,36.0
8213,1608,3,2659.0
2478,1497,3,9.7
13073,2865,3,56.0
14710,2285,3,38.0
9622,100,3,205.0
7886,25,3,31.0
14931,343,3,17.5
13687,1664,3,0.0
5789,1035,3,5.2
16897,1418,3,654.0
17227,1464,3,120.0
14893,745,3,154.0
10088,2710,3,0.0
12310,44,3,574.0
5660,1488,3,50.0
2696,1406,3,0.4
11750,2285,3,3.2
17546,2804,3,49.0
11898,2285,3,54.0
13256,2285,3,54.0
14219,1612,3,0.0
8235,2285,3,66.0
3347,2710,3,1.2
16697,2922,3,145.0
11605,1612,3,0.4
16801,1492,3,6521.0
17889,2831,3,50.0
1848,1166,3,146.0
4162,718,3,1679.0
2610,1488,3,53.0
8242,2503,3,0.8
1912,68,3,903.0
5891,272,3,23.0
8550,580,3,28.0
5787,1612,3,0.0
7146,2911,3,1761.0
12034,368,3,4518.0
15994,2285,3,36.0
13103,2831,3,135.0
11675,1947,3,21.0
75,867,3,1.4
9992,2285,3,37.0
12482,1394,3,4.7
12784,606,3,3.1
9093,1479,3,42.0
5802,356,3,2.5
5150,1488,3,127.0
4653,2386,3,4.6
6089,2285,3,29.0
8255,1321,3,14.2
8256,2285,3,3.5
5805,2714,3,5.0
14831,2285,3,20.0
4979,142,3,613.0
5496,1832,3,47.0
4996,2285,3,27.0
14859,2122,3,538.0
15240,732,3,586.0
10515,2285,3,34.0
8267,1414,3,2.4
9555,1035,3,48.0
12951,2772,3,1.4
1341,2631,3,129.0
7910,1308,3,4.8
10003,2285,3,35.0
2024,25,3,5.6
5773,732,3,544.0
6731,1488,3,121.0
4586,1488,3,11.0
1196,2685,3,1656.0
10748,2424,3,232.0
17715,955,3,128.0
5942,237,3,362.0
13766,237,3,2894.0
8284,1612,3,0.0
7433,9,3,3.7
5914,17,3,7.9
9973,2285,3,0.8
2765,2285,3,7.4
9189,1488,3,16.9
15608,2285,3,44.0
8293,864,3,3.8
5882,1488,3,122.0
10797,2526,3,63.0
17370,1557,3,1337.0
15471,2726,3,1.7
8295,1655,3,0.3
11002,1488,3,7.3
1562,1832,3,2.5
15756,854,3,688.0
11089,1630,3,0.0
8047,2285,3,29.0
9744,68,3,1283.0
4096,2303,3,10.5
5824,503,3,2.0
7310,2285,3,16.5
12239,1215,3,148.0
8539,1612,3,0.0
7689,1878,3,23.0
7664,2630,3,345.0
5680,2630,3,0.1
11049,1553,3,11929.0
5900,1608,3,702.0
14093,132,3,192.0
5903,2389,3,11.1
5483,77,3,40.0
9030,368,3,7192.0
8319,1488,3,385.0
2738,1578,3,35.0
3135,1690,3,2.0
14957,2496,3,21.0
5801,1937,3,0.3
17515,2286,3,4.2
5839,282,3,3.0
8326,1488,3,883.0
1865,2704,3,6.6
8179,25,3,1.0
8334,2096,3,631.0
8335,2922,3,362.0
14057,2285,3,35.0
10521,828,3,472.0
4527,2107,3,5.5
6293,2922,3,662.0
10332,1141,3,362.0
5932,1956,3,22.0
13849,2285,3,42.0
5933,1488,3,63.0
2445,1982,3,22.0
10610,1838,3,15.8
4679,2710,3,8.2
12916,1492,3,1348.0
11171,1612,3,0.9
8359,1601,3,430.0
8360,1838,3,14.8
9609,237,3,547.0
11699,2568,3,0.6
11965,572,3,79.0
2816,70,3,12.0
5818,237,3,3155.0
8972,2630,3,1.9
18086,2922,3,82.0
16951,1488,3,68.0
8567,2387,3,10.0
5953,811,3,41.0
7927,368,3,4294.0
11897,2285,3,63.0
8378,1128,3,88.0
17553,1488,3,388.0
8382,2562,3,5.4
5963,2631,3,100.0
4237,1453,3,224.0
13201,2383,3,951.0
8383,2783,3,0.7
6629,518,3,14.9
14288,972,3,0.2
8385,2631,3,80.0
8621,972,3,0.8
3553,1488,3,25.0
5972,25,3,30.0
18287,2522,3,27.0
17116,2285,3,11.7
15404,9,3,5.1
14230,1488,3,35.0
14168,2759,3,7.7
4351,1612,3,0.0
17591,2285,3,5.6
5847,1915,3,10.7
7839,1488,3,13.9
5869,2726,3,4.8
5664,2285,3,9.4
3761,2686,3,21.0
4497,2380,3,1471.0
12106,2285,3,33.0
16412,1488,3,24.0
11674,2285,3,29.0
8402,1488,3,103.0
12453,2285,3,48.0
14693,2285,3,15.2
8860,2285,3,51.0
8257,1488,3,25.0
6022,1317,3,3.2
10848,293,3,5.0
4214,2285,3,4.3
8413,2212,3,5.1
12273,488,3,63.0
4388,1612,3,1.6
8418,2526,3,41.0
6044,2195,3,19.6
15430,1488,3,39.0
5995,1612,3,2.0
14316,1737,3,2.9
8682,1346,3,136.0
14487,2381,3,7.4
17438,368,3,7602.0
9591,2285,3,8.9
9647,272,3,104.0
8422,745,3,247.0
14227,944,3,1116.0
4691,2285,3,22.0
10232,2922,3,60.0
1656,1488,3,129.0
12133,237,3,328.0
15054,25,3,0.2
11692,77,3,79.0
6297,1488,3,98.0
3010,2285,3,9.6
9042,1488,3,35.0
15779,2922,3,99.0
6051,76,3,1062.0
5344,1876,3,9.0
13973,2285,3,44.0
15805,828,3,20.0
9730,1680,3,12.6
3531,1847,3,13.7
6349,282,3,34.0
1972,2285,3,63.0
1361,1525,3,10.4
15611,1215,3,4220.0
10220,2285,3,43.0
5004,811,3,77.0
4068,368,3,8333.0
11563,42,3,1222.0
6048,1755,3,213.0
11276,811,3,208.0
8871,1937,3,0.0
7795,469,3,44.0
2907,2285,3,28.0
15724,2285,3,17.9
16817,1612,3,0.2
1569,2285,3,31.0
16016,2096,3,634.0
5315,2410,3,2.5
10169,2205,3,12.1
17739,1612,3,0.2
10141,2285,3,0.5
6252,2831,3,89.0
8469,2205,3,0.2
6004,2856,3,34.0
13237,1612,3,4.6
11146,745,3,0.1
6006,1673,3,74.0
5353,100,3,30.0
2263,2631,3,0.1
17214,359,3,0.7
8484,2922,3,14.8
6065,68,3,271.0
2882,2639,3,19.8
14015,1488,3,14.6
8529,368,3,4299.0
17593,1488,3,44.0
8747,1208,3,41.0
15383,1612,3,0.1
1819,2285,3,43.0
10583,2620,3,24.0
8833,2488,3,3.0
9611,266,3,1.6
12320,2285,3,23.0
6553,2285,3,0.8
16989,2285,3,32.0
9113,2922,3,144.0
11033,2631,3,85.0
8669,2285,3,58.0
4053,384,3,58.0
8408,2285,3,0.4
13379,2248,3,7.2
11083,1128,3,8.5
2574,1488,3,348.0
7742,1612,3,1.2
17365,1655,3,41.0
6575,1832,3,88.0
13852,1488,3,143.0
5536,1321,3,58.0
11028,1488,3,160.0
5055,1435,3,0.0
15830,574,3,0.3
5219,1905,3,82.0
3722,2285,3,39.0
8268,948,3,28.0
3645,2922,3,150.0
8146,1410,3,5.1
7737,224,3,41.0
5326,1612,3,0.2
18079,1947,3,245.0
5093,1832,3,29.0
15885,2389,3,8.7
2618,1721,3,87.0
7553,2922,3,273.0
6532,2654,3,42.0
6502,2340,3,20.0
8762,811,3,131.0
2297,2129,3,14.2
8129,1832,3,42.0
10682,1853,3,1.4
1234,2285,3,60.0
5092,586,3,6.0
15699,255,3,115.0
8130,265,3,0.4
14434,2639,3,2.2
9734,1488,3,1630.0
7071,2475,3,24.0
14051,1730,3,0.9
12945,2922,3,91.0
2440,1321,3,103.0
1424,1253,3,3.3
16806,2340,3,25.0
11765,1832,3,14.7
2625,1079,3,11394.0
5888,348,3,8.7
18143,1407,3,12.0
5188,2631,3,130.0
3430,100,3,149.0
17958,2285,3,40.0
6748,2285,3,12.0
16360,2285,3,46.0
6859,2028,3,70.0
1832,368,3,6944.0
4168,2285,3,0.7
16505,1468,3,81.0
4889,2631,3,172.0
18167,2285,3,20.0
7559,1721,3,270.0
8735,1616,3,14.0
13756,1488,3,610.0
10172,2285,3,11.6
11531,1525,3,62.0
12244,2285,3,33.0
1935,1488,3,98.0
7045,2001,3,62.0
3110,2285,3,21.0
6316,1228,3,1269.0
16707,2285,3,2.9
4421,1985,3,4.1
16028,1785,3,301.0
10899,368,3,9844.0
2228,74,3,4.1
14759,2285,3,55.0
7683,2313,3,0.5
3304,243,3,35.0
5705,2922,3,108.0
12918,2018,3,7.2
6816,2285,3,19.9
8744,2285,3,58.0
2355,745,3,0.2
12745,1619,3,7.8
4273,1030,3,289.0
9341,2366,3,67.0
8910,2285,3,90.0
8225,585,3,15.2
17526,556,3,28.0
4198,237,3,872.0
8037,2922,3,67.0
8634,1321,3,21.0
6756,2726,3,329.0
6586,1499,3,424.0
5989,2907,3,3.0
11840,628,3,32.0
14674,2439,3,150.0
8502,17,3,0.2
5679,1617,3,638.0
10604,2285,3,31.0
8032,521,3,38.0
14275,1488,3,125.0
6732,1832,3,8.9
13370,237,3,200.0
2956,2397,3,3.8
4649,302,3,107.0
5355,601,3,6.5
12880,854,3,327.0
1145,113,3,7.3
6789,828,3,50.0
72,1744,3,1.0
4880,572,3,769.0
15300,811,3,88.0
2800,1488,3,7.7
18077,1628,3,0.3
10816,618,3,87.0
1542,1561,3,14.1
7768,2285,3,24.0
9791,2285,3,17.8
3905,1202,3,327.0
4269,25,3,32.0
15703,1407,3,2.0
5324,1321,3,3.4
12502,881,3,10.2
3866,2285,3,22.0
6511,296,3,88.0
10261,2439,3,692.0
12624,2850,3,25.0
1105,1603,3,1.4
8323,1799,3,8.0
6402,2285,3,86.0
13345,2780,3,64.0
5283,1128,3,18.3
16452,1909,3,105.0
4728,1755,3,951.0
6929,2285,3,63.0
16503,2285,3,88.0
8023,1044,3,0.3
9416,2285,3,0.2
4657,100,3,1082.0
4893,1838,3,30.0
12985,2285,3,31.0
12475,98,3,66.0
10164,461,3,345.0
14503,864,3,0.4
5753,2285,3,63.0
1657,1544,3,0.5
1293,1785,3,884.0
7661,1323,3,1073.0
12240,2285,3,59.0
9950,2001,3,51.0
13341,2265,3,7.2
16540,2013,3,41.0
7291,2746,3,2.9
6678,2285,3,3.8
3725,1765,3,357.0
1767,635,3,91.0
14557,284,3,0.3
17476,1785,3,702.0
1905,2285,3,0.9
1842,255,3,4329.0
12898,2285,3,34.0
9362,2380,3,383.0
4220,2526,3,27.0
309,255,3,526.0
6240,2285,3,56.0
7658,1087,3,12.9
2679,2285,3,40.0
12521,1407,3,0.6
3188,471,3,1.4
8124,98,3,3.8
8188,2631,3,130.0
1601,89,3,185.0
14671,2630,3,121.0
3667,1832,3,39.0
14912,1832,3,132.0
3740,2285,3,26.0
2464,1486,3,17.7
11259,2831,3,18.6
16184,226,3,19.2
16662,1612,3,4.6
4330,1832,3,5.6
15999,2631,3,181.0
15997,1156,3,5.0
11163,1488,3,7.8
3963,2195,3,19.0
14672,2631,3,43.0
1733,2285,3,44.0
16520,2016,3,5.4
13518,2631,3,141.0
7294,410,3,21.0
14421,915,3,7.4
14383,2122,3,24.0
9100,1982,3,13.1
10005,1872,3,0.8
4194,2654,3,104.0
5393,2829,3,3.4
17583,1596,3,0.3
5175,79,3,0.7
2998,828,3,540.0
9792,2285,3,44.0
6379,183,3,794.0
5982,1488,3,213.0
26,2285,3,51.0
1347,1611,3,131.0
11988,546,3,8.9
5690,2285,3,9.7
7757,1492,3,8150.0
4503,2922,3,44.0
3810,2780,3,0.5
5265,2096,3,9.0
5694,1635,3,135.0
3899,2285,3,46.0
7861,2285,3,30.0
7763,2710,3,1.0
12677,1488,3,21.0
3813,1277,3,4.7
3407,2205,3,20.0
4149,2631,3,89.0
17086,2922,3,98.0
4449,2285,3,50.0
13594,685,3,107.0
13873,2922,3,66.0
16180,2922,3,56.0
11436,1947,3,0.6
8206,1645,3,2.2
7944,2922,3,43.0
7777,1128,3,57.0
2785,753,3,0.2
16972,25,3,43.0
16410,282,3,23.0
101,2195,3,0.8
6270,2285,3,5.2
1979,1968,3,10.6
6844,1321,3,43.0
11680,811,3,83.0
6497,685,3,221.0
1502,1156,3,0.8
9817,2285,3,65.0
13905,1321,3,40.0
13060,74,3,0.2
5686,1245,3,18.1
1247,1024,3,0.4
13641,2121,3,1.1
4201,2285,3,30.0
9635,1608,3,3454.0
11215,2285,3,22.0
4394,68,3,1038.0
10244,2831,3,1126.0
17405,2476,3,4.4
3072,1155,3,0.3
2326,25,3,8.2
5163,814,3,734.0
5800,2285,3,32.0
9863,2285,3,26.0
3253,2496,3,12.5
16665,1737,3,8.1
2801,487,3,2.3
1672,572,3,358.0
7721,1488,3,38.0
4543,2285,3,38.0
13542,2285,3,27.0
5747,1228,3,264.0
6517,2712,3,5.0
13538,1721,3,47.0
9832,1937,3,0.3
10935,2195,3,16.4
11298,2066,3,21.0
14250,572,3,131.0
17088,1832,3,98.0
14198,1776,3,44.0
7608,2285,3,33.0
1692,745,3,57.0
10167,368,3,9693.0
8966,1488,3,625.0
3060,1128,3,59.0
15479,2831,3,94.0
18294,1465,3,32.0
1243,1407,3,9.2
6021,2547,3,2.4
15097,2285,3,46.0
3546,2285,3,50.0
687,1037,3,74.0
8573,2285,3,31.0
3143,1488,3,34.0
6505,2562,3,5.4
2813,2609,3,0.1
4058,2726,3,57.0
3814,1030,3,134.0
17576,98,3,218.0
14044,2922,3,88.0
16645,2285,3,49.0
4937,1876,3,9.8
15442,2631,3,162.0
13199,2922,3,66.0
6322,2039,3,9.3
3845,2285,3,44.0
825,1228,3,8.2
5736,1609,3,252.0
1707,1604,3,10.8
3406,2682,3,1.4
2523,2285,3,35.0
1782,2285,3,22.0
13353,2285,3,46.0
2482,929,3,0.5
11548,1488,3,142.0
8580,274,3,82.0
8683,2285,3,15.8
8785,2780,3,148.0
5770,2563,3,0.8
11220,1389,3,350.0
1506,844,3,0.8
13101,2631,3,1.8
8641,296,3,55.0
3403,274,3,30.0
5420,2205,3,2.0
12088,1635,3,2091.0
5102,1834,3,0.0
3979,2285,3,68.0
5843,312,3,0.5
2329,1608,3,3689.0
2377,368,3,6352.0
17389,2285,3,47.0
10259,2285,3,40.0
16644,2710,3,26.0
4075,1488,3,267.0
15207,1957,3,2.7
9833,832,3,602.0
1256,2055,3,11.2
6613,1832,3,87.0
3303,2285,3,23.0
4306,2066,3,62.0
10914,1128,3,42.0
1460,1628,3,1.1
1781,1488,3,353.0
8874,711,3,1083.0
10278,2607,3,89.0
16622,2285,3,102.0
42,2759,3,4.4
10791,1838,3,12.4
1551,2710,3,39.0
17283,2780,3,131.0
2789,2008,3,60.0
17982,1488,3,4.1
14513,1612,3,2.6
12765,1718,3,1143.0
6036,2328,3,0.0
9250,1208,3,2.6
10267,2444,3,2.4
15493,302,3,395.0
14511,237,3,2896.0
10572,100,3,559.0
4986,2285,3,61.0
18247,2285,3,51.0
1628,864,3,0.0
6009,249,3,2.9
4742,14,3,65.0
10381,2285,3,52.0
13740,2285,3,38.0
13868,1737,3,10.3
1476,251,3,1013.0
98,1215,3,422.0
4072,250,3,1779.0
16943,368,3,4389.0
2309,1612,3,0.2
3799,2380,3,742.0
14281,2285,3,33.0
2631,1655,3,23.0
115,1488,3,41.0
56,2285,3,44.0
18189,2285,3,15.9
12877,2285,3,61.0
13701,889,3,68.0
4890,572,3,465.0
4812,237,3,6440.0
12001,237,3,2063.0
15490,312,3,1.5
17658,2285,3,63.0
11824,1612,3,0.0
1411,1612,3,3.0
6775,725,3,78.0
9346,1321,3,39.0
17684,1215,3,181.0
2940,2543,3,99.0
9425,2492,3,15.1
12493,1488,3,19.8
5567,1321,3,15.3
18062,552,3,1148.0
15975,2285,3,18.9
17282,1785,3,1852.0
4690,2285,3,66.0
3709,530,3,6.0
6396,811,3,100.0
16490,1488,3,198.0
3954,1982,3,2.2
11687,2285,3,30.0
16621,2718,3,0.0
9757,2285,3,49.0
8217,725,3,92.0
7046,2285,3,48.0
4650,2285,3,55.0
11630,2285,3,20.0
4297,2285,3,37.0
9074,2285,3,25.0
7297,921,3,3.6
10407,1275,3,150.0
16437,2285,3,33.0
4106,2285,3,46.0
14431,2630,3,338.0
2226,359,3,184.0
3829,2229,3,91.0
8017,2285,3,42.0
6147,2526,3,15.7
7515,2299,3,41.0
2607,100,3,123.0
16338,271,3,219.0
15133,2285,3,3.2
13978,2285,3,47.0
11242,2774,3,20.0
18173,368,3,3972.0
9047,368,3,9992.0
3071,1628,3,0.6
11497,2285,3,57.0
2564,2202,3,0.2
2560,1799,3,8.0
2082,2831,3,198.0
7134,2285,3,52.0
2475,2285,3,40.0
6461,572,3,37.0
14896,2490,3,3.2
12341,368,3,2901.0
15743,1937,3,2.0
8254,68,3,668.0
2168,1937,3,0.6
9649,143,3,3.2
15840,2056,3,7.8
15244,1304,3,1161.0
2185,2285,3,23.0
8797,586,3,80.0
16270,2285,3,94.0
12350,2654,3,93.0
748,2496,3,11.7
6040,1832,3,150.0
10925,2866,3,8.0
7806,1832,3,21.0
12681,926,3,0.1
1600,2285,3,29.0
14202,2709,3,0.2
16776,2285,3,30.0
12481,2831,3,467.0
1700,1612,3,0.0
5730,1488,3,10.4
3138,2631,3,171.0
2633,811,3,180.0
16988,2639,3,11.5
7921,1937,3,0.2
17703,2285,3,8.6
1994,1827,3,78.0
13498,696,3,44.0
9075,1228,3,198.0
12851,1488,3,548.0
10076,2195,3,9.5
8174,1690,3,2.5
15690,2339,3,9.8
8388,993,3,238.0
12072,1426,3,236.0
12886,1488,3,0.1
4405,2631,3,159.0
8005,2631,3,160.0
9584,2831,3,1239.0
11837,368,3,3158.0
16970,1612,3,1.8
6694,676,3,2.8
4608,816,3,7.6
8716,2631,3,12.3
2202,1488,3,6.2
1307,478,3,131.0
16077,2285,3,24.0
11296,368,3,4660.0
1353,2922,3,110.0
4693,1776,3,60.0
9601,1832,3,24.0
15331,2344,3,1.5
13619,2409,3,6.2
1194,2496,3,35.0
10040,2285,3,12.1
14726,2285,3,7.4
10760,2922,3,59.0
8331,1679,3,11.6
8243,1838,3,100.0
11209,2922,3,84.0
2307,1488,3,36.0
6109,100,3,120.0
2479,1612,3,0.0
7548,2922,3,474.0
8175,2285,3,13.8
8635,2285,3,36.0
16054,1612,3,0.2
11705,582,3,0.4
5289,2285,3,31.0
10180,811,3,173.0
1845,682,3,34.0
7776,944,3,891.0
14232,2285,3,31.0
10694,2631,3,315.0
8522,2383,3,725.0
14324,2726,3,19.0
10894,1525,3,10.4
6730,1488,3,2.7
16975,1488,3,295.0
17037,1139,3,19.1
12096,2285,3,36.0
17936,368,3,1834.0
7968,2831,3,251.0
5095,1635,3,1210.0
13025,368,3,5229.0
14323,2027,3,47.0
4209,368,3,1642.0
17396,1887,3,51.0
8563,2122,3,11.9
12245,2285,3,37.0
15859,2139,3,93.0
17238,220,3,0.2
3545,368,3,5094.0
16111,2285,3,69.0
10073,725,3,53.0
4219,1488,3,20.0
1926,1228,3,145.0
11254,2285,3,25.0
4263,2496,3,7.6
12858,1499,3,61.0
9388,2285,3,18.3
187,368,3,14482.0
16731,946,3,52.0
5635,368,3,8366.0
14867,272,3,180.0
13989,368,3,7342.0
14607,2285,3,134.0
12589,1612,3,0.0
3198,2285,3,47.0
12067,237,3,6.6
15015,2285,3,0.8
10252,2285,3,35.0
2980,2285,3,25.0
12913,1776,3,24.0
14767,946,3,0.0
9604,2488,3,2386.0
8999,725,3,34.0
6032,2439,3,29.0
12358,2831,3,880.0
13218,2285,3,30.0
9562,2285,3,63.0
13691,1832,3,172.0
1437,44,3,1415.0
11431,2285,3,58.0
12082,2726,3,115.0
17686,368,3,1509.0
8527,1832,3,16.2
14945,2028,3,29.0
12959,1721,3,334.0
4770,368,3,2724.0
1474,594,3,561.0
6239,1488,3,60.0
2730,1612,3,0.2
3572,2285,3,22.0
7638,2726,3,331.0
1513,2831,3,149.0
17926,1488,3,6.7
7156,2630,3,176.0
4328,2285,3,42.0
17332,1690,3,2.6
18285,2639,3,49.0
9359,1488,3,125.0
8887,237,3,2750.0
2423,2536,3,2.1
9381,2098,3,3.4
15131,2285,3,24.0
1257,1488,3,199.0
2533,944,3,1521.0
3447,368,3,9585.0
15900,501,3,798.0
9527,2285,3,110.0
15625,2631,3,66.0
10118,1321,3,45.0
17843,1128,3,63.0
11591,282,3,32.0
6998,2914,3,3.0
13428,1947,3,722.0
12260,237,3,2610.0
14821,2285,3,22.0
2459,1553,3,9783.0
11260,2285,3,30.0
3827,2922,3,123.0
1752,1488,3,32.0
11428,637,3,0.3
9065,2831,3,341.0
4208,237,3,119.0
9202,2285,3,21.0
9845,1321,3,0.4
4764,1781,3,41.0
5435,2439,3,363.0
5572,2710,3,37.0
2253,2285,3,42.0
10592,1875,3,16.7
9149,2340,3,6.4
10151,718,3,1653.0
8377,1720,3,7.7
5947,1612,3,3.9
3900,2285,3,42.0
11010,1497,3,79.0
2807,1832,3,13.9
2129,1583,3,81.0
17929,25,3,0.2
16045,2285,3,67.0
16315,2562,3,22.0
1509,2858,3,7.2
11867,100,3,413.0
15662,725,3,70.0
10991,1983,3,104.0
12779,2477,3,0.5
4298,2568,3,28.0
14970,1228,3,1158.0
9120,1803,3,52.0
1710,2285,3,41.0
5181,1776,3,1.7
1007,2708,3,6.1
1682,1202,3,59.0
13272,1131,3,25.0
2509,2523,3,22.0
13581,944,3,6243.0
3749,1488,3,7.4
10078,2285,3,34.0
3063,2285,3,28.0
8508,2518,3,5.8
2736,811,3,120.0
14399,2285,3,46.0
6878,711,3,4.8
1770,2635,3,0.8
15328,2911,3,778.0
1949,128,3,2.7
8300,2285,3,14.1
4999,2285,3,51.0
1051,725,3,8.8
7213,1617,3,106.0
15974,444,3,100.0
3475,2285,3,13.4
130,360,3,55.0
18153,466,3,0.1
998,1189,3,224.0
4959,2438,3,0.2
9095,290,3,7.9
1621,2285,3,42.0
11324,368,3,4153.0
12438,272,3,505.0
12876,2285,3,2.7
6205,572,3,509.0
10882,2285,3,36.0
10313,2726,3,4.2
12426,545,3,0.2
8731,2631,3,18.2
9997,1606,3,179.0
11419,25,3,25.0
9099,2285,3,79.0
9582,2285,3,78.0
6885,1488,3,38.0
7985,1488,3,23.0
6593,1128,3,43.0
9364,1499,3,9.2
3885,2630,3,27.0
2583,2922,3,105.0
10447,2285,3,22.0
4733,1016,3,5.0
15851,1557,3,0.0
9021,2380,3,1212.0
11993,1827,3,72.0
2249,2285,3,71.0
8949,368,3,5276.0
12967,2285,3,51.0
11169,1492,3,1435.0
1230,1612,3,0.1
14722,2285,3,5.8
2264,944,3,692.0
1864,2831,3,475.0
11586,1937,3,0.1
8493,1720,3,29.0
10047,1832,3,33.0
8043,1030,3,31.0
3770,237,3,6.9
11911,2285,3,37.0
17023,1612,3,0.4
3282,2285,3,29.0
3498,2856,3,41.0
8026,2285,3,35.0
3914,282,3,38.0
17899,2285,3,0.3
7518,891,3,449.0
12331,2631,3,308.0
17180,368,3,488.0
2387,2285,3,65.0
15292,1776,3,37.0
5162,2285,3,5.0
15019,2285,3,1.6
11199,2285,3,4.6
15810,1488,3,8.1
303,1141,3,113.0
7473,1605,3,86.0
1817,1601,3,2.7
1053,1832,3,37.0
13449,368,3,7213.0
13640,1678,3,25.0
3230,2922,3,43.0
4599,2285,3,30.0
6803,670,3,254.0
2729,2285,3,76.0
3047,1190,3,0.4
2898,359,3,24.0
1108,2922,3,47.0
13052,2285,3,12.6
16939,1491,3,1017.0
9743,68,3,873.0
8556,2285,3,47.0
188,1583,3,0.5
16407,1737,3,238.0
6332,1488,3,164.0
4132,2285,3,47.0
17654,2013,3,8.3
12721,2285,3,43.0
7457,2285,3,69.0
11071,140,3,230.0
16310,2285,3,14.8
8668,1539,3,2.0
14910,2831,3,586.0
211,442,3,15.3
119,368,3,1684.0
10194,1321,3,11.4
9059,2285,3,9.4
9942,368,3,4559.0
3521,1612,3,0.1
11714,1737,3,5.4
14105,1791,3,22.0
13143,1832,3,131.0
7393,1655,3,879.0
17435,2122,3,65.0
16526,2122,3,5.6
17327,2630,3,1477.0
1504,2922,3,126.0
10013,1608,3,1129.0
4623,52,3,44.0
5715,2844,3,14.6
9710,2630,3,31.0
622,1488,3,14.8
9190,2438,3,3.6
4430,700,3,2.3
13635,100,3,162.0
1263,2389,3,40.0
11258,368,3,5566.0
4258,2285,3,41.0
8562,811,3,345.0
802,2285,3,35.0
14424,1520,3,52.0
3361,416,3,22.0
11415,1488,3,133.0
16822,854,3,0.1
5099,1407,3,7.7
235,2285,3,10.0
11404,2383,3,256.0
4969,2285,3,35.0
15021,1832,3,66.0
17898,2630,3,220.0
10531,2285,3,39.0
3977,2285,3,51.0
5211,2285,3,59.0
12259,2285,3,7.8
1481,685,3,3.8
13469,2178,3,430.0
10542,1604,3,83.0
10388,25,3,0.3
3151,1905,3,2.6
2300,376,3,0.4
17945,237,3,1245.0
1067,1488,3,57.0
17190,1488,3,37.0
8236,368,3,16594.0
16838,2638,3,30.0
18142,574,3,14.8
5881,2733,3,104.0
8397,1488,3,59.0
11893,1838,3,11.1
6067,1488,3,215.0
3624,2285,3,50.0
951,1321,3,14.4
8393,2631,3,5.4
1156,623,3,1.6
8743,1321,3,21.0
5173,2631,3,336.0
18251,272,3,6.5
11891,1488,3,217.0
4912,368,3,4401.0
2959,368,3,25607.0
17326,343,3,12.5
4245,2285,3,45.0
3205,2285,3,34.0
9455,52,3,16.5
17013,1488,3,47.0
12691,725,3,48.0
5585,2195,3,16.2
16472,2831,3,1750.0
2124,1488,3,362.0
5361,2876,3,412.0
12804,1776,3,5.5
18175,2285,3,59.0
4887,2639,3,10.4
4669,1612,3,0.1
6465,2285,3,27.0
8038,2285,3,10.8
10654,1128,3,7.5
15944,1488,3,311.0
10403,1612,3,7.2
8061,25,3,25.0
17050,2087,3,5.9
16171,2523,3,24.0
18301,2911,3,596.0
13491,2285,3,1.4
4440,2285,3,36.0
12673,2285,3,101.0
16966,368,3,8924.0
12927,2630,3,69.0
1458,2631,3,83.0
1217,1488,3,91.0
3147,425,3,0.0
14946,385,3,1.1
14087,966,3,30.0
17983,1488,3,65.0
14837,98,3,46.0
11261,368,3,8602.0
4362,2831,3,379.0
12583,2056,3,4.5
17295,1612,3,4.4
4817,1473,3,1.0
6470,2922,3,87.0
6338,2831,3,753.0
9994,1407,3,0.0
5433,1533,3,7888.0
9530,572,3,265.0
3689,2270,3,62.0
18221,1832,3,48.0
6204,1406,3,36.0
12620,2285,3,22.0
17650,2285,3,42.0
2946,1574,3,32.0
2965,2285,3,48.0
10353,1937,3,0.2
788,1407,3,0.4
8606,1682,3,1.2
10664,1488,3,73.0
13466,2894,3,14.1
10143,745,3,9.1
18034,2639,3,208.0
12925,1612,3,0.0
6398,732,3,113.0
16569,1488,3,4.3
10162,2831,3,22.0
10210,52,3,261.0
13862,2285,3,32.0
16523,2844,3,2.4
1995,946,3,118.0
15481,745,3,462.0
3266,2285,3,49.0
17969,2828,3,4.7
16162,2630,3,499.0
9735,302,3,291.0
18257,2285,3,81.0
4705,2285,3,67.0
5012,2631,3,196.0
7747,2631,3,94.0
11811,2444,3,16.5
16509,1655,3,97.0
14450,2631,3,188.0
232,2639,3,63.0
8991,2439,3,286.0
14191,1231,3,0.2
5425,2285,3,34.0
3165,1473,3,0.5
8487,296,3,177.0
6185,580,3,8.0
17502,811,3,133.0
897,2285,3,48.0
3279,1488,3,287.0
8720,1817,3,0.1
8849,2055,3,16.0
5017,1557,3,1258.0
12414,2285,3,51.0
1372,1488,3,21.0
2069,2831,3,1224.0
12251,1223,3,22.0
3795,2285,3,37.0
16946,279,3,188.0
5994,864,3,11.2
11771,2285,3,4.3
4743,1488,3,15.6
16876,2526,3,107.0
16272,2911,3,2473.0
14858,2285,3,45.0
1163,2409,3,102.0
9628,2285,3,1.7
8597,1832,3,56.0
9182,1488,3,93.0
13071,2556,3,21.0
15185,1488,3,28.0
12060,2285,3,2.6
18234,368,3,5723.0
8441,854,3,117.0
16587,1248,3,0.3
9523,113,3,32.0
1561,1515,3,0.0
4914,68,3,526.0
13741,282,3,140.0
15413,1832,3,13.0
12706,272,3,42.0
17508,213,3,1.3
14728,2285,3,7.8
14303,913,3,2.8
2247,1721,3,14.4
7250,2285,3,47.0
8969,2285,3,46.0
14817,237,3,1640.0
6987,31,3,0.2
11447,1128,3,4.8
881,237,3,9.0
8456,2285,3,13.8
12853,237,3,16.5
1751,68,3,289.0
10867,1937,3,0.9
2685,368,3,6262.0
15119,2831,3,517.0
2953,1612,3,0.0
13999,2403,3,33.0
15679,1128,3,3.0
13270,1166,3,987.0
12725,2285,3,56.0
4626,302,3,157.0
8314,2285,3,10.3
12129,2285,3,128.0
7502,950,3,4.2
13369,2922,3,115.0
8436,1832,3,13.8
4048,2285,3,24.0
1367,2865,3,4081.0
4951,1321,3,1.1
1639,368,3,7319.0
11327,1612,3,0.0
17886,1724,3,12.4
1681,1973,3,92.0
13990,2922,3,126.0
7893,2630,3,184.0
5795,368,3,1152.0
6064,293,3,9.2
8955,2285,3,41.0
5813,1488,3,41.0
13807,771,3,9.7
1378,1612,3,0.6
16132,1128,3,143.0
11057,2285,3,37.0
10801,237,3,909.0
3262,1617,3,1.0
10239,2285,3,1.2
14777,2285,3,28.0
14493,1488,3,16.6
10347,2285,3,29.0
12647,368,3,8489.0
5180,1128,3,62.0
13864,1832,3,41.0
5544,271,3,2.5
7651,2152,3,2.6
3395,2285,3,42.0
15908,1155,3,31.0
15800,2366,3,167.0
16172,237,3,1418.0
14819,1583,3,28.0
1633,273,3,4.2
8071,2148,3,8.6
10792,2285,3,11.4
11554,368,3,1973.0
12026,368,3,8619.0
10102,2285,3,60.0
15079,2631,3,55.0
1452,2285,3,44.0
2646,1677,3,3.5
16160,2285,3,60.0
29,1101,3,3.0
4774,2285,3,1.3
751,237,3,3223.0
10755,1488,3,195.0
9699,2631,3,122.0
5602,1488,3,84.0
3432,1488,3,26.0
12982,1449,3,5.8
3294,368,3,773.0
10538,944,3,1336.0
10614,31,3,135.0
10545,1189,3,40.0
7318,1714,3,35.0
14769,2366,3,0.0
10223,237,3,726.0
1055,2630,3,47.0
2839,2537,3,13.0
7691,1304,3,208.0
18038,562,3,8.0
5003,944,3,1840.0
9603,718,3,170.0
8093,1601,3,17.2
17558,2285,3,38.0
15973,368,3,6995.0
42,2285,3,42.0
13773,2285,3,48.0
15803,1832,3,74.0
5228,100,3,58.0
6602,1488,3,1579.0
7947,2285,3,18.3
4921,2496,3,17.3
14563,1154,3,316.0
9642,2285,3,18.6
1162,1166,3,61.0
7887,811,3,37.0
12920,2285,3,4.8
6600,2831,3,35.0
12193,1488,3,102.0
4900,2285,3,51.0
6651,2285,3,29.0
11178,2285,3,4.7
15342,1407,3,0.0
8672,2380,3,2536.0
11787,2285,3,36.0
949,1617,3,158.0
9495,2285,3,40.0
12069,2285,3,2.2
8636,1006,3,2.4
16504,1488,3,94.0
6689,25,3,17.1
15832,829,3,154.0
17032,25,3,40.0
3397,2856,3,0.9
1686,2285,3,56.0
15303,2619,3,38.0
13650,1596,3,1.0
16760,545,3,0.1
14866,237,3,3252.0
4036,2726,3,121.0
10863,462,3,409.0
2750,1488,3,141.0
6326,2285,3,5.0
15798,2922,3,56.0
4256,2285,3,107.0
5444,1491,3,1698.0
1527,2692,3,1.5
15513,2630,3,101.0
7412,1488,3,1258.0
11774,2380,3,201.0
4407,2285,3,63.0
3264,15,3,0.3
15795,44,3,80.0
14485,2692,3,7.4
4809,682,3,17.8
4960,2638,3,20.0
60,2655,3,0.8
18187,2631,3,83.0
7843,2831,3,35.0
6945,2631,3,254.0
3548,2285,3,33.0
18041,2205,3,16.6
13212,2726,3,54.0
17047,368,3,7007.0
15443,1937,3,3.9
1924,2409,3,40.0
10519,2285,3,39.0
4268,2285,3,39.0
14745,2631,3,8.1
3281,1335,3,1.1
10394,1070,3,49.0
9932,892,3,153.0
6200,2285,3,79.0
12030,1488,3,108.0
5659,2285,3,18.1
1968,368,3,13323.0
6990,2285,3,42.0
7370,1761,3,5.4
2416,1177,3,23.0
4345,725,3,37.0
2670,1488,3,8.0
16627,1166,3,14.2
5825,1832,3,22.0
13158,1497,3,8.0
13240,1937,3,14.6
9094,2285,3,15.1
3588,579,3,92.0
4319,2526,3,33.0
14516,1228,3,246.0
3561,1128,3,2.4
13494,2285,3,36.0
12397,2285,3,69.0
8651,2205,3,12.7
15367,426,3,2237.0
13694,272,3,12.7
18000,2285,3,9.9
1774,812,3,0.3
6371,376,3,471.0
18245,2205,3,18.0
65,44,3,822.0
13373,2328,3,4.8
5599,1576,3,9.4
2337,1488,3,148.0
1139,2285,3,38.0
13570,2496,3,0.8
11237,237,3,446.0
1081,944,3,3152.0
16934,2285,3,0.5
6467,2266,3,32.0
10859,2409,3,18.1
10500,2831,3,874.0
12790,136,3,8.6
3128,302,3,97.0
10623,368,3,306.0
6701,933,3,15.4
12750,2726,3,5.9
9870,2726,3,106.0
6161,1030,3,5.7
7992,368,3,6067.0
15349,368,3,7351.0
14651,237,3,1013.0
4239,1755,3,90.0
11721,2380,3,0.2
10819,2631,3,294.0
3270,944,3,1652.0
8575,1776,3,21.0
9846,2285,3,32.0
1392,2285,3,7.7
1126,944,3,2969.0
13889,2541,3,21.0
5746,2285,3,47.0
3508,35,3,1.1
16041,1755,3,1311.0
16812,1414,3,0.1
9811,944,3,1592.0
4659,1341,3,10.3
15106,68,3,1122.0
840,1304,3,48.0
3958,718,3,496.0
4504,2285,3,70.0
17130,2831,3,1.4
7838,1776,3,200.0
9037,1464,3,0.0
2400,25,3,25.0
13607,2441,3,0.0
8207,2285,3,31.0
14363,1617,3,124.0
8015,2285,3,10.0
12178,2631,3,4.9
401,368,3,7736.0
7827,1492,3,2466.0
5409,2285,3,0.6
11887,2831,3,156.0
12801,2631,3,155.0
12640,1628,3,1.0
17274,1488,3,8.9
10236,1832,3,25.0
14789,2403,3,131.0
10440,1760,3,17.9
5335,2285,3,51.0
15659,2536,3,0.2
5351,594,3,223.0
10704,2285,3,2.8
16692,94,3,6.5
17967,2285,3,49.0
11017,100,3,214.0
10686,1655,3,0.1
18254,1166,3,487.0
3519,2362,3,28.0
10072,2285,3,15.9
12434,2631,3,96.0
1876,2285,3,64.0
15160,944,3,586.0
12473,2285,3,17.2
6552,2285,3,1.5
7017,2285,3,41.0
18069,2285,3,9.7
17494,1488,3,24.0
7814,1832,3,4.9
17451,811,3,60.0
12270,2285,3,8.0
5287,1389,3,100.0
2913,1407,3,0.6
9108,100,3,2445.0
2648,1647,3,73.0
17239,2564,3,5.5
13836,368,3,1158.0
18209,2285,3,62.0
12581,2911,3,138.0
6755,2285,3,96.0
1357,368,3,6107.0
15457,368,3,2578.0
14775,2118,3,35.0
12215,1488,3,2.3
17019,1488,3,55.0
1589,924,3,12.6
13781,100,3,42.0
14103,2876,3,1823.0
7576,1166,3,246.0
7185,1228,3,544.0
4619,1488,3,23.0
15700,1820,3,0.0
15775,137,3,22.0
3001,2285,3,16.9
16450,2562,3,7.7
7302,2285,3,4.7
12505,2243,3,74.0
11518,811,3,63.0
12747,1612,3,0.6
17205,1721,3,26.0
4383,1488,3,42.0
9917,1781,3,631.0
12830,1655,3,93.0
2727,2831,3,386.0
10144,2285,3,41.0
14354,1827,3,96.0
2041,946,3,43.0
14907,2922,3,288.0
10977,2285,3,31.0
9412,1037,3,25.0
12321,2285,3,63.0
2135,237,3,3773.0
11388,1128,3,66.0
8657,2630,3,60.0
2876,2285,3,35.0
18166,368,3,2682.0
11234,572,3,284.0
17316,1609,3,31.0
1116,2780,3,367.0
8177,1832,3,57.0
1287,237,3,94.0
10376,2285,3,24.0
138,2285,3,46.0
18051,237,3,27.0
9936,1612,3,7.0
15486,1838,3,35.0
13349,368,3,4520.0
5065,804,3,16.8
11109,1937,3,14.0
8610,1557,3,310.0
9996,2631,3,88.0
11380,2285,3,42.0
5938,2171,3,43.0
15910,862,3,1.9
13789,1608,3,3193.0
16640,368,3,6847.0
12688,1655,3,204.0
10902,1832,3,53.0
17866,762,3,369.0
10291,2285,3,11.0
7300,2922,3,96.0
12496,98,3,27.0
4694,1037,3,122.0
4892,1838,3,8.6
16906,25,3,6.3
16134,1875,3,14.8
10998,1529,3,2.9
1938,535,3,68.0
4763,2831,3,78.0
185,2285,3,38.0
14314,2831,3,53.0
15005,1889,3,48.0
7616,2639,3,9.2
3315,876,3,42.0
1908,1376,3,29.0
1109,68,3,1134.0
16339,2285,3,56.0
13160,2922,3,62.0
5748,1572,3,1023.0
12122,1832,3,4.6
9404,1488,3,576.0
8800,2285,3,80.0
12094,1128,3,5.7
14043,2285,3,24.0
14719,1876,3,19.6
12722,2582,3,150.0
15995,1128,3,502.0
3950,1488,3,100.0
13705,2285,3,25.0
4845,25,3,11.0
8798,1876,3,15.1
3064,368,3,8439.0
2763,2523,3,6.1
4377,2285,3,56.0
7896,128,3,12.3
11585,2285,3,44.0
10039,1311,3,25.0
6359,1832,3,51.0
14306,1488,3,355.0
17698,140,3,31.0
1327,1776,3,1.0
14200,368,3,10370.0
13784,2285,3,52.0
1596,814,3,29.0
7609,2285,3,20.0
10581,1419,3,6.4
10178,2639,3,31.0
12243,2087,3,5.4
16267,2922,3,87.0
10866,1488,3,68.0
15468,1937,3,0.6
3272,2630,3,78.0
789,2001,3,0.2
8486,2496,3,4.4
3127,2285,3,36.0
5000,255,3,14.3
8202,1776,3,11.0
17338,2285,3,2.4
10082,2243,3,18.2
15970,1497,3,167.0
10895,1316,3,52.0
15216,1612,3,0.2
6529,272,3,12.8
3088,2630,3,128.0
2190,2285,3,34.0
13276,2285,3,31.0
16968,2726,3,93.0
6752,601,3,0.7
3924,1612,3,3.2
4926,68,3,1725.0
13941,944,3,258.0
2569,2922,3,96.0
11748,242,3,67.0
1706,2398,3,6.2
9478,565,3,14.2
7794,1321,3,42.0
16336,9,3,1.3
15040,2630,3,213.0
12377,2876,3,850.0
14004,1166,3,396.0
1403,1617,3,100.0
15706,2285,3,36.0
9468,2285,3,1.3
9786,1277,3,8.6
14041,2922,3,105.0
1539,2515,3,0.0
6315,2780,3,53.0
9067,811,3,100.0
15182,74,3,0.6
11187,368,3,4761.0
1048,2285,3,30.0
2492,2562,3,0.9
4586,2631,3,72.0
17179,2205,3,10.9
17287,2016,3,31.0
5652,766,3,0.5
1482,237,3,3107.0
1011,2726,3,23.0
4375,1228,3,31.0
3014,2285,3,43.0
16291,711,3,51.0
11596,1875,3,14.8
17501,2285,3,70.0
5733,897,3,9.7
5990,2864,3,1.6
1498,1584,3,0.0
3377,2285,3,22.0
11743,2931,3,8.2
16174,919,3,0.9
577,132,3,105.0
10242,1610,3,62.0
847,2922,3,159.0
15431,1583,3,1.0
11042,2285,3,42.0
17925,2285,3,29.0
14542,2285,3,20.0
17192,2066,3,36.0
15964,1755,3,517.0
5817,1037,3,133.0
6995,1632,3,1105.0
11372,368,3,7669.0
1566,2285,3,91.0
11659,368,3,3792.0
4903,2285,3,52.0
1350,2285,3,30.0
11143,1545,3,26.0
5945,2285,3,63.0
5338,1215,3,236.0
10014,2501,3,19.1
14715,2285,3,39.0
7792,98,3,16.0
16480,1488,3,246.0
18197,1030,3,104.0
18013,743,3,22.0
10331,2389,3,46.0
7682,1937,3,2.0
15963,343,3,0.7
2315,2285,3,63.0
288,2630,3,906.0
12306,2285,3,46.0
2510,2285,3,11.7
16733,2285,3,30.0
13724,42,3,249.0
16699,1726,3,31.0
3398,338,3,5.0
3025,2831,3,647.0
6093,2922,3,411.0
18136,98,3,155.0
5699,2285,3,14.2
1488,1832,3,32.0
16949,1304,3,673.0
17582,1679,3,16.4
15640,1488,3,67.0
6085,2285,3,1.0
241,100,3,179.0
10685,2285,3,17.5
8565,2815,3,1.5
17856,816,3,90.0
14659,1776,3,29.0
15078,1141,3,109.0
4938,1215,3,354.0
17819,2285,3,4.2
9382,2631,3,101.0
10127,1335,3,1.2
17321,2285,3,43.0
4141,2630,3,0.7
12002,745,3,3.3
12771,1628,3,0.4
2661,296,3,7.2
6127,1776,3,43.0
9000,1488,3,3.2
9230,1465,3,56.0
12895,743,3,1.2
3320,1758,3,1331.0
7700,657,3,3.0
3484,2780,3,1.0
6340,718,3,938.0
17773,2622,3,12.0
7491,2285,3,17.2
11744,2285,3,32.0
11368,368,3,1048.0
148,2285,3,3.7
18274,2285,3,46.0
17959,679,3,197.0
13059,1488,3,1.8
11106,2844,3,21.0
15580,946,3,13.2
17049,1488,3,1.6
17979,1659,3,31.0
12250,2585,3,211.0
13697,2221,3,1877.0
11666,1878,3,1.3
10517,2710,3,242.0
12513,68,3,648.0
10501,811,3,497.0
14683,2285,3,93.0
4989,1499,3,3.0
8465,2223,3,1061.0
4086,2285,3,2.0
7345,1832,3,18.6
1068,2285,3,11.9
7672,2285,3,51.0
10008,1433,3,16.9
6302,2285,3,41.0
10778,2925,3,1.4
17859,2630,3,235.0
18101,530,3,11.6
5293,1321,3,86.0
9988,25,3,25.0
3107,2096,3,4.2
5548,572,3,248.0
8549,1488,3,3.2
15914,670,3,929.0
9295,1407,3,2.9
3330,1488,3,10.8
1943,2285,3,23.0
12249,2285,3,17.1
16286,1832,3,0.2
9083,98,3,68.0
4819,368,3,6840.0
3023,2831,3,121.0
5186,68,3,359.0
8011,1177,3,16.8
12540,1612,3,0.4
8601,1492,3,3157.0
17524,2285,3,72.0
8419,2007,3,6.3
2680,2285,3,53.0
1563,2285,3,43.0
1137,572,3,163.0
17173,2285,3,5.4
12506,2726,3,50.0
16212,1612,3,0.0
44,2285,3,49.0
2796,25,3,1.2
11383,1488,3,52.0
1302,2285,3,10.4
14402,1612,3,0.4
11288,944,3,341.0
4706,108,3,4.6
7542,1488,3,215.0
2101,1937,3,0.3
16955,2285,3,37.0
3886,2285,3,64.0
14274,1155,3,102.0
12174,368,3,12624.0
6822,743,3,33.0
6285,2285,3,62.0
1982,1488,3,19.7
17266,2922,3,174.0
10064,967,3,6.9
17510,540,3,3.8
9034,1177,3,85.0
8994,580,3,29.0
1931,2285,3,15.7
11583,1156,3,3.1
6894,2726,3,41.0
2105,152,3,27.0
1889,944,3,1226.0
10163,2285,3,71.0
14736,2631,3,68.0
8342,2195,3,0.4
3368,2098,3,0.2
7500,2708,3,0.9
1417,368,3,2754.0
11574,1647,3,1701.0
10944,2285,3,47.0
14895,1655,3,87.0
1391,2630,3,285.0
15338,2285,3,10.2
9706,2195,3,8.6
15288,2285,3,4.8
2975,368,3,6554.0
3179,1208,3,1308.0
9395,2285,3,1.4
15430,1832,3,55.0
11222,2285,3,8.7
16143,237,3,1374.0
12372,2285,3,45.0
14494,368,3,1386.0
16819,2884,3,21.0
11087,1612,3,5.0
5771,25,3,32.0
2955,1488,3,145.0
3344,2497,3,16.7
17420,2638,3,14.8
11724,1277,3,1.2
10832,2285,3,41.0
13892,1488,3,14.9
13137,1864,3,3.2
10410,2438,3,3.8
3627,688,3,3.4
17621,1488,3,19.5
7212,1576,3,15.4
14378,2285,3,25.0
12878,2631,3,365.0
15738,368,3,7109.0
2693,1721,3,26.0
4462,25,3,33.0
11035,271,3,18.2
1744,68,3,365.0
6166,2285,3,21.0
13361,237,3,640.0
14061,867,3,20.0
7125,1488,3,6.2
11704,2543,3,6.4
11987,2618,3,0.4
16650,237,3,1012.0
7598,2340,3,104.0
15658,2285,3,23.0
1453,186,3,0.5
4262,1488,3,12.0
1783,2285,3,40.0
13811,282,3,0.0
17490,2285,3,3.5
9849,368,3,6974.0
13707,2631,3,127.0
4171,1876,3,19.0
1369,2285,3,22.0
1219,2285,3,33.0
16408,2285,3,26.0
8841,2285,3,36.0
9877,2860,3,13.2
15556,2888,3,32.0
17219,1488,3,128.0
15502,1002,3,13.4
13274,1612,3,0.4
8749,25,3,34.0
16314,1488,3,55.0
7808,1552,3,12.4
16840,1189,3,80.0
6074,881,3,2.1
12037,2726,3,160.0
3655,398,3,0.8
7390,1544,3,183.0
5332,2281,3,4.6
1284,2285,3,2.1
7126,2285,3,0.6
4696,1976,3,56.0
15380,2285,3,2.7
3753,2726,3,86.0
4427,2285,3,0.4
2203,368,3,13058.0
10968,1488,3,10.5
2062,68,3,1414.0
406,2285,3,8.0
12755,2865,3,1415.0
9137,944,3,699.0
1629,2631,3,211.0
4741,2831,3,321.0
2923,2607,3,372.0
6905,68,3,1187.0
10566,2285,3,29.0
6393,2876,3,11.5
17198,2285,3,36.0
2109,2922,3,253.0
3100,1080,3,3719.0
4282,2285,3,21.0
1009,725,3,29.0
9312,1488,3,7.7
4189,2285,3,44.0
7033,1781,3,12.8
14204,745,3,1.8
17172,2437,3,62.0
9873,2285,3,30.0
17907,2285,3,49.0
9040,2285,3,4.5
142,1128,3,7.4
13546,1488,3,110.0
10625,368,3,1778.0
4071,1832,3,20.0
3629,2285,3,58.0
9103,1323,3,196.0
5633,2780,3,89.0
3473,1785,3,864.0
3316,73,3,0.9
12029,448,3,3750.0
3022,161,3,23.0
6092,1488,3,178.0
14286,2488,3,2.5
12286,816,3,84.0
4296,1488,3,152.0
4327,745,3,0.2
8552,2285,3,1.4
16254,1488,3,31.0
17570,1488,3,67.0
7758,1785,3,397.0
539,1937,3,4.0
10122,1128,3,116.0
5238,2400,3,7.0
6571,2922,3,170.0
5367,368,3,5699.0
16091,2285,3,26.0
2083,1612,3,0.3
10093,572,3,293.0
5469,2043,3,11.1
18283,2285,3,37.0
9866,1612,3,0.0
12390,2285,3,16.4
17854,282,3,86.0
4616,368,3,471.0
10083,929,3,6.8
2735,1202,3,3.7
8903,1166,3,200.0
12435,2285,3,23.0
5169,1832,3,2.7
8758,1944,3,0.9
17519,1832,3,61.0
11053,2229,3,544.0
3140,933,3,3.4
4721,2285,3,8.0
10286,1189,3,6.8
8534,1982,3,14.8
13334,1202,3,401.0
16839,1317,3,85.0
1980,2285,3,33.0
6504,572,3,5.0
7102,237,3,700.0
7400,2829,3,39.0
13454,811,3,150.0
13808,2888,3,107.0
921,237,3,690.0
15906,2650,3,11.9
11751,2911,3,526.0
6305,2285,3,66.0
6088,1832,3,0.4
14260,2045,3,0.6
5905,368,3,8757.0
17286,1216,3,0.6
5889,2285,3,34.0
18255,2380,3,1067.0
16983,1737,3,0.1
9166,1127,3,0.8
1941,1827,3,56.0
1245,1655,3,149.0
9971,2522,3,21.0
4907,745,3,15.4
10932,1488,3,28.0
17418,1533,3,915.0
9798,2285,3,21.0
10446,1810,3,5.0
2781,1488,3,18.0
2367,2759,3,0.4
1655,2195,3,12.5
17805,725,3,6.8
13278,368,3,11170.0
7762,2131,3,1.0
11452,1228,3,583.0
13869,1937,3,0.6
12520,1725,3,29.0
7901,2535,3,2.3
12017,1832,3,70.0
12678,1499,3,164.0
17242,1491,3,1861.0
10315,1832,3,76.0
14164,1488,3,403.0
14849,2001,3,110.0
2250,2922,3,126.0
70,732,3,405.0
3114,142,3,2375.0
11542,237,3,1351.0
9976,1937,3,1.5
6977,556,3,4.2
2023,2464,3,0.1
884,368,3,2604.0
4147,2285,3,4.4
8479,1832,3,43.0
7316,1838,3,22.0
3016,1721,3,79.0
15365,2856,3,285.0
2542,2631,3,167.0
10145,1491,3,3393.0
10338,1612,3,0.1
8189,2098,3,0.1
14065,921,3,0.4
15595,2285,3,44.0
17668,1626,3,3826.0
15681,1729,3,7.7
15891,1832,3,42.0
5185,2285,3,18.5
15201,2922,3,29.0
9672,1128,3,9.1
3541,811,3,233.0
3991,791,3,8.8
13787,2831,3,57.0
5168,2285,3,48.0
279,918,3,1.0
1852,272,3,32.0
11110,2726,3,70.0
7031,2370,3,25.0
5376,1317,3,2212.0
8878,2285,3,19.3
5060,563,3,0.1
13734,1488,3,73.0
514,2922,3,117.0
18152,1776,3,0.1
14492,2922,3,130.0
8020,2285,3,42.0
1240,460,3,0.0
12467,2285,3,40.0
10059,2285,3,9.1
13100,1407,3,4.5
8630,1612,3,0.2
5807,165,3,0.6
14238,1776,3,34.0
17961,2285,3,4.0
3724,574,3,32.0
2918,368,3,3171.0
15637,2285,3,69.0
36,1128,3,1.2
17955,2631,3,82.0
13759,2865,3,71.0
13621,2779,3,39.0
8277,933,3,8.3
15665,2285,3,49.0
783,2541,3,38.0
12290,1488,3,118.0
1154,2922,3,209.0
14435,2409,3,53.0
7348,1696,3,3.2
11713,1488,3,300.0
14236,556,3,31.0
6772,725,3,58.0
11647,1228,3,33.0
13418,811,3,301.0
15090,1655,3,772.0
8138,2885,3,5.6
7851,1208,3,122.0
12498,2285,3,24.0
3810,1341,3,3.7
3422,1488,3,3.0
2472,1488,3,30.0
12870,1488,3,177.0
3749,2122,3,94.0
2086,2922,3,84.0
5704,572,3,0.6
6391,1594,3,0.2
12365,2285,3,33.0
9631,2285,3,8.6
4584,2285,3,2.2
13995,142,3,209.0
16114,572,3,226.0
3492,854,3,82.0
5243,68,3,1000.0
6174,1407,3,1.7
8494,1875,3,17.3
4224,180,3,0.1
3646,1937,3,0.3
9925,1819,3,118.0
15281,2285,3,32.0
11064,2171,3,36.0
5878,2844,3,2.6
10562,1721,3,4.4
8224,1612,3,0.2
185,2922,3,91.0
13198,2922,3,101.0
3974,2285,3,65.0
7124,2338,3,4.9
9970,2285,3,52.0
9027,2285,3,31.0
6019,1291,3,8.2
13598,745,3,455.0
12782,2831,3,162.0
16565,572,3,103.0
16104,1488,3,12.5
12626,1690,3,0.1
15252,2631,3,137.0
6508,1832,3,45.0
11921,2195,3,11.6
8978,2409,3,91.0
5756,368,3,4704.0
5674,2285,3,52.0
1507,811,3,110.0
3307,1773,3,0.6
2395,2285,3,26.0
2374,2285,3,28.0
4115,1852,3,24.0
6976,68,3,660.0
4950,2285,3,6.6
11868,1755,3,273.0
1846,1838,3,1.0
2668,1776,3,28.0
6700,1488,3,138.0
3801,2439,3,466.0
3120,2708,3,0.4
9714,1937,3,2.0
11623,704,3,8.6
2196,2850,3,79.0
8763,2285,3,0.7
2261,2576,3,5.7
7940,2285,3,107.0
17565,1878,3,2.7
4363,2496,3,15.4
18250,955,3,121.0
8653,1696,3,10.4
5386,2380,3,325.0
4469,2631,3,116.0
9597,2831,3,423.0
5229,2710,3,67.0
15376,1553,3,143.0
5986,1612,3,1.7
13323,2285,3,0.4
2812,2631,3,259.0
17606,2631,3,94.0
10834,2420,3,209.0
16846,1752,3,24.0
4922,1488,3,18.0
6274,237,3,559.0
14379,2285,3,17.4
10361,25,3,50.0
11039,2431,3,1.4
15484,1628,3,0.5
16550,2871,3,9.8
770,1488,3,111.0
4993,368,3,4191.0
6729,1488,3,38.0
6163,2285,3,0.7
10148,2285,3,0.3
10825,1659,3,56.0
15762,2438,3,2.5
8438,2726,3,303.0
7902,2285,3,45.0
1704,1802,3,39.0
4867,2285,3,45.0
15981,1781,3,69.0
2769,2631,3,214.0
4824,2285,3,30.0
15438,1612,3,0.0
12800,2285,3,39.0
16925,2409,3,33.0
6519,2631,3,113.0
4850,1912,3,52.0
12155,2900,3,60.0
5508,2490,3,402.0
2875,944,3,728.0
16051,2831,3,1212.0
3116,2285,3,25.0
4539,2285,3,43.0
16006,368,3,5865.0
531,2285,3,78.0
5467,814,3,375.0
5837,2922,3,74.0
17323,2844,3,22.0
6902,2496,3,27.0
5928,2285,3,17.9
784,1128,3,2.1
17917,1721,3,10.9
5421,1037,3,56.0
8374,1766,3,0.4
5170,2285,3,101.0
11643,811,3,448.0
1720,1612,3,0.0
11300,501,3,2176.0
2675,2626,3,0.3
15488,864,3,2.5
1608,2285,3,43.0
14110,2831,3,1069.0
11297,723,3,0.5
5548,2285,3,61.0
7613,1488,3,163.0
16802,2285,3,13.5
13968,2294,3,18.5
11883,1166,3,92.0
14825,2922,3,239.0
800,1832,3,104.0
8121,25,3,24.0
1640,2285,3,29.0
15853,2285,3,26.0
1030,1488,3,26.0
8162,2285,3,3.2
10325,1281,3,119.0
16791,1488,3,270.0
9216,368,3,6447.0
12035,1193,3,0.2
14254,1662,3,48.0
12527,2721,3,0.0
1881,2285,3,37.0
7799,2285,3,11.1
89,2285,3,54.0
9630,1612,3,0.0
13331,2285,3,10.6
9547,2610,3,1.4
17765,2285,3,45.0
12826,1277,3,8.5
2343,2285,3,38.0
13515,2205,3,7.1
9273,572,3,103.0
13515,2192,3,9.0
7809,662,3,4.6
5095,1500,3,2.9
16178,1488,3,7.8
3170,100,3,13.0
1529,944,3,1202.0
5416,272,3,32.0
7143,1937,3,4.7
12161,1488,3,208.0
3857,2285,3,7.1
1790,1721,3,536.0
2001,1785,3,1069.0
9566,1937,3,1.0
4834,946,3,52.0
7596,1776,3,44.0
16198,2285,3,41.0
8299,2630,3,520.0
16017,2285,3,6.6
1174,828,3,1225.0
12535,2285,3,8.7
17937,2831,3,385.0
8536,1311,3,52.0
14980,2285,3,73.0
2660,682,3,37.0
2148,1715,3,0.9
2150,1937,3,0.9
10386,2630,3,14.6
4737,2195,3,13.3
10044,2488,3,812.0
8564,1612,3,0.3
975,2285,3,80.0
13378,2285,3,31.0
3746,2865,3,8.6
7292,68,3,187.0
17010,2013,3,42.0
3635,2285,3,22.0
9444,2496,3,12.0
16683,1488,3,671.0
18116,1655,3,232.0
1401,2865,3,121.0
6591,2400,3,1.6
4395,1321,3,51.0
16814,1612,3,1.7
13099,1737,3,4.7
4639,1411,3,10.4
14793,68,3,3043.0
12663,368,3,6688.0
6779,1832,3,37.0
9915,2285,3,67.0
9107,2630,3,136.0
5910,1488,3,16.4
6423,368,3,2725.0
4318,2285,3,57.0
7090,808,3,8.6
6057,1937,3,0.9
8883,1832,3,32.0
2113,2846,3,5.9
3860,25,3,31.0
12553,2831,3,408.0
10696,811,3,699.0
1422,308,3,0.3
3401,1612,3,0.1
2321,9,3,10.1
258,2547,3,1.1
3983,1721,3,999.0
7430,1045,3,1.5
9747,251,3,463.0
17436,2489,3,12.1
3277,1832,3,82.0
7111,237,3,918.0
12061,1875,3,16.7
7053,1321,3,19.4
1456,1838,3,1.1
9385,2285,3,6.7
12746,2285,3,27.0
3037,1849,3,5.1
6018,814,3,457.0
6975,915,3,1.5
11055,2285,3,46.0
5574,368,3,6649.0
5897,100,3,571.0
11662,2922,3,98.0
12828,1488,3,493.0
17860,2398,3,16.6
16747,2922,3,53.0
2388,1814,3,2.9
15220,2118,3,15.8
9534,1139,3,36.0
11218,237,3,51.0
15010,175,3,3.9
16319,100,3,104.0
5901,2285,3,24.0
12757,1876,3,0.0
9400,1832,3,40.0
5491,745,3,0.2
3405,1755,3,834.0
1725,2285,3,13.4
7454,2285,3,32.0
11927,2285,3,48.0
11978,572,3,147.0
5292,1321,3,9.6
14313,1488,3,174.0
3514,1228,3,112.0
16847,2580,3,21.0
520,2759,3,495.0
4314,1912,3,9.8
5328,2922,3,55.0
15116,2585,3,9.6
10463,2428,3,0.2
1921,2285,3,40.0
880,1832,3,63.0
3259,2056,3,1.5
12433,1407,3,2.5
9375,2503,3,0.0
14625,1973,3,5.8
6078,537,3,109.0
2429,1853,3,19.9
3605,140,3,23.0
7865,1128,3,72.0
1,1407,3,4.4
5591,2285,3,78.0
1195,1488,3,26.0
2383,1407,3,0.6
5909,2285,3,0.6
2223,1565,3,5.6
1923,1617,3,35.0
16218,2496,3,26.0
4186,572,3,287.0
6736,1398,3,297.0
886,1492,3,1996.0
14732,2496,3,12.6
16514,2854,3,19.3
8519,2285,3,45.0
15534,816,3,178.0
4376,2205,3,2.7
4373,1488,3,16.4
2027,2631,3,59.0
3026,1043,3,20.0
13289,1488,3,89.0
8661,811,3,264.0
12254,368,3,5233.0
8568,237,3,1691.0
6814,2631,3,50.0
5142,42,3,368.0
17318,1488,3,152.0
12191,2285,3,19.4
9827,1488,3,109.0
13443,2285,3,43.0
7072,2631,3,0.4
13304,2922,3,146.0
5327,572,3,125.0
10594,2285,3,33.0
13292,2607,3,1899.0
14467,25,3,85.0
5757,1832,3,11.5
9311,1488,3,60.0
7149,1610,3,25.0
10161,368,3,5521.0
17016,2285,3,42.0
8597,1407,3,9.4
1760,368,3,2026.0
17400,2654,3,1.4
15009,1832,3,88.0
11823,2285,3,5.0
2074,2631,3,39.0
16133,1488,3,910.0
16956,2153,3,1.6
3536,2631,3,91.0
7583,1488,3,1361.0
5872,946,3,199.0
5642,1424,3,18.5
16751,2027,3,84.0
7540,2192,3,0.7
1586,565,3,20.0
8156,68,3,236.0
12145,718,3,53.0
12066,2285,3,31.0
17350,1488,3,90.0
17977,368,3,9926.0
7307,944,3,1285.0
17096,1655,3,411.0
16238,1488,3,216.0
8144,1201,3,0.2
1387,214,3,84.0
6232,944,3,1890.0
1557,1208,3,14.7
4000,585,3,10.0
4667,2285,3,9.7
17038,2526,3,83.0
6749,2452,3,1.1
13790,1937,3,0.2
2004,322,3,0.2
11167,68,3,645.0
7531,2161,3,235.0
8791,2285,3,16.7
1900,2285,3,57.0
15038,2630,3,42.0
12261,572,3,74.0
5302,1321,3,27.0
9233,773,3,2374.0
5368,2285,3,35.0
13288,2285,3,49.0
15183,68,3,1438.0
8881,2922,3,98.0
11870,1488,3,12.1
4520,2445,3,11.3
18227,1355,3,9.8
15333,944,3,1705.0
18065,450,3,17.4
14576,2285,3,20.0
8576,2831,3,225.0
15669,878,3,0.0
9991,1492,3,1890.0
12835,1612,3,0.1
5061,1488,3,140.0
4012,2630,3,4.2
10591,745,3,2.3
17760,2536,3,1.6
18216,732,3,1604.0
4874,274,3,59.0
1917,483,3,1.4
4630,2285,3,66.0
12723,1557,3,152.0
10667,1596,3,1.6
16724,1755,3,22.0
11273,2639,3,44.0
4568,1208,3,3006.0
12934,1488,3,262.0
13014,25,3,8.1
7469,2911,3,424.0
6984,2285,3,81.0
5923,2488,3,462.0
9816,272,3,32.0
10597,1215,3,20.0
8875,2285,3,27.0
15178,2285,3,6.7
6536,271,3,17.7
10772,2285,3,31.0
8309,399,3,93.0
17203,2285,3,40.0
4133,1156,3,30.0
6401,2285,3,44.0
17346,1832,3,58.0
16046,2205,3,9.4
2166,1720,3,0.5
1268,2366,3,3.0
12817,686,3,0.0
3295,2285,3,40.0
3439,2285,3,49.0
775,2911,3,28.0
12336,368,3,5942.0
18233,387,3,10.3
7154,1424,3,105.0
15878,2285,3,38.0
8061,1721,3,114.0
16711,2298,3,13.8
7892,2922,3,419.0
3516,232,3,72.0
18012,2561,3,3.8
11757,2285,3,21.0
14392,2285,3,20.0
14534,2285,3,43.0
5140,2726,3,3.9
2966,2638,3,33.0
17121,2285,3,33.0
11820,594,3,1469.0
16321,1876,3,4.4
5233,732,3,305.0
5307,1608,3,3166.0
13438,1166,3,236.0
5064,2526,3,288.0
6076,368,3,8627.0
13700,1488,3,51.0
13685,897,3,159.0
12046,1155,3,103.0
4304,2285,3,59.0
621,1832,3,36.0
3617,1608,3,3859.0
4702,2285,3,30.0
14340,2285,3,51.0
17738,1495,3,0.5
5566,2222,3,6.4
779,2285,3,71.0
16085,1488,3,53.0
3252,17,3,13.0
16065,2710,3,4.6
11495,2285,3,14.1
2952,2831,3,244.0
13747,1488,3,183.0
8212,282,3,29.0
3580,1525,3,1.1
7268,1889,3,18.9
2165,2285,3,40.0
16255,368,3,5515.0
2254,2523,3,31.0
15604,2547,3,203.0
2178,2631,3,162.0
9247,1488,3,253.0
2090,293,3,23.0
10099,1612,3,0.1
11299,1317,3,0.5
7826,2285,3,3.8
16489,1488,3,62.0
4057,368,3,4861.0
3951,682,3,0.1
16228,572,3,253.0
7096,1533,3,679.0
10992,1406,3,18.9
8889,272,3,99.0
6997,682,3,1.3
11620,368,3,9687.0
16112,2831,3,160.0
18172,2922,3,87.0
9820,237,3,706.0
11801,2285,3,22.0
9532,1628,3,0.4
6494,2163,3,3.8
3638,1781,3,3.1
3154,2285,3,49.0
14282,1155,3,179.0
2747,1838,3,32.0
15547,1235,3,26.0
9563,1128,3,68.0
8311,2780,3,1.2
10238,2285,3,38.0
2371,100,3,242.0
10275,1716,3,1156.0
17920,2205,3,0.7
8087,2285,3,23.0
14408,1875,3,13.4
4587,2810,3,21.0
11384,237,3,2237.0
1461,2285,3,24.0
7254,776,3,526.0
9546,1488,3,120.0
5922,237,3,521.0
9599,68,3,18.6
11689,745,3,82.0
13949,2654,3,116.0
6918,2888,3,6.5
15278,1488,3,436.0
8533,1080,3,1150.0
13831,368,3,3170.0
14459,2338,3,0.3
9793,2285,3,42.0
8233,2340,3,56.0
13576,44,3,104.0
14906,68,3,686.0
11982,2759,3,2242.0
15979,1488,3,544.0
18191,799,3,24.0
6404,1628,3,0.6
12006,2283,3,0.7
10669,2285,3,11.5
11527,368,3,4000.0
12653,68,3,2549.0
18128,2285,3,37.0
12622,1612,3,0.2
3940,2876,3,836.0
12486,2285,3,43.0
3328,2631,3,70.0
4359,1128,3,39.0
6843,2768,3,2.4
5698,98,3,21.0
8589,237,3,1128.0
7130,862,3,113.0
13109,738,3,370.0
10754,2285,3,14.2
16350,1488,3,22.0
9653,279,3,240.0
5708,2562,3,10.7
4176,2285,3,59.0
3959,368,3,5713.0
1546,2195,3,4.1
11424,1300,3,13.7
3219,237,3,906.0
16794,1612,3,0.2
1854,44,3,1746.0
5042,2285,3,19.8
14623,2285,3,30.0
12652,2398,3,1.8
11031,732,3,350.0
10012,1166,3,43.0
8306,580,3,1.4
16168,2285,3,18.5
17340,1488,3,4.2
13148,2285,3,25.0
2655,1612,3,0.3
2386,1228,3,634.0
9363,1832,3,60.0
2814,1047,3,9.0
6390,572,3,100.0
12157,1035,3,19.8
14667,1961,3,1.6
9644,1609,3,4.4
17369,1488,3,257.0
8818,1596,3,2.6
13843,2922,3,165.0
9602,924,3,0.8
9419,237,3,1619.0
8040,2285,3,28.0
1960,368,3,587.0
14713,1488,3,768.0
2857,574,3,734.0
9607,2285,3,36.0
17210,2285,3,16.2
14977,2285,3,38.0
2536,1578,3,58.0
1395,2285,3,47.0
13998,272,3,480.0
7128,368,3,4718.0
14522,2865,3,167.0
1820,1557,3,610.0
4042,864,3,1.9
9102,2631,3,1.5
4804,2122,3,1.0
1376,854,3,210.0
6475,2759,3,283.0
15032,100,3,2.4
16123,1655,3,136.0
5629,2630,3,7.6
11745,897,3,380.0
3867,2285,3,77.0
11784,2639,3,17.4
15959,1488,3,22.0
17399,2922,3,141.0
9160,1465,3,3438.0
1716,237,3,1000.0
5949,368,3,2035.0
9313,2285,3,57.0
5727,25,3,0.2
2832,1488,3,270.0
16559,2286,3,0.5
17635,359,3,16.9
17559,368,3,5034.0
11846,25,3,15.5
11038,2536,3,0.4
9447,2285,3,11.5
8370,425,3,39.0
17243,1389,3,0.2
13084,2285,3,46.0
12543,2630,3,13.6
9515,2496,3,2.0
9188,2710,3,9.2
13260,2922,3,43.0
13429,1731,3,67.0
10747,897,3,938.0
4037,2865,3,925.0
8824,2922,3,155.0
1635,2439,3,57.0
4847,1488,3,19.6
10559,1776,3,16.6
4136,1407,3,0.1
14231,2285,3,25.0
9110,972,3,39.0
5759,2285,3,23.0
957,2679,3,1.2
13397,1341,3,3.7
15053,113,3,2.4
2493,2922,3,120.0
18009,2285,3,22.0
117,2243,3,1.4
15962,222,3,27.0
8220,2922,3,46.0
6330,1997,3,30.0
6531,2336,3,11.6
5632,2028,3,62.0
11547,690,3,26.0
2672,1198,3,22.0
15596,745,3,208.0
7840,732,3,241.0
10857,1488,3,26.0
4123,1488,3,604.0
7878,237,3,1270.0
14547,2922,3,66.0
11906,2850,3,15.3
4579,2285,3,6.1
11189,2922,3,27.0
3592,1488,3,39.0
4675,2258,3,3213.0
10953,2285,3,50.0
4179,1488,3,42.0
16837,1488,3,146.0
12351,2285,3,7.4
15088,1488,3,19.8
17018,1189,3,3.2
8239,1488,3,457.0
12785,368,3,5193.0
6112,997,3,2.6
15279,9,3,2.8
9025,745,3,330.0
2245,944,3,480.0
5125,2922,3,100.0
16050,2285,3,68.0
9334,2285,3,10.1
1069,1304,3,1211.0
106,1189,3,22.0
17125,2806,3,9.6
13529,1488,3,19.3
15393,2285,3,43.0
12990,2865,3,8.9
9406,1488,3,70.0
7524,2759,3,3.8
9005,614,3,103.0
17302,368,3,4150.0
3273,897,3,1529.0
13760,1488,3,5.8
5775,555,3,53.0
1597,368,3,3410.0
1572,237,3,131.0
7877,2285,3,21.0
9724,2403,3,11.6
13263,565,3,9.8
12598,2639,3,14.6
17491,2285,3,2.1
9651,2285,3,5.0
7463,1628,3,0.4
8000,2285,3,26.0
17159,2122,3,30.0
10609,2285,3,36.0
14320,2844,3,64.0
183,255,3,338.0
2701,2630,3,35.0
6968,2285,3,34.0
16053,2285,3,0.6
15606,2285,3,27.0
7516,2553,3,0.1
12491,2631,3,121.0
11928,2285,3,3.4
16936,1635,3,210.0
6307,1492,3,2693.0
5522,1822,3,113.0
13303,1156,3,4.0
15320,2842,3,0.2
3980,2285,3,62.0
16284,1655,3,62.0
5124,1652,3,1098.0
17473,2726,3,20.0
1352,2831,3,36.0
6202,1785,3,1202.0
12499,1917,3,1.8
3526,1128,3,414.0
17625,2285,3,33.0
17022,2512,3,36.0
6246,2759,3,25.0
2325,2439,3,484.0
1493,1060,3,6.9
8294,2285,3,41.0
12356,851,3,223.0
6774,1832,3,25.0
5091,1721,3,60.0
15993,811,3,111.0
17228,2831,3,350.0
12265,368,3,5205.0
3517,572,3,381.0
2434,1612,3,4.9
9444,1612,3,1.3
8363,2886,3,10.9
13630,1488,3,38.0
1554,2285,3,65.0
15217,1488,3,4.9
10415,557,3,24.0
13154,2285,3,52.0
2983,1342,3,119.0
16593,579,3,7.6
11263,1030,3,13.9
3851,2285,3,23.0
12086,1341,3,9.4
790,774,3,1.7
4340,2285,3,26.0
2656,100,3,377.0
14613,368,3,2344.0
2673,1488,3,170.0
10271,1321,3,41.0
18264,2907,3,3.9
9332,2227,3,1274.0
13056,1894,3,84.0
6847,2726,3,66.0
3861,854,3,129.0
3664,828,3,330.0
12011,1488,3,7.1
2484,2285,3,41.0
11117,1832,3,2.5
13421,2285,3,69.0
8851,811,3,337.0
10253,368,3,841.0
16358,2285,3,39.0
9503,2710,3,2.4
10149,1776,3,4.6
5309,1488,3,46.0
15521,2285,3,32.0
13284,237,3,1103.0
5650,2285,3,30.0
5486,1523,3,9.6
8643,1215,3,4.4
14221,2285,3,64.0
17230,1628,3,0.5
15210,2285,3,38.0
15389,2285,3,88.0
3982,2001,3,106.0
7287,2205,3,21.0
3713,2285,3,5.8
14290,237,3,3.8
6029,2889,3,2.9
10989,2285,3,56.0
3275,2285,3,22.0
10873,1488,3,112.0
16815,1832,3,110.0
14869,2142,3,562.0
5616,2285,3,75.0
16831,2122,3,208.0
17164,1281,3,60.0
4275,68,3,1845.0
10382,2285,3,34.0
9261,1215,3,109.0
112,2294,3,8.8
16746,2285,3,36.0
11181,1832,3,5.6
16767,2922,3,166.0
9514,1488,3,130.0
3214,725,3,190.0
12136,1468,3,68.0
9434,2285,3,48.0
4184,1876,3,12.9
8105,1166,3,326.0
16371,2285,3,68.0
6160,2285,3,21.0
13305,2285,3,9.9
9729,1488,3,1042.0
17363,1832,3,85.0
10708,1608,3,2759.0
4391,2922,3,54.0
17383,237,3,1060.0
13832,368,3,2996.0
17691,2285,3,40.0
15664,2496,3,21.0
12609,25,3,1.5
17174,1832,3,78.0
13969,614,3,5.8
6827,1488,3,16.1
9088,2725,3,2.4
9115,2285,3,68.0
5607,2911,3,0.5
2146,1612,3,0.3
12228,944,3,1877.0
9128,2285,3,76.0
14553,2285,3,100.0
12452,2122,3,5.9
1396,2820,3,6.1
4240,2285,3,34.0
8706,2142,3,11.5
4353,2285,3,54.0
16052,1355,3,17.4
3031,1609,3,153.0
1520,2285,3,39.0
12077,2757,3,1.8
1000,1497,3,128.0
2116,2285,3,42.0
2859,1488,3,16.8
3310,2285,3,70.0
11601,343,3,100.0
3267,2285,3,26.0
1925,1628,3,1.0
3452,1832,3,39.0
7483,2831,3,228.0
13894,1832,3,7.9
5700,2631,3,141.0
12114,1612,3,0.0
15715,1721,3,0.4
16730,2631,3,267.0
3522,1166,3,225.0
4445,682,3,55.0
17054,2631,3,58.0
15134,1024,3,234.0
34,682,3,9.4
11880,1228,3,16.2
3751,1488,3,86.0
10618,1492,3,1587.0
13503,2911,3,525.0
9308,2285,3,57.0
5282,1215,3,232.0
10880,368,3,8701.0
9778,2285,3,38.0
6199,2285,3,15.8
13348,1156,3,6.5
1291,52,3,55.0
18112,25,3,66.0
9671,368,3,2335.0
9016,2195,3,0.8
4049,1488,3,118.0
803,1937,3,6.6
7989,2285,3,70.0
1341,2285,3,32.0
12796,1208,3,201.0
2368,1717,3,15.1
3376,2447,3,2.1
18117,556,3,896.0
3384,2630,3,157.0
13184,2285,3,2.6
7958,811,3,102.0
14,1612,3,0.2
17796,368,3,2855.0
1454,1128,3,0.1
7051,2285,3,3.8
6769,1838,3,6.1
1627,1596,3,0.7
8048,2488,3,312.0
38,1488,3,373.0
8741,2380,3,271.0
5096,2285,3,32.0
13890,1600,3,0.1
12225,682,3,21.0
39,881,3,92.0
14875,1947,3,3.3
15575,1832,3,76.0
2191,2526,3,6.1
3589,1228,3,465.0
17493,1832,3,13.2
5208,1228,3,253.0
8612,1612,3,3.5
2361,1611,3,206.0
8957,1128,3,63.0
14071,2285,3,35.0
2925,237,3,447.0
4203,2630,3,79.0
9516,282,3,4.6
7497,4,3,8.0
6876,2298,3,0.0
6069,604,3,0.1
14590,2285,3,42.0
360,2630,3,8.5
9894,2536,3,0.0
7900,2330,3,0.4
10229,1304,3,631.0
12147,2098,3,9.2
5842,2439,3,115.0
6030,2285,3,41.0
8740,1488,3,72.0
8893,2285,3,31.0
14948,412,3,1.6
6923,2607,3,486.0
10749,1905,3,22.0
15417,368,3,11074.0
7572,2285,3,38.0
10551,1004,3,51.0
8987,2922,3,175.0
15550,2424,3,21.0
8730,2285,3,22.0
3647,1832,3,114.0
172,2285,3,19.5
1203,2759,3,97.0
4681,1488,3,5.2
6838,2285,3,117.0
4100,2631,3,159.0
7303,933,3,22.0
10738,929,3,3.2
6620,1612,3,0.2
12340,2488,3,205.0
7844,1300,3,127.0
4813,1488,3,464.0
15263,1612,3,1.9
7854,1612,3,0.1
12117,946,3,36.0
8458,2205,3,36.0
16431,944,3,1340.0
13828,2056,3,0.0
15904,2285,3,29.0
6601,368,3,2720.0
4756,1982,3,22.0
3244,572,3,315.0
4464,594,3,406.0
8231,2631,3,64.0
12291,1937,3,2.7
3835,1612,3,0.3
16615,1852,3,3.4
14687,545,3,61.0
12033,1488,3,112.0
7659,2864,3,6.4
7844,1128,3,19.3
7849,2285,3,49.0
12701,2136,3,387.0
14794,1499,3,18.1
16128,1428,3,0.2
4723,2285,3,47.0
11386,745,3,427.0
14901,2850,3,16.3
3098,2876,3,1808.0
12144,745,3,0.1
3412,1686,3,63.0
9595,368,3,1241.0
8569,2285,3,9.0
9663,1721,3,14.8
13129,2340,3,16.6
2126,1612,3,0.2
11341,944,3,1768.0
14509,1245,3,24.0
2910,1128,3,22.0
14887,1778,3,2.1
8517,2285,3,8.8
12650,237,3,2255.0
12899,2844,3,4.1
3369,572,3,899.0
17614,1606,3,1257.0
8658,1304,3,1546.0
7566,739,3,3.4
14258,2496,3,37.0
16852,237,3,125.0
1469,1488,3,134.0
7100,2631,3,47.0
15451,1612,3,2.2
6,2876,3,32.0
8697,237,3,321.0
3250,1488,3,135.0
10962,2344,3,0.2
185,2285,3,36.0
1823,820,3,0.0
13183,549,3,48.0
9812,2205,3,25.0
9553,1557,3,172.0
3593,1612,3,3.4
2598,2607,3,47.0
2571,2285,3,39.0
1625,2285,3,26.0
13548,1488,3,27.0
10573,2285,3,6.2
1663,2285,3,70.0
3809,237,3,707.0
10608,1832,3,34.0
1299,2269,3,6.9
6416,1215,3,429.0
16903,25,3,20.0
14857,2380,3,455.0
13514,368,3,7313.0
6178,2285,3,30.0
8485,2285,3,0.6
4091,2285,3,50.0
15280,1785,3,29.0
13122,1228,3,289.0
9244,743,3,12.1
5468,1166,3,43.0
9367,1681,3,6.4
1556,237,3,648.0
15701,2098,3,15.5
2734,718,3,3.5
4264,854,3,125.0
12900,1488,3,52.0
1808,1488,3,10.2
11555,44,3,514.0
4402,1780,3,13.8
1220,2001,3,104.0
17065,359,3,2.4
3975,762,3,2.4
15264,854,3,1.6
12522,2517,3,8.9
9641,725,3,117.0
11789,1488,3,25.0
9487,237,3,656.0
8578,1612,3,0.1
7925,2285,3,15.4
11353,2285,3,55.0
13022,2496,3,10.4
16542,2439,3,168.0
15893,455,3,897.0
41,1611,3,95.0
14005,811,3,144.0
9736,1557,3,430.0
6488,800,3,79.0
1882,743,3,42.0
1373,2726,3,87.0
5619,368,3,2218.0
5667,68,3,671.0
10110,1128,3,2081.0
10360,1689,3,5.1
12558,2027,3,10.8
15422,2844,3,5.1
16157,2285,3,33.0
10800,2285,3,41.0
5349,2631,3,120.0
1699,1213,3,0.7
3906,515,3,0.0
10249,1612,3,6.1
13134,2922,3,93.0
17228,1488,3,37.0
5718,2285,3,46.0
9276,2752,3,13.6
7081,407,3,1.0
1020,2095,3,6.8
16283,2726,3,1.4
14420,68,3,354.0
3946,711,3,92.0
5750,1513,3,0.7
2650,2285,3,37.0
15723,2439,3,380.0
4844,2851,3,4.6
2555,1070,3,342.0
13067,1852,3,26.0
15363,2285,3,42.0
16522,1937,3,3.0
17603,237,3,454.0
13448,1935,3,5.3
9278,1876,3,28.0
5507,1488,3,122.0
12005,2631,3,339.0
10263,1776,3,35.0
8631,1947,3,0.8
11882,2409,3,74.0
17503,682,3,15.9
13234,1737,3,3.1
9257,1832,3,64.0
9772,2285,3,2.8
17135,2267,3,43.0
2266,2285,3,24.0
9155,2285,3,50.0
13337,2285,3,31.0
1060,2285,3,43.0
11979,2496,3,16.9
13196,1090,3,456.0
12370,368,3,4713.0
4438,1488,3,51.0
3653,1488,3,22.0
10887,1737,3,3.8
4200,2285,3,43.0
3163,273,3,22.0
10213,1488,3,294.0
14595,2780,3,0.8
10601,1304,3,759.0
6973,101,3,132.0
14310,1335,3,0.0
1866,1488,3,200.0
16656,2285,3,40.0
6119,696,3,791.0
2901,2285,3,35.0
17114,410,3,0.1
17072,2285,3,60.0
1594,410,3,115.0
12879,368,3,5154.0
3704,1832,3,1.0
4154,1832,3,46.0
4138,237,3,1335.0
6491,2631,3,132.0
4713,2922,3,45.0
17913,1608,3,933.0
6513,1488,3,169.0
14919,725,3,82.0
5647,572,3,626.0
16428,725,3,30.0
9432,2285,3,37.0
15175,279,3,1287.0
5639,1488,3,813.0
4508,1304,3,1004.0
4336,39,3,8.2
5998,2631,3,181.0
13928,2285,3,29.0
12717,2726,3,1.5
6386,1898,3,27.0
14720,2380,3,1246.0
2743,1609,3,80.0
4633,1488,3,24.0
6448,1488,3,108.0
10304,2285,3,46.0
11066,1876,3,4.8
16058,2654,3,8.3
7504,2285,3,40.0
11597,2285,3,1.8
8004,2096,3,74.0
13414,25,3,10.6
14248,2285,3,46.0
6201,1373,3,0.6
17586,237,3,1906.0
13169,237,3,34.0
14657,237,3,1851.0
3773,2803,3,48.0
13255,1488,3,97.0
11282,1973,3,31.0
11369,840,3,0.0
13745,1488,3,973.0
13646,2285,3,12.3
18001,1208,3,865.0
12674,2630,3,579.0
10971,1488,3,67.0
2508,2885,3,29.0
5738,368,3,7217.0
11793,2285,3,46.0
9751,2922,3,272.0
3082,153,3,0.9
13202,1947,3,266.0
6468,2510,3,34.0
11700,368,3,3606.0
12822,368,3,4646.0
4621,68,3,802.0
3632,2631,3,147.0
9013,2285,3,42.0
10571,2285,3,49.0
11490,2510,3,5.4
1233,1832,3,26.0
2262,2285,3,58.0
17345,1488,3,62.0
16377,2627,3,49.0
14631,2285,3,147.0
12539,594,3,0.6
4638,2503,3,16.8
7642,1779,3,863.0
10666,368,3,5041.0
4744,2630,3,12.6
3621,1612,3,0.5
3242,2285,3,46.0
6677,1128,3,3.2
6836,2285,3,7.4
2415,2285,3,16.2
9361,1488,3,44.0
16042,2285,3,27.0
14267,2630,3,311.0
13141,897,3,0.7
6027,447,3,1.0
6450,2759,3,522.0
17433,1166,3,39.0
7971,1890,3,0.1
12294,2285,3,45.0
16686,98,3,73.0
17362,2285,3,36.0
2579,1488,3,481.0
2122,745,3,0.6
2544,2780,3,69.0
16001,2285,3,47.0
4709,1632,3,1621.0
7121,791,3,42.0
4798,2759,3,1235.0
4952,2285,3,10.0
2053,1785,3,404.0
14367,1407,3,3.2
11186,1612,3,0.2
12767,237,3,376.0
10186,905,3,1026.0
4083,1838,3,15.8
9965,214,3,21.0
12965,2129,3,28.0
7486,2285,3,35.0
8075,2285,3,0.3
17489,2710,3,6.7
3053,2622,3,22.0
4341,2223,3,24.0
15505,464,3,593.0
3769,572,3,214.0
6499,1177,3,49.0
4182,1488,3,11.8
10878,2415,3,63.0
11830,2710,3,1.1
4792,1612,3,0.0
5141,2726,3,95.0
4640,2526,3,85.0
18119,2831,3,590.0
4206,272,3,87.0
4321,2285,3,40.0
16784,2285,3,5.1
8838,2285,3,22.0
11040,1488,3,206.0
6133,2285,3,34.0
9255,1488,3,134.0
12875,1832,3,37.0
3260,1625,3,0.6
1083,2285,3,54.0
8365,2922,3,101.0
9133,2285,3,10.9
15749,2285,3,10.0
13126,1832,3,26.0
15872,944,3,4816.0
10868,368,3,632.0
16920,1596,3,3.0
17894,1805,3,21.0
2054,1470,3,2.9
12158,2285,3,32.0
7387,1737,3,24.0
4795,2344,3,0.7
8734,2164,3,0.6
3194,2631,3,145.0
8662,2122,3,3.0
12449,1875,3,3.6
7680,1488,3,270.0
12197,2285,3,2.4
10819,2285,3,1.1
7506,2285,3,46.0
13233,107,3,12.8
17249,335,3,115.0
8684,2285,3,34.0
9063,2152,3,96.0
4651,828,3,181.0
4221,1610,3,5.2
3868,2759,3,3.5
13093,14,3,175.0
13791,1947,3,2.0
3591,2285,3,41.0
84,1321,3,81.0
3300,2285,3,35.0
10409,2285,3,42.0
18301,2285,3,9.2
1537,2780,3,0.0
4310,1709,3,1.1
14986,530,3,26.0
2647,1488,3,43.0
11785,1737,3,2.2
16102,2285,3,15.6
16518,1827,3,13.7
15335,2285,3,29.0
1045,2736,3,6.7
10155,1128,3,2.6
1614,1488,3,28.0
9720,368,3,1815.0
4446,732,3,796.0
8759,2339,3,3.5
4955,2910,3,22.0
12329,2285,3,34.0
5614,2850,3,2.3
854,2285,3,18.0
1592,1488,3,20.0
13247,121,3,3.8
2430,1321,3,61.0
16334,2631,3,52.0
12643,1304,3,0.5
15042,811,3,332.0
12829,2285,3,30.0
6113,237,3,1009.0
8607,2639,3,27.0
9210,1473,3,3.1
3673,1974,3,5.4
1599,2106,3,9.3
7258,811,3,250.0
12474,237,3,612.0
7490,2285,3,14.7
7192,2922,3,76.0
11513,2659,3,7.3
5404,2016,3,23.0
9804,2157,3,4.3
9764,1488,3,3298.0
5419,2285,3,26.0
17696,263,3,0.3
15589,368,3,2972.0
13054,1128,3,68.0
7706,572,3,230.0
8009,696,3,22.0
11541,2630,3,158.0
4010,2654,3,2.3
2855,2285,3,78.0
9882,2285,3,41.0
13603,2285,3,40.0
5823,2285,3,33.0
7782,679,3,69.0
7595,2285,3,52.0
858,2285,3,42.0
1667,2285,3,52.0
9759,2522,3,16.0
16923,2285,3,52.0
4117,1612,3,5.2
14446,1557,3,1073.0
16574,2161,3,3.3
6251,2339,3,8.5
7606,2285,3,1.1
61,1258,3,4.7
4835,811,3,267.0
7636,2285,3,23.0
3445,864,3,7.0
7290,854,3,12.0
2606,1721,3,11.7
8307,2759,3,1104.0
8325,944,3,235.0
3195,572,3,104.0
7176,2710,3,17.1
15480,1407,3,9.3
2214,1832,3,5.8
2453,579,3,11.7
10856,2285,3,47.0
3756,2285,3,3.0
4968,1612,3,0.0
9097,2816,3,8.2
2714,44,3,23.0
8433,1407,3,0.8
7434,2844,3,1.0
8445,580,3,89.0
17140,2285,3,60.0
5919,1838,3,0.2
4355,1612,3,0.0
9203,2473,3,2.7
16409,1228,3,688.0
12542,946,3,227.0
11924,2726,3,1.3
601,1617,3,17.8
17371,572,3,233.0
15671,1166,3,23.0
14222,237,3,48.0
7048,2285,3,8.8
9072,1838,3,29.0
17168,224,3,124.0
3585,955,3,205.0
8689,1858,3,6.3
8186,42,3,430.0
12698,1488,3,46.0
9081,2285,3,22.0
5304,2285,3,51.0
1723,490,3,23.0
1277,741,3,19.0
6278,1097,3,27.0
2483,2285,3,28.0
3375,2562,3,10.4
4735,2875,3,8.4
745,2526,3,32.0
14865,2639,3,99.0
13668,811,3,210.0
1675,2366,3,2.2
15676,2285,3,48.0
1691,1321,3,78.0
14650,2865,3,906.0
8181,1557,3,191.0
6139,343,3,0.6
17138,1488,3,12.2
1029,2843,3,78.0
10668,359,3,11.4
8341,2922,3,174.0
7615,814,3,19.6
1462,2285,3,39.0
12552,1612,3,0.1
12288,1721,3,117.0
16394,1488,3,2.9
16857,2285,3,69.0
8665,614,3,1.4
17744,1389,3,1737.0
10706,14,3,1148.0
14987,2285,3,28.0
17792,1341,3,19.5
6053,1488,3,499.0
10928,2069,3,9.6
7586,2118,3,16.6
8078,2196,3,16.1
8090,68,3,428.0
14261,2285,3,6.8
8914,1488,3,86.0
2927,1037,3,106.0
9372,2285,3,0.8
2001,1465,3,4001.0
14244,272,3,50.0
8537,2773,3,25.0
1697,368,3,2671.0
14738,2285,3,26.0
13396,2285,3,0.2
5306,897,3,161.0
5756,1612,3,1.6
4822,68,3,585.0
3323,2285,3,0.5
2972,2631,3,69.0
4267,2560,3,1.2
3189,2549,3,247.0
11504,2882,3,2.5
2977,2409,3,12.4
1611,1488,3,185.0
8924,1593,3,3.6
14870,2726,3,96.0
17688,2285,3,36.0
10297,2780,3,8.2
9979,2027,3,94.0
1087,1515,3,0.0
7988,2285,3,8.9
14228,2496,3,10.0
14913,809,3,1.3
9918,1937,3,0.9
16445,2285,3,30.0
12646,237,3,614.0
11044,1847,3,0.4
4581,1488,3,67.0
12669,957,3,10.9
3676,2285,3,8.5
7106,1645,3,71.0
1669,2865,3,15.0
1695,732,3,105.0
4534,1443,3,13.6
5264,766,3,502.0
1816,2888,3,0.7
1545,2285,3,34.0
12252,1488,3,28.0
6429,1832,3,5.6
185,2299,3,1.4
4246,237,3,1294.0
10199,1488,3,196.0
18226,368,3,6402.0
4707,25,3,22.0
7607,2285,3,0.3
3874,732,3,179.0
3456,1488,3,81.0
18244,2726,3,0.4
1228,1488,3,178.0
9337,2631,3,88.0
14233,354,3,64.0
5494,1755,3,1110.0
4271,811,3,142.0
17702,1377,3,21.0
6717,2631,3,125.0
14943,1976,3,5.6
5518,292,3,22.0
16850,1041,3,12.0
9087,2292,3,170.0
10540,2205,3,16.4
17101,897,3,924.0
5917,1488,3,338.0
16963,1488,3,15.5
16161,1407,3,0.4
17707,1625,3,1.4
9358,2886,3,13.2
10089,1277,3,19.6
14018,42,3,1749.0
6117,1036,3,16.1
11960,2285,3,6.3
14099,2285,3,6.0
1853,272,3,88.0
6212,2085,3,17.3
7496,2403,3,173.0
11756,2205,3,7.7
4766,2285,3,29.0
12065,2285,3,17.2
6300,25,3,56.0
5571,2515,3,0.2
10015,2710,3,9.0
15751,572,3,117.0
14743,2911,3,780.0
13112,2726,3,86.0
10335,1838,3,6.5
8872,725,3,19.0
1939,1257,3,12.6
7959,1982,3,0.4
8707,1488,3,710.0
17145,368,3,1099.0
17713,1609,3,129.0
9900,2192,3,2.1
17830,2654,3,1.0
12720,1832,3,37.0
13330,2285,3,54.0
5199,1612,3,0.2
10425,2285,3,32.0
13295,1128,3,62.0
2422,1488,3,449.0
9625,2922,3,247.0
11210,1540,3,3.1
4478,2619,3,137.0
14685,1488,3,76.0
17247,2285,3,75.0
2291,1838,3,2.2
485,1832,3,70.0
3571,371,3,57.0
14146,2527,3,0.4
4074,237,3,1417.0
5987,1947,3,88.0
8511,2786,3,17.2
5697,2631,3,87.0
1533,557,3,1.5
8632,237,3,55.0
12278,1721,3,211.0
10276,2285,3,17.5
3197,2285,3,29.0
2120,2245,3,0.4
16861,1832,3,40.0
4689,237,3,883.0
12661,172,3,7.2
16393,1612,3,0.2
5387,2631,3,83.0
13313,104,3,115.0
11611,2285,3,27.0
1928,2285,3,44.0
2671,2780,3,38.0
15291,725,3,48.0
13178,1913,3,23.0
1721,2285,3,35.0
15874,2027,3,41.0
3616,2285,3,63.0
10903,1488,3,26.0
6333,237,3,3630.0
4008,1488,3,580.0
13779,2876,3,166.0
13302,2780,3,16.1
10074,1499,3,12.6
17693,2227,3,141.0
12614,368,3,6710.0
9770,897,3,271.0
18129,828,3,141.0
12815,68,3,1851.0
8275,1628,3,0.6
4366,2536,3,6.2
11663,791,3,1584.0
9749,25,3,23.0
9856,1030,3,157.0
15255,2922,3,188.0
4121,2285,3,96.0
9755,237,3,1310.0
5589,864,3,0.7
9512,2630,3,21.0
17225,1321,3,50.0
3815,2035,3,5.0
13162,2692,3,0.3
5935,2418,3,11.2
5438,1424,3,8.9
13632,2285,3,40.0
1140,2285,3,13.4
14853,2285,3,15.9
13344,2461,3,3.5
5456,237,3,1770.0
15373,2831,3,69.0
3864,1612,3,0.3
2900,1447,3,12.5
15082,2380,3,301.0
11626,2562,3,16.2
9829,1832,3,12.9
11955,2285,3,57.0
10098,237,3,321.0
5305,1612,3,1.3
7954,2225,3,0.0
5210,1760,3,112.0
10323,1604,3,11.9
10836,279,3,452.0
8834,2285,3,37.0
11149,2285,3,0.2
9844,1030,3,36.0
5959,464,3,88.0
15980,1832,3,71.0
10615,2619,3,159.0
3453,931,3,25.0
1851,944,3,378.0
5217,2267,3,100.0
16230,1612,3,0.2
2009,2630,3,209.0
14102,2285,3,51.0
1159,1878,3,94.0
5006,997,3,10.7
11952,1323,3,839.0
4247,676,3,3.1
16414,2027,3,29.0
5063,2122,3,12.7
2614,1612,3,0.1
5549,2136,3,110.0
8398,2420,3,41.0
6017,2285,3,30.0
2143,2285,3,77.0
3854,732,3,0.2
2563,2383,3,2.9
8840,368,3,13249.0
11352,2831,3,40.0
8554,1584,3,64.0
10511,2884,3,0.2
2690,1786,3,0.9
2222,573,3,15.9
4872,1650,3,0.2
10828,2285,3,28.0
3178,523,3,120.0
1840,1832,3,17.0
11310,2098,3,90.0
17577,645,3,0.1
3807,2285,3,14.6
4455,1957,3,9.9
1426,2850,3,2.5
2840,237,3,260.0
5363,2016,3,0.6
14045,2631,3,151.0
17020,1189,3,13.6
18237,2016,3,26.0
4378,2285,3,37.0
4569,2726,3,102.0
302,1321,3,21.0
14813,2285,3,30.0
5112,1612,3,9.5
48,25,3,21.0
8959,1725,3,7.8
5720,1755,3,800.0
3993,2380,3,1055.0
2505,368,3,3941.0
7448,2285,3,29.0
4299,1321,3,62.0
4338,572,3,417.0
3625,864,3,0.5
535,2195,3,53.0
6254,2726,3,18.2
12627,2726,3,126.0
8338,343,3,1.2
16465,2922,3,72.0
8862,2922,3,4.0
1141,2027,3,52.0
12461,2285,3,67.0
9473,944,3,1350.0
9431,1128,3,72.0
5475,450,3,1.9
10063,732,3,746.0
780,2087,3,0.8
18058,811,3,109.0
3314,68,3,1383.0
5943,25,3,4.4
7309,2631,3,34.0
3457,1488,3,62.0
17997,2285,3,30.0
16108,2630,3,62.0
15821,725,3,94.0
14768,484,3,1.5
7104,2285,3,15.4
11650,1142,3,5.8
8302,572,3,145.0
17880,2285,3,39.0
7416,2526,3,14.6
1988,1832,3,58.0
16364,237,3,664.0
7637,1488,3,93.0
5431,2285,3,48.0
1272,972,3,8.1
3392,2285,3,27.0
4105,2285,3,40.0
6452,2111,3,2.9
15027,2096,3,303.0
7205,1832,3,46.0
10387,237,3,1784.0
7884,1323,3,1059.0
13754,2845,3,0.3
12503,565,3,6.8
10840,2004,3,29.0
17270,2285,3,28.0
7870,1488,3,37.0
17240,2285,3,41.0
1120,2285,3,40.0
17358,1499,3,49.0
12231,2285,3,42.0
2920,1612,3,0.1
14079,2285,3,56.0
15332,663,3,2.4
3370,529,3,80.0
10362,1785,3,159.0
8214,74,3,0.2
1405,1488,3,416.0
7136,2285,3,3.3
15058,1661,3,2.3
4522,2631,3,84.0
12976,1982,3,0.9
9879,2285,3,2.0
4861,614,3,24.0
3199,2630,3,169.0
5826,2831,3,301.0
12405,2488,3,366.0
6934,2831,3,25.0
8574,2285,3,29.0
2128,2285,3,36.0
8450,811,3,102.0
17397,25,3,5.0
5284,1632,3,303.0
17710,2865,3,359.0
11764,2922,3,119.0
9379,2285,3,3.1
4940,2441,3,5.4
10794,811,3,51.0
12518,2922,3,18.4
7983,2285,3,66.0
16481,1407,3,4.4
17373,514,3,14.2
13458,944,3,98.0
6328,2285,3,17.1
6196,854,3,262.0
6408,676,3,3.4
14686,2285,3,54.0
8513,2710,3,2.1
4077,718,3,82.0
17611,2403,3,92.0
10190,1655,3,0.3
5976,2865,3,863.0
16907,1876,3,3.9
5258,1155,3,151.0
10132,1166,3,337.0
12141,368,3,4233.0
71,2775,3,35.0
11924,778,3,23.0
8380,2380,3,1388.0
7763,778,3,20.0
2845,1488,3,3028.0
12590,1607,3,13.9
16124,594,3,1245.0
12152,2631,3,122.0
9612,2922,3,152.0
2519,1852,3,0.0
14663,1027,3,149.0
325,2285,3,63.0
12213,2922,3,77.0
5204,2854,3,7.3
17806,2922,3,86.0
2722,2631,3,102.0
11683,2087,3,1.1
1232,2285,3,47.0
14365,2285,3,47.0
7584,1321,3,22.0
3602,2425,3,99.0
2259,2285,3,48.0
7641,552,3,344.0
5251,2340,3,19.1
47,142,3,412.0
11365,1488,3,4.6
9963,1785,3,21.0
2543,2285,3,28.0
2308,1612,3,0.0
6782,2865,3,1210.0
1330,1488,3,702.0
1909,1832,3,42.0
11577,68,3,2820.0
6892,2285,3,27.0
453,2371,3,6.5
8159,811,3,28.0
17740,2743,3,28.0
16718,272,3,29.0
15516,1832,3,51.0
18066,17,3,19.2
4292,1321,3,3.6
1428,1776,3,66.0
8807,2205,3,8.0
3359,2726,3,322.0
7555,2630,3,214.0
17636,1166,3,6.2
16420,2886,3,31.0
14135,1488,3,17.7
6308,2285,3,17.3
11991,1803,3,42.0
9670,2285,3,56.0
15510,2630,3,233.0
6595,1189,3,96.0
15941,1655,3,30.0
9029,1557,3,1601.0
10119,572,3,934.0
3768,1832,3,48.0
8062,1488,3,14.8
6925,2876,3,175.0
13803,2285,3,43.0
3313,153,3,1.7
424,2285,3,27.0
12337,1389,3,151.0
11520,1628,3,0.7
6083,2285,3,22.0
2844,1617,3,422.0
3017,2285,3,42.0
10136,2922,3,121.0
17480,2654,3,0.7
4800,2285,3,18.6
6656,113,3,16.2
11280,237,3,516.0
11956,2285,3,31.0
4027,1202,3,19.1
1984,2285,3,18.5
17148,1037,3,17.9
4435,1488,3,97.0
3208,278,3,1590.0
15709,2285,3,3.4
3693,555,3,0.0
5997,2285,3,51.0
10028,2831,3,235.0
3446,1533,3,116.0
10888,2922,3,2.9
3567,1776,3,26.0
3634,2285,3,45.0
11130,2285,3,37.0
10126,368,3,7309.0
15251,1845,3,31.0
4113,1612,3,0.0
1768,2285,3,34.0
5445,2285,3,34.0
12257,2285,3,58.0
9624,1949,3,1.1
4549,2285,3,40.0
2689,2631,3,25.0
6367,2630,3,250.0
12617,2285,3,10.2
5035,1321,3,72.0
764,214,3,23.0
2584,2285,3,23.0
3932,2285,3,3.4
4216,2285,3,7.7
13684,2285,3,39.0
10024,818,3,10.4
13615,1985,3,0.6
3490,2285,3,31.0
4512,1101,3,0.5
14279,1612,3,0.4
6222,2285,3,43.0
5937,1304,3,330.0
15311,1937,3,5.6
14917,2371,3,0.8
16521,1156,3,1.1
871,2574,3,35.0
809,2922,3,887.0
13771,2285,3,16.6
1705,2631,3,55.0
12230,2285,3,33.0
16687,2285,3,12.9
10400,2710,3,60.0
3423,44,3,2723.0
9913,1947,3,66.0
7987,745,3,109.0
14864,1005,3,112.0
18028,2285,3,35.0
763,1696,3,52.0
11414,2285,3,34.0
5227,237,3,2158.0
11635,1155,3,210.0
16620,1228,3,55.0
8916,1488,3,106.0
8710,272,3,742.0
5783,2285,3,43.0
7761,1316,3,139.0
12704,1610,3,210.0
8390,2842,3,101.0
15441,2285,3,30.0
1886,679,3,176.0
11124,2285,3,32.0
16379,1166,3,44.0
5437,1321,3,19.0
4015,1414,3,12.6
1144,368,3,7757.0
15615,811,3,33.0
1030,1300,3,1010.0
16547,1488,3,28.0
11062,1721,3,337.0
9269,2922,3,165.0
3287,811,3,303.0
7995,2631,3,13.6
15532,2225,3,104.0
2015,2285,3,16.2
4745,2285,3,72.0
9711,1488,3,784.0
253,2631,3,76.0
17761,1004,3,8.4
3872,2285,3,42.0
14451,59,3,0.4
15860,25,3,15.4
14749,1488,3,151.0
5846,2285,3,29.0
5748,1655,3,221.0
14537,1488,3,37.0
15777,2383,3,37.0
16850,2619,3,40.0
1728,1625,3,119.0
14193,2195,3,19.8
5005,2098,3,3.6
6520,1832,3,16.8
1241,1612,3,0.2
3732,2285,3,11.8
7028,68,3,1653.0
5331,2631,3,177.0
11320,1488,3,51.0
3892,68,3,738.0
5206,2191,3,1.2
6072,237,3,236.0
10352,572,3,527.0
3488,2285,3,58.0
7604,1937,3,6.8
484,2922,3,141.0
13360,2285,3,53.0
308,1492,3,876.0
17419,904,3,1.5
3856,2631,3,290.0
12912,237,3,2229.0
12262,944,3,1144.0
15622,293,3,0.3
12335,302,3,57.0
3699,537,3,17.3
9502,368,3,5064.0
16282,2285,3,21.0
7359,2631,3,218.0
18047,1612,3,1.1
4185,2726,3,868.0
10959,995,3,0.0
7252,2489,3,6.0
16451,1609,3,36.0
3739,1876,3,16.4
13239,1128,3,7.5
13082,1488,3,137.0
9082,2285,3,26.0
11182,2285,3,15.8
11125,2285,3,34.0
18263,2365,3,2.2
6864,944,3,1068.0
11319,1491,3,433.0
11530,1488,3,69.0
1829,1832,3,44.0
2659,1611,3,39.0
3574,1492,3,3787.0
17581,2371,3,69.0
17867,237,3,1491.0
6210,2285,3,11.0
911,443,3,342.0
10179,2496,3,25.0
7233,2285,3,57.0
13827,368,3,105.0
5447,1553,3,17650.0
10068,211,3,1.2
8613,2285,3,11.0
8863,1887,3,28.0
7770,2496,3,0.4
7437,874,3,0.2
2777,2285,3,0.1
12840,2536,3,0.4
10777,2462,3,70.0
15463,2922,3,136.0
7773,725,3,11.2
4061,1464,3,56.0
16304,2285,3,9.6
1143,98,3,1.2
6982,343,3,0.1
3472,1832,3,30.0
1418,814,3,467.0
17566,2285,3,29.0
16059,2285,3,49.0
5498,1488,3,362.0
8799,1937,3,10.7
6409,2285,3,46.0
1052,725,3,40.0
10121,2631,3,112.0
8593,2369,3,0.2
10684,1488,3,359.0
1613,725,3,2.8
10016,68,3,1.8
6915,2831,3,13.8
8287,2724,3,9.5
16868,1716,3,5.7
14052,2195,3,5.9
4390,1488,3,24.0
16290,2911,3,12147.0
14889,1617,3,222.0
9872,1155,3,125.0
11584,2922,3,75.0
6364,444,3,1.2
2164,687,3,15.2
18082,2285,3,71.0
11836,225,3,505.0
17410,68,3,1005.0
14795,272,3,9.4
3039,1443,3,1.1
2142,1655,3,660.0
3686,1612,3,0.0
1336,98,3,25.0
14139,2380,3,7.6
1473,2148,3,1.0
11147,854,3,10.9
3324,2306,3,0.1
14147,2285,3,33.0
1385,343,3,121.0
1430,98,3,0.1
3006,2029,3,3.1
6579,2285,3,6.3
14742,2285,3,38.0
1983,2285,3,26.0
14030,2285,3,31.0
16525,1832,3,15.4
1278,98,3,40.0
2042,2285,3,9.3
12586,2285,3,53.0
9071,1612,3,3.9
4967,1189,3,22.0
16463,2285,3,62.0
15067,237,3,393.0
17003,1488,3,129.0
8353,237,3,677.0
4749,1799,3,6.5
209,1407,3,11.9
6480,425,3,62.0
5867,2568,3,36.0
10002,811,3,109.0
14854,2285,3,13.6
2498,901,3,37.0
11329,2922,3,139.0
1495,1488,3,902.0
2829,1166,3,217.0
5300,2285,3,23.0
5364,2285,3,46.0
14921,1488,3,25.0
10319,2285,3,37.0
1948,1166,3,779.0
3580,1030,3,133.0
2768,2496,3,1.7
806,1421,3,180.0
5241,1488,3,155.0
2407,2494,3,17.8
898,1155,3,207.0
2810,1655,3,186.0
17647,1488,3,395.0
15529,2056,3,0.0
10624,904,3,8.2
8859,1612,3,1.4
9525,1596,3,0.8
14380,1488,3,131.0
1593,2205,3,14.7
6704,2285,3,46.0
12346,2613,3,955.0
12907,732,3,383.0
2619,2344,3,0.4
1956,2922,3,67.0
14394,118,3,0.5
12078,1721,3,13.3
13863,1838,3,2.0
3210,25,3,27.0
6919,68,3,1828.0
17652,1714,3,0.2
12824,2098,3,26.0
7182,1596,3,2.1
4460,2285,3,91.0
6903,2285,3,13.0
12364,1488,3,369.0
4492,1611,3,1170.0
1918,1847,3,113.0
3765,1154,3,2876.0
8756,1938,3,2.7
9196,2285,3,9.3
2469,1128,3,82.0
11328,1522,3,20.0
1575,546,3,2.7
3353,284,3,0.7
17749,816,3,11.0
7710,2439,3,374.0
787,1609,3,82.0
12495,1228,3,2816.0
3190,1499,3,9.6
14926,1937,3,1.8
1314,2922,3,109.0
2666,2285,3,34.0
14027,2930,3,0.0
5354,878,3,32.0
10842,1608,3,1019.0
630,109,3,2.8
13319,368,3,1018.0
5855,2496,3,16.1
4642,2631,3,78.0
3238,1016,3,5.0
11032,2013,3,77.0
8076,1832,3,19.2
13486,1402,3,3.6
15366,200,3,51.0
17351,2285,3,58.0
1400,1321,3,30.0
6521,2285,3,49.0
11448,2285,3,49.0
17328,1128,3,1.4
15972,2285,3,79.0
1827,2710,3,1.5
4851,1488,3,16.8
5488,1128,3,98.0
15754,1525,3,189.0
5290,1781,3,235.0
4992,2285,3,47.0
14475,854,3,1.5
17757,2340,3,56.0
17073,237,3,4.4
16385,425,3,56.0
3501,68,3,1427.0
4787,2631,3,46.0
1867,68,3,1537.0
6890,2285,3,45.0
1078,237,3,96.0
13614,2054,3,3.6
11553,2096,3,83.0
25,2285,3,68.0
5573,1698,3,8.4
2447,2285,3,1.0
4322,1832,3,53.0
14737,2285,3,76.0
6796,368,3,2417.0
12398,2285,3,25.0
2869,1612,3,1.1
13979,1488,3,5.1
17157,1362,3,15.5
16921,1488,3,59.0
5988,25,3,58.0
6441,2285,3,29.0
2411,1781,3,1.8
10255,2285,3,5.4
15741,237,3,626.0
12511,255,3,470.0
14488,2285,3,1.5
2476,2285,3,30.0
14458,1612,3,0.1
18182,2612,3,0.8
14616,2285,3,19.6
14883,2759,3,47.0
3166,1832,3,74.0
6728,2285,3,68.0
13024,1488,3,13.1
12601,52,3,9.2
9718,25,3,25.0
7879,2285,3,22.0
9926,2742,3,57.0
13375,1611,3,27.0
6343,2850,3,4.2
16356,2096,3,177.0
3908,2633,3,0.4
7155,2865,3,116.0
4637,1612,3,10.2
9902,2285,3,9.8
11034,1832,3,53.0
460,2285,3,32.0
8829,2285,3,14.3
7140,1321,3,135.0
15275,2285,3,59.0
15164,1137,3,42.0
3217,2922,3,26.0
6702,25,3,155.0
15586,2726,3,71.0
5814,1488,3,100.0
8339,153,3,4.5
18277,1407,3,0.0
5970,2285,3,62.0
2450,2243,3,5.9
6455,1499,3,95.0
4028,572,3,263.0
5371,1612,3,0.1
4349,2831,3,1214.0
6930,2285,3,73.0
14444,828,3,166.0
10266,2639,3,0.2
13753,2285,3,53.0
17051,2142,3,11.4
2863,2285,3,18.4
3847,2562,3,17.4
10464,425,3,1.2
9852,368,3,2716.0
8523,237,3,673.0
12604,1488,3,65.0
15421,9,3,16.8
2558,2285,3,32.0
483,1488,3,68.0
2616,2285,3,16.2
12789,2285,3,36.0
13384,1412,3,21.0
7191,1832,3,179.0
17560,2922,3,408.0
5184,2708,3,5.7
15459,128,3,2.5
11839,1608,3,2128.0
8982,1488,3,163.0
5253,1488,3,24.0
2994,68,3,1112.0
11819,2285,3,74.0
5871,2285,3,8.8
4135,2619,3,154.0
17211,1957,3,3.8
13801,1482,3,0.2
13651,2285,3,48.0
14440,1166,3,380.0
887,2786,3,0.3
10805,1610,3,6.3
3091,200,3,5.8
4259,944,3,568.0
3289,1832,3,47.0
3356,2925,3,4.3
6881,1342,3,49.0
6473,1690,3,0.3
7458,237,3,235.0
16800,2631,3,12.1
7778,2285,3,37.0
9291,1189,3,151.0
6632,2922,3,67.0
6487,2631,3,207.0
11632,1832,3,27.0
1197,2922,3,57.0
5432,1050,3,55.0
17777,1832,3,45.0
5481,1128,3,40.0
4103,933,3,3.8
11838,1488,3,107.0
3755,1488,3,174.0
14800,1054,3,1.8
16789,1913,3,18.1
12621,2631,3,8.6
16248,1488,3,51.0
17441,2831,3,554.0
3549,49,3,84.0
6428,572,3,176.0
4715,1832,3,68.0
13352,1832,3,35.0
1125,272,3,4.9
1874,1128,3,49.0
18270,1629,3,2.0
16819,888,3,0.6
6776,1471,3,207.0
17432,500,3,1053.0
5054,93,3,6.2
8663,1612,3,0.5
15940,572,3,256.0
16262,2759,3,73.0
561,2441,3,6.9
2984,713,3,10.7
14678,68,3,716.0
17280,2285,3,1.8
1531,272,3,5.3
1927,1617,3,48.0
17333,272,3,15.4
6054,2195,3,6.8
13709,2661,3,15.4
2487,1407,3,8.8
12235,2285,3,23.0
12427,1608,3,258.0
3881,2285,3,23.0
5763,98,3,5.8
12374,2922,3,72.0
10009,2638,3,11.4
1780,237,3,4629.0
13962,881,3,16.5
8546,2285,3,37.0
8316,1612,3,0.3
5894,2710,3,0.8
16709,2285,3,55.0
9785,1568,3,5.9
17872,2298,3,63.0
5499,2285,3,3.9
9575,2285,3,28.0
3855,811,3,230.0
568,1148,3,26.0
2871,933,3,7.1
14309,1228,3,769.0
3503,814,3,820.0
16206,2403,3,15.8
9480,2865,3,789.0
14032,2285,3,43.0
16293,2562,3,5.9
10924,1304,3,653.0
3106,237,3,72.0
8988,478,3,2.6
5104,1749,3,2.1
12534,1488,3,75.0
12227,2285,3,3.2
1390,2922,3,284.0
15055,2780,3,2.5
12545,1304,3,999.0
15303,2441,3,0.2
4223,572,3,219.0
7431,2607,3,1177.0
14448,1096,3,0.5
16116,1488,3,278.0
10313,2285,3,2.6
9748,272,3,60.0
16753,2139,3,16.3
4144,1488,3,15.4
2723,1785,3,114.0
8548,2285,3,12.8
6142,237,3,2940.0
15259,2285,3,14.8
3274,828,3,24.0
6309,237,3,5453.0
14923,2874,3,1.9
10650,2285,3,39.0
1344,2331,3,0.9
2522,1612,3,5.4
14311,725,3,38.0
1309,68,3,945.0
12382,2499,3,0.1
5916,944,3,828.0
14958,1317,3,2299.0
17552,946,3,0.2
17348,76,3,11.8
13191,2285,3,54.0
15600,2285,3,38.0
1647,1859,3,0.1
14111,2285,3,40.0
8738,2285,3,24.0
5669,2922,3,391.0
4396,2285,3,63.0
16601,1488,3,212.0
12471,1488,3,204.0
9322,2152,3,37.0
2163,1488,3,422.0
13715,1832,3,27.0
4957,2285,3,24.0
18135,132,3,0.1
17774,2285,3,58.0
17320,2395,3,0.0
15347,1277,3,10.0
793,1596,3,0.9
17545,864,3,6.0
8264,2205,3,14.6
12272,2606,3,17.8
8241,2285,3,38.0
9124,1202,3,13.2
15776,2285,3,79.0
14192,2298,3,82.0
4785,1937,3,27.0
4098,2462,3,34.0
7175,1838,3,20.0
8247,2285,3,60.0
2365,670,3,505.0
4636,1494,3,49.0
11568,2285,3,28.0
5320,68,3,689.0
3124,2285,3,51.0
15270,120,3,92.0
1239,68,3,252.0
14081,724,3,6.5
17155,2096,3,3.0
9690,182,3,2.9
12546,915,3,58.0
8125,2631,3,112.0
3816,1942,3,13.5
7008,282,3,1.0
13342,1407,3,0.3
17403,2726,3,149.0
1399,1335,3,1.1
297,214,3,7.1
9615,1876,3,19.7
10246,2630,3,153.0
7334,2630,3,265.0
17928,2285,3,11.0
11327,350,3,85.0
7272,2285,3,16.8
723,564,3,91.0
17863,1832,3,20.0
6056,2619,3,77.0
16021,1525,3,36.0
12015,2285,3,40.0
3964,1632,3,235.0
2382,2911,3,1407.0
11011,2285,3,3.8
1638,2922,3,40.0
3653,2205,3,32.0
1484,237,3,1220.0
1337,279,3,4955.0
8344,2285,3,59.0
13917,2285,3,42.0
14172,44,3,28.0
13291,745,3,252.0
17865,1383,3,2.9
354,2285,3,4.7
13026,2229,3,703.0
12855,425,3,0.8
6158,1832,3,71.0
1412,1488,3,63.0
6808,2630,3,737.0
612,1317,3,99.0
1424,2285,3,60.0
10123,2285,3,39.0
2587,814,3,298.0
7428,1628,3,1.0
5048,2227,3,1386.0
1916,25,3,10.9
11145,1488,3,356.0
10065,2122,3,67.0
7567,897,3,0.0
17080,2285,3,41.0
14724,2285,3,0.3
7026,1717,3,33.0
5285,2285,3,16.8
13871,1875,3,28.0
829,2922,3,39.0
2286,68,3,714.0
8817,1488,3,48.0
14666,2630,3,110.0
1715,2195,3,6.6
16049,1878,3,16.7
4084,1280,3,1.8
11294,2122,3,1.4
2935,1610,3,1.2
5082,2285,3,58.0
15873,237,3,197.0
9264,572,3,96.0
4172,2285,3,48.0
856,2285,3,43.0
3352,2527,3,0.2
4059,1832,3,71.0
6621,2831,3,481.0
1362,368,3,661.0
13848,1832,3,39.0
8089,2630,3,318.0
14514,2638,3,211.0
6679,1611,3,2326.0
2936,1612,3,0.2
12856,1488,3,9372.0
3504,1832,3,28.0
962,1488,3,21.0
10644,2338,3,5.8
2197,1655,3,35.0
1609,1407,3,7.2
1206,944,3,2056.0
17234,2409,3,216.0
9007,1611,3,194.0
4605,1488,3,24.0
7467,2195,3,9.4
5294,2285,3,12.8
8723,2285,3,37.0
11434,1321,3,92.0
17007,2630,3,779.0
9967,2831,3,422.0
5333,2922,3,81.0
5804,2630,3,59.0
4517,1954,3,1.6
1893,24,3,3.6
15152,1189,3,244.0
2961,2922,3,218.0
11418,2568,3,2.9
11245,2122,3,67.0
12632,1585,3,5.7
16639,811,3,100.0
13012,2285,3,3.9
14808,1525,3,94.0
12860,762,3,5.4
13087,1832,3,92.0
15561,2880,3,0.7
9476,1488,3,22.0
8439,2496,3,13.3
16538,2285,3,42.0
17976,1128,3,47.0
9090,946,3,79.0
4726,2336,3,0.0
1165,2285,3,43.0
2432,1628,3,0.2
11786,2285,3,61.0
7941,864,3,1.9
7713,2630,3,91.0
2761,2645,3,1.2
15043,1609,3,2.1
5646,2285,3,60.0
94,1916,3,0.3
12517,812,3,0.7
15198,1713,3,78.0
12172,682,3,5.3
12554,1473,3,12.0
14476,2285,3,29.0
4454,1488,3,14.8
11196,1983,3,0.5
13092,2327,3,4.8
11326,2285,3,105.0
8796,1488,3,28.0
5256,2285,3,19.5
8237,2631,3,179.0
12699,2285,3,19.7
3305,2285,3,48.0
4605,2800,3,0.7
5941,572,3,321.0
7148,1832,3,49.0
11101,2285,3,46.0
10269,1488,3,3.6
16239,2285,3,71.0
5413,2285,3,33.0
16380,2433,3,7.7
2360,811,3,74.0
17653,1488,3,22.0
7411,2285,3,42.0
5465,537,3,24.0
6443,1609,3,1.3
15285,2285,3,42.0
1868,2285,3,54.0
14187,2285,3,0.9
12530,885,3,0.1
3015,946,3,66.0
9807,25,3,12.3
12483,2013,3,126.0
16959,614,3,3.2
2818,68,3,2203.0
17931,368,3,463.0
12411,2087,3,0.0
15051,2654,3,41.0
5232,1300,3,312.0
15429,211,3,0.8
830,1832,3,28.0
11377,2285,3,8.3
8118,1654,3,5.4
18113,828,3,829.0
3530,1370,3,0.1
10057,2285,3,17.5
1211,725,3,63.0
14725,187,3,1.4
15787,1832,3,16.5
1225,2285,3,33.0
13036,2285,3,19.8
14241,2631,3,56.0
11224,2285,3,63.0
16299,2285,3,75.0
7138,2285,3,3.4
14642,711,3,0.2
12668,2759,3,984.0
13626,237,3,895.0
10930,1488,3,186.0
5161,461,3,5.0
9214,1488,3,1672.0
16057,2285,3,51.0
16582,1488,3,192.0
5360,2340,3,131.0
12311,1465,3,152.0
3054,2631,3,58.0
6033,1228,3,1073.0
16758,2285,3,16.7
17673,1189,3,397.0
14359,2285,3,30.0
18050,2195,3,18.3
1595,2285,3,59.0
14373,2285,3,42.0
2540,1488,3,188.0
11457,265,3,19.1
17908,944,3,139.0
11193,2285,3,1.0
2160,1557,3,444.0
14546,1488,3,169.0
1906,2017,3,12.9
8616,1027,3,130.0
13485,2285,3,57.0
12567,1776,3,10.5
64,1488,3,61.0
4946,1389,3,195.0
9733,1982,3,1.1
6916,97,3,1.9
17144,556,3,128.0
14074,1780,3,17.7
6570,2285,3,68.0
4529,816,3,48.0
5356,1488,3,196.0
1877,1178,3,6686.0
17930,2844,3,3.0
12536,2081,3,10.0
3557,983,3,4.4
10796,1832,3,56.0
3957,1858,3,30.0
750,2285,3,61.0
13436,1832,3,26.0
17506,100,3,106.0
1432,1832,3,50.0
1300,2285,3,68.0
14037,2630,3,38.0
12933,1321,3,60.0
6879,2285,3,15.7
8869,2285,3,97.0
7317,745,3,1.4
4660,682,3,0.9
8996,572,3,135.0
14326,1488,3,195.0
3101,1128,3,34.0
16606,2285,3,46.0
18177,2195,3,8.7
16990,1557,3,0.2
18256,2285,3,38.0
14224,2285,3,13.6
10965,1892,3,0.0
12242,2285,3,21.0
10645,68,3,586.0
6250,88,3,0.4
15143,1488,3,60.0
5755,1170,3,15.6
2570,1450,3,17.6
2705,237,3,1110.0
1920,237,3,377.0
2792,2562,3,28.0
16449,1776,3,21.0
15929,1679,3,0.1
12292,556,3,2.8
5149,1189,3,583.0
3382,1323,3,302.0
11737,2585,3,125.0
10268,2285,3,2.7
8209,944,3,166.0
14558,2285,3,5.8
963,2710,3,19.1
10356,237,3,1469.0
14903,2380,3,1040.0
17376,2122,3,60.0
12578,745,3,18.4
8581,2285,3,29.0
14876,2285,3,45.0
17346,1612,3,0.0
15858,1321,3,1.2
11857,1030,3,94.0
10680,2340,3,37.0
15597,1737,3,0.1
3209,1583,3,469.0
7918,166,3,47.0
15683,2630,3,61.0
12582,368,3,7537.0
16672,2285,3,16.7
909,1832,3,43.0
9905,200,3,40.0
5134,2285,3,13.8
14868,2285,3,52.0
11682,1488,3,110.0
17221,2142,3,52.0
7343,2285,3,1.2
9207,2489,3,423.0
5811,1876,3,29.0
1825,1776,3,26.0
9373,2536,3,19.0
16208,1916,3,0.7
10541,537,3,0.1
3870,1674,3,5.0
3211,1488,3,107.0
11461,2630,3,144.0
13157,2285,3,28.0
5548,2526,3,27.0
10488,25,3,1.4
13938,1776,3,6.3
10020,725,3,85.0
8732,1655,3,0.2
4953,2245,3,8.2
11113,237,3,20.0
465,2027,3,9.9
8642,537,3,78.0
6672,2205,3,3.6
6412,2630,3,491.0
8782,2922,3,5.4
471,2130,3,0.2
16139,1832,3,55.0
3268,271,3,237.0
3013,2285,3,52.0
3509,2285,3,27.0
2209,814,3,570.0
1464,2285,3,26.0
2044,1612,3,1.7
12991,1488,3,269.0
3333,2922,3,83.0
10467,1488,3,2813.0
17291,1228,3,75.0
17131,1628,3,0.7
11008,944,3,637.0
4757,2285,3,40.0
6301,2016,3,1.0
1748,1128,3,3.0
3515,2285,3,29.0
6611,2285,3,27.0
68,2285,3,46.0
16368,2922,3,86.0
1858,913,3,0.6
3743,1832,3,25.0
9452,2285,3,26.0
5130,811,3,205.0
9556,1488,3,167.0
8591,2631,3,58.0
11315,237,3,905.0
9995,1011,3,128.0
11131,2745,3,1.5
7171,2922,3,76.0
3299,1832,3,19.0
17885,2607,3,192.0
15120,1426,3,225.0
2060,1585,3,7.4
2547,2922,3,74.0
12135,2922,3,201.0
11962,1342,3,23.0
16071,2285,3,17.7
15369,2139,3,84.0
6594,1690,3,3.0
16389,2726,3,58.0
6299,579,3,42.0
6024,1612,3,3.0
12373,1342,3,140.0
16079,2339,3,1.9
14741,2380,3,1100.0
18232,816,3,76.0
8655,2056,3,0.1
4699,1876,3,9.3
13631,1491,3,2998.0
18145,1488,3,671.0
5137,2285,3,15.0
17835,1832,3,13.9
10658,1261,3,0.4
14989,1655,3,37.0
2815,1838,3,34.0
5821,1488,3,245.0
4916,572,3,549.0
12317,2559,3,0.9
15854,2285,3,22.0
7386,743,3,60.0
6643,1838,3,8.1
17544,2195,3,13.4
13522,670,3,1.4
2707,2866,3,1.6
13583,14,3,68.0
566,1488,3,31.0
1259,1156,3,0.9
9429,1612,3,0.3
11108,2630,3,422.0
4301,2439,3,343.0
2776,2922,3,149.0
18160,1407,3,8.7
1035,2285,3,56.0
10128,2865,3,1786.0
14154,1488,3,226.0
15839,1488,3,200.0
3723,237,3,755.0
18248,237,3,1533.0
5592,777,3,0.0
17167,1557,3,602.0
4270,2285,3,14.2
4601,816,3,23.0
9121,368,3,6102.0
1005,100,3,64.0
1318,1024,3,1.0
15003,2285,3,21.0
9342,1488,3,80.0
4739,51,3,16.6
6944,2285,3,36.0
7696,1300,3,1263.0
13159,1557,3,1045.0
1965,127,3,7.5
12296,2122,3,61.0
10588,399,3,49.0
985,1956,3,54.0
14604,1617,3,1342.0
17826,2285,3,6.2
9578,1027,3,22.0
16466,2519,3,9.7
6606,2285,3,0.4
13157,572,3,220.0
16130,490,3,0.0
13900,2630,3,67.0
2914,255,3,11.1
13610,1832,3,49.0
923,572,3,6.7
1739,2285,3,14.5
5506,2285,3,88.0
13170,1488,3,61.0
15841,1679,3,0.9
10963,1142,3,4.6
3200,2285,3,68.0
3598,1612,3,0.7
9242,2285,3,3.7
4195,2285,3,71.0
5197,2285,3,31.0
4963,1155,3,209.0
8226,1349,3,0.4
14572,237,3,1388.0
14096,929,3,14.8
1673,2922,3,90.0
2175,2285,3,53.0
12109,1128,3,55.0
6035,2607,3,330.0
1271,1610,3,1136.0
8942,1937,3,2.5
11920,1612,3,0.2
13796,2285,3,3.8
8844,2285,3,25.0
15834,811,3,192.0
5546,1737,3,20.0
8925,1609,3,84.0
4791,839,3,10.7
3894,2285,3,27.0
16927,1488,3,322.0
15689,1832,3,22.0
9668,19,3,23.0
3665,2285,3,27.0
10890,2423,3,11.0
9912,1080,3,1506.0
15892,2285,3,19.8
6994,111,3,122.0
3233,132,3,27.0
10810,2285,3,1.1
2651,1852,3,8.1
13536,1488,3,508.0
6947,305,3,8.4
15039,811,3,290.0
17153,1690,3,6.2
14240,542,3,4.2
10826,2285,3,43.0
16634,1717,3,13.1
17241,2865,3,823.0
10879,2496,3,17.0
6365,2285,3,34.0
3818,2285,3,33.0
2199,2285,3,49.0
14297,98,3,15.9
10091,132,3,17.6
3551,68,3,1848.0
5190,2285,3,4.9
12616,368,3,2321.0
6294,511,3,1.9
3748,2285,3,43.0
18124,1407,3,3.5
16845,2831,3,254.0
6151,2831,3,3316.0
3837,343,3,9.6
13,237,3,1403.0
4517,2842,3,19.0
8133,1145,3,0.5
4500,2285,3,21.0
11127,1202,3,13.7
1420,1488,3,86.0
6972,2285,3,30.0
12667,2285,3,0.5
15016,2285,3,39.0
13500,897,3,0.8
5183,1690,3,1.8
17199,552,3,1.2
8586,2630,3,1115.0
6922,745,3,110.0
9698,2285,3,14.0
10982,2831,3,1530.0
14695,1690,3,2.5
7443,2441,3,54.0
15558,574,3,277.0
6682,1321,3,4.2
8498,2285,3,33.0
11094,2899,3,9.6
3934,2285,3,18.5
4995,2285,3,42.0
2217,1128,3,6.0
16833,68,3,459.0
8429,2423,3,3.3
954,2285,3,56.0
8935,368,3,1385.0
12792,1488,3,262.0
6060,1721,3,14.1
9587,2205,3,3.3
15153,1721,3,15.8
1382,1488,3,117.0
3334,1832,3,31.0
4300,2845,3,0.3
15861,897,3,2.4
16870,2285,3,40.0
9742,2285,3,32.0
7340,2631,3,20.0
3480,1488,3,24.0
2590,359,3,34.0
17719,1655,3,13.8
13363,811,3,45.0
13271,2285,3,44.0
12868,766,3,6.6
10578,272,3,51.0
10550,811,3,72.0
17910,2285,3,8.2
6066,166,3,2.0
12897,2338,3,1.0
1076,2488,3,1575.0
5152,1488,3,71.0
15105,811,3,15.6
10672,1128,3,49.0
13676,2285,3,11.4
7075,2229,3,236.0
10116,1426,3,72.0
15247,1030,3,97.0
1319,2922,3,81.0
6924,2415,3,32.0
14681,1488,3,199.0
15624,863,3,0.6
4487,2536,3,6.0
15150,2285,3,56.0
4978,946,3,230.0
1090,1139,3,2.0
13833,2535,3,2.5
5760,1781,3,844.0
16611,811,3,122.0
10565,2285,3,62.0
2634,1488,3,84.0
1071,2726,3,65.0
5135,1612,3,0.2
2597,2013,3,12.1
7077,2285,3,42.0
8424,2536,3,1.6
6039,2285,3,79.0
9038,1583,3,431.0
7630,1875,3,7.4
2058,2496,3,8.2
13076,1488,3,260.0
1523,279,3,546.0
1769,2285,3,26.0
10288,2865,3,390.0
9204,1300,3,367.0
4177,1488,3,242.0
16347,449,3,69.0
9292,1449,3,25.0
7392,2339,3,47.0
3919,100,3,40.0
18279,1612,3,1.1
17492,897,3,19.4
11587,1606,3,399.0
18125,2285,3,6.0
4029,2496,3,32.0
18098,1876,3,4.0
17680,2292,3,56.0
1578,2285,3,28.0
814,1488,3,344.0
4463,1768,3,0.0
9177,745,3,36.0
7970,1488,3,21.0
8095,376,3,39.0
14216,2463,3,84.0
6331,1488,3,33.0
9785,2285,3,53.0
6546,1721,3,34.0
8722,2922,3,77.0
8171,25,3,16.6
13495,206,3,573.0
8947,2285,3,27.0
9465,2163,3,12.6
2787,1488,3,33.0
6256,2922,3,393.0
17641,2285,3,42.0
16541,1776,3,6.3
10844,1080,3,372.0
12074,1838,3,23.0
16700,2285,3,26.0
5973,1832,3,97.0
10413,2285,3,17.3
10425,766,3,27.0
14995,2285,3,88.0
13970,2285,3,12.8
9923,2285,3,50.0
10803,1488,3,57.0
2885,1827,3,20.0
17747,2013,3,55.0
11020,2340,3,113.0
9217,1496,3,0.0
10567,1832,3,31.0
3745,1755,3,436.0
10018,1128,3,47.0
15462,2631,3,32.0
3917,1488,3,1059.0
16637,2285,3,38.0
12353,2831,3,387.0
15590,2930,3,76.0
13472,1044,3,31.0
15440,2631,3,236.0
1393,1488,3,48.0
13730,2285,3,7.4
4597,2285,3,46.0
173,811,3,228.0
16607,237,3,1667.0
10459,2395,3,2.4
5257,1488,3,23.0
10683,1905,3,0.5
11123,2437,3,220.0
10043,2205,3,2.8
13835,755,3,0.3
6528,2285,3,27.0
8835,25,3,0.0
11152,2285,3,57.0
9980,2285,3,32.0
9470,1707,3,6.4
9511,2285,3,57.0
9271,1836,3,5.2
11194,1838,3,0.8
9356,98,3,6.7
4243,368,3,481.0
12362,614,3,1.4
7816,2285,3,26.0
18192,2850,3,51.0
3838,274,3,61.0
5532,537,3,81.0
2909,2631,3,302.0
12447,1488,3,1580.0
8244,1776,3,52.0
4403,1785,3,1492.0
11144,2285,3,28.0
107,1466,3,667.0
13876,574,3,9.3
8714,1659,3,5.6
10984,2285,3,13.1
1342,2285,3,86.0
2497,1164,3,0.0
2780,1269,3,681.0
17218,1155,3,558.0
11301,2285,3,62.0
11029,2285,3,33.0
10233,237,3,2557.0
10849,2630,3,506.0
12548,2285,3,29.0
1646,2285,3,37.0
7982,2285,3,45.0
4450,1776,3,21.0
14776,1488,3,34.0
3775,1409,3,12.6
15763,1638,3,52.0
8132,2205,3,11.6
2641,867,3,4.3
8454,2122,3,63.0
6361,2285,3,56.0
7628,1488,3,80.0
10254,1290,3,1655.0
2433,2285,3,46.0
11914,1488,3,419.0
14947,368,3,14.8
17030,1911,3,4742.0
14338,2875,3,1.4
12961,2922,3,43.0
332,1609,3,196.0
2342,2285,3,29.0
14838,296,3,128.0
13210,1488,3,690.0
6784,370,3,83.0
2414,1832,3,66.0
11347,1497,3,4.2
2460,1832,3,122.0
2186,2285,3,1.2
10771,68,3,1519.0
6291,2285,3,79.0
12715,1947,3,153.0
13826,2285,3,32.0
4477,2285,3,42.0
9084,734,3,1.7
16189,2136,3,1.0
174,272,3,481.0
1269,2630,3,36.0
12501,68,3,1168.0
6108,74,3,1.0
12313,2285,3,25.0
8531,1596,3,1.8
11566,2039,3,72.0
14478,250,3,363.0
17288,2285,3,29.0
2405,2380,3,72.0
1947,1608,3,1183.0
4093,549,3,36.0
992,2631,3,99.0
12016,1488,3,377.0
15757,1876,3,26.0
10655,2631,3,176.0
9555,1407,3,2.8
17940,1265,3,39.0
1442,881,3,109.0
17555,2285,3,29.0
13050,2285,3,22.0
4444,2285,3,41.0
3778,1166,3,310.0
8509,237,3,646.0
4731,2184,3,0.4
11715,2831,3,223.0
13287,2285,3,4.1
1025,2357,3,0.4
1055,2765,3,598.0
9892,2285,3,0.4
2997,1488,3,4.7
11081,933,3,1.4
4654,1488,3,353.0
14269,1947,3,0.7
11640,1671,3,0.2
16365,2285,3,11.6
3666,1632,3,818.0
5052,2285,3,13.0
5717,2285,3,47.0
9704,2285,3,12.2
17356,2162,3,0.6
13102,1798,3,1.3
2085,281,3,1.8
11048,2285,3,2.4
3168,1488,3,1418.0
11208,277,3,0.2
12777,2285,3,34.0
6793,1533,3,1344.0
7858,904,3,1.7
8446,2726,3,13.0
13597,2750,3,0.1
3603,1594,3,1.6
15654,2285,3,18.3
14382,1655,3,32.0
12063,2380,3,654.0
12743,1832,3,4.2
12271,1189,3,75.0
2942,272,3,4.3
10620,284,3,2.8
10643,1721,3,455.0
10206,1321,3,33.0
1800,68,3,2314.0
9848,68,3,687.0
14189,68,3,1189.0
3730,2285,3,20.0
4156,2285,3,38.0
8347,1612,3,0.3
3741,1488,3,31.0
12839,2285,3,0.6
9867,1755,3,857.0
16125,1396,3,0.8
17470,1818,3,2.6
2,2562,3,1.9
15317,25,3,22.0
10749,1488,3,70.0
2499,2630,3,120.0
5794,1492,3,2559.0
14635,811,3,100.0
17434,944,3,961.0
4943,2245,3,8.2
8597,1488,3,439.0
13258,1488,3,95.0
13996,2285,3,38.0
6237,1488,3,137.0
9616,2562,3,3.6
2836,814,3,172.0
7016,1491,3,819.0
18296,112,3,1.1
1465,791,3,43.0
3943,1905,3,1.0
14599,572,3,57.0
18088,1947,3,43.0
4092,2338,3,29.0
7569,2285,3,23.0
9920,2710,3,72.0
8412,2285,3,70.0
4609,2578,3,6.5
13644,1757,3,6.1
17572,1827,3,37.0
6720,1655,3,834.0
2795,2285,3,25.0
6554,237,3,196.0
18201,897,3,885.0
14609,2285,3,34.0
12592,2477,3,1.0
2808,2049,3,8.6
1743,2285,3,36.0
16630,486,3,0.1
14023,2285,3,18.1
16185,1612,3,0.3
17622,2559,3,11.1
14551,1755,3,462.0
1033,2285,3,54.0
5235,1141,3,24.0
14765,2631,3,58.0
1423,1030,3,44.0
11720,2205,3,17.0
5131,1608,3,991.0
15778,2285,3,43.0
13504,39,3,22.0
5899,2285,3,17.6
2220,614,3,68.0
16499,2285,3,23.0
6830,1488,3,14.7
9519,360,3,4.6
17975,1488,3,22.0
2240,2631,3,27.0
17932,2285,3,71.0
15348,2285,3,18.4
4519,237,3,471.0
5706,142,3,1.2
14125,594,3,2017.0
13246,1721,3,237.0
202,1113,3,18.5
4644,2916,3,0.3
1709,117,3,1.9
12937,2285,3,65.0
12442,685,3,12.0
11054,1488,3,2686.0
2489,1939,3,2.1
16164,2922,3,208.0
17128,1488,3,116.0
4868,1776,3,31.0
2715,2631,3,101.0
3336,1737,3,0.6
8483,811,3,71.0
15564,2285,3,37.0
15465,237,3,422.0
4934,2631,3,10.4
15445,149,3,0.5
2695,2285,3,30.0
6456,2285,3,73.0
4719,2922,3,56.0
3575,1612,3,0.8
924,1321,3,37.0
3790,1937,3,7.0
1440,1488,3,1869.0
2030,1488,3,267.0
11706,2285,3,15.4
5716,2285,3,35.0
12758,1721,3,5.1
3679,237,3,2537.0
14836,1832,3,56.0
4931,1202,3,629.0
4936,2630,3,3.8
2644,2192,3,1.4
7885,1321,3,15.4
13525,1004,3,0.1
1550,1096,3,1.4
10820,2922,3,120.0
17380,929,3,1.8
14764,1832,3,101.0
13398,811,3,17.7
14992,811,3,0.1
10641,1578,3,142.0
10341,368,3,9743.0
14983,1488,3,151.0
5101,237,3,2036.0
3426,1488,3,184.0
15099,1611,3,220.0
4120,2205,3,22.0
8010,237,3,267.0
6516,2631,3,17.1
17354,1612,3,0.3
14016,1776,3,5.9
14753,134,3,0.6
7684,1488,3,239.0
4901,1488,3,171.0
12246,821,3,12.8
15224,682,3,67.0
18214,2285,3,33.0
8821,2865,3,1134.0
17304,2285,3,38.0
1316,1525,3,27.0
1267,1937,3,3.2
5561,444,3,2.6
7129,2285,3,32.0
3378,2922,3,125.0
13983,1488,3,470.0
10523,1830,3,70.0
16213,1321,3,61.0
11275,2285,3,11.4
18272,606,3,4.8
7406,1717,3,52.0
11015,2828,3,8.4
17279,1612,3,0.1
1954,492,3,0.1
15616,2195,3,12.6
16374,266,3,14.4
9140,2285,3,30.0
7633,1128,3,23.0
10346,2285,3,29.0
2280,2285,3,32.0
2134,1721,3,378.0
16137,1488,3,100.0
11111,1832,3,11.4
2479,2285,3,129.0
4231,1635,3,1088.0
7325,1755,3,92.0
2096,572,3,229.0
6832,811,3,546.0
618,2922,3,232.0
4187,718,3,23.0
10324,1488,3,156.0
7413,2001,3,54.0
2559,854,3,81.0
13311,2285,3,42.0
15276,740,3,1.0
17971,2285,3,25.0
9481,888,3,1.2
6099,794,3,0.0
1775,1800,3,2.7
10056,1488,3,319.0
16855,2562,3,30.0
11356,2285,3,4.2
15024,68,3,530.0
12371,1832,3,2.6
17305,2285,3,2.2
12070,2285,3,0.4
5090,2439,3,332.0
1837,2630,3,481.0
14735,1838,3,13.8
3121,1321,3,22.0
17778,2496,3,22.0
8761,1228,3,105.0
18144,1612,3,0.1
10237,1721,3,1429.0
10314,1886,3,7.1
17447,933,3,5.9
271,1488,3,156.0
14830,2285,3,26.0
12269,2631,3,19.4
17012,718,3,14.7
16190,2285,3,67.0
324,1655,3,10.6
1889,1395,3,284.0
15525,2865,3,1.5
7594,2630,3,61.0
9684,1321,3,63.0
6824,237,3,11.2
16265,14,3,297.0
2360,2285,3,1.6
11024,814,3,19.0
5157,48,3,115.0
1427,1321,3,8.1
17900,811,3,267.0
8468,2207,3,1.4
7880,814,3,178.0
11651,2285,3,3.5
18171,2922,3,147.0
18016,1488,3,146.0
10599,2285,3,22.0
10156,271,3,38.0
17797,2631,3,268.0
925,1814,3,0.1
13002,2285,3,37.0
2103,1876,3,36.0
9596,1166,3,132.0
18096,237,3,1784.0
8943,791,3,533.0
6182,1492,3,1568.0
10248,1488,3,792.0
12028,537,3,0.1
16728,1488,3,152.0
17349,1488,3,133.0
17718,944,3,2918.0
17563,402,3,196.0
8428,2850,3,0.2
10788,2285,3,31.0
1449,1355,3,9.4
11773,2285,3,25.0
3595,279,3,4438.0
46,2285,3,17.1
4825,2285,3,25.0
3074,946,3,68.0
15497,1832,3,128.0
9430,2013,3,26.0
2778,1905,3,8.0
9987,2631,3,42.0
13380,2742,3,17.3
9288,1488,3,805.0
2441,2285,3,103.0
14842,2285,3,16.3
10477,763,3,0.6
13967,2875,3,5.2
10433,2536,3,34.0
13564,2285,3,33.0
3207,2285,3,24.0
7115,2865,3,164.0
2403,1208,3,124.0
1338,2285,3,11.6
8602,2285,3,34.0
6436,282,3,2.5
16530,1395,3,302.0
12683,2922,3,102.0
11652,1612,3,0.4
2817,2285,3,36.0
1325,1128,3,265.0
8373,2027,3,6.4
12115,2285,3,53.0
10349,1208,3,80.0
9864,2631,3,82.0
11938,2488,3,4933.0
4452,2285,3,37.0
3478,2285,3,14.2
4227,2631,3,291.0
5862,1876,3,12.0
8787,1488,3,29.0
6658,2344,3,0.2
15437,564,3,10.6
5457,1838,3,5.6
6795,68,3,2700.0
7429,1166,3,368.0
710,1832,3,87.0
694,2759,3,523.0
140,1208,3,1.6
9457,237,3,1930.0
17317,1277,3,9.7
16044,2221,3,239.0
17909,2059,3,2.8
13023,1612,3,0.1
12891,1488,3,1040.0
16567,1612,3,8.6
17387,2562,3,23.0
11073,800,3,3.1
999,1827,3,30.0
1486,2205,3,8.1
8210,1720,3,4.0
17884,1488,3,45.0
17987,2285,3,0.4
9617,1612,3,2.1
14758,1488,3,1.8
7470,536,3,17.4
6043,2285,3,4.0
2210,537,3,3.8
17034,944,3,150.0
5038,2285,3,25.0
375,2630,3,71.0
7889,1887,3,45.0
8080,2338,3,1.4
9789,2285,3,5.3
18198,2850,3,2.2
2624,2392,3,6.8
13434,2383,3,44.0
1549,2922,3,67.0
10085,1037,3,1695.0
16725,2639,3,28.0
8278,444,3,22.0
1478,2285,3,1.0
17195,161,3,0.2
5781,2285,3,44.0
12591,1128,3,35.0
6991,1488,3,2.8
8861,1488,3,1242.0
7764,359,3,0.4
10786,1589,3,2.6
6527,2285,3,45.0
16531,946,3,105.0
16652,282,3,49.0
15358,1488,3,199.0
5714,2489,3,44.0
5858,2285,3,3.2
14042,725,3,39.0
10228,1655,3,94.0
14031,237,3,173.0
5731,1720,3,0.1
5579,1832,3,0.5
252,2922,3,1044.0
12576,2285,3,1.1
5454,811,3,111.0
1147,1321,3,2.3
18108,2285,3,32.0
13204,1300,3,5.8
949,1776,3,38.0
14145,2285,3,28.0
9691,2120,3,3.6
2140,1488,3,16.2
5032,346,3,214.0
351,1488,3,5.0
4778,2285,3,41.0
12707,2285,3,52.0
9180,1196,3,908.0
16301,2894,3,22.0
7765,1604,3,61.0
12339,1617,3,0.1
4137,9,3,11.0
4448,237,3,206.0
8106,2285,3,39.0
10224,2285,3,33.0
11941,2734,3,18.0
4401,2285,3,31.0
5318,897,3,2238.0
4158,2850,3,1.5
9073,368,3,4212.0
300,2195,3,19.8
8301,100,3,217.0
12939,1488,3,103.0
7444,1802,3,6.7
6100,814,3,5.8
5030,302,3,147.0
14579,1655,3,0.6
5591,1937,3,0.1
14443,2922,3,125.0
5792,2001,3,115.0
5785,1982,3,2.9
12859,2285,3,55.0
1479,2285,3,44.0
16446,2922,3,86.0
18217,2865,3,588.0
12935,2285,3,15.3
3093,2285,3,15.8
6434,816,3,48.0
5194,679,3,291.0
12644,1300,3,40.0
12458,1692,3,19.9
1741,682,3,6.5
16159,828,3,250.0
16303,2285,3,55.0
11114,2285,3,13.7
12981,2285,3,35.0
2233,1179,3,47.0
13470,237,3,2037.0
12247,1202,3,65.0
9176,2285,3,34.0
6534,25,3,0.2
487,2285,3,37.0
3672,1407,3,0.4
8729,745,3,0.1
8425,1488,3,561.0
15657,2384,3,54.0
3051,2631,3,167.0
12040,1612,3,1.5
144,2285,3,5.2
6042,2339,3,19.4
3131,2285,3,68.0
18176,2285,3,62.0
8984,2285,3,10.8
17299,2844,3,11.2
7117,2285,3,56.0
448,2087,3,0.8
831,2285,3,34.0
7946,2285,3,2.3
15114,2759,3,60.0
8340,2631,3,76.0
16106,1876,3,13.6
11807,1488,3,150.0
8510,1407,3,0.0
3438,368,3,1744.0
18159,2285,3,6.1
15375,2067,3,18.5
7172,734,3,2.4
14356,539,3,10.4
14636,753,3,0.2
16874,1488,3,20.0
7688,237,3,366.0
14675,2285,3,49.0
10104,1488,3,87.0
15984,1196,3,1826.0
12612,1277,3,8.2
8626,572,3,15.2
17040,2285,3,17.2
16151,1491,3,2318.0
4606,1947,3,1098.0
15315,1937,3,2.5
11197,1300,3,19.8
1581,1937,3,2.1
4671,1488,3,539.0
8069,1030,3,4084.0
1689,1608,3,371.0
10131,2922,3,56.0
7484,2285,3,0.7
24,2526,3,3.4
4413,2285,3,7.5
14918,1155,3,1898.0
2529,1488,3,284.0
3948,718,3,18.3
17443,939,3,13.6
1530,549,3,10.4
14352,1832,3,34.0
16932,2227,3,309.0
14566,2403,3,10.0
11937,944,3,791.0
14129,2631,3,100.0
7119,2631,3,64.0
7267,816,3,13.8
17845,2285,3,44.0
10250,2013,3,7.1
11475,1617,3,48.0
10350,1785,3,21.0
8102,1937,3,4.6
10296,2285,3,76.0
9961,1321,3,48.0
6817,2865,3,269.0
5576,1583,3,62.0
4663,9,3,5.8
2692,2285,3,39.0
12638,1488,3,259.0
7439,156,3,3.0
4496,1321,3,41.0
10526,211,3,0.5
17301,2298,3,168.0
12915,682,3,8.6
14712,1832,3,71.0
16871,1488,3,153.0
3626,2285,3,29.0
5684,2285,3,71.0
5952,1827,3,144.0
16762,343,3,1.7
17990,1776,3,8.9
3400,1973,3,15.7
2698,1410,3,3.5
12810,897,3,211.0
5620,1557,3,640.0
8582,732,3,346.0
17189,725,3,26.0
11190,1608,3,973.0
12285,1557,3,432.0
8805,2285,3,1.9
8492,572,3,311.0
16424,2285,3,42.0
2751,944,3,457.0
4779,2285,3,27.0
762,368,3,2574.0
11698,2285,3,45.0
1806,237,3,612.0
5758,2922,3,68.0
10453,2922,3,132.0
8215,2285,3,42.0
12766,1728,3,3.3
2804,2764,3,0.1
8757,426,3,736.0
13057,2922,3,156.0
3579,2186,3,0.2
3752,1832,3,47.0
4712,1827,3,36.0
12772,2126,3,5.1
15760,25,3,1.0
3830,1269,3,131.0
13510,944,3,4144.0
3550,2285,3,15.8
4101,572,3,202.0
6243,1594,3,9.6
17541,1488,3,183.0
12834,564,3,391.0
9626,1832,3,80.0
2989,2631,3,16.9
5950,1488,3,60.0
6681,2285,3,83.0
13648,843,3,5.8
13121,2285,3,26.0
13096,1488,3,33.0
7986,2285,3,32.0
2204,1612,3,0.0
2362,811,3,187.0
4167,1583,3,34.0
13365,2255,3,9.5
10193,2001,3,234.0
1021,2285,3,5.2
2461,1492,3,563.0
5725,2398,3,6.4
4064,2285,3,37.0
7354,1610,3,209.0
4501,2285,3,29.0
1711,2683,3,2.8
4658,2285,3,54.0
239,2285,3,56.0
6692,2285,3,59.0
10831,2285,3,49.0
15402,576,3,25.0
13392,2285,3,48.0
5073,237,3,38.0
6424,846,3,0.1
5029,113,3,182.0
6146,2831,3,56.0
9568,1492,3,5252.0
14001,288,3,1.5
16551,1535,3,12.9
15727,1983,3,452.0
14166,2526,3,13.5
16612,2285,3,29.0
9428,2340,3,42.0
7391,1737,3,2.1
13427,2285,3,83.0
12964,368,3,1571.0
2868,368,3,2368.0
11685,1832,3,85.0
13810,2285,3,34.0
14350,1875,3,13.6
9365,2726,3,10.2
3703,2922,3,35.0
12963,651,3,0.2
6883,2285,3,48.0
6690,2285,3,40.0
6320,1407,3,0.1
1017,1488,3,160.0
17347,1989,3,3.6
5668,2285,3,52.0
5478,2285,3,34.0
11191,1701,3,487.0
12444,1608,3,1556.0
9565,2922,3,89.0
3363,2285,3,51.0
14941,867,3,0.0
6023,811,3,226.0
13672,1437,3,8.7
14098,1096,3,1.4
4796,745,3,251.0
1834,2285,3,6.0
11778,2285,3,35.0
10674,878,3,19.6
3187,594,3,841.0
6744,2285,3,45.0
15989,2922,3,224.0
12024,1715,3,9.3
7665,2285,3,35.0
4876,1202,3,0.5
14013,2285,3,46.0
17184,2285,3,19.8
15199,2285,3,1.3
5129,271,3,0.2
8688,1612,3,0.9
10030,1141,3,69.0
9702,2285,3,46.0
4412,2922,3,142.0
11374,1488,3,557.0
11710,2922,3,122.0
8604,1752,3,7.9
9282,100,3,82.0
1936,1488,3,51.0
17643,2285,3,36.0
5895,1608,3,3330.0
13927,2285,3,31.0
15911,343,3,0.5
2373,1832,3,39.0
11139,946,3,328.0
2481,279,3,19245.0
494,1720,3,253.0
10456,2098,3,50.0
2932,2137,3,23.0
15225,1612,3,3.3
16094,100,3,166.0
9847,1655,3,1.0
9826,272,3,9.9
16937,1128,3,23.0
10970,2285,3,13.2
13275,2338,3,1.4
9488,2205,3,18.6
2759,1973,3,47.0
11602,2285,3,33.0
10785,237,3,225.0
15261,2354,3,37.0
5885,1488,3,70.0
8327,718,3,111.0
15400,1716,3,1216.0
18045,2285,3,15.4
18252,2496,3,17.7
4620,811,3,201.0
4802,2423,3,42.0
17364,2285,3,29.0
4870,594,3,3177.0
12090,2205,3,6.0
11529,2285,3,9.7
14966,2285,3,20.0
10966,1488,3,293.0
2211,1488,3,20.0
15522,2922,3,62.0
8814,2876,3,223.0
4857,2285,3,25.0
12922,2441,3,3.7
7825,1248,3,16.2
15378,1781,3,27.0
349,1488,3,6.4
8915,405,3,21.0
1173,796,3,2.4
9446,1488,3,40.0
861,1473,3,3.4
7929,1488,3,379.0
8027,1488,3,745.0
5443,274,3,1.3
5424,2631,3,522.0
17998,68,3,929.0
5108,1937,3,4.2
333,1785,3,383.0
13215,1838,3,0.0
5357,1492,3,2150.0
18023,1277,3,7.0
6674,2285,3,7.8
11668,2922,3,160.0
2359,1937,3,0.1
121,2013,3,131.0
498,555,3,606.0
13896,9,3,21.0
6286,725,3,0.2
13250,2285,3,53.0
16759,1277,3,12.2
17010,2285,3,57.0
5828,725,3,7.0
8571,2285,3,37.0
14009,2831,3,317.0
16009,2285,3,9.1
14253,2032,3,31.0
1448,2630,3,541.0
3266,2354,3,2.2
9784,2409,3,86.0
11349,1128,3,73.0
14183,1947,3,118.0
15485,1832,3,8.2
17902,2285,3,1.3
7837,2285,3,8.8
8977,2285,3,69.0
14699,1455,3,1.4
7099,2547,3,31.0
986,25,3,71.0
13236,237,3,5149.0
1123,1090,3,606.0
9323,2399,3,1.7
14628,1488,3,5068.0
1188,2922,3,112.0
5653,2285,3,62.0
4380,1488,3,30.0
8768,2285,3,14.0
1997,1985,3,0.3
10973,725,3,19.3
3421,25,3,23.0
8622,1832,3,94.0
8945,2285,3,93.0
14584,1832,3,87.0
11557,2056,3,0.7
2097,1304,3,250.0
14432,2706,3,0.3
12962,811,3,68.0
8421,1488,3,29.0
12602,2285,3,4.8
6565,1443,3,0.6
12485,1335,3,0.1
3415,237,3,2610.0
14974,1488,3,62.0
1930,2285,3,23.0
12931,10,3,1.2
6524,2285,3,40.0
13241,2445,3,25.0
14106,2285,3,39.0
7908,272,3,83.0
16742,1832,3,12.8
14077,2285,3,43.0
6198,1832,3,10.3
13714,479,3,0.1
9676,1488,3,855.0
13164,1277,3,4.6
9139,2285,3,24.0
15354,1166,3,236.0
15346,2285,3,34.0
4369,1525,3,29.0
16422,2630,3,0.5
12274,897,3,49.0
2428,139,3,15.4
884,1488,3,32.0
10761,2922,3,71.0
3411,272,3,146.0
3186,1606,3,777.0
8016,2631,3,62.0
5600,1321,3,51.0
6486,25,3,3.5
5799,1488,3,49.0
1922,100,3,121.0
186,2285,3,24.0
14046,933,3,10.0
2474,1832,3,62.0
12283,2294,3,44.0
4102,1612,3,2.7
4700,1937,3,0.4
4878,682,3,0.3
12300,997,3,5.5
5663,2601,3,3.4
14076,2285,3,53.0
16911,745,3,36.0
2310,1937,3,1.4
1626,1488,3,128.0
9420,811,3,321.0
5854,778,3,16.7
248,282,3,4.0
6095,1488,3,26.0
5414,2630,3,55.0
16676,1721,3,7.1
4670,2285,3,41.0
16496,2630,3,416.0
17861,1875,3,18.0
768,1937,3,1.2
6358,68,3,857.0
11303,2489,3,3.9
2846,1488,3,102.0
10912,2922,3,146.0
13925,2285,3,26.0
3311,68,3,303.0
7196,2496,3,37.0
15537,1492,3,3337.0
1992,2380,3,1861.0
13575,1548,3,6.6
12774,2195,3,31.0
4647,1690,3,2.0
7592,1876,3,8.3
2809,2285,3,22.0
10568,2285,3,33.0
626,1488,3,27.0
15066,1321,3,0.4
791,2285,3,26.0
8137,2001,3,160.0
13613,2285,3,1.4
4242,854,3,155.0
537,572,3,200.0
6800,923,3,1.6
13261,2876,3,54.0
5345,1611,3,2.4
4685,549,3,61.0
10033,1458,3,47.0
2617,2285,3,81.0
15819,2285,3,54.0
16142,2726,3,102.0
16942,682,3,83.0
1642,2096,3,162.0
14002,1612,3,0.3
5924,2295,3,2.1
5591,1407,3,7.9
3576,1488,3,54.0
17313,1729,3,60.0
4238,575,3,0.0
6077,2303,3,24.0
16945,1838,3,10.6
13958,2285,3,21.0
11622,2496,3,6.7
1652,897,3,1863.0
17989,2285,3,33.0
5898,1269,3,345.0
8152,1612,3,1.2
12713,2098,3,125.0
3183,1036,3,10.3
16750,2922,3,238.0
1726,682,3,19.2
15458,100,3,130.0
3680,1488,3,5.2
17011,1832,3,60.0
1101,2285,3,19.1
7044,2285,3,24.0
3831,1488,3,205.0
7874,2298,3,27.0
6547,2267,3,180.0
3883,1493,3,0.9
5128,2227,3,416.0
16000,231,3,7.4
14332,633,3,3.8
5325,237,3,2004.0
17624,285,3,0.5
9932,2285,3,1.4
5215,1681,3,9.2
8917,1488,3,15081.0
3965,2285,3,35.0
11184,2285,3,28.0
9203,2285,3,42.0
338,2726,3,27.0
1282,1612,3,0.0
1320,552,3,26.0
15253,2285,3,32.0
59,255,3,431.0
5893,867,3,7.2
12623,2285,3,29.0
12304,1321,3,22.0
16432,1044,3,12.6
7204,2205,3,0.8
7093,1155,3,728.0
10357,758,3,3461.0
17070,237,3,377.0
11309,2519,3,104.0
17052,1037,3,76.0
5613,1488,3,32.0
5201,1721,3,275.0
2621,2631,3,47.0
14668,944,3,793.0
2013,2922,3,384.0
3104,2865,3,1664.0
14554,1493,3,0.4
17258,1832,3,59.0
16427,1406,3,0.4
17259,725,3,25.0
10114,745,3,6.3
833,1832,3,62.0
14532,237,3,56.0
15680,2285,3,9.6
11496,255,3,0.5
16149,718,3,353.0
3437,1827,3,67.0
3976,1832,3,56.0
11211,2383,3,1904.0
17079,1612,3,7.2
5976,897,3,44.0
2976,2285,3,40.0
515,2205,3,23.0
15783,1832,3,5.3
14472,1827,3,22.0
16039,2922,3,229.0
10702,14,3,145.0
2903,944,3,798.0
4308,1947,3,51.0
12843,2285,3,34.0
17556,2285,3,2.9
14861,776,3,2452.0
7245,1594,3,31.0
10563,745,3,294.0
18020,1755,3,3919.0
292,1488,3,50.0
2072,225,3,226.0
5132,237,3,1785.0
5495,929,3,43.0
15064,237,3,421.0
18081,579,3,2.4
3346,25,3,12.1
10539,1696,3,17.0
2628,1832,3,81.0
7928,854,3,92.0
13987,237,3,1004.0
11348,2409,3,1.1
4510,2285,3,40.0
11350,828,3,285.0
1884,2285,3,39.0
13658,237,3,106.0
17341,425,3,3.9
11582,2462,3,38.0
14964,2082,3,2.6
6110,2195,3,3.8
10374,579,3,27.0
6026,2001,3,76.0
13769,2630,3,135.0
6281,2285,3,14.0
2719,1645,3,84.0
10211,878,3,32.0
6650,1655,3,49.0
4661,991,3,39.0
159,1488,3,55.0
6041,1080,3,2732.0
1397,1202,3,278.0
13702,2285,3,9.9
16396,1785,3,492.0
11079,1407,3,9.5
1015,1488,3,48.0
6940,1937,3,0.3
9051,1488,3,423.0
3706,68,3,1369.0
5879,2285,3,25.0
15169,2285,3,28.0
16887,1473,3,1.1
2762,2631,3,36.0
16719,877,3,19.4
7037,1832,3,25.0
4290,2285,3,22.0
18295,685,3,10.5
18168,2285,3,55.0
10901,1832,3,210.0
7144,2922,3,265.0
7533,1271,3,42.0
12352,200,3,33.0
17055,2831,3,865.0
14556,2285,3,34.0
8404,2285,3,52.0
1360,2285,3,14.5
10721,2831,3,595.0
13579,2831,3,109.0
4226,2423,3,0.3
690,1608,3,649.0
15785,2922,3,329.0
3418,1488,3,11.6
16528,2850,3,56.0
10621,2285,3,57.0
14456,2523,3,18.3
14088,1128,3,13.5
7255,2056,3,13.2
8775,25,3,71.0
10612,2496,3,26.0
5319,1001,3,2.8
7635,2285,3,38.0
16221,2922,3,97.0
2699,1977,3,6.2
12687,1769,3,8.0
4204,2285,3,96.0
12783,1491,3,2111.0
18179,2759,3,109.0
17382,1488,3,86.0
13194,1721,3,118.0
1119,2865,3,216.0
10137,1785,3,662.0
2337,1611,3,8.5
4990,1627,3,3.4
17637,2285,3,59.0
10530,2285,3,26.0
1685,2630,3,190.0
12508,2285,3,73.0
3841,2631,3,108.0
2638,1832,3,47.0
4789,2630,3,1451.0
15472,2526,3,101.0
17883,814,3,770.0
11681,2876,3,135.0
698,1832,3,9.5
9259,1321,3,16.2
8717,2285,3,45.0
4595,2285,3,25.0
10218,2453,3,480.0
2838,2380,3,912.0
16596,237,3,343.0
5151,2285,3,1.3
4157,898,3,211.0
1645,1488,3,30.0
5528,1035,3,16.2
16249,1488,3,114.0
10354,2710,3,0.9
8937,1937,3,0.5
4443,1690,3,2.1
4531,237,3,4.8
16328,2455,3,0.4
46,2423,3,183.0
1466,1128,3,136.0
821,1832,3,14.4
6655,1189,3,153.0
12712,2285,3,51.0
6872,1488,3,2.3
3939,1937,3,0.4
4170,2922,3,99.0
7063,2096,3,449.0
8290,2205,3,8.3
15218,2420,3,48.0
16674,2831,3,328.0
3542,2630,3,6.2
6137,1690,3,0.4
9526,1128,3,47.0
6867,2285,3,43.0
16979,2285,3,18.3
14652,2285,3,15.8
4213,1128,3,19.8
10470,2285,3,1.9
16194,2285,3,44.0
8572,2122,3,91.0
18048,1004,3,25.0
14008,556,3,8.1
7568,1392,3,3.2
16093,718,3,9.0
10951,2285,3,5.1
18036,1628,3,1.0
1836,2630,3,48.0
926,272,3,68.0
14874,2285,3,33.0
9154,811,3,73.0
290,2285,3,48.0
195,2285,3,24.0
14545,2328,3,0.6
874,258,3,4.5
13300,1277,3,16.8
623,556,3,364.0
7643,2285,3,28.0
14739,621,3,0.8
14112,1985,3,131.0
17640,1189,3,113.0
10451,1596,3,0.7
15977,2403,3,260.0
6197,1317,3,141.0
18141,359,3,0.1
2545,1596,3,2.8
18091,2285,3,7.3
11485,1037,3,221.0
10183,444,3,89.0
5540,828,3,508.0
15573,237,3,579.0
1317,2285,3,0.2
15166,2285,3,43.0
4476,368,3,395.0
15524,2285,3,7.9
5246,1832,3,88.0
9600,2825,3,0.6
18075,1837,3,39.0
10336,2526,3,29.0
161,1937,3,0.1
10591,2285,3,50.0
16107,2631,3,25.0
11845,2285,3,50.0
3618,2780,3,12.9
12189,2780,3,134.0
7732,1488,3,60.0
10295,237,3,22.0
11617,2285,3,17.3
3240,1982,3,9.3
10037,1488,3,14.1
3989,1355,3,20.0
85,2285,3,104.0
12562,2087,3,0.3
8891,2865,3,34.0
6211,2285,3,78.0
1177,2922,3,265.0
10506,2654,3,24.0
4360,2285,3,63.0
6263,1543,3,315.0
15768,1323,3,1069.0
5103,2409,3,30.0
5962,1612,3,0.2
5673,2285,3,34.0
7708,2774,3,80.0
3797,2591,3,3.7
16780,2310,3,10.2
1286,1628,3,1.1
11446,2285,3,1.9
17245,2842,3,2.2
1897,2631,3,105.0
2605,1488,3,480.0
3458,1407,3,0.0
699,1507,3,1.2
11364,2285,3,46.0
7094,1919,3,3.6
9491,1488,3,54.0
3757,1964,3,13.5
2731,2285,3,29.0
5263,2631,3,64.0
13823,1488,3,421.0
7223,1488,3,70.0
17422,1189,3,4.8
4854,1128,3,39.0
4052,2285,3,14.4
14060,2285,3,20.0
1477,2285,3,1.2
14796,2764,3,0.2
15398,1860,3,5.0
12318,1533,3,3455.0
10071,2714,3,4.0
8496,1304,3,481.0
2092,1488,3,19.4
7984,2285,3,15.7
13881,1612,3,0.1
4458,100,3,86.0
16426,1832,3,40.0
17375,2607,3,304.0
7064,2285,3,0.2
3573,2285,3,116.0
3066,1911,3,556.0
176,1612,3,0.1
12740,1832,3,70.0
4773,2373,3,3.2
12463,2285,3,9.7
778,685,3,153.0
304,1228,3,1122.0
16734,1128,3,231.0
4392,271,3,0.2
17232,625,3,25.0
949,2630,3,333.0
1121,2780,3,174.0
16243,1488,3,229.0
4515,811,3,115.0
1142,1832,3,1.1
8367,572,3,314.0
15026,1985,3,19.1
4538,1937,3,0.2
15879,820,3,0.2
6969,2922,3,80.0
40,1500,3,0.6
973,2285,3,40.0
443,2285,3,42.0
10586,2285,3,50.0
3564,2922,3,46.0
4986,2285,3,16.9
387,1492,3,1352.0
14871,1321,3,13.8
8126,2285,3,85.0
16329,2285,3,15.4
7365,1324,3,0.2
3380,1947,3,322.0
6479,2922,3,109.0
3555,488,3,147.0
1346,2285,3,27.0
5193,2831,3,144.0
11001,2269,3,0.8
6989,1488,3,23.0
2676,766,3,729.0
17252,1832,3,10.3
16204,2285,3,36.0
4962,1986,3,22.0
8899,1488,3,231.0
6248,2630,3,40.0
18183,2448,3,343.0
5912,1612,3,0.0
17678,237,3,308.0
13617,1611,3,38.0
2677,2922,3,27.0
4030,2922,3,131.0
14754,2285,3,37.0
4210,1832,3,55.0
7097,944,3,750.0
4125,743,3,11.7
13645,238,3,121.0
12166,272,3,563.0
17408,2654,3,41.0
8650,1488,3,14.7
10197,2285,3,33.0
15495,2001,3,2.0
3147,2631,3,147.0
14583,1864,3,1.8
13655,1202,3,68.0
15356,327,3,0.5
11615,924,3,3.7
5594,1525,3,51.0
17390,25,3,1.9
6219,1785,3,91.0
3231,2285,3,96.0
7041,732,3,553.0
11959,1030,3,7.2
12671,2285,3,66.0
1611,992,3,113.0
1043,1166,3,203.0
17750,1781,3,67.0
16622,1488,3,121.0
7961,1128,3,171.0
15607,2285,3,32.0
3694,2285,3,58.0
13125,1054,3,28.0
10168,271,3,120.0
93,2285,3,13.0
16785,68,3,746.0
7281,237,3,208.0
6948,2285,3,33.0
9186,2631,3,162.0
8776,2630,3,90.0
12134,2285,3,38.0
12727,1208,3,484.0
7049,1628,3,0.4
11115,1488,3,17.3
10727,2726,3,663.0
10189,2285,3,69.0
12384,2285,3,4.0
7556,1488,3,2.9
3019,811,3,183.0
6711,2285,3,50.0
3231,1832,3,51.0
4384,811,3,99.0
16849,1612,3,2.2
10681,2285,3,16.6
5779,2285,3,1.2
14734,1875,3,43.0
5744,1488,3,4.9
5019,2285,3,59.0
11963,1606,3,0.0
5610,864,3,0.7
14824,2865,3,1033.0
15527,1488,3,52.0
4754,2638,3,9.8
5234,2285,3,13.0
5608,237,3,1218.0
9351,580,3,1.8
13860,1141,3,356.0
18126,237,3,629.0
9551,1084,3,6.2
3859,2285,3,21.0
15693,2343,3,339.0
8629,1776,3,59.0
11760,2922,3,115.0
7262,6,3,5.2
2724,2831,3,503.0
643,2726,3,10.0
1443,805,3,108.0
11904,1488,3,1.8
4423,572,3,102.0
2667,944,3,779.0
1959,2922,3,61.0
3471,103,3,8.6
1470,2285,3,32.0
402,1488,3,247.0
6912,1612,3,5.2
18194,1832,3,16.7
1524,555,3,155.0
10891,302,3,619.0
14971,1488,3,61.0
158,1610,3,0.6
11813,2526,3,110.0
13028,2631,3,199.0
4433,2285,3,17.8
902,1876,3,31.0
876,25,3,43.0
5322,1079,3,3597.0
12276,2285,3,62.0
2352,2865,3,70.0
12525,1488,3,252.0
3952,1488,3,59.0
12009,368,3,3847.0
4505,2285,3,55.0
17935,237,3,300.0
16558,2423,3,2.4
5298,2380,3,607.0
11762,68,3,2354.0
11091,1832,3,2.5
13074,461,3,7.8
7162,311,3,2.8
14803,2746,3,730.0
10322,1690,3,2.3
3073,2639,3,111.0
11734,828,3,637.0
10309,237,3,603.0
9026,2285,3,34.0
6337,2865,3,610.0
7802,2922,3,90.0
1235,2285,3,11.1
7939,1583,3,73.0
5497,1488,3,113.0
13929,556,3,12.4
9766,1937,3,0.7
10384,1617,3,29.0
15132,1612,3,0.2
6619,1488,3,3.7
18003,2197,3,0.1
14461,1004,3,1.1
15567,1578,3,481.0
7980,1488,3,106.0
8330,2285,3,35.0
8940,897,3,329.0
14990,2285,3,8.6
8774,2285,3,50.0
9235,2285,3,9.0
16156,2285,3,2.7
5106,2631,3,76.0
3155,1612,3,0.2
9914,461,3,231.0
13391,2285,3,40.0
9887,1208,3,2410.0
17864,1539,3,114.0
12156,2562,3,0.1
860,2343,3,47.0
8261,2285,3,20.0
6107,237,3,707.0
2107,1035,3,7.8
9147,237,3,36.0
17413,1488,3,54.0
1809,537,3,24.0
3812,580,3,38.0
3007,1721,3,120.0
8194,1407,3,1.4
14398,1488,3,920.0
2437,1731,3,13.6
15096,255,3,359.0
3581,2922,3,70.0
6673,2227,3,40.0
14463,1832,3,22.0
16391,1488,3,8.8
16289,1596,3,0.6
1151,1166,3,377.0
14512,426,3,131.0
13499,2739,3,1.4
12633,944,3,1300.0
14273,2285,3,27.0
7632,2726,3,145.0
11816,1944,3,0.8
1962,1832,3,27.0
16926,1208,3,41.0
6888,2285,3,8.4
7894,1832,3,69.0
10204,1492,3,3255.0
12571,2001,3,9.8
9543,2317,3,283.0
9570,25,3,13.2
17057,2285,3,44.0
5220,2285,3,37.0
8703,2285,3,19.9
15452,944,3,3754.0
13634,1876,3,3.2
17440,2922,3,168.0
8730,1488,3,64.0
11105,1832,3,14.8
10038,1177,3,0.2
4583,2489,3,16.8
14529,2285,3,14.1
5513,579,3,22.0
11052,2420,3,267.0
3431,2285,3,31.0
14792,371,3,1.9
12363,2922,3,114.0
2709,944,3,359.0
2897,2285,3,6.9
5133,2285,3,0.8
9020,1488,3,136.0
8001,1128,3,40.0
15620,1488,3,931.0
13307,1612,3,1.0
541,546,3,5.8
636,1832,3,0.5
7800,2285,3,43.0
16056,293,3,2.3
13526,237,3,1622.0
5274,2285,3,46.0
18156,2285,3,22.0
9403,2001,3,73.0
3779,68,3,1163.0
2279,68,3,892.0
7937,2380,3,94.0
1603,1837,3,92.0
1552,1721,3,456.0
2131,1488,3,34.0
8597,2285,3,32.0
7522,1488,3,152.0
8097,944,3,802.0
5657,2630,3,291.0
5081,2726,3,216.0
13382,2195,3,11.0
10077,2922,3,147.0
828,594,3,22.0
15307,1875,3,25.0
2117,368,3,795.0
17059,2285,3,71.0
15165,1836,3,9.9
10438,237,3,976.0
9510,2122,3,55.0
15401,2285,3,40.0
1086,68,3,752.0
456,1466,3,43.0
671,1832,3,66.0
12457,864,3,1.3
15340,1525,3,104.0
13708,732,3,883.0
17963,2122,3,93.0
14319,2303,3,43.0
5961,2685,3,673.0
8066,2272,3,0.8
3850,2631,3,414.0
14932,1488,3,18.6
3085,2875,3,3.9
15836,1353,3,10.6
15884,2285,3,3.2
17425,2285,3,35.0
8912,1277,3,30.0
11589,1832,3,39.0
14882,2013,3,96.0
2649,1230,3,37.0
9494,881,3,37.0
4160,725,3,41.0
14059,1488,3,27.0
4697,1144,3,769.0
13763,2285,3,33.0
3296,1612,3,0.2
10751,1876,3,29.0
4387,2436,3,8.2
17297,1321,3,10.4
6377,2482,3,16.0
12871,2161,3,191.0
14483,1937,3,0.3
5139,237,3,1151.0
9805,2285,3,50.0
4356,128,3,769.0
5417,2285,3,4.3
1323,223,3,0.6
8415,855,3,1.3
13932,237,3,129.0
17273,1612,3,1.5
4236,25,3,22.0
9944,811,3,142.0
8921,2285,3,24.0
7005,1832,3,74.0
14462,1102,3,0.4
5605,2272,3,5.9
3357,2518,3,3.0
6306,2631,3,134.0
10770,2922,3,371.0
16390,2922,3,307.0
2647,2285,3,51.0
17512,2780,3,76.0
6084,1832,3,110.0
14773,1488,3,206.0
2182,1832,3,51.0
16517,1721,3,0.2
1567,2780,3,0.2
16965,2380,3,1072.0
4280,2874,3,9.8
49,237,3,408.0
812,1884,3,0.6
463,128,3,1.4
16170,2831,3,1890.0
3309,2267,3,96.0
11951,1832,3,42.0
17634,2639,3,19.0
16040,194,3,25.0
5788,2403,3,11.9
5707,2285,3,8.3
14371,944,3,1244.0
8788,2285,3,39.0
4089,237,3,1677.0
4645,766,3,277.0
17416,881,3,87.0
14278,1752,3,8.8
8713,2688,3,5.7
3726,2285,3,1.3
10580,944,3,4212.0
12820,2285,3,2.8
15301,878,3,41.0
1216,371,3,0.3
14531,1827,3,85.0
9608,946,3,83.0
4831,814,3,984.0
3826,2285,3,35.0
2237,272,3,82.0
13371,2865,3,712.0
5136,2098,3,57.0
10280,2285,3,28.0
17483,1054,3,2.6
5297,1329,3,6.4
78,354,3,1.3
5155,2285,3,36.0
8318,2631,3,194.0
16035,1543,3,0.8
6802,1557,3,723.0
3657,2055,3,6.0
11939,976,3,0.6
9796,2285,3,16.8
5974,2630,3,11.2
7485,1323,3,287.0
3702,1300,3,518.0
12424,1155,3,477.0
14480,1937,3,3.3
10767,2380,3,348.0
17724,1407,3,0.4
3691,2106,3,2.8
15894,442,3,53.0
8471,2922,3,135.0
4046,1937,3,1.4
6230,2631,3,186.0
1339,2122,3,174.0
17284,897,3,4.7
12494,816,3,221.0
6056,2922,3,134.0
17804,919,3,1.5
17414,2285,3,14.0
8505,2654,3,74.0
1742,2420,3,29.0
5119,1832,3,132.0
628,2285,3,6.9
2969,1832,3,56.0
16548,572,3,323.0
11398,1488,3,154.0
8193,1488,3,161.0
10096,2773,3,25.0
2568,878,3,36.0
16401,1832,3,28.0
3849,2726,3,10.9
7785,2285,3,36.0
11103,1612,3,0.1
2448,1612,3,0.2
7286,224,3,168.0
11255,25,3,0.5
8585,572,3,525.0
7248,545,3,78.0
14615,1491,3,680.0
14677,2922,3,17.4
18057,2285,3,55.0
12710,1832,3,11.3
15519,2285,3,41.0
4899,1219,3,0.1
15238,1277,3,11.1
11600,1742,3,69.0
193,725,3,43.0
17194,282,3,47.0
6400,2285,3,63.0
10689,1488,3,66.0
869,1721,3,2.2
6440,2630,3,0.5
15046,2496,3,1.0
6172,2630,3,11.5
4935,1602,3,48.0
1961,2631,3,6.5
8647,2285,3,23.0
7673,2888,3,247.0
9156,2285,3,14.7
14024,2630,3,131.0
13027,2285,3,31.0
15158,2285,3,20.0
7731,2380,3,1646.0
3637,1737,3,13.6
11946,2631,3,206.0
14959,1397,3,20.0
11362,2285,3,30.0
6132,1488,3,428.0
370,2570,3,0.3
13086,1488,3,175.0
9929,1832,3,76.0
10793,1608,3,1028.0
9851,25,3,33.0
3930,2285,3,46.0
10011,2726,3,39.0
12754,68,3,875.0
7285,2285,3,41.0
16086,2285,3,44.0
11910,2285,3,29.0
7305,2285,3,9.3
7699,113,3,496.0
7043,2631,3,17.5
15816,2001,3,124.0
11551,2547,3,38.0
12944,1488,3,431.0
4389,274,3,9.5
1201,2285,3,85.0
10417,237,3,1149.0
2188,2488,3,202.0
4038,100,3,19.9
8158,2439,3,263.0
10688,766,3,85.0
14161,2783,3,23.0
4473,68,3,115.0
8908,2285,3,21.0
10465,2285,3,9.0
6173,1617,3,41.0
3649,1628,3,2.0
5341,2922,3,91.0
5583,1450,3,33.0
17537,2122,3,156.0
1536,2647,3,28.0
13682,1533,3,524.0
3953,2285,3,48.0
8538,1488,3,686.0
18220,2285,3,39.0
171,2285,3,9.0
2591,1838,3,8.1
9331,2922,3,83.0
5011,2285,3,23.0
3161,745,3,0.0
16153,2285,3,2.4
13390,723,3,9.8
16556,1488,3,357.0
12428,2285,3,36.0
7829,745,3,17.4
11535,2285,3,54.0
5295,1321,3,8.2
17610,1832,3,67.0
1694,1716,3,1369.0
2772,1300,3,0.0
11747,1979,3,17.1
11759,2922,3,261.0
10311,1488,3,98.0
246,425,3,5.8
12923,2726,3,5.0
9314,2285,3,101.0
12861,272,3,401.0
20,2380,3,530.0
5034,2285,3,3.5
4126,1324,3,0.6
7088,2630,3,165.0
11822,2285,3,3.8
11860,2881,3,19.1
11235,2285,3,45.0
9985,2285,3,7.5
12996,572,3,52.0
11843,160,3,3.9
7622,2441,3,51.0
4801,1488,3,109.0
17881,2285,3,19.4
11878,246,3,26.0
884,572,3,109.0
2718,1488,3,68.0
8995,2001,3,43.0
14815,2285,3,34.0
3662,828,3,41.0
10611,552,3,130.0
5724,25,3,29.0
2852,2285,3,35.0
3159,2285,3,6.9
14056,2285,3,50.0
3974,919,3,1.9
17918,2631,3,14.2
12996,1745,3,5.6
4317,1832,3,50.0
15154,1690,3,2.7
10317,316,3,12.3
12596,109,3,11.0
10830,2285,3,0.9
6289,68,3,634.0
16954,2285,3,10.8
7487,921,3,9.2
18265,2710,3,2.0
12226,2409,3,20.0
8525,98,3,51.0
12955,2654,3,26.0
2643,2285,3,35.0
6259,243,3,0.6
9405,2285,3,11.8
3537,68,3,470.0
3920,934,3,1.4
4761,565,3,25.0
6896,1832,3,7.4
1950,2205,3,0.2
4441,1488,3,1254.0
15277,1956,3,2.6
4524,2285,3,51.0
4826,791,3,0.2
11121,2243,3,0.5
5426,2285,3,48.0
14908,237,3,2120.0
2470,501,3,51.0
3070,1832,3,29.0
8890,2285,3,1.7
16667,2227,3,400.0
1857,2285,3,37.0
6273,2285,3,44.0
7725,1078,3,2.0
9205,1049,3,29.0
14705,1832,3,110.0
2841,52,3,77.0
2057,2285,3,4.8
3147,944,3,127.0
677,2285,3,28.0
4155,1603,3,8.1
15464,1488,3,43.0
1789,2371,3,18.9
13991,2285,3,3.6
11558,1321,3,64.0
9417,2338,3,1.0
13611,2758,3,13.4
4012,1578,3,424.0
2419,1488,3,21.0
15541,2285,3,25.0
10864,649,3,265.0
6206,25,3,0.8
13968,1636,3,22.0
16796,1166,3,205.0
10700,1721,3,4.0
4333,441,3,33.0
16119,944,3,1240.0
9407,2285,3,3.4
11361,1488,3,127.0
15359,100,3,82.0
359,1628,3,0.6
12192,2726,3,75.0
11998,811,3,339.0
2831,2285,3,28.0
12417,1272,3,731.0
5560,2285,3,44.0
10106,2285,3,43.0
17772,1080,3,9342.0
11976,420,3,0.3
4347,2285,3,29.0
6574,25,3,20.0
1616,195,3,3.7
17263,745,3,118.0
5277,9,3,27.0
15142,368,3,2119.0
15353,818,3,0.8
3410,2631,3,72.0
15799,814,3,1.1
3086,1609,3,2.4
8187,2285,3,9.5
2081,368,3,570.0
488,1189,3,34.0
4548,1612,3,0.0
12256,2285,3,34.0
10428,2292,3,430.0
12763,1956,3,13.6
14538,2285,3,49.0
15660,44,3,379.0
17444,1488,3,10.6
17810,2922,3,186.0
16292,1608,3,525.0
3642,368,3,2100.0
10105,2195,3,6.8
2970,2285,3,58.0
16084,2285,3,15.2
5670,1617,3,522.0
18064,272,3,82.0
13232,2027,3,1.5
12636,2285,3,17.3
17800,2638,3,6.9
15033,1070,3,755.0
11195,2285,3,1.9
12910,549,3,78.0
8599,944,3,43.0
12423,237,3,700.0
1276,2285,3,33.0
7132,2285,3,51.0
6938,2285,3,24.0
16527,1488,3,95.0
8019,2120,3,0.2
4592,2285,3,39.0
7455,405,3,23.0
17335,834,3,0.7
14247,2850,3,31.0
731,718,3,149.0
15770,2285,3,10.0
7034,2285,3,40.0
2573,2285,3,1.4
6631,2285,3,27.0
5402,424,3,7.4
12293,256,3,17.0
1643,237,3,1618.0
13883,1660,3,0.3
5926,1466,3,538.0
222,1612,3,0.0
4530,237,3,14.6
13405,2922,3,106.0
11241,2285,3,30.0
17129,614,3,271.0
9590,1321,3,31.0
10575,213,3,0.1
17394,1228,3,414.0
4533,2285,3,3.0
14246,2831,3,407.0
811,1609,3,12.6
13031,696,3,3.5
15456,1321,3,22.0
15833,2285,3,39.0
5369,594,3,634.0
11442,2285,3,50.0
2401,1655,3,106.0
2284,1488,3,29.0
7076,2922,3,54.0
2397,1832,3,1.6
12089,312,3,1.0
9141,2285,3,40.0
17779,1529,3,327.0
9164,1593,3,25.0
15765,1411,3,0.7
16651,1488,3,199.0
1455,1030,3,17.1
9560,2631,3,77.0
16630,2922,3,108.0
12645,2096,3,254.0
6687,1612,3,0.2
11637,572,3,92.0
1013,2865,3,86.0
1166,1647,3,9.8
16312,368,3,469.0
890,2631,3,271.0
15086,2285,3,66.0
9314,1155,3,1212.0
18114,897,3,593.0
11084,25,3,8.7
3843,1488,3,232.0
14949,237,3,26.0
16807,1696,3,6.7
16947,1128,3,1.9
9122,1488,3,121.0
18061,2643,3,7.8
12450,2366,3,21.0
12637,2285,3,23.0
13924,2205,3,7.8
12425,743,3,0.6
15123,1876,3,60.0
4067,1304,3,169.0
703,1832,3,92.0
5658,132,3,0.1
2657,2922,3,76.0
11695,1612,3,3.0
14982,2096,3,121.0
13706,1488,3,243.0
6176,1128,3,78.0
3372,2631,3,214.0
17787,1827,3,113.0
13262,237,3,1556.0
11500,1581,3,2.2
9921,1488,3,1.8
6313,1944,3,0.9
12349,2285,3,35.0
13047,546,3,43.0
7306,2285,3,17.3
16069,2285,3,10.1
1795,1721,3,156.0
6584,1277,3,6.3
6457,2285,3,31.0
8053,1832,3,52.0
7501,1845,3,30.0
1602,811,3,32.0
13563,272,3,171.0
14757,98,3,14.5
15268,2285,3,1.5
11694,2285,3,45.0
12711,1488,3,62.0
3912,556,3,611.0
6996,1832,3,24.0
14702,1488,3,892.0
4894,2639,3,181.0
5255,2285,3,25.0
5961,1488,3,68.0
9621,1533,3,2555.0
16109,368,3,5055.0
18061,811,3,170.0
4836,810,3,0.6
8962,753,3,0.2
10804,274,3,4.6
3158,1937,3,0.8
558,2631,3,101.0
1762,445,3,44.0
4218,2285,3,30.0
2458,2726,3,57.0
7786,1228,3,64.0
9722,1488,3,48.0
9335,1027,3,900.0
8172,2285,3,1.9
668,268,3,12.6
9956,572,3,174.0
1503,725,3,23.0
7209,2631,3,250.0
9586,237,3,1891.0
4752,2285,3,22.0
12319,2529,3,0.4
13587,745,3,427.0
6020,1625,3,30.0
4924,1189,3,33.0
9753,2006,3,6.8
10481,1488,3,109.0
10499,1300,3,50.0
11995,1321,3,34.0
5865,1612,3,0.1
7105,1832,3,32.0
6981,2285,3,26.0
28,1128,3,32.0
9893,897,3,163.0
16010,237,3,1041.0
3630,2285,3,3.5
14054,1913,3,14.4
14055,1608,3,3567.0
10171,2285,3,30.0
17169,25,3,4.9
13683,2285,3,49.0
4717,237,3,381.0
2431,2496,3,3.3
660,1321,3,17.4
6661,913,3,12.4
13299,2285,3,43.0
4035,1488,3,109.0
15814,811,3,213.0
11379,2285,3,61.0
16828,1838,3,1.1
503,2285,3,37.0
3312,2285,3,7.3
1089,1655,3,29.0
11164,944,3,534.0
7139,1488,3,3.6
1032,2285,3,62.0
4769,354,3,25.0
14844,1655,3,90.0
2713,1449,3,4.6
7235,745,3,15.1
10389,2229,3,452.0
17807,354,3,24.0
10337,302,3,264.0
1172,2285,3,34.0
1540,1612,3,0.7
9606,1304,3,308.0
6549,990,3,3.0
1440,2759,3,704.0
5835,2285,3,41.0
2726,2285,3,24.0
3222,132,3,112.0
3690,2726,3,154.0
16101,100,3,7.4
2960,2285,3,36.0
429,1189,3,3.0
4571,2285,3,2.3
1976,1832,3,51.0
5796,2285,3,49.0
7629,1832,3,34.0
6635,1488,3,28.0
4545,1488,3,78.0
7963,2285,3,37.0
736,1785,3,494.0
13320,1024,3,6.3
3888,743,3,2.8
15330,1300,3,26.0
7011,2285,3,24.0
1570,424,3,1.1
5726,725,3,39.0
4190,1832,3,27.0
3196,1876,3,14.6
7574,2285,3,44.0
1617,2285,3,18.8
15975,1832,3,157.0
2169,2285,3,81.0
17142,549,3,69.0
17330,2285,3,50.0
11847,2336,3,1.6
11425,1488,3,118.0
15696,1832,3,45.0
3113,2285,3,14.8
13131,1300,3,1029.0
14482,2285,3,43.0
2600,1488,3,25.0
5833,696,3,0.0
12734,368,3,1987.0
13290,1096,3,4.1
14092,2285,3,21.0
3394,2865,3,37.0
8867,2285,3,28.0
1702,237,3,1066.0
2782,2930,3,20.0
12941,1488,3,140.0
7200,1166,3,5.2
16914,2285,3,92.0
12978,2285,3,50.0
5866,237,3,510.0
7754,1612,3,2.4
3301,2858,3,28.0
199,1488,3,3627.0
496,2285,3,62.0
9060,745,3,70.0
11834,2631,3,225.0
11007,2001,3,86.0
16891,450,3,28.0
1295,17,3,3.5
4119,2285,3,69.0
6958,2285,3,6.2
12268,1427,3,0.8
1107,1612,3,5.2
6094,1632,3,1273.0
7969,2285,3,10.4
3137,2922,3,73.0
13558,2285,3,33.0
1301,2631,3,145.0
6866,1628,3,1.0
9750,1776,3,59.0
18130,2285,3,11.4
14468,2285,3,22.0
12196,2285,3,32.0
13699,2285,3,37.0
15211,2618,3,0.8
895,2285,3,4.2
6350,1202,3,41.0
2029,2831,3,16.2
3044,1004,3,7.6
3968,933,3,8.9
5776,2726,3,162.0
9669,2285,3,44.0
11176,2285,3,30.0
14577,1488,3,144.0
6459,2285,3,7.9
5365,2911,3,597.0
12021,2285,3,12.5
9865,343,3,36.0
16076,1612,3,0.2
8954,1128,3,31.0
18238,2630,3,261.0
2034,2631,3,68.0
3389,1488,3,561.0
3685,2911,3,59.0
9614,1304,3,67.0
12048,2409,3,0.8
4183,1488,3,14.6
3817,2339,3,7.3
16534,1612,3,0.1
3853,2285,3,50.0
13795,1488,3,1142.0
16879,1832,3,66.0
5780,1703,3,0.3
661,2285,3,48.0
9765,1792,3,203.0
17467,814,3,1189.0
17842,1578,3,213.0
10860,2631,3,107.0
2119,1612,3,0.0
1773,2285,3,18.5
1402,1612,3,0.2
9531,1609,3,36.0
7647,2285,3,52.0
18258,237,3,1257.0
8077,1471,3,27.0
1030,745,3,2.6
6685,2630,3,65.0
1662,1488,3,335.0
4665,2285,3,28.0
2067,2639,3,67.0
8705,2285,3,60.0
13478,2579,3,17.7
14095,312,3,124.0
5556,2439,3,205.0
2451,237,3,77.0
6783,1612,3,2.2
2376,1603,3,4.3
15509,274,3,27.0
15157,68,3,877.0
6276,2478,3,86.0
2858,2027,3,103.0
14708,1085,3,0.4
442,2562,3,11.3
18037,2285,3,34.0
15110,1875,3,19.6
7283,237,3,581.0
6625,2285,3,29.0
8980,203,3,13.5
12386,1300,3,73.0
11766,2813,3,0.0
3055,237,3,240.0
16154,1612,3,0.4
2375,2285,3,45.0
5841,113,3,5.5
3720,565,3,159.0
8842,237,3,1059.0
14215,68,3,585.0
4040,1488,3,8.1
5921,2195,3,5.9
15228,2285,3,71.0
3424,1228,3,104.0
12932,594,3,604.0
11005,946,3,132.0
15262,2285,3,74.0
7948,732,3,2678.0
1022,2844,3,12.8
8462,572,3,150.0
15848,1890,3,9.1
17331,2285,3,36.0
8789,1947,3,87.0
1103,1612,3,0.1
8135,1832,3,138.0
7358,1342,3,600.0
1496,1128,3,53.0
10217,2285,3,25.0
12709,2285,3,43.0
16678,614,3,6.1
1929,2285,3,43.0
405,2285,3,55.0
13874,2340,3,104.0
7341,811,3,110.0
16183,2496,3,30.0
1050,2630,3,333.0
15439,2842,3,5.1
9082,2602,3,4.6
7401,2285,3,45.0
14155,1128,3,12.0
3677,2285,3,57.0
3996,781,3,26.0
16585,2285,3,56.0
7557,1717,3,2.6
17628,140,3,4.3
11854,1937,3,2.0
16545,1488,3,59.0
12149,2229,3,100.0
8131,100,3,681.0
13335,1304,3,24.0
9780,1488,3,49.0
4608,237,3,1369.0
16721,2285,3,29.0
1485,2896,3,0.7
16209,1612,3,5.1
16500,1488,3,28.0
1470,25,3,20.0
13976,2229,3,0.4
392,2489,3,41.0
3012,1776,3,0.0
13985,1202,3,0.4
8320,944,3,2189.0
7728,1776,3,19.2
11018,1832,3,51.0
3419,368,3,1705.0
18061,1488,3,41.0
11947,2285,3,19.4
8332,1999,3,34.0
5681,2285,3,6.5
14315,2726,3,18.3
16370,1832,3,36.0
3387,1612,3,0.7
17039,1838,3,18.0
1636,1776,3,4.0
5951,594,3,1.2
4291,2285,3,1.3
13049,237,3,325.0
17257,2285,3,57.0
12947,284,3,11.2
30,2285,3,41.0
13444,572,3,104.0
13897,1981,3,45.0
17123,2285,3,70.0
1630,2850,3,13.8
11159,1488,3,190.0
5709,1491,3,313.0
10471,734,3,11.7
495,2922,3,166.0
12173,944,3,2585.0
7421,271,3,153.0
13015,2615,3,10.2
9482,2285,3,24.0
5462,2285,3,36.0
12618,2285,3,61.0
9509,2639,3,43.0
5625,1488,3,4.6
12264,1726,3,27.0
4973,944,3,1170.0
9041,1488,3,262.0
1049,153,3,1.7
6368,2726,3,1.5
17109,2285,3,10.7
8442,132,3,40.0
4205,1333,3,416.0
17342,1937,3,3.5
147,2195,3,8.6
8625,1141,3,84.0
489,368,3,700.0
8297,2285,3,62.0
8608,1827,3,34.0
2313,2285,3,0.2
5370,1488,3,138.0
12974,2630,3,376.0
3033,2631,3,295.0
10257,2285,3,4.0
7282,1635,3,1463.0
15011,237,3,754.0
580,392,3,0.9
9198,2631,3,1.7
4235,2631,3,33.0
7304,2639,3,44.0
2293,2285,3,34.0
12315,1488,3,1.1
15171,1686,3,17.4
5538,2285,3,40.0
5964,2285,3,24.0
15118,1488,3,16.6
5094,1300,3,189.0
9302,1721,3,8.6
13221,1536,3,0.2
12957,1713,3,66.0
2356,2001,3,23.0
17260,2285,3,46.0
2320,1488,3,6.6
17078,237,3,300.0
13728,2200,3,0.0
4631,2922,3,64.0
15986,2562,3,0.6
12148,2285,3,62.0
8448,279,3,558.0
10626,1488,3,52.0
5527,1030,3,85.0
2912,2285,3,29.0
5015,946,3,189.0
5638,2205,3,4.5
17754,2285,3,1.7
5016,2922,3,477.0
12120,25,3,1.2
6860,2922,3,56.0
13021,1488,3,14.0
8459,2773,3,38.0
13736,2922,3,103.0
13142,2343,3,385.0
13283,25,3,7.8
17569,237,3,888.0
4335,854,3,224.0
12375,1488,3,699.0
12430,237,3,794.0
9423,1973,3,5.9
14011,579,3,3.9
990,1277,3,6.9
11968,2140,3,237.0
15044,290,3,0.6
15180,2122,3,2.6
5434,52,3,32.0
6260,2631,3,50.0
14141,1690,3,5.1
1274,944,3,1877.0
3134,2409,3,25.0
16375,2096,3,173.0
16553,237,3,3366.0
5422,2285,3,46.0
12105,2270,3,387.0
11612,1108,3,1.2
6559,2285,3,61.0
12649,955,3,0.4
15915,1488,3,9.5
14333,267,3,0.4
8230,2285,3,48.0
12657,944,3,338.0
16271,1832,3,63.0
17100,580,3,30.0
12179,1096,3,3.6
7938,814,3,2.9
989,1583,3,43.0
12079,237,3,1854.0
12308,2285,3,24.0
466,766,3,14.0
11481,1488,3,158.0
8091,1612,3,0.2
18015,2285,3,20.0
12697,1189,3,74.0
11609,2285,3,37.0
8114,2285,3,104.0
18005,2285,3,73.0
14973,1156,3,2.7
1256,2285,3,60.0
2088,1228,3,208.0
1871,2285,3,55.0
9411,2039,3,32.0
18162,2285,3,33.0
6395,444,3,78.0
11173,1128,3,1.2
6122,2726,3,191.0
16145,2631,3,76.0
7036,2285,3,37.0
15562,2922,3,151.0
17204,2285,3,45.0
2822,1128,3,15.2
9393,2285,3,55.0
18021,2522,3,0.2
12888,2285,3,35.0
4453,2614,3,0.2
12949,1695,3,3.0
339,272,3,4.8
14967,1947,3,6.9
8965,237,3,1681.0
3972,2285,3,47.0
7610,1832,3,19.4
16294,2285,3,19.2
13515,2205,3,12.4
17124,2285,3,67.0
15882,2439,3,0.7
4821,25,3,21.0
857,1341,3,46.0
15786,68,3,1673.0
3754,708,3,5.7
9360,2096,3,0.4
8855,2631,3,244.0
16808,2630,3,128.0
6989,272,3,6.6
10564,2001,3,10.0
12232,1488,3,867.0
4315,2285,3,56.0
13816,2708,3,49.0
1634,2285,3,33.0
10281,2285,3,43.0
11067,2285,3,23.0
8605,1832,3,60.0
13200,2876,3,208.0
2686,2285,3,70.0
6445,944,3,5317.0
14633,154,3,10.7
7735,946,3,99.0
113,2285,3,22.0
4055,1464,3,0.0
10622,237,3,1181.0
7907,2721,3,0.2
4751,1832,3,45.0
11030,944,3,1959.0
110,946,3,982.0
10732,2285,3,70.0
12404,1304,3,434.0
14691,811,3,109.0
11165,1300,3,183.0
1459,854,3,92.0
12541,237,3,23.0
3011,1612,3,2.7
10498,1832,3,67.0
6971,2726,3,24.0
12749,1488,3,53.0
8679,237,3,160.0
5611,25,3,6.6
15326,1044,3,1.1
6028,546,3,71.0
10759,282,3,55.0
7237,2028,3,34.0
10949,2922,3,193.0
42,1407,3,0.6
1755,1488,3,141.0
7717,944,3,1004.0
9349,2930,3,362.0
2147,2409,3,103.0
122,2285,3,54.0
13732,1206,3,17.5
13213,77,3,63.0
17943,2285,3,0.3
12043,2340,3,20.0
7058,2844,3,19.0
893,1166,3,274.0
1093,1838,3,18.8
3443,1628,3,1.3
14929,2016,3,1.3
1326,797,3,43.0
15629,1832,3,45.0
9068,2285,3,24.0
9776,1414,3,0.5
7059,405,3,0.6
13206,1128,3,74.0
2488,2285,3,31.0
11291,2103,3,0.1
9101,1488,3,15.5
2444,2285,3,98.0
9445,1721,3,4.5
12432,25,3,28.0
185,1937,3,1.4
15627,1777,3,1.0
4695,2922,3,34.0
4276,1488,3,214.0
18219,2285,3,39.0
1872,2848,3,38.0
12124,1202,3,21.0
5392,1488,3,411.0
5122,2386,3,5.3
16603,1451,3,1.2
12737,1832,3,71.0
16326,811,3,191.0
15127,455,3,0.1
13921,743,3,4.0
9928,2376,3,2.3
8987,2714,3,9.4
533,2285,3,2.0
18061,2562,3,10.6
14021,944,3,4277.0
11580,2526,3,104.0
6280,2380,3,1992.0
14415,237,3,242.0
13381,2285,3,24.0
3383,272,3,0.4
12380,1335,3,0.4
15290,2285,3,55.0
12631,68,3,1137.0
5848,1721,3,343.0
11609,1488,3,93.0
1955,2195,3,3.0
10737,1488,3,120.0
13572,2285,3,46.0
1038,2285,3,51.0
13039,1128,3,53.0
17763,2439,3,147.0
4217,2922,3,85.0
746,745,3,48.0
8455,2285,3,14.5
6080,1488,3,2891.0
7820,1488,3,434.0
3747,1488,3,6.4
10600,1488,3,121.0
10385,2285,3,35.0
7133,1300,3,0.1
10306,1488,3,12.7
6156,2420,3,1.1
16344,2285,3,6.6
17152,2285,3,47.0
18007,2285,3,14.3
16285,282,3,21.0
249,1608,3,1252.0
773,2630,3,270.0
8784,2437,3,47.0
865,1832,3,37.0
16323,2285,3,3.4
13004,2865,3,52.0
14185,556,3,34.0
4415,1832,3,0.6
7394,689,3,10.8
6049,2639,3,10.3
12866,1612,3,3.5
6788,2268,3,0.6
12561,100,3,378.0
16866,2441,3,30.0
10534,2285,3,2.6
1274,2285,3,24.0
11269,271,3,12.0
5975,868,3,0.1
8495,2195,3,12.7
11624,25,3,2.2
872,2759,3,1042.0
5154,919,3,8.4
8611,1875,3,0.1
11047,1612,3,0.2
14873,237,3,1353.0
11023,1628,3,0.8
6882,2285,3,3.8
13038,2488,3,529.0
11788,2340,3,0.8
10611,2285,3,31.0
8876,1277,3,7.6
11120,2441,3,10.9
18180,2285,3,30.0
5822,2285,3,44.0
15130,343,3,566.0
1795,1488,3,315.0
7276,52,3,14.7
5993,1612,3,3.6
3862,2057,3,0.9
242,1832,3,19.7
5374,1128,3,9.2
8816,1304,3,3.6
8012,2726,3,63.0
7593,237,3,638.0
11925,1128,3,25.0
915,2630,3,2.3
6148,1488,3,5.8
6490,2285,3,26.0
7122,1612,3,7.0
4839,2225,3,460.0
5999,1654,3,0.1
10426,1128,3,14.2
2733,1823,3,1.1
549,1488,3,92.0
6503,2001,3,1.5
7169,1979,3,2.4
221,2922,3,89.0
17841,944,3,1766.0
13620,2285,3,41.0
15282,2285,3,13.5
15361,2285,3,17.5
15967,1701,3,0.5
12972,2285,3,15.0
4956,2285,3,88.0
14479,534,3,38.0
17513,1488,3,19.0
15822,1128,3,23.0
7492,2627,3,2.2
10283,2285,3,25.0
15639,1166,3,143.0
12127,1467,3,1.6
17296,1937,3,0.2
6956,2087,3,2.2
5148,2574,3,5.3
4933,302,3,31.0
7697,1188,3,20.0
8690,2195,3,5.0
2771,237,3,80.0
11302,1341,3,7.4
6234,2285,3,21.0
621,2195,3,5.7
15136,1617,3,476.0
7695,2371,3,14.9
17183,2922,3,87.0
6835,2285,3,35.0
10713,2922,3,60.0
7796,992,3,766.0
11478,2912,3,0.4
9267,2489,3,15.4
7978,2285,3,13.1
16085,2285,3,47.0
11907,2285,3,51.0
12852,1321,3,117.0
18059,1612,3,3.9
1280,2285,3,25.0
14063,1208,3,36.0
1208,944,3,281.0
15909,897,3,4.4
11749,2285,3,4.0
9962,1488,3,27.0
15108,2285,3,17.7
9004,1488,3,98.0
499,1488,3,78.0
11400,1488,3,812.0
3003,2285,3,3.6
7751,2285,3,4.7
14142,1128,3,96.0
7479,2630,3,225.0
13693,2631,3,251.0
851,814,3,122.0
10725,1277,3,11.9
17557,2285,3,32.0
5636,2285,3,35.0
15289,2285,3,43.0
2350,2631,3,2.0
5934,978,3,0.0
15089,272,3,61.0
17530,1488,3,124.0
13733,2395,3,5.0
7906,2039,3,54.0
12524,811,3,254.0
10215,725,3,3.3
17839,2058,3,2.8
8884,237,3,227.0
6203,1044,3,6.8
2521,9,3,1.0
3265,1611,3,290.0
7366,272,3,102.0
605,1827,3,171.0
15965,237,3,1311.0
9974,545,3,63.0
1794,2285,3,38.0
14100,2726,3,17.4
16188,237,3,356.0
8355,2922,3,130.0
1848,1128,3,210.0
11264,1488,3,18.1
11231,2285,3,38.0
5832,1128,3,21.0
1193,2828,3,10.8
6282,2285,3,33.0
17922,2285,3,36.0
15022,545,3,1.2
14251,2295,3,31.0
6384,2285,3,31.0
9050,2285,3,53.0
3540,811,3,91.0
16788,537,3,25.0
10092,2122,3,8.8
11390,2630,3,126.0
12902,343,3,11.0
17311,2726,3,69.0
1062,2285,3,0.8
180,2285,3,9.2
17343,811,3,38.0
7962,312,3,63.0
10399,2285,3,34.0
10972,1832,3,199.0
7029,814,3,1.4
2712,2922,3,164.0
11718,1832,3,39.0
13731,1488,3,405.0
11204,1488,3,63.0
10846,1608,3,1636.0
16222,992,3,1.0
17823,1889,3,10.5
15506,2285,3,10.6
9195,1610,3,18.0
13534,2832,3,30.0
14351,1321,3,22.0
17237,2285,3,0.5
6740,972,3,25.0
5915,2692,3,12.0
4860,2195,3,10.4
15704,1468,3,54.0
7056,614,3,243.0
16880,237,3,441.0
14788,2285,3,68.0
7791,1488,3,103.0
8827,1090,3,134.0
10686,2285,3,2.4
2864,343,3,2.2
6965,1304,3,206.0
8676,811,3,178.0
16181,725,3,1.5
15535,1937,3,11.7
15902,1488,3,22.0
8079,1488,3,33.0
5288,556,3,0.1
1510,2285,3,37.0
3705,2285,3,36.0
8547,2380,3,464.0
3663,2285,3,17.7
786,556,3,1307.0
16858,2285,3,15.2
13923,2001,3,4.8
14370,1491,3,1171.0
12531,836,3,140.0
3466,2285,3,53.0
5612,2639,3,5.1
317,2285,3,9.7
9239,1488,3,119.0
945,946,3,200.0
8700,2195,3,9.3
10308,2016,3,0.4
14670,2526,3,133.0
16748,2178,3,1.1
14550,302,3,3.8
8670,2285,3,52.0
8674,2285,3,38.0
7614,1362,3,49.0
9576,2922,3,144.0
18085,1488,3,14.0
3215,282,3,1.3
13517,2922,3,437.0
4186,1166,3,57.0
2805,1718,3,669.0
1389,2922,3,176.0
9268,2285,3,17.7
14656,2285,3,34.0
11405,1185,3,0.4
947,811,3,357.0
14562,1189,3,5.3
12797,2380,3,246.0
9066,1422,3,0.6
11295,2285,3,13.4
1080,2726,3,227.0
10458,1488,3,17.8
13484,944,3,588.0
15318,518,3,0.6
3417,1947,3,1.2
268,2122,3,19.6
18275,1612,3,0.2
10297,1721,3,16.9
4676,2285,3,66.0
10397,2285,3,28.0
6187,1084,3,14.2
2063,1513,3,1.3
9697,2474,3,52.0
18118,2831,3,97.0
13388,237,3,744.0
17098,237,3,142.0
9589,2285,3,35.0
8057,2285,3,32.0
2819,296,3,57.0
2449,1875,3,12.0
9253,1655,3,7.0
2274,2535,3,1.1
12301,237,3,285.0
15618,2285,3,78.0
14555,518,3,5.4
2599,2922,3,141.0
571,2285,3,40.0
8481,2922,3,127.0
11104,2922,3,321.0
2922,1488,3,290.0
1875,572,3,171.0
15631,743,3,7.6
7915,545,3,33.0
11975,2285,3,44.0
534,1488,3,101.0
6275,2630,3,1669.0
14643,376,3,20.0
3308,1488,3,15.2
16781,811,3,150.0
11825,1488,3,214.0
16367,521,3,1827.0
14492,2630,3,323.0
11537,2001,3,93.0
9884,1166,3,133.0
3742,2630,3,52.0
2425,2911,3,701.0
13636,2285,3,1.5
7679,897,3,14.9
13866,265,3,0.4
4746,1832,3,70.0
18137,2922,3,124.0
2824,2922,3,80.0
6193,1128,3,42.0
1580,1378,3,14.9
1324,2285,3,26.0
10647,1304,3,61.0
14256,237,3,1960.0
17104,2285,3,70.0
13222,555,3,221.0
17809,2922,3,107.0
7718,2339,3,2.0
12675,2285,3,52.0
14106,1317,3,16.8
5876,2285,3,35.0
7211,2726,3,65.0
153,1947,3,2.8
16197,1488,3,139.0
615,1596,3,0.9
9881,1832,3,44.0
12322,1488,3,35.0
6773,2631,3,240.0
15,2631,3,84.0
7549,1044,3,17.5
11229,2922,3,118.0
2173,1488,3,89.0
929,2726,3,802.0
1919,2526,3,124.0
17585,2631,3,238.0
3371,1189,3,3.3
8968,1128,3,26.0
17112,1192,3,67.0
13462,1832,3,0.0
13778,166,3,18.8
15544,2122,3,76.0
5569,1832,3,75.0
1312,368,3,197.0
17717,2843,3,35.0
17600,1030,3,260.0
8376,2630,3,0.1
12968,1177,3,53.0
16264,2001,3,29.0
10316,2194,3,442.0
10584,1488,3,340.0
3622,2285,3,39.0
14552,2380,3,258.0
2252,2285,3,43.0
12241,2607,3,63.0
16930,2380,3,2.4
10752,1876,3,7.1
11618,2285,3,27.0
977,2285,3,0.2
4346,897,3,17.7
11389,2922,3,2.0
13606,2285,3,23.0
9070,1721,3,21.0
155,1030,3,121.0
5584,725,3,35.0
4907,2365,3,0.0
9937,2285,3,23.0
9579,368,3,3029.0
17468,1617,3,334.0
12705,68,3,1383.0
631,1037,3,1503.0
11345,2619,3,10.0
988,2285,3,15.6
6806,2780,3,124.0
4908,1202,3,0.0
11493,25,3,25.0
15539,537,3,19.2
2022,74,3,0.6
5472,1488,3,85.0
14756,2726,3,148.0
13482,100,3,154.0
4559,944,3,526.0
10885,2285,3,34.0
318,2195,3,1.3
13841,2285,3,30.0
16015,2285,3,14.9
6140,725,3,84.0
5312,556,3,21.0
9687,1609,3,91.0
4920,2285,3,39.0
896,2285,3,29.0
7617,1407,3,0.6
17534,1488,3,38.0
17840,2366,3,24.0
3513,2631,3,4.4
14834,2710,3,0.8
17385,2439,3,97.0
17224,1488,3,256.0
17077,2489,3,101.0
18040,2780,3,78.0
2420,2639,3,44.0
9493,2285,3,23.0
1398,1488,3,5.8
3793,237,3,696.0
1026,98,3,37.0
8289,1128,3,5.2
10995,274,3,2.6
3911,580,3,47.0
12603,68,3,1028.0
15684,2285,3,79.0
5631,725,3,84.0
987,2285,3,17.8
10302,2496,3,6.0
11438,2285,3,87.0
6868,2285,3,61.0
13591,1492,3,1537.0
16519,2598,3,0.3
5156,1832,3,1.1
13227,2630,3,353.0
4016,25,3,22.0
14069,2285,3,3.8
8394,1937,3,3.4
14845,2285,3,32.0
3364,642,3,3.2
9218,580,3,13.0
10405,2562,3,2.4
611,2526,3,2.4
15091,946,3,38.0
1092,1488,3,401.0
4767,68,3,468.0
17139,68,3,892.0
8837,828,3,271.0
2605,2285,3,14.7
4788,237,3,3238.0
10173,1612,3,4.9
5182,132,3,269.0
4150,1488,3,93.0
14160,2856,3,20.0
15838,1937,3,10.0
3878,946,3,130.0
9774,2272,3,0.4
10897,1128,3,131.0
8932,2229,3,762.0
13845,946,3,4.2
8485,1776,3,32.0
3385,68,3,1218.0
17934,1944,3,0.4
11278,2922,3,109.0
17058,2285,3,44.0
12741,1037,3,48.0
2275,1785,3,235.0
12214,2285,3,1.1
18140,1488,3,34.0
2001,2285,3,36.0
7198,2619,3,119.0
1394,1035,3,12.9
13072,1612,3,0.2
13758,1838,3,3.1
5301,2922,3,289.0
10709,1488,3,194.0
2596,2865,3,742.0
16636,2020,3,293.0
5524,1323,3,388.0
10423,2726,3,51.0
12437,1674,3,13.1
6405,68,3,791.0
13738,743,3,53.0
12418,2285,3,51.0
13937,1321,3,82.0
7729,2285,3,36.0
8875,2285,3,56.0
17181,854,3,31.0
400,2285,3,31.0
4720,1488,3,670.0
12523,2922,3,139.0
589,2285,3,10.8
15651,237,3,638.0
15935,2285,3,12.8
8852,2285,3,51.0
15299,255,3,0.1
9571,2285,3,42.0
3035,25,3,44.0
12128,2285,3,43.0
4771,2285,3,71.0
9501,2285,3,53.0
2467,944,3,228.0
11821,2285,3,37.0
8065,1488,3,102.0
9700,142,3,0.2
16460,1488,3,52.0
15260,1838,3,6.8
11040,1488,3,80.0
5025,811,3,170.0
17246,2285,3,38.0
17471,725,3,66.0
6411,1488,3,103.0
15319,572,3,75.0
590,399,3,75.0
8298,2,3,0.1
17267,2380,3,1007.0
10690,237,3,563.0
13647,864,3,6.0
4692,1491,3,516.0
4555,1284,3,0.4
7903,2285,3,31.0
6131,1321,3,67.0
4840,1827,3,9.5
14182,2285,3,27.0
17915,539,3,4.8
16476,1525,3,2.8
1370,1632,3,316.0
16434,395,3,433.0
15868,2285,3,12.6
13673,2285,3,59.0
15753,1488,3,62.0
16756,2285,3,13.1
2639,179,3,74.0
2811,2780,3,277.0
14234,1583,3,211.0
8619,2285,3,27.0
11888,2285,3,60.0
10994,2285,3,64.0
11565,2195,3,2.2
8149,2285,3,34.0
10158,374,3,0.1
16661,2380,3,730.0
9557,2285,3,52.0
9045,1608,3,3081.0
206,1166,3,98.0
18162,1156,3,0.1
18249,25,3,62.0
673,282,3,227.0
4215,271,3,4.7
1535,2922,3,52.0
13593,2398,3,15.0
6387,766,3,85.0
13994,137,3,19.3
1812,2285,3,6.5
4562,2492,3,0.2
6346,881,3,3.6
12216,2285,3,39.0
3132,1488,3,34.0
7775,2489,3,3.0
12909,2631,3,88.0
3500,1488,3,19.8
1046,1228,3,54.0
9459,100,3,528.0
5052,387,3,263.0
412,2285,3,5.6
11508,1832,3,12.7
1974,2831,3,1204.0
5070,2296,3,2.0
13901,1166,3,4.1
15072,2380,3,1278.0
14692,1832,3,27.0
6666,2529,3,0.4
6699,1488,3,1137.0
12593,2285,3,12.2
808,1605,3,18.2
6763,2285,3,54.0
3461,2285,3,36.0
14000,98,3,41.0
12044,1557,3,481.0
12130,1488,3,82.0
15092,2922,3,72.0
6179,1488,3,99.0
17525,1721,3,226.0
8211,2515,3,0.2
6766,1612,3,0.0
8724,100,3,434.0
7422,1832,3,40.0
16066,2285,3,74.0
11735,2831,3,449.0
3560,237,3,920.0
13350,2290,3,19.4
13266,2339,3,64.0
1187,237,3,1057.0
1255,1488,3,73.0
5418,68,3,39.0
289,2496,3,41.0
15057,2285,3,23.0
2506,31,3,43.0
16576,2096,3,216.0
2404,572,3,187.0
243,1488,3,40.0
17579,1832,3,12.8
7932,1612,3,3.0
9598,2122,3,83.0
4143,2536,3,5.4
15670,2285,3,54.0
8781,368,3,7605.0
13854,251,3,553.0
550,2195,3,6.7
7625,1937,3,5.8
9739,237,3,264.0
7779,1488,3,1.7
6785,2922,3,52.0
1747,897,3,366.0
2585,1832,3,36.0
903,1228,3,26.0
4944,2195,3,10.2
6765,2285,3,0.3
17617,2285,3,0.1
16376,572,3,77.0
6266,2922,3,78.0
3477,1937,3,18.0
165,811,3,89.0
13279,2631,3,23.0
7812,1785,3,224.0
11792,1228,3,106.0
14305,68,3,1940.0
7352,2285,3,50.0
17575,151,3,18.0
3929,1617,3,307.0
8265,2844,3,13.3
15847,76,3,5.4
15842,2285,3,24.0
14080,2630,3,617.0
3442,2285,3,46.0
17549,1121,3,1.4
15846,2842,3,18.1
12104,814,3,671.0
7110,272,3,334.0
6103,1612,3,2.6
15302,2285,3,51.0
11522,2630,3,24.0
9376,1155,3,94.0
4617,762,3,50.0
4828,718,3,167.0
11422,2285,3,33.0
15903,351,3,174.0
6311,2389,3,0.0
16131,1612,3,0.0
13931,2922,3,53.0
1413,113,3,84.0
6507,1612,3,0.2
15029,1321,3,108.0
185,2285,3,73.0
14086,2833,3,1731.0
2138,100,3,13.8
16657,2285,3,29.0
10522,1608,3,1524.0
16564,1488,3,39.0
11616,811,3,87.0
18169,1008,3,3.3
2873,1937,3,0.3
8451,1488,3,54.0
8901,1128,3,48.0
2316,2285,3,0.7
13774,2285,3,39.0
3327,2285,3,50.0
3718,2526,3,53.0
9456,1980,3,10.8
12936,1488,3,0.9
8280,2864,3,347.0
13528,1488,3,72.0
4196,1488,3,256.0
4054,1488,3,783.0
16474,1755,3,36.0
16163,1488,3,13.9
11274,482,3,7.0
329,2780,3,10.7
12184,545,3,2.8
17178,2001,3,45.0
5641,1982,3,23.0
15806,2285,3,72.0
313,944,3,1014.0
1648,1488,3,83.0
14658,572,3,235.0
8507,1094,3,1.2
3225,1591,3,2171.0
4397,2285,3,22.0
3998,564,3,3.0
12942,2285,3,33.0
14914,272,3,48.0
14846,2332,3,14.2
7450,2285,3,37.0
3633,696,3,36.0
13468,2285,3,9.6
5484,811,3,540.0
16078,368,3,2117.0
10528,95,3,3.0
11703,100,3,79.0
17505,1832,3,94.0
15802,1128,3,20.0
16884,711,3,1.8
873,2865,3,100.0
23,537,3,3.3
17196,1604,3,35.0
16685,1737,3,4.0
8820,2027,3,110.0
1305,2726,3,37.0
5074,2460,3,9.7
6829,2285,3,59.0
14540,652,3,0.1
16241,2285,3,29.0
16628,2122,3,285.0
17463,237,3,2584.0
8058,214,3,108.0
12827,1612,3,1.1
11151,2006,3,164.0
7753,2631,3,50.0
799,2285,3,30.0
5931,237,3,943.0
10292,237,3,564.0
17601,1488,3,458.0
3348,2380,3,845.0
12768,2692,3,24.0
16110,1177,3,36.0
11661,2285,3,19.6
2883,2285,3,38.0
7653,2922,3,74.0
10270,2298,3,66.0
6159,68,3,1015.0
5052,725,3,58.0
1833,2726,3,5.6
6974,1721,3,23.0
7449,2285,3,33.0
397,725,3,36.0
9592,1979,3,9.2
14629,2285,3,39.0
538,2285,3,10.4
1185,2285,3,28.0
6558,2285,3,26.0
348,680,3,69.0
11733,2285,3,48.0
14218,2285,3,6.7
4303,2285,3,25.0
1528,766,3,36.0
14939,2285,3,42.0
8096,745,3,113.0
7514,2630,3,108.0
3767,399,3,2989.0
5,237,3,707.0
10460,237,3,391.0
18099,2619,3,168.0
10590,2285,3,43.0
13622,1628,3,0.8
14213,2285,3,47.0
2843,976,3,4.8
3379,814,3,322.0
3532,1128,3,64.0
11136,1596,3,1.8
18253,1128,3,448.0
10318,2726,3,8.2
1040,2285,3,0.2
7427,2843,3,1.0
4972,2631,3,21.0
930,2424,3,6.6
12563,237,3,186.0
7382,2285,3,15.1
16832,1488,3,7.6
8719,1488,3,65.0
6695,814,3,5.3
10260,2285,3,0.7
17407,1887,3,6.1
522,1427,3,0.0
10205,2631,3,533.0
5978,2013,3,38.0
17298,1827,3,151.0
12744,25,3,8.4
1654,2285,3,20.0
16736,556,3,0.5
1102,1832,3,41.0
9086,766,3,379.0
42,282,3,3.3
7652,944,3,8.6
9338,2630,3,369.0
17090,2285,3,52.0
3430,1488,3,79.0
2071,2285,3,48.0
13324,820,3,2.4
1079,1488,3,63.0
9303,1596,3,1.3
16609,565,3,11.5
12408,1087,3,1.8
53,68,3,2909.0
15476,373,3,88.0
3877,1488,3,67.0
2623,100,3,422.0
11696,1655,3,277.0
1534,1189,3,48.0
15957,2285,3,38.0
4748,933,3,9.6
7181,1492,3,2646.0
6541,1488,3,45.0
3936,2439,3,64.0
15144,2285,3,58.0
18019,537,3,0.7
16690,2654,3,4.2
6335,2285,3,31.0
17837,1235,3,3.1
10728,1488,3,12.2
4940,2409,3,71.0
3763,1488,3,24.0
11318,1488,3,49.0
17631,2285,3,36.0
13944,2195,3,2.5
17675,2726,3,104.0
2996,2630,3,242.0
6831,1203,3,29.0
10198,2285,3,62.0
17095,2911,3,1985.0
5158,2285,3,40.0
11804,2285,3,47.0
12903,1832,3,13.7
11104,2285,3,42.0
14433,68,3,702.0
15707,68,3,775.0
11510,2831,3,222.0
9012,2285,3,32.0
10491,25,3,46.0
7062,1557,3,282.0
11311,572,3,178.0
3288,272,3,94.0
6484,1488,3,148.0
16631,811,3,63.0
2879,1832,3,30.0
1975,2630,3,68.0
9418,368,3,662.0
4860,1947,3,93.0
6792,2285,3,4.8
9977,725,3,27.0
10421,1202,3,86.0
4278,1612,3,0.3
6703,2630,3,189.0
17948,2654,3,1.2
16511,25,3,81.0
10434,572,3,846.0
6576,1518,3,2.1
17618,98,3,12.2
14048,1781,3,366.0
13649,1721,3,67.0
1801,811,3,161.0
7853,2096,3,0.1
10208,1057,3,13.4
11658,1838,3,1.9
14377,1625,3,147.0
17220,2922,3,367.0
3261,1228,3,85.0
17042,2122,3,1.1
14406,2631,3,112.0
6786,2285,3,35.0
4869,1616,3,18.2
9174,2630,3,122.0
7024,814,3,1.0
6566,2922,3,116.0
11382,1832,3,66.0
3290,1721,3,542.0
17486,2630,3,56.0
8154,2922,3,127.0
7934,2285,3,33.0
15420,2688,3,0.4
18196,2285,3,28.0
7324,2630,3,174.0
10889,2526,3,9.4
5423,2844,3,12.2
15985,745,3,6.2
9561,2285,3,15.3
10450,25,3,37.0
9809,1155,3,116.0
8532,2409,3,60.0
8112,2285,3,34.0
15740,1488,3,1.6
17551,272,3,244.0
11682,2285,3,25.0
4656,1311,3,87.0
9972,2285,3,23.0
13544,1488,3,251.0
3923,734,3,7.8
17517,2865,3,259.0
16487,2113,3,29.0
9657,2400,3,29.0
17084,2285,3,1.6
13091,1488,3,8.9
3408,2631,3,2.0
14822,237,3,1289.0
3945,74,3,2.7
13460,1321,3,83.0
5604,2638,3,3.9
8381,2667,3,12.9
12177,1488,3,163.0
969,1202,3,122.0
15591,2285,3,59.0
2366,1488,3,0.6
931,946,3,69.0
17236,274,3,0.8
13475,2285,3,60.0
1468,237,3,605.0
3547,2111,3,0.3
15274,2619,3,200.0
16775,1084,3,222.0
12809,237,3,1560.0
14174,1128,3,43.0
11678,2472,3,116.0
848,1827,3,15.7
17170,574,3,6.9
16653,1277,3,9.0
5347,811,3,60.0
14676,2726,3,53.0
6370,1128,3,55.0
3095,1488,3,84.0
14665,368,3,406.0
8045,1976,3,78.0
12342,811,3,299.0
3820,68,3,1721.0
17439,718,3,0.6
4348,944,3,288.0
10408,2726,3,13.8
5623,1965,3,1.6
6186,68,3,2845.0
12654,2285,3,37.0
970,1488,3,175.0
4066,2338,3,0.5
9168,2285,3,59.0
2424,2922,3,90.0
12324,2285,3,34.0
391,1488,3,79.0
14452,1655,3,71.0
8315,237,3,233.0
18163,2195,3,4.5
11559,944,3,49.0
17954,2285,3,25.0
7917,2631,3,18.6
15866,1832,3,1.1
3092,1755,3,302.0
16433,2285,3,35.0
15084,2285,3,27.0
894,2339,3,2.1
5076,1488,3,26.0
7967,2285,3,7.0
543,1828,3,7.6
13078,572,3,61.0
2012,2285,3,54.0
2466,1488,3,33.0
3414,2285,3,12.4
3487,1189,3,3.3
17985,2285,3,51.0
15761,725,3,75.0
17911,2776,3,0.0
11043,2657,3,9.6
185,237,3,2.7
16269,272,3,1.0
6224,745,3,14.0
8830,2726,3,59.0
5809,2285,3,47.0
3374,1488,3,20479.0
4618,1488,3,6.9
352,2708,3,3.5
4489,2527,3,0.4
17821,1189,3,283.0
11507,2285,3,8.4
11138,235,3,0.1
13327,1488,3,49.0
15887,1488,3,1892.0
2049,772,3,0.8
1724,68,3,251.0
1366,368,3,1458.0
18049,2911,3,813.0
18104,946,3,141.0
15540,2562,3,7.1
4026,68,3,990.0
1122,100,3,101.0
5458,1832,3,4.2
10212,2875,3,5.9
13214,2285,3,3.6
7800,2285,3,54.0
10432,1488,3,153.0
10111,1128,3,144.0
6623,1612,3,0.2
13223,2285,3,63.0
11183,1492,3,287.0
17745,1321,3,126.0
12206,2285,3,26.0
6900,76,3,3771.0
17005,2922,3,123.0
17518,1277,3,9.0
14293,1785,3,110.0
14194,2285,3,68.0
285,1128,3,4.1
7719,104,3,5.5
9052,1488,3,658.0
2238,68,3,1814.0
13755,1937,3,1.5
14203,1832,3,33.0
18184,1548,3,8.7
4682,1917,3,1.5
15530,1321,3,24.0
7159,1488,3,378.0
13549,132,3,26.0
11465,2409,3,75.0
12814,1166,3,34.0
6481,1608,3,1073.0
9911,1612,3,1.4
8790,2550,3,13.1
1042,1832,3,1.5
11332,2922,3,55.0
10917,1488,3,60.0
9344,1202,3,79.0
15626,2496,3,0.7
12221,1612,3,0.1
2161,1189,3,18.4
35,2631,3,31.0
16355,946,3,60.0
13972,1128,3,273.0
3169,2285,3,36.0
6394,2285,3,19.7
11065,1488,3,147.0
7476,2922,3,205.0
11230,2285,3,24.0
4994,2285,3,26.0
13113,2285,3,47.0
816,2885,3,29.0
12204,2285,3,13.6
4410,2630,3,539.0
8951,2911,3,1650.0
13850,734,3,14.2
8701,2831,3,470.0
17952,1499,3,18.2
5562,2285,3,55.0
260,1044,3,34.0
15478,572,3,141.0
11871,2526,3,54.0
14457,2630,3,78.0
9209,2865,3,794.0
13712,2285,3,9.8
10461,2285,3,5.6
17914,1488,3,42.0
145,725,3,117.0
15385,671,3,0.9
9152,944,3,1741.0
6637,1488,3,8.5
15831,2922,3,130.0
6090,1397,3,4.0
1001,1552,3,0.8
8054,2285,3,39.0
12600,864,3,7.0
3873,572,3,89.0
131,1781,3,524.0
16179,2847,3,36.0
17213,1488,3,131.0
1847,2285,3,23.0
10574,2285,3,32.0
10815,1488,3,47.0
14207,1488,3,107.0
3640,445,3,10.4
12047,482,3,2.1
337,1776,3,67.0
13913,1937,3,0.6
16020,1832,3,12.2
9314,1832,3,76.0
452,1177,3,1.2
13366,2285,3,32.0
7480,2285,3,38.0
208,1832,3,119.0
13515,555,3,324.0
16242,237,3,119.0
5504,1832,3,5.1
578,2056,3,0.9
15784,1832,3,37.0
792,953,3,129.0
1146,237,3,191.0
2243,1832,3,43.0
2950,2726,3,37.0
96,518,3,31.0
17851,1488,3,209.0
15744,1488,3,155.0
17460,1612,3,0.0
635,2371,3,2.4
3789,1488,3,163.0
10585,368,3,6479.0
14091,1488,3,31.0
12302,1655,3,33.0
7681,574,3,138.0
15826,2496,3,17.9
16306,376,3,85.0
4576,745,3,201.0
58,1488,3,675.0
8437,718,3,7.6
18203,237,3,11.8
7665,2285,3,10.6
4775,2285,3,38.0
15435,68,3,2135.0
10904,1488,3,42.0
15725,2285,3,13.1
13402,2631,3,295.0
14171,2285,3,45.0
14473,2285,3,36.0
14549,237,3,329.0
1222,2195,3,2.0
3494,1155,3,397.0
12490,2285,3,58.0
11095,2285,3,3.8
15156,2639,3,0.2
2754,2285,3,34.0
9389,501,3,280.0
5317,1721,3,164.0
14985,1016,3,18.0
12146,100,3,234.0
11791,2726,3,96.0
7344,1838,3,37.0
4279,739,3,8.5
14515,2536,3,5.3
5749,493,3,1.3
3569,1492,3,0.7
13090,2281,3,23.0
1415,2638,3,0.6
13886,1294,3,12.0
2354,2285,3,32.0
15713,2380,3,1502.0
13008,2922,3,202.0
403,1572,3,476.0
602,1586,3,18.9
4431,1701,3,110.0
13560,237,3,155.0
12032,2285,3,17.6
12950,2285,3,28.0
9224,572,3,4.7
415,1832,3,199.0
1044,1166,3,201.0
14862,1010,3,5.7
1671,1488,3,33.0
15837,2343,3,253.0
11842,2488,3,483.0
983,343,3,0.7
10937,2285,3,3.2
16316,2439,3,178.0
13540,2285,3,50.0
14436,1189,3,2.7
15675,2865,3,3.2
11385,237,3,270.0
3712,68,3,538.0
2381,237,3,618.0
344,2285,3,42.0
15551,565,3,37.0
6679,1022,3,146.0
15121,237,3,3002.0
10320,2285,3,7.7
273,1937,3,0.4
8107,2285,3,2.4
6739,2285,3,11.6
13567,2285,3,36.0
2112,572,3,203.0
11896,1215,3,286.0
16605,237,3,219.0
15731,1832,3,51.0
10768,2630,3,29.0
10433,2631,3,103.0
17426,2922,3,67.0
10485,811,3,277.0
11693,1832,3,1.2
510,1758,3,0.3
16803,1488,3,746.0
355,282,3,14.5
5138,368,3,5148.0
9386,2285,3,25.0
16629,1655,3,36.0
4169,2285,3,69.0
10520,2708,3,136.0
16096,1612,3,0.0
12087,1407,3,7.1
6213,2833,3,331.0
9256,1054,3,3.9
888,2865,3,93.0
9837,1128,3,77.0
13916,1488,3,11.9
17919,814,3,1204.0
7981,836,3,52.0
9841,1488,3,67.0
4554,2285,3,33.0
314,1982,3,5.0
6003,2285,3,1.2
10763,2285,3,39.0
11873,1947,3,81.0
1388,2285,3,24.0
9439,1492,3,2988.0
12217,1488,3,34.0
17957,2285,3,41.0
4580,1488,3,131.0
2002,2285,3,11.6
15396,1488,3,68.0
3360,936,3,4.3
17828,1488,3,492.0
7558,2285,3,37.0
4673,2285,3,36.0
167,2285,3,25.0
7355,2285,3,50.0
5793,1609,3,168.0
10947,1832,3,34.0
1514,2638,3,6.2
15533,2285,3,47.0
11545,1605,3,5.6
7577,1593,3,14.3
10321,2285,3,33.0
7162,2409,3,62.0
7208,2380,3,11.6
12833,2726,3,217.0
3654,2922,3,18.5
7260,2380,3,667.0
16302,132,3,11.9
1274,100,3,169.0
9788,237,3,253.0
16967,1610,3,4.3
15554,2285,3,39.0
8136,2285,3,53.0
10587,237,3,365.0
796,1397,3,55.0
864,2229,3,424.0
16036,2285,3,42.0
6116,1721,3,13.9
2200,537,3,101.0
12566,2631,3,114.0
15769,2831,3,171.0
4447,631,3,0.0
1059,1608,3,1.8
13088,2256,3,0.2
2684,1917,3,95.0
3787,2285,3,0.8
8885,2865,3,60.0
5489,546,3,79.0
2241,2081,3,10.8
10802,1612,3,0.8
9679,1832,3,58.0
17391,2511,3,21.0
1712,2285,3,52.0
13825,829,3,737.0
10150,25,3,8.9
7050,2285,3,17.8
4444,1488,3,56.0
845,1189,3,25.0
15337,1488,3,37.0
13899,1488,3,18.1
13633,86,3,7.6
2268,811,3,117.0
10806,572,3,16.9
10877,556,3,20.0
7488,1947,3,16.1
7743,1655,3,1619.0
6220,987,3,19.2
12464,2285,3,4.9
5849,2285,3,44.0
1297,1128,3,132.0
10240,1488,3,19.7
15920,237,3,650.0
1435,2285,3,26.0
15101,2285,3,5.0
6852,1612,3,2.3
11964,2272,3,46.0
7249,2903,3,1.4
7377,2285,3,7.5
5072,68,3,658.0
17991,2423,3,997.0
15494,1300,3,374.0
9577,2876,3,57.0
14564,311,3,2.4
4580,2285,3,5.9
3243,944,3,410.0
14127,2631,3,42.0
11333,2285,3,11.8
15097,1323,3,38.0
5028,972,3,46.0
2720,2285,3,57.0
15828,1838,3,10.7
16062,1638,3,53.0
16765,1937,3,7.8
9449,1156,3,1.7
15017,2865,3,303.0
13136,811,3,67.0
6733,2285,3,40.0
9003,2923,3,0.7
15797,1947,3,33.0
1082,1465,3,278.0
17786,2922,3,48.0
14501,2630,3,24.0
6812,1726,3,14.7
3177,2780,3,142.0
5682,368,3,7135.0
16805,1488,3,406.0
150,9,3,31.0
8588,2285,3,23.0
16268,2285,3,25.0
15170,2285,3,75.0
7362,2285,3,80.0
12018,1166,3,156.0
13309,814,3,14.0
16351,1488,3,5.1
7460,995,3,0.0
1696,1578,3,75.0
13016,2285,3,38.0
2158,1746,3,0.1
3109,2285,3,39.0
5630,2285,3,6.1
8120,2726,3,168.0
5223,1488,3,67.0
4596,376,3,13.5
4727,1488,3,3.4
2988,1832,3,8.3
946,820,3,1.8
4192,2371,3,5.4
468,2638,3,23.0
16088,1717,3,257.0
9645,2285,3,23.0
7360,1655,3,298.0
17851,732,3,474.0
4674,2317,3,281.0
13229,1488,3,144.0
16398,2694,3,0.2
16524,1166,3,165.0
12679,2922,3,79.0
8452,1488,3,2825.0
5405,1876,3,23.0
9398,2285,3,65.0
16392,25,3,6.3
16608,1838,3,11.4
13680,1128,3,71.0
7993,1488,3,176.0
1889,1515,3,0.3
2963,1321,3,18.8
12107,2195,3,3.8
15408,718,3,181.0
7926,944,3,3764.0
16873,2911,3,59.0
15334,2630,3,357.0
8200,2285,3,64.0
3459,302,3,27.0
11334,2726,3,43.0
6762,2630,3,261.0
11491,2727,3,30.0
7442,2285,3,24.0
7183,2285,3,110.0
10939,1832,3,15.5
18067,2285,3,55.0
3029,2922,3,106.0
16029,271,3,13.9
8431,2285,3,46.0
13145,1488,3,6.5
10090,2285,3,2.5
6463,2285,3,18.9
10398,2441,3,72.0
8882,1875,3,24.0
162,1155,3,144.0
5517,1499,3,476.0
12175,2922,3,263.0
4882,1189,3,68.0
12798,449,3,22.0
6435,2631,3,168.0
13219,2441,3,41.0
5382,2056,3,0.0
16952,2285,3,1.2
4265,1852,3,1.6
5299,2315,3,3.4
13813,2285,3,39.0
2663,2526,3,15.2
18235,1488,3,0.0
5503,1166,3,79.0
5428,1488,3,176.0
12557,2865,3,114.0
17411,2112,3,1364.0
1164,1166,3,153.0
11859,2883,3,3.9
8104,2285,3,37.0
6188,140,3,15.4
9904,1488,3,57.0
7804,68,3,946.0
12325,1488,3,1.6
2132,1488,3,117.0
15794,1822,3,1.4
6834,1608,3,2117.0
4424,2285,3,27.0
1516,2611,3,1.3
11321,944,3,31.0
7920,2631,3,0.4
13748,237,3,1685.0
6496,368,3,378.0
7752,2285,3,36.0
6228,594,3,564.0
15538,1832,3,46.0
399,1488,3,286.0
4589,1488,3,246.0
2427,1838,3,1.1
6063,869,3,3.9
6155,2631,3,24.0
10933,1488,3,574.0
7649,68,3,1929.0
169,1189,3,98.0
3610,237,3,96.0
5043,1876,3,8.2
3496,897,3,0.0
1659,1492,3,618.0
6724,2285,3,58.0
16493,2285,3,56.0
16916,696,3,31.0
12470,2285,3,21.0
754,1827,3,89.0
11198,836,3,1.1
493,2922,3,132.0
8718,572,3,52.0
505,2298,3,11.0
10779,237,3,20.0
10243,1488,3,358.0
12570,2285,3,33.0
16978,2217,3,13.6
883,2442,3,14.7
554,1533,3,825.0
4958,1382,3,46.0
1127,1488,3,47.0
18123,2087,3,0.5
11476,1488,3,218.0
7949,814,3,1124.0
3650,2439,3,80.0
4442,1838,3,3.0
6143,2710,3,5.4
3700,4,3,283.0
5868,1488,3,33.0
11564,2285,3,48.0
168,100,3,226.0
7745,1488,3,57.0
7308,2631,3,80.0
15952,1488,3,132.0
5831,1488,3,7.4
2683,814,3,140.0
17048,2285,3,28.0
10617,2726,3,6.0
16993,1155,3,321.0
16649,2285,3,25.0
6372,1710,3,23.0
14816,2285,3,21.0
5329,52,3,62.0
11967,25,3,17.3
16992,2285,3,14.6
9143,2562,3,2.8
210,1876,3,55.0
16790,814,3,292.0
8232,1128,3,34.0
2896,2726,3,70.0
2392,1455,3,5.9
17764,1604,3,0.5
16192,2631,3,106.0
17089,1488,3,216.0
4025,2285,3,36.0
18115,2001,3,14.6
16749,1488,3,843.0
3525,2285,3,25.0
10824,2285,3,36.0
4130,2285,3,41.0
13318,237,3,1385.0
17091,1956,3,18.2
6823,25,3,42.0
8570,828,3,661.0
5689,2630,3,203.0
8873,2831,3,153.0
13833,1488,3,886.0
2820,1606,3,106.0
13817,2285,3,48.0
7666,1488,3,273.0
2507,68,3,3595.0
11227,1166,3,286.0
7528,1937,3,9.7
14097,1981,3,84.0
15377,1407,3,0.1
8361,1863,3,2.0
4007,1292,3,1147.0
13696,2285,3,0.2
8695,100,3,168.0
3904,25,3,4.4
8801,2630,3,138.0
569,2687,3,27.0
10869,2285,3,52.0
14416,1300,3,1230.0
16210,2285,3,5.9
15229,1947,3,1.6
7368,2285,3,20.0
9220,1488,3,13.5
12111,1721,3,1236.0
7296,2285,3,47.0
7158,2631,3,86.0
17322,549,3,21.0
12662,897,3,82.0
5944,733,3,0.6
13739,2175,3,11.8
8112,1044,3,18.4
5107,2285,3,17.7
3805,237,3,34.0
13065,1720,3,5.9
4837,1499,3,1.6
10898,368,3,4465.0
2725,2285,3,2.6
3715,1612,3,0.6
17598,2911,3,40.0
1056,1488,3,15.3
14684,2708,3,19.2
12512,2562,3,4.0
15309,2631,3,140.0
1566,25,3,5.8
2833,2631,3,304.0
544,2630,3,17.6
1555,229,3,74.0
15298,2339,3,21.0
4560,2511,3,225.0
15820,2029,3,3.9
10544,1776,3,44.0
6355,2285,3,50.0
7817,1776,3,53.0
7466,1488,3,2.4
9234,2526,3,107.0
16034,25,3,22.0
7570,2907,3,1.1
1431,1189,3,67.0
17759,2865,3,273.0
6768,1488,3,6.7
3000,2285,3,44.0
4326,1304,3,932.0
1371,944,3,1079.0
15686,1488,3,704.0
982,1499,3,5.4
14209,1947,3,0.4
897,534,3,7.4
974,2285,3,15.5
16233,579,3,19.0
11256,1890,3,28.0
17791,2285,3,34.0
14835,933,3,6.4
11000,944,3,2153.0
6098,2922,3,94.0
13252,2285,3,29.0
4625,2285,3,21.0
11093,1128,3,246.0
3172,944,3,334.0
12795,2438,3,13.6
9114,2285,3,36.0
6585,25,3,0.2
12664,537,3,5.3
7977,2285,3,42.0
5511,2285,3,19.5
10757,2630,3,846.0
7505,2285,3,50.0
1738,2630,3,945.0
7436,2285,3,10.0
13508,1149,3,8.3
15685,801,3,3.0
13230,1488,3,2.5
11314,2285,3,61.0
15619,1838,3,5.4
12680,597,3,0.4
17025,1488,3,3340.0
3781,1846,3,3.3
17265,1647,3,368.0
1434,2285,3,34.0
10475,2285,3,4.6
10367,814,3,1835.0
1111,814,3,1861.0
1181,2285,3,26.0
14614,883,3,8.8
1410,2285,3,23.0
15491,2340,3,25.0
15719,1488,3,0.1
16126,272,3,79.0
7127,1128,3,63.0
1612,739,3,38.0
8008,1488,3,7.2
3981,1488,3,340.0
16562,77,3,102.0
12359,2285,3,19.5
10780,1155,3,144.0
11990,778,3,31.0
16764,2285,3,2.2
6344,2285,3,52.0
11375,2285,3,7.6
9280,881,3,15.3
916,814,3,475.0
16701,2285,3,46.0
15919,1101,3,704.0
10094,1321,3,129.0
13185,2285,3,28.0
17381,944,3,1196.0
16404,572,3,1199.0
2727,2285,3,16.3
17452,2380,3,555.0
2758,1228,3,1.1
9368,2285,3,47.0
6005,732,3,12.4
5884,1488,3,69.0
7933,1488,3,275.0
17701,2344,3,1.3
12186,1827,3,77.0
12597,2285,3,52.0
3061,272,3,271.0
1138,2891,3,5.1
9633,944,3,108.0
904,2828,3,8.2
7660,237,3,7.2
90,1612,3,0.0
3191,128,3,2.5
15792,1612,3,0.3
7919,2434,3,8.5
12050,2380,3,535.0
9685,2056,3,12.9
5388,314,3,23.0
932,2285,3,22.0
14197,272,3,2.3
15256,1993,3,40.0
340,1488,3,54.0
3150,2195,3,8.8
6722,1803,3,66.0
10845,897,3,585.0
198,1321,3,152.0
14626,897,3,99.0
13997,1612,3,1.3
8322,2285,3,32.0
1777,2922,3,67.0
6518,521,3,19.6
2728,2285,3,42.0
3246,2710,3,2.4
7259,237,3,1303.0
7600,2285,3,24.0
12555,2639,3,91.0
9197,2123,3,1380.0
11514,1932,3,32.0
11058,1037,3,2.6
5719,2285,3,53.0
8753,944,3,90.0
2513,2294,3,1.6
2552,2831,3,206.0
3078,2726,3,12.0
13425,2631,3,90.0
2886,2285,3,13.8
11709,1488,3,258.0
2786,1832,3,68.0
16714,1612,3,3.2
525,2285,3,78.0
4031,296,3,2279.0
8333,745,3,0.2
5275,919,3,3.3
5543,2285,3,7.0
17608,2631,3,211.0
10115,272,3,118.0
12093,2922,3,207.0
3762,1443,3,23.0
12393,68,3,405.0
5214,132,3,0.9
10999,2001,3,22.0
12456,469,3,92.0
3173,2285,3,0.9
7247,2611,3,5.1
12162,1612,3,3.1
6249,2922,3,108.0
10469,2922,3,85.0
17808,2631,3,129.0
6312,113,3,16.7
4753,1875,3,3.7
17315,1912,3,92.0
14150,2285,3,49.0
8961,814,3,287.0
9321,237,3,1018.0
11780,1612,3,0.8
6721,1617,3,1.1
11133,2562,3,12.5
454,2844,3,0.3
2473,2285,3,22.0
12392,179,3,8.6
8953,2639,3,0.0
14639,2285,3,37.0
9834,237,3,28.0
10327,2285,3,21.0
17965,1228,3,1329.0
2159,2630,3,187.0
8592,836,3,62.0
16072,1488,3,34.0
2784,1655,3,0.1
17029,2285,3,3.6
16902,2488,3,4.9
3776,1321,3,31.0
5863,1628,3,0.4
1258,2881,3,48.0
16703,2285,3,22.0
3284,556,3,118.0
7253,2285,3,28.0
5323,2285,3,49.0
17970,2285,3,43.0
16317,2285,3,26.0
7818,1488,3,94.0
4260,2285,3,36.0
2513,2285,3,49.0
14714,811,3,543.0
10279,811,3,53.0
9871,2922,3,42.0
10472,2488,3,191.0
5482,2285,3,57.0
8904,944,3,0.1
10473,2285,3,10.0
6437,1628,3,0.5
2517,2285,3,20.0
5174,2195,3,12.9
16635,1128,3,109.0
326,1596,3,0.9
2581,1937,3,4.7
14582,1208,3,28.0
9212,2630,3,248.0
11387,1488,3,46.0
3322,2631,3,105.0
8246,1128,3,105.0
12220,2285,3,56.0
3141,1030,3,112.0
16658,1228,3,751.0
15151,2922,3,105.0
12073,2285,3,17.0
2866,1342,3,100.0
4367,1488,3,30.0
6568,2285,3,15.1
8270,1488,3,57.0
13182,237,3,1825.0
9410,745,3,558.0
17539,2285,3,47.0
7070,1202,3,318.0
14329,1612,3,0.0
5551,929,3,5.6
17024,2885,3,17.0
11953,368,3,1429.0
9391,2547,3,16.9
8681,1911,3,3481.0
15764,1321,3,42.0
875,2285,3,29.0
14860,1488,3,19.1
8745,2285,3,62.0
2576,1611,3,8.4
5968,1548,3,15.2
15031,594,3,684.0
13561,2631,3,8.2
6615,1982,3,25.0
16935,2285,3,1.1
11578,2911,3,189.0
17762,2285,3,32.0
8835,74,3,0.6
16473,2285,3,24.0
5493,1876,3,2.4
17651,2369,3,5.4
4393,1054,3,15.0
4988,2285,3,42.0
2340,594,3,604.0
5728,1832,3,16.5
6578,2285,3,26.0
5702,1488,3,28.0
13333,580,3,73.0
6462,1208,3,19.0
908,766,3,64.0
4843,1937,3,4.2
1887,2630,3,477.0
15226,1488,3,33.0
1405,2562,3,1.6
8766,606,3,2.2
686,1488,3,345.0
11016,2285,3,38.0
5886,2285,3,2.4
12551,2526,3,15.4
6323,1044,3,2.9
5024,1698,3,6.0
16660,2496,3,1.4
480,2285,3,10.6
1002,1099,3,0.4
414,2285,3,13.2
13643,2285,3,10.3
10273,2631,3,14.4
12484,2630,3,102.0
13347,2842,3,4.9
4234,1165,3,2.2
6647,572,3,62.0
639,2285,3,38.0
7147,902,3,1.7
13833,2630,3,98.0
10813,25,3,3.5
9111,647,3,25.0
11381,2285,3,99.0
18054,2285,3,1.7
1441,556,3,65.0
2080,1696,3,13.6
14698,2397,3,15.7
10294,1409,3,561.0
3444,132,3,0.0
156,2497,3,12.8
1148,862,3,4.1
3846,2285,3,23.0
3335,2285,3,12.7
11895,2142,3,0.6
13943,1608,3,571.0
5946,2285,3,66.0
4041,1323,3,1264.0
12569,2285,3,50.0
5737,2285,3,104.0
14464,2922,3,95.0
254,1189,3,53.0
15213,1738,3,1.6
9694,1463,3,35.0
11012,2285,3,41.0
4011,2285,3,46.0
7863,2285,3,37.0
17597,1488,3,72.0
13829,2285,3,51.0
16459,2285,3,64.0
6058,2285,3,61.0
13297,572,3,58.0
9677,2285,3,6.5
141,2195,3,10.1
17151,237,3,2019.0
4917,555,3,98.0
18210,1321,3,19.5
12988,52,3,1170.0
933,1628,3,1.7
14225,1832,3,72.0
15482,1488,3,437.0
13947,1228,3,493.0
13009,2285,3,15.7
2538,572,3,136.0
15924,2205,3,0.2
224,1488,3,3.0
16288,1832,3,66.0
14619,2630,3,500.0
11342,2875,3,5.9
4666,1612,3,0.2
12233,887,3,19.0
17226,2285,3,43.0
14481,2850,3,14.6
4859,1107,3,3.3
11826,933,3,1.6
461,1488,3,18.5
5385,1228,3,2.4
1515,2285,3,4.8
5340,1725,3,39.0
9226,2285,3,21.0
9941,1838,3,32.0
16494,68,3,1003.0
13433,2922,3,119.0
3832,2922,3,42.0
14571,2726,3,169.0
17602,2205,3,5.7
3681,2625,3,0.1
99,2122,3,111.0
11056,2562,3,4.9
6062,1838,3,2.0
11308,2911,3,932.0
17067,2285,3,58.0
14527,591,3,0.2
13376,2631,3,55.0
3788,2704,3,0.4
13961,100,3,366.0
14850,725,3,29.0
17068,2285,3,2.3
17290,2343,3,518.0
9574,725,3,47.0
7187,2726,3,82.0
16588,811,3,222.0
9506,814,3,206.0
9896,2876,3,0.0
16544,1832,3,56.0
15167,811,3,86.0
2586,1488,3,407.0
11886,2743,3,5.5
3283,745,3,0.1
1224,164,3,40.0
14881,1488,3,16.4
17697,2285,3,48.0
15958,2285,3,42.0
277,2285,3,11.2
256,1488,3,224.0
3450,2027,3,0.1
5051,38,3,89.0
15579,1321,3,54.0
9981,1488,3,56.0
13192,25,3,11.2
7913,745,3,1.2
557,1202,3,1.7
12999,272,3,62.0
7815,1166,3,36.0
18161,2380,3,1046.0
15649,944,3,4.0
1186,2285,3,49.0
14709,2285,3,57.0
14575,1037,3,312.0
5535,2285,3,73.0
4672,2285,3,27.0
8737,272,3,8.1
9964,1488,3,165.0
10036,2285,3,41.0
18147,1832,3,9.1
17163,745,3,148.0
8350,2285,3,19.2
9674,2918,3,1.0
9213,2285,3,5.0
8253,1304,3,5.0
16684,2631,3,56.0
281,1492,3,1986.0
12778,2831,3,107.0
17257,811,3,99.0
14680,944,3,138.0
12316,2285,3,47.0
6569,1721,3,78.0
16638,2285,3,39.0
124,2285,3,111.0
1932,836,3,10.0
13501,1721,3,232.0
2435,2631,3,100.0
295,2922,3,99.0
1028,1488,3,249.0
4276,2631,3,54.0
3889,1603,3,1.3
14101,2285,3,11.9
10798,766,3,70.0
14634,2489,3,49.0
13959,282,3,76.0
6356,1900,3,1.0
10369,1488,3,21.0
852,1488,3,90.0
5316,864,3,1.8
6697,1937,3,1.9
4526,2271,3,0.5
5752,2027,3,2.3
4073,2371,3,0.4
15322,2631,3,21.0
11604,1785,3,58.0
1360,556,3,36.0
13301,1488,3,410.0
7112,2285,3,51.0
388,556,3,191.0
14053,2285,3,48.0
15235,732,3,1003.0
10548,2285,3,7.8
13294,1037,3,17.9
7379,1488,3,24.0
4099,2285,3,2.3
6038,580,3,152.0
5401,2630,3,201.0
8491,1785,3,38.0
8139,1488,3,17.0
11631,750,3,2.8
14486,2339,3,74.0
6419,2654,3,45.0
10934,2651,3,0.0
7349,1027,3,3.4
11598,2631,3,417.0
17359,1832,3,37.0
12819,2922,3,158.0
3087,811,3,388.0
11536,2285,3,21.0
16186,2726,3,34.0
18297,2285,3,3.6
3193,2911,3,900.0
565,944,3,1136.0
3772,2001,3,69.0
5209,1832,3,49.0
17456,453,3,1.6
9301,1488,3,324.0
13490,564,3,240.0
14751,2380,3,549.0
13609,272,3,18.8
382,2886,3,16.6
4537,2285,3,20.0
4849,2850,3,2.0
11102,2285,3,32.0
9696,766,3,264.0
3220,2398,3,1.8
398,1228,3,9.0
14470,2285,3,10.4
1996,2126,3,12.5
205,2630,3,10.7
5001,1128,3,0.6
7974,2285,3,5.0
10436,1488,3,182.0
5018,725,3,25.0
2589,2536,3,6.6
8746,2285,3,37.0
17649,25,3,57.0
11727,2285,3,34.0
8813,2874,3,4.7
4070,2496,3,21.0
10662,2922,3,80.0
8034,2365,3,135.0
3520,2922,3,168.0
12690,2285,3,51.0
8147,1488,3,58.0
4188,1611,3,24.0
4320,1488,3,86.0
7315,1882,3,8.5
11863,646,3,0.9
15581,1654,3,9.9
6068,2380,3,721.0
14723,2285,3,10.2
10170,2922,3,214.0
8704,1612,3,0.0
7063,2087,3,0.4
5539,2403,3,30.0
9701,924,3,9.2
16251,1166,3,89.0
15732,2285,3,29.0
9830,1488,3,43.0
7856,1488,3,65.0
2084,1166,3,118.0
6290,1166,3,133.0
12975,2780,3,80.0
850,854,3,452.0
3729,791,3,79.0
9529,2285,3,83.0
8590,1610,3,712.0
9248,1488,3,84.0
15020,1701,3,352.0
9014,1166,3,346.0
14627,1932,3,0.1
8845,1612,3,0.4
2870,2865,3,4711.0
2553,1933,3,1.7
11021,2285,3,85.0
5563,2285,3,5.2
10430,572,3,98.0
17165,2546,3,44.0
9513,944,3,325.0
11064,2205,3,40.0
7582,1488,3,2081.0
7517,565,3,2.9
17423,1539,3,196.0
12507,1304,3,1330.0
8067,237,3,437.0
12666,2631,3,309.0
9275,2285,3,52.0
2187,237,3,736.0
9656,1612,3,0.8
1666,2911,3,6124.0
16083,2831,3,221.0
3482,237,3,1090.0
4708,1887,3,84.0
15856,2922,3,12.5
2372,1937,3,38.0
10442,2285,3,88.0
14539,1300,3,0.0
16038,1612,3,0.6
14122,255,3,202.0
7402,2073,3,5.3
15013,2922,3,85.0
17728,2922,3,139.0
7709,2285,3,31.0
14047,1202,3,58.0
15542,237,3,12.2
16739,2864,3,150.0
2184,2876,3,85.0
12212,1488,3,51.0
341,2922,3,5.6
4614,2285,3,67.0
17665,129,3,1646.0
9886,68,3,796.0
163,1832,3,7.2
10611,293,3,31.0
15147,2285,3,42.0
5722,2494,3,3.3
785,1612,3,2.6
18251,312,3,308.0
10673,2526,3,1.3
15102,2395,3,27.0
17849,1488,3,518.0
15531,2562,3,0.3
13489,1594,3,3.4
13132,2611,3,2.5
11251,797,3,0.5
10886,2285,3,16.6
5321,2285,3,4.8
6180,2631,3,128.0
6638,1488,3,128.0
12091,1617,3,267.0
379,2285,3,1.8
1308,1981,3,757.0
18212,1370,3,0.2
17368,1838,3,77.0
16411,2631,3,141.0
13268,1608,3,522.0
5696,1317,3,17.2
16462,1407,3,30.0
10200,2631,3,155.0
4966,2831,3,156.0
7495,2285,3,26.0
10097,1096,3,5.6
16425,2285,3,64.0
11610,1557,3,13.8
17895,1655,3,0.0
7550,1488,3,54.0
16573,670,3,562.0
6486,2285,3,35.0
1576,2285,3,9.1
4648,2058,3,0.2
5541,2922,3,166.0
2384,2630,3,73.0
12489,1488,3,5.4
11884,2285,3,38.0
15200,1488,3,99.0
13447,237,3,141.0
6522,2285,3,4.5
5956,2285,3,47.0
17166,1832,3,25.0
1407,1838,3,145.0
9919,2630,3,42.0
10042,312,3,69.0
14158,2285,3,57.0
6664,1468,3,438.0
17904,250,3,1.1
13259,1128,3,66.0
4379,1838,3,1.6
15230,2630,3,129.0
8312,2312,3,6.1
11844,425,3,101.0
17293,1609,3,18.2
16691,572,3,84.0
12873,100,3,14.4
17449,2129,3,80.0
15602,2285,3,19.0
5391,2285,3,25.0
5514,1488,3,2000.0
8971,1681,3,38.0
17564,2780,3,137.0
10695,2285,3,14.6
8399,2148,3,0.2
16892,933,3,6.0
15271,1947,3,84.0
10522,1488,3,70.0
5859,2630,3,6.6
10900,2630,3,87.0
11592,1611,3,56.0
5189,68,3,361.0
6628,267,3,0.0
13785,2285,3,25.0
6381,2522,3,8.9
15644,1129,3,11.4
1990,2285,3,45.0
11175,924,3,22.0
11901,2285,3,22.0
17699,2380,3,735.0
9627,1488,3,34.0
17691,2536,3,0.3
12759,2328,3,3.1
16745,2423,3,36.0
15129,1655,3,176.0
17523,2285,3,57.0
8432,1488,3,41.0
52,2285,3,52.0
11861,1937,3,7.3
10058,2574,3,7.9
1757,68,3,1065.0
11889,445,3,89.0
4466,2285,3,9.1
15588,1785,3,695.0
13077,2285,3,52.0
8389,2630,3,209.0
4019,1578,3,268.0
2064,1492,3,2049.0
9821,2285,3,27.0
8506,565,3,45.0
19,2631,3,67.0
1573,2463,3,3.5
15327,2285,3,13.8
2383,2910,3,9.8
1178,1612,3,4.2
15560,1044,3,19.1
820,1970,3,11.2
7960,1321,3,101.0
16867,1488,3,191.0
5375,2380,3,167.0
5510,444,3,63.0
1719,897,3,33.0
322,1128,3,13.2
11516,1488,3,127.0
12406,2285,3,14.2
4886,2865,3,371.0
13922,2285,3,37.0
14026,2692,3,25.0
9535,2922,3,229.0
11679,100,3,539.0
4264,237,3,596.0
13488,897,3,41.0
16854,2205,3,15.0
6718,1488,3,183.0
17709,1488,3,121.0
13081,1876,3,22.0
17742,2285,3,33.0
9469,2536,3,22.0
9858,946,3,52.0
9521,2285,3,7.7
11219,1776,3,0.3
14600,1832,3,10.6
8094,1488,3,38.0
18031,2922,3,113.0
14038,1832,3,42.0
13043,1189,3,0.1
16369,2631,3,146.0
7716,2630,3,1.6
2285,1655,3,520.0
13940,2783,3,8.0
3386,1492,3,375.0
11283,1128,3,64.0
16598,1037,3,46.0
13908,2285,3,17.0
14851,1721,3,117.0
17752,237,3,462.0
11289,2285,3,62.0
14085,1488,3,78.0
12862,2285,3,17.5
13150,2922,3,261.0
1251,2285,3,51.0
765,554,3,27.0
14118,1030,3,328.0
5960,2631,3,70.0
9667,1875,3,12.8
3390,2737,3,0.9
17424,2726,3,397.0
18170,2285,3,19.0
278,2688,3,0.3
7787,2489,3,48.0
1749,1409,3,1.2
3543,2056,3,12.8
14389,1488,3,6.3
4437,1488,3,12.8
11096,1488,3,1842.0
5501,354,3,1.8
2577,1488,3,203.0
5808,1832,3,3.5
10513,2122,3,6.1
18290,1321,3,0.7
8184,1838,3,17.8
11935,1488,3,998.0
17992,1488,3,7.8
997,2126,3,137.0
13270,2285,3,3.0
4255,2285,3,33.0
16363,2631,3,67.0
540,1832,3,24.0
4827,265,3,1.9
8693,237,3,662.0
5390,100,3,8.0
713,1277,3,7.8
3237,1776,3,62.0
11217,2496,3,0.0
9885,2285,3,0.7
11832,580,3,139.0
12969,2631,3,78.0
14778,1611,3,505.0
917,13,3,0.3
4426,1612,3,0.2
724,2922,3,362.0
14411,537,3,7.8
3760,203,3,13.4
17588,2285,3,25.0
10975,1321,3,94.0
13034,2888,3,26.0
4838,412,3,10.4
7953,2285,3,23.0
10639,1461,3,7.8
4507,2631,3,116.0
362,2700,3,1.7
3425,282,3,1.0
16602,2922,3,80.0
13512,1488,3,113.0
105,1488,3,5.1
4495,1875,3,8.8
9741,1947,3,1.2
17308,2285,3,17.2
6691,435,3,13.5
9686,2339,3,61.0
4384,368,3,94.0
13861,2122,3,30.0
14237,2285,3,6.0
13006,1488,3,14.9
13354,1612,3,3.1
556,2285,3,26.0
1349,2285,3,21.0
4127,592,3,4.4
469,1488,3,0.8
2331,2922,3,57.0
14569,2285,3,58.0
251,2285,3,4.7
13920,1208,3,7.1
13328,1947,3,33.0
8204,68,3,992.0
8163,1300,3,330.0
13652,2831,3,25.0
8808,1876,3,34.0
1358,359,3,20.0
7167,1321,3,2.6
11919,1937,3,0.0
16158,1488,3,403.0
3409,1321,3,4.8
4107,1832,3,14.8
12807,175,3,40.0
14243,2285,3,56.0
12532,725,3,11.6
16572,2285,3,64.0
657,725,3,90.0
17612,1721,3,0.1
7705,1612,3,0.0
8726,2338,3,10.6
2260,2285,3,10.8
16717,946,3,50.0
10986,2285,3,29.0
16761,2285,3,24.0
9053,1166,3,281.0
866,1488,3,183.0
13586,2339,3,124.0
15382,1612,3,3.7
13580,368,3,2421.0
4902,2339,3,7.4
5628,2636,3,9.4
16513,1832,3,2.8
7042,1802,3,4.0
9810,272,3,182.0
7519,745,3,0.1
1354,2631,3,104.0
11468,579,3,34.0
9306,1488,3,717.0
6551,1612,3,0.1
13277,2096,3,30.0
5445,2285,3,12.4
9773,1799,3,11.2
4722,1324,3,7.6
9390,1612,3,0.0
3784,2285,3,26.0
3231,2285,3,0.1
8196,2285,3,55.0
16281,2630,3,5.2
2276,1758,3,121.0
12613,2922,3,68.0
1190,2285,3,81.0
15714,2285,3,1.4
9058,2437,3,0.0
16554,2285,3,10.8
17007,2409,3,1.0
13044,2285,3,52.0
12415,828,3,61.0
12850,2285,3,68.0
12806,14,3,59.0
15221,1612,3,0.4
13562,2630,3,4.1
13407,2285,3,32.0
5873,1825,3,0.8
13094,1832,3,78.0
16610,1300,3,74.0
7823,2285,3,61.0
1096,2271,3,8.2
991,1832,3,228.0
15432,2285,3,3.0
5838,2710,3,16.2
12732,2285,3,6.2
11435,1030,3,4.8
15808,2911,3,83.0
367,1488,3,52.0
15162,1488,3,1073.0
17207,2205,3,19.3
11200,100,3,71.0
15682,1488,3,44.0
3728,1915,3,42.0
648,2285,3,36.0
5984,297,3,0.3
12761,2317,3,1.8
15104,2285,3,26.0
10783,2911,3,1289.0
13725,1776,3,20.0
12396,580,3,73.0
5701,2285,3,24.0
10829,2462,3,22.0
2025,2285,3,22.0
7563,1832,3,152.0
6509,1608,3,767.0
14375,913,3,0.1
8559,1488,3,194.0
8843,2031,3,67.0
6319,2285,3,52.0
15499,2285,3,52.0
17278,1488,3,592.0
8219,2843,3,2.6
4862,25,3,26.0
843,2922,3,95.0
17160,1776,3,11.4
3952,1488,3,98.0
4368,1037,3,116.0
255,1488,3,111.0
13351,718,3,338.0
14104,1832,3,43.0
7222,2630,3,0.5
12836,1488,3,151.0
12803,1488,3,56.0
8877,2922,3,179.0
18046,1610,3,7.4
9263,1612,3,0.0
13108,2630,3,97.0
4971,1488,3,28.0
4860,1488,3,20.0
11498,2631,3,51.0
11483,2096,3,20.0
3684,1802,3,0.0
16783,272,3,5.3
11003,1488,3,9.6
11203,1638,3,0.5
15739,237,3,1060.0
7477,944,3,277.0
8666,1832,3,5.3
8462,2285,3,33.0
9285,2056,3,7.8
15555,1128,3,30.0
8148,811,3,278.0
9131,2285,3,60.0
13314,2708,3,21.0
8252,1832,3,70.0
13918,2056,3,9.8
16491,2028,3,68.0
11779,1228,3,142.0
17498,2285,3,32.0
14638,68,3,1266.0
2561,2631,3,81.0
10742,1189,3,45.0
7534,368,3,1454.0
8678,1087,3,0.4
9802,1125,3,1.6
11307,766,3,346.0
6403,2780,3,8.0
13765,25,3,28.0
3880,1690,3,0.0
4919,1155,3,845.0
14294,2105,3,0.3
15927,1488,3,1.1
17126,2285,3,8.7
16752,1488,3,44.0
18133,1166,3,24.0
4109,1488,3,10.3
17085,237,3,629.0
18292,2285,3,34.0
10445,2096,3,259.0
10741,2012,3,9.0
1718,854,3,328.0
12284,1277,3,9.0
17912,1415,3,2.0
12123,1488,3,7.9
15475,2285,3,41.0
2079,1913,3,25.0
13638,2922,3,9.6
14040,1321,3,21.0
9660,2285,3,48.0
8958,1832,3,82.0
15574,2638,3,24.0
15323,1362,3,2.4
13017,1578,3,3.6
2477,2285,3,26.0
6957,2922,3,304.0
13818,2339,3,1.1
2180,1414,3,17.0
17495,1937,3,2.0
13867,1488,3,100.0
7530,2922,3,113.0
835,272,3,7.2
1192,68,3,1338.0
12735,1384,3,0.8
3539,1832,3,19.9
14277,2922,3,247.0
8660,1202,3,216.0
6317,31,3,370.0
2045,1612,3,2.0
3884,816,3,44.0
1505,1488,3,415.0
6865,944,3,814.0
4287,738,3,2.9
7498,2285,3,21.0
11077,1488,3,28.0
8772,2285,3,38.0
12465,2380,3,2433.0
11969,1720,3,10.3
11142,933,3,3.5
479,2611,3,2.4
9339,2285,3,32.0
2710,1488,3,28.0
9123,2285,3,11.5
319,1321,3,63.0
7951,1612,3,0.9
421,1981,3,23.0
207,237,3,99.0
1873,944,3,127.0
14988,2285,3,47.0
12497,2122,3,1.3
8375,2195,3,8.5
6037,2492,3,1.3
14206,2526,3,8.5
9583,1721,3,47.0
11247,1323,3,268.0
7275,2285,3,51.0
7202,43,3,560.0
7541,2285,3,38.0
12007,1119,3,45.0
11411,1488,3,153.0
1793,1090,3,237.0
8070,2285,3,7.4
6351,307,3,0.5
13914,2285,3,49.0
11755,2285,3,44.0
12488,2285,3,31.0
15835,944,3,18.7
15387,743,3,60.0
16910,2285,3,45.0
9945,237,3,958.0
5803,272,3,200.0
10675,1488,3,23.0
10478,1827,3,95.0
7353,1820,3,1.8
12970,1838,3,25.0
6654,25,3,26.0
13115,2496,3,18.4
17832,1832,3,2.7
4484,1488,3,93.0
8281,9,3,4.2
9771,1128,3,238.0
16479,2380,3,1579.0
17310,2285,3,24.0
3321,2285,3,91.0
2001,1408,3,0.1
17950,2029,3,11.4
3251,2922,3,176.0
11270,2285,3,17.7
14608,1202,3,69.0
1814,745,3,1.2
7025,1776,3,60.0
15212,1488,3,202.0
1351,2844,3,8.8
15007,2285,3,9.3
10046,237,3,817.0
276,2508,3,4.6
4283,2285,3,38.0
10130,2285,3,33.0
14571,897,3,288.0
18231,2161,3,452.0
16821,1107,3,48.0
6587,2148,3,33.0
149,1128,3,18.0
7410,2285,3,47.0
2017,1335,3,0.2
5778,1612,3,1.8
15316,1612,3,0.6
8427,2285,3,60.0
16244,725,3,52.0
18158,426,3,714.0
10290,237,3,753.0
3481,1128,3,125.0
2894,1982,3,17.8
9629,1128,3,126.0
11932,2803,3,0.0
11686,2285,3,18.8
12100,2532,3,4.6
15001,2243,3,6.8
2791,2285,3,40.0
9056,1488,3,14.6
3337,2547,3,11.0
16632,469,3,14.0
16515,1488,3,3321.0
134,2195,3,2.9
11657,2631,3,219.0
14322,1380,3,191.0
17706,1876,3,29.0
12056,2631,3,69.0
15472,2285,3,47.0
17725,732,3,613.0
15782,1321,3,6.1
12655,2285,3,22.0
9794,2526,3,12.0
6764,2205,3,7.9
15242,1443,3,14.7
10379,1488,3,439.0
223,2285,3,35.0
8555,814,3,1482.0
5721,98,3,71.0
7999,1832,3,43.0
8825,1832,3,20.0
3145,2885,3,42.0
17475,2338,3,0.5
10861,1606,3,2471.0
9151,10,3,0.2
200,2285,3,17.1
266,2922,3,322.0
678,2285,3,18.7
14942,282,3,2.2
9231,2285,3,97.0
17838,2380,3,1233.0
7640,2195,3,2.0
9740,2285,3,24.0
4734,1636,3,0.8
3566,1685,3,27.0
10602,2841,3,74.0
8128,2922,3,119.0
8227,2630,3,22.0
15791,1876,3,16.8
3164,2285,3,14.7
17771,1718,3,39.0
15085,2865,3,1100.0
13608,2831,3,9.1
10663,98,3,64.0
17222,142,3,560.0
323,725,3,11.6
7821,2285,3,39.0
961,1488,3,2.0
15987,1737,3,3.3
11157,312,3,0.6
17268,2205,3,23.0
88,2842,3,8.2
7513,933,3,7.8
509,2285,3,66.0
10160,2285,3,57.0
11985,1785,3,871.0
3062,836,3,39.0
13942,2631,3,72.0
1253,574,3,2.9
11746,1781,3,553.0
12420,2285,3,32.0
15117,1557,3,1130.0
8898,996,3,0.0
1632,1721,3,70.0
16199,1612,3,0.4
16973,2367,3,2.3
17783,1492,3,724.0
11357,829,3,44.0
12887,1655,3,15.0
10372,25,3,53.0
136,2285,3,62.0
12127,1973,3,30.0
3952,282,3,0.6
15968,1488,3,251.0
14298,2285,3,188.0
11486,1610,3,72.0
9165,2285,3,11.8
9145,2895,3,0.0
9127,1603,3,0.7
7631,2285,3,19.2
10262,2285,3,75.0
17814,2285,3,39.0
5198,2922,3,52.0
12004,1054,3,4.3
14928,1037,3,49.0
9654,745,3,293.0
5449,2922,3,47.0
6096,2285,3,31.0
12441,272,3,61.0
15950,2285,3,9.9
12775,1366,3,6.2
4471,1488,3,179.0
14469,2865,3,2285.0
11669,1832,3,46.0
1661,2285,3,40.0
9317,128,3,7.3
16418,1128,3,155.0
3048,1832,3,54.0
8512,2285,3,10.8
5850,1342,3,40.0
12361,1781,3,69.0
16224,745,3,52.0
13062,2631,3,54.0
16940,980,3,0.6
16140,2619,3,108.0
14407,2285,3,28.0
16005,237,3,2322.0
950,1721,3,8.6
3325,2439,3,434.0
7367,1488,3,105.0
6150,2285,3,48.0
11909,87,3,4.1
11132,2285,3,30.0
10858,2860,3,7.3
13573,25,3,3.5
2018,2339,3,630.0
13386,2285,3,26.0
16136,2285,3,9.9
12921,2285,3,95.0
8055,1128,3,106.0
12190,2922,3,97.0
15844,2536,3,6.0
2504,2285,3,31.0
12788,2285,3,45.0
13713,2285,3,16.1
2527,2285,3,1.4
3794,2285,3,36.0
413,2285,3,14.5
16383,745,3,13.5
14414,1488,3,253.0
12202,2285,3,31.0
8579,2922,3,81.0
9354,2631,3,367.0
5904,1876,3,16.2
1869,1126,3,0.0
12558,237,3,240.0
6208,1488,3,0.4
15203,2285,3,47.0
427,2285,3,12.1
13761,1578,3,153.0
432,2708,3,522.0
16019,1488,3,132.0
9831,2726,3,52.0
9550,2380,3,2086.0
10312,1488,3,99.0
7748,2831,3,114.0
3391,2630,3,7.1
8310,1876,3,6.2
4558,762,3,60.0
6589,2496,3,30.0
17461,2610,3,0.2
17457,1139,3,37.0
11406,2510,3,48.0
10715,2631,3,139.0
17646,2285,3,17.0
4191,113,3,413.0
1813,142,3,156.0
11606,2285,3,66.0
4730,1321,3,15.5
13281,1155,3,260.0
15036,237,3,366.0
14003,1832,3,7.6
3682,814,3,1833.0
8614,25,3,2.0
9153,1488,3,247.0
3852,2631,3,74.0
10497,2526,3,56.0
12538,965,3,30.0
11892,1037,3,51.0
10339,2285,3,21.0
1475,1128,3,12.4
5774,1488,3,301.0
3869,2192,3,0.9
13453,1832,3,24.0
12882,272,3,22.0
16498,2923,3,1.1
10753,237,3,2354.0
12787,1655,3,22.0
12802,1690,3,2.1
8112,1612,3,0.0
17127,2630,3,196.0
9869,2098,3,68.0
8577,1128,3,35.0
5949,2210,3,0.1
10549,1876,3,31.0
10652,1488,3,7267.0
10749,100,3,244.0
934,2285,3,49.0
13551,2285,3,22.0
9645,1017,3,51.0
1787,2922,3,160.0
11119,272,3,232.0
1631,654,3,2.4
5088,791,3,153.0
305,811,3,105.0
13605,2536,3,13.2
2000,2675,3,0.1
8084,1488,3,149.0
7398,2922,3,0.1
16027,1832,3,16.6
4128,225,3,296.0
16361,1488,3,216.0
3416,237,3,1611.0
13296,2708,3,135.0
15060,237,3,1879.0
7085,2285,3,18.4
6514,915,3,9.7
15638,2285,3,37.0
1261,2285,3,17.9
15512,1702,3,0.0
16729,2285,3,60.0
10651,2631,3,105.0
17538,2201,3,0.0
15489,2285,3,42.0
17202,2285,3,28.0
17111,1690,3,0.4
15907,1957,3,5.0
2756,2911,3,558.0
2539,2922,3,49.0
16440,726,3,14.5
16166,972,3,0.0
16967,836,3,163.0
15117,539,3,5.8
14760,2631,3,149.0
3149,2285,3,15.7
7456,272,3,165.0
13422,2488,3,73.0
1489,2285,3,37.0
12281,1407,3,7.3
4643,237,3,475.0
15942,2002,3,7.0
13952,1128,3,171.0
7080,1488,3,45.0
18004,545,3,0.5
3582,1488,3,23.0
2402,2285,3,0.7
4222,862,3,9.7
9463,1166,3,398.0
16694,1488,3,11.8
3791,2285,3,1.1
8780,2298,3,101.0
5310,1488,3,211.0
6012,2285,3,38.0
9648,1488,3,149.0
11025,1655,3,176.0
16187,1488,3,2.6
13893,2285,3,6.6
4848,1488,3,458.0
18300,68,3,610.0
15350,1087,3,5.6
17415,1128,3,45.0
868,1488,3,348.0
2426,2922,3,255.0
8464,1020,3,0.3
12881,2285,3,3.5
7943,2285,3,22.0
16195,237,3,1343.0
13664,2340,3,47.0
394,1655,3,0.1
11460,31,3,20.0
9640,1937,3,1.8
5662,2543,3,4.9
14126,2285,3,13.2
2151,745,3,161.0
4905,2630,3,55.0
5797,1166,3,85.0
6184,2208,3,0.7
1899,725,3,39.0
1985,1876,3,15.6
11316,2285,3,34.0
14084,237,3,1812.0
4013,2831,3,206.0
12366,1166,3,11.7
4794,2562,3,15.8
12917,2166,3,6.1
1901,2631,3,40.0
12659,2285,3,40.0
721,2631,3,57.0
5096,1837,3,90.0
6046,2831,3,225.0
12573,1128,3,3.1
10185,2285,3,24.0
13083,302,3,17.4
3398,2285,3,3.5
15930,2013,3,5.1
12468,2285,3,65.0
2338,1488,3,76.0
11064,2717,3,3.6
11161,1557,3,570.0
11716,2285,3,17.3
12282,1488,3,22.0
13358,2285,3,0.6
3639,1488,3,1199.0
16850,1488,3,711.0
10300,2285,3,8.5
10195,2285,3,25.0
3148,2285,3,44.0
3032,2850,3,7.1
15145,1525,3,109.0
12572,2726,3,353.0
13777,1488,3,191.0
2681,2726,3,99.0
17700,343,3,25.0
12823,682,3,4.6
13698,1612,3,2.8
3227,2285,3,9.0
8143,1128,3,39.0
14991,1492,3,167.0
216,2285,3,9.7
2065,2759,3,1292.0
2516,2195,3,29.0
6334,745,3,51.0
15052,1876,3,25.0
17988,1488,3,390.0
5816,723,3,2.9
7321,911,3,46.0
12996,1488,3,109.0
16129,1680,3,11.5
7481,1189,3,11.2
14107,2285,3,1.4
14400,1202,3,0.4
3927,1069,3,0.0
17906,2638,3,7.6
5286,68,3,589.0
17825,640,3,11.1
2248,2380,3,131.0
16695,1721,3,0.1
17659,2285,3,6.1
435,1557,3,0.0
562,725,3,58.0
15947,816,3,25.0
10711,1737,3,15.0
14727,614,3,23.0
7685,572,3,353.0
1802,237,3,1014.0
15446,2797,3,3.8
6805,2285,3,13.7
13837,1832,3,53.0
16024,2285,3,25.0
15069,2383,3,1216.0
13165,2922,3,50.0
1275,1499,3,5.5
1074,1832,3,40.0
9838,1215,3,68.0
14502,184,3,0.4
15813,2285,3,36.0
17481,2922,3,25.0
5248,2285,3,30.0
14814,2630,3,666.0
3966,2565,3,0.6
9692,2285,3,37.0
8197,1488,3,54.0
11908,1505,3,0.7
15233,2631,3,422.0
7780,2285,3,31.0
3557,745,3,16.6
15390,2831,3,382.0
2716,1875,3,5.0
233,2888,3,67.0
5557,1422,3,9.3
1843,1781,3,723.0
5013,2285,3,47.0
10838,867,3,12.2
14034,237,3,866.0
13537,1578,3,466.0
7883,237,3,156.0
2803,2285,3,23.0
12389,2027,3,49.0
14850,2285,3,12.8
4985,2285,3,39.0
4139,354,3,0.4
4716,140,3,24.0
15436,1488,3,24.0
6242,271,3,68.0
13688,2344,3,0.5
9661,68,3,1778.0
7671,816,3,16.5
12872,2285,3,45.0
14010,508,3,178.0
12953,52,3,21.0
17060,68,3,612.0
6870,2726,3,0.2
13316,2759,3,3.5
12838,2285,3,35.0
6431,2285,3,33.0
16900,444,3,7.6
14094,1499,3,1.2
2905,2630,3,491.0
14755,1488,3,2.0
737,1321,3,64.0
8180,2922,3,275.0
10871,274,3,2.2
1016,1609,3,5.2
13618,1578,3,271.0
7091,725,3,8.8
1911,2098,3,54.0
5111,237,3,574.0
11597,237,3,73.0
3373,2910,3,4.8
13792,237,3,966.0
15187,2285,3,8.4
4225,2423,3,4.1
16064,1488,3,272.0
5593,725,3,80.0
956,100,3,64.0
3917,2562,3,0.3
11168,2899,3,4.3
17981,906,3,0.2
14291,1533,3,2715.0
10402,2523,3,1.2
14890,1488,3,117.0
12869,2317,3,117.0
7018,1488,3,81.0
5961,2874,3,3.3
1521,2285,3,77.0
8624,1911,3,1491.0
15056,1488,3,1256.0
16820,2205,3,0.4
13244,1488,3,28.0
16797,2285,3,40.0
5145,2285,3,43.0
11156,1567,3,0.6
1099,2285,3,12.2
892,2726,3,249.0
3785,2786,3,0.0
17720,734,3,3.7
7113,113,3,459.0
17933,2865,3,210.0
15273,2285,3,56.0
5678,2267,3,49.0
17639,2922,3,73.0
1973,237,3,55.0
15643,2285,3,24.0
17878,997,3,42.0
17607,1188,3,0.5
13180,2922,3,99.0
960,2285,3,47.0
6073,1321,3,65.0
16366,2638,3,44.0
15267,2380,3,97.0
7845,1300,3,445.0
5450,2285,3,35.0
11865,1488,3,82.0
1212,2285,3,52.0
2031,2922,3,62.0
2511,1757,3,24.0
9415,1492,3,3309.0
16443,1947,3,16.3
9559,2371,3,45.0
13857,1341,3,2.1
12198,2285,3,70.0
5479,237,3,141.0
11994,1480,3,0.3
10412,1488,3,152.0
15901,113,3,2.3
13545,946,3,17.6
1260,368,3,173.0
13317,1228,3,19.6
9157,2136,3,83.0
16591,1499,3,3.7
16073,2630,3,209.0
8272,2285,3,29.0
11818,2380,3,682.0
15360,497,3,1.1
16241,2922,3,87.0
15455,68,3,1780.0
6684,2630,3,77.0
18033,2726,3,307.0
16467,2638,3,133.0
2775,2285,3,1.8
15246,1488,3,342.0
6167,1612,3,0.2
15200,2003,3,15.7
13322,2285,3,41.0
6630,2922,3,232.0
17875,1409,3,2.0
8880,1875,3,10.6
1641,1488,3,207.0
4383,1471,3,152.0
16507,1488,3,204.0
10657,2285,3,21.0
14142,2285,3,19.1
12577,543,3,3.3
3560,1488,3,118.0
9011,1832,3,40.0
3065,1300,3,31.0
15517,2285,3,46.0
345,2285,3,0.8
9898,2420,3,16.1
12038,2285,3,7.5
17723,1491,3,1616.0
3436,1776,3,1.4
10154,1300,3,229.0
5260,1488,3,30.0
2613,1300,3,158.0
4358,25,3,1.6
9500,68,3,1247.0
12832,2865,3,211.0
14916,2631,3,270.0
5575,25,3,4.4
17374,1557,3,1164.0
10373,814,3,263.0
16097,2576,3,4.8
16438,1342,3,1.7
9986,1548,3,10.2
128,2358,3,32.0
1281,1604,3,0.4
4704,745,3,0.1
5925,1488,3,500.0
17106,2630,3,3.0
9524,2631,3,14.6
16953,2656,3,7.2
10117,1488,3,64.0
7523,2285,3,21.0
13786,2285,3,90.0
17623,2630,3,147.0
2417,2380,3,741.0
15877,68,3,423.0
2524,1655,3,82.0
6886,2285,3,122.0
14904,1612,3,0.0
6164,1491,3,372.0
14886,944,3,629.0
10510,1832,3,107.0
905,2285,3,30.0
1574,1488,3,25.0
9946,2562,3,2.5
13251,2285,3,13.4
625,2285,3,17.0
13166,1488,3,11.9
3969,1321,3,0.0
8504,2234,3,14.4
8617,2285,3,27.0
610,2285,3,30.0
17520,1832,3,35.0
13424,1300,3,292.0
3005,25,3,18.4
15496,1525,3,17.9
11980,1488,3,1684.0
2183,36,3,8.2
17081,2714,3,6.2
10539,2165,3,9.0
3960,2631,3,86.0
12142,1488,3,33.0
12327,1697,3,5.0
7123,1612,3,0.9
9474,129,3,83.0
6983,2780,3,0.3
11325,2285,3,11.2
14385,1488,3,69.0
11487,2526,3,4.6
8127,2285,3,27.0
15991,1492,3,1940.0
2336,944,3,49.0
15146,2285,3,36.0
6811,2285,3,64.0
1595,2920,3,4.0
9939,2922,3,162.0
5270,1323,3,186.0
8440,377,3,8.0
3,2285,3,37.0
10920,1488,3,90.0
7956,2285,3,56.0
3433,1189,3,2.5
15483,68,3,790.0
4165,2285,3,56.0
13783,811,3,54.0
16055,2285,3,25.0
1425,1492,3,376.0
7922,1755,3,181.0
5429,1612,3,0.2
10274,2285,3,14.0
4104,2783,3,105.0
8540,368,3,1517.0
9281,1776,3,69.0
10449,2630,3,54.0
12014,1488,3,61.0
12801,2285,3,19.3
2224,2710,3,7.8
12487,237,3,169.0
14774,1488,3,417.0
8686,2285,3,8.0
17824,2285,3,29.0
9208,356,3,7.8
315,2285,3,43.0
12670,2285,3,42.0
16755,2017,3,25.0
14439,2285,3,29.0
2853,1854,3,22.0
17567,1468,3,16.2
9874,1300,3,243.0
13695,2285,3,14.8
8447,1655,3,255.0
3034,1557,3,130.0
10607,2285,3,34.0
15245,2692,3,20.0
3042,1488,3,201.0
11625,2496,3,26.0
5086,2285,3,39.0
3340,2714,3,3.2
8317,897,3,354.0
81,54,3,3.4
1991,1488,3,11524.0
13524,2285,3,1.5
1807,2631,3,182.0
2745,2831,3,65.0
15780,1342,3,43.0
11373,2910,3,6.4
15098,2013,3,57.0
5735,2285,3,11.3
13133,1832,3,129.0
10691,2285,3,49.0
6070,2842,3,106.0
10606,1582,3,7.6
12515,2285,3,0.8
740,2922,3,304.0
11162,2285,3,7.6
10750,2922,3,114.0
14541,1488,3,170.0
16543,778,3,53.0
8223,1827,3,99.0
9814,2285,3,89.0
2973,1612,3,0.1
15849,572,3,155.0
1430,1612,3,0.1
13265,2285,3,33.0
11140,1628,3,0.9
3606,2285,3,18.8
6754,1655,3,450.0
8036,2285,3,35.0
8813,572,3,138.0
967,1937,3,7.1
12885,2630,3,233.0
1438,1488,3,171.0
10656,255,3,236.0
1383,1557,3,617.0
6899,1857,3,336.0
13264,1937,3,10.4
838,1488,3,59.0
955,2439,3,286.0
13248,1832,3,79.0
6727,1189,3,17.3
6389,2113,3,13.6
11036,1128,3,1.9
9528,1610,3,0.4
12376,272,3,68.0
7375,2285,3,62.0
17344,1488,3,323.0
1942,2441,3,23.0
8956,594,3,257.0
863,1488,3,3.0
6001,933,3,18.6
12686,68,3,2205.0
11519,2285,3,12.2
17891,811,3,114.0
17479,1277,3,7.4
8983,2056,3,9.1
10476,2285,3,45.0
14641,2285,3,22.0
13847,1196,3,27.0
13663,1488,3,979.0
12848,2631,3,107.0
16277,2631,3,210.0
7419,1578,3,169.0
11691,2780,3,0.1
13912,1488,3,4485.0
14426,816,3,6.6
889,1414,3,10.7
11775,2522,3,2.3
15933,2285,3,3.2
11170,2285,3,1.9
9442,2488,3,1652.0
16448,2001,3,14.6
4553,2639,3,19.9
14396,1488,3,207.0
6960,2865,3,2908.0
16032,1956,3,21.0
13909,2865,3,32.0
10616,2367,3,1.5
8460,2340,3,1773.0
11371,272,3,90.0
14799,944,3,141.0
12388,2285,3,1.4
8457,237,3,132.0
7864,2285,3,33.0
2136,1838,3,40.0
10595,1492,3,4502.0
16778,854,3,277.0
18195,483,3,0.8
17512,2380,3,1864.0
9435,399,3,0.0
2379,2831,3,163.0
14662,1488,3,359.0
438,452,3,69.0
14292,1488,3,18.4
14823,237,3,819.0
1524,368,3,81.0
10726,2631,3,69.0
3139,113,3,271.0
9819,2922,3,207.0
16563,1628,3,0.8
3507,1228,3,507.0
4680,2285,3,32.0
16971,2285,3,37.0
16862,814,3,1584.0
1375,25,3,20.0
12904,2922,3,95.0
6988,718,3,145.0
8913,2922,3,319.0
16589,2911,3,4082.0
13776,2922,3,50.0
6449,426,3,147.0
7891,1721,3,184.0
5221,2285,3,41.0
1447,2336,3,4.2
5050,237,3,53.0
8282,2285,3,109.0
4984,2831,3,514.0
14852,1128,3,68.0
10649,1827,3,60.0
1063,1973,3,34.0
12694,745,3,59.0
2917,1355,3,488.0
4597,2285,3,22.0
4010,265,3,0.2
739,237,3,32.0
12462,1721,3,11.4
2636,2630,3,366.0
11997,2285,3,66.0
4528,1203,3,63.0
11776,614,3,5.9
3440,1557,3,13.3
13543,1488,3,14.3
4429,2285,3,10.2
17409,1488,3,7.5
15444,1488,3,89.0
1457,1388,3,1.5
1470,52,3,3.0
15409,946,3,191.0
139,590,3,1.9
15989,2285,3,58.0
11122,2285,3,14.6
7952,1721,3,2.9
15825,1300,3,0.1
7301,1128,3,193.0
1998,68,3,1005.0
9763,272,3,489.0
3735,1488,3,1066.0
16258,2285,3,66.0
17820,2195,3,15.2
10518,2759,3,632.0
6665,2285,3,43.0
11972,2439,3,97.0
15673,2922,3,30.0
2752,2227,3,113.0
11233,237,3,1299.0
5615,1488,3,57.0
11177,2726,3,3.2
18223,1304,3,438.0
13839,1752,3,85.0
12894,2285,3,11.0
17793,1155,3,265.0
4603,521,3,21.0
5165,1905,3,96.0
3891,1208,3,22.0
293,294,3,20.0
12347,237,3,1238.0
8615,98,3,12.6
16881,1776,3,5.3
3249,2922,3,87.0
17430,2285,3,34.0
1471,208,3,29.0
10095,1393,3,0.9
9883,52,3,45.0
6690,2285,3,12.0
4977,2285,3,9.8
12119,2357,3,137.0
10640,2630,3,3.4
3077,25,3,76.0
16912,1876,3,10.3
12101,1832,3,56.0
9842,2630,3,277.0
11495,2285,3,92.0
13124,2285,3,42.0
14381,2285,3,21.0
12355,1488,3,70.0
6921,535,3,38.0
18097,2631,3,136.0
14453,1202,3,129.0
12052,2631,3,205.0
11,1937,3,3.0
8141,1721,3,254.0
1579,1612,3,1.6
16272,972,3,1.6
14344,1166,3,319.0
4229,972,3,32.0
4532,572,3,92.0
7472,2831,3,308.0
8530,915,3,15.8
10776,1335,3,0.0
2353,2285,3,13.8
7678,718,3,10.6
978,2285,3,55.0
13599,2285,3,38.0
264,2285,3,6.6
1202,1189,3,2.8
6354,1166,3,20.0
1088,68,3,615.0
7850,718,3,24.0
17986,1488,3,55.0
11540,1488,3,1749.0
6833,2285,3,92.0
10822,1488,3,7.8
17837,682,3,8.3
697,1832,3,64.0
12455,1166,3,228.0
15045,1189,3,144.0
12092,2339,3,11.1
13555,745,3,46.0
15514,2692,3,21.0
9680,2630,3,63.0
17201,2285,3,2.5
10084,1488,3,28.0
7888,2285,3,63.0
10293,2285,3,35.0
14412,2285,3,39.0
11800,2631,3,96.0
12805,2096,3,52.0
18186,2285,3,95.0
11827,237,3,2121.0
16535,2922,3,144.0
13965,1389,3,550.0
689,1488,3,9.3
5983,1488,3,2.3
14028,2285,3,10.3
336,52,3,58.0
6707,1412,3,14.3
14655,572,3,266.0
11725,2285,3,12.1
10731,1488,3,18.6
15135,1832,3,104.0
5380,2148,3,5.0
15672,1594,3,3.1
14401,2056,3,0.2
3342,579,3,23.0
10222,1492,3,962.0
17191,944,3,857.0
330,1832,3,25.0
14352,1488,3,48.0
17069,2285,3,2.0
13412,1488,3,32.0
3764,901,3,2.2
8473,2285,3,49.0
12595,2285,3,0.3
10712,1832,3,43.0
14744,2610,3,4.4
434,2922,3,189.0
10905,2922,3,50.0
10345,2285,3,54.0
9036,72,3,1212.0
7342,2285,3,1.2
13112,1832,3,16.3
11593,2922,3,183.0
4755,2496,3,45.0
18177,2285,3,5.8
3619,811,3,102.0
1024,1878,3,52.0
274,2866,3,7.5
16261,2285,3,43.0
10976,2842,3,15.6
2277,2285,3,44.0
5247,1220,3,0.0
3901,2285,3,0.2
7035,2285,3,37.0
16508,2165,3,7.4
14425,2339,3,1.9
15124,98,3,19.6
6265,1759,3,175.0
8092,2285,3,8.4
14962,2285,3,4.8
15503,2285,3,34.0
12345,2780,3,152.0
798,1321,3,19.2
9777,22,3,1.7
3172,2001,3,3.4
11532,2285,3,100.0
1750,1832,3,190.0
5890,237,3,261.0
9315,2285,3,29.0
8035,1128,3,36.0
14984,2491,3,3.8
759,2719,3,5.8
6115,1937,3,0.9
10808,944,3,1856.0
14802,513,3,17.0
9508,1721,3,67.0
2127,237,3,2175.0
1788,2285,3,38.0
1161,1488,3,128.0
797,2285,3,8.7
10835,889,3,0.3
5958,1557,3,269.0
16089,2831,3,72.0
609,1703,3,0.5
1758,725,3,76.0
10153,2285,3,60.0
240,854,3,156.0
10010,2285,3,18.6
15864,574,3,50.0
123,2122,3,187.0
6917,2630,3,86.0
3313,31,3,115.0
3644,2922,3,133.0
5565,1341,3,3.1
13799,2631,3,133.0
2854,1937,3,1.5
12201,1488,3,21.0
10774,2285,3,44.0
4307,274,3,2.6
13616,1488,3,23.0
7833,1612,3,0.1
14704,237,3,456.0
14706,1326,3,47.0
416,2285,3,12.2
15300,2922,3,251.0
516,2380,3,2031.0
4493,1080,3,5970.0
9028,1911,3,1147.0
13144,2285,3,25.0
4140,1341,3,25.0
10733,2195,3,8.0
12369,1030,3,158.0
13225,2285,3,23.0
12187,572,3,165.0
8248,1616,3,1.6
16957,2380,3,931.0
178,2922,3,151.0
5411,1128,3,43.0
14489,2192,3,22.0
12333,1488,3,55.0
17852,2922,3,752.0
10439,2285,3,18.5
10993,2865,3,28.0
11712,2285,3,89.0
15113,2922,3,44.0
12169,1655,3,13.6
16732,2285,3,38.0
2979,2630,3,373.0
7261,864,3,3.9
7414,1680,3,11.1
16245,816,3,33.0
11731,1488,3,211.0
11506,2726,3,1.8
10913,1083,3,0.1
14169,1228,3,1542.0
13496,2285,3,89.0
4232,1610,3,12.0
8926,2831,3,26.0
10045,2285,3,32.0
513,1832,3,120.0
1380,825,3,1.7
7424,2630,3,225.0
16933,237,3,250.0
7382,1215,3,156.0
11059,2631,3,141.0
4925,2285,3,69.0
16253,2865,3,1146.0
14090,359,3,2.7
14661,745,3,24.0
7369,1947,3,246.0
1003,2536,3,12.0
10075,2285,3,37.0
6235,68,3,571.0
11076,2285,3,45.0
14033,237,3,672.0
13147,1832,3,10.0
1944,1828,3,0.4
11708,811,3,63.0
15345,2285,3,1.8
4385,724,3,18.7
5268,1488,3,484.0
12980,2380,3,1199.0
10363,1215,3,267.0
12756,725,3,23.0
10743,1488,3,984.0
7521,2285,3,9.0
695,1488,3,10.0
4164,1947,3,17.9
13884,1646,3,0.2
9032,2864,3,9.8
3122,2285,3,56.0
2287,237,3,656.0
629,1746,3,18.4
15148,1451,3,0.2
17154,1721,3,208.0
4082,1975,3,0.8
3293,1202,3,101.0
3228,2631,3,9.0
263,2285,3,18.2
667,2338,3,2.8
10299,2285,3,54.0
16118,944,3,880.0
17903,2775,3,34.0
16311,725,3,73.0
10739,2225,3,78.0
2933,745,3,28.0
11697,1370,3,4.7
1902,68,3,66.0
6221,2073,3,3.8
2934,2285,3,10.5
6477,1488,3,70.0
6837,2285,3,47.0
13659,1488,3,462.0
10987,1610,3,1.1
10809,1488,3,44.0
11417,2285,3,3.4
5389,2285,3,33.0
11660,1497,3,0.4
8410,1488,3,559.0
656,2267,3,26.0
16475,2439,3,143.0
2520,2285,3,65.0
16004,31,3,1383.0
16226,1202,3,0.1
6533,2285,3,27.0
8521,2630,3,24.0
13267,1488,3,5.5
262,1030,3,37.0
17158,1612,3,0.0
16848,2096,3,248.0
14437,2285,3,27.0
15630,2285,3,40.0
3393,1785,3,676.0
11728,1037,3,10.6
9909,1655,3,134.0
12224,1488,3,112.0
12816,2631,3,146.0
10420,1488,3,145.0
17573,1030,3,1130.0
17528,1911,3,3906.0
17627,1030,3,92.0
10525,2285,3,11.1
18181,2285,3,37.0
15272,2285,3,21.0
12344,1785,3,860.0
2051,1832,3,12.8
12159,1488,3,3.4
8708,2161,3,115.0
6257,2922,3,301.0
14505,1875,3,7.9
772,2285,3,29.0
5276,113,3,151.0
11445,2227,3,511.0
1075,2285,3,31.0
13127,1578,3,186.0
10019,2536,3,3.0
3276,68,3,9.5
17879,1488,3,566.0
10719,2831,3,97.0
1098,811,3,284.0
7271,1721,3,34.0
11930,2631,3,11.3
8033,1488,3,10.0
14953,1030,3,32.0
10560,2285,3,46.0
6171,2285,3,9.9
5474,1488,3,65.0
16590,2922,3,58.0
10735,2285,3,18.3
6329,743,3,7.6
13532,915,3,14.8
5466,1155,3,31.0
9620,944,3,902.0
14137,1300,3,2205.0
14070,732,3,314.0
13907,944,3,3272.0
11810,2142,3,59.0
15789,811,3,8.4
13135,946,3,94.0
7834,1801,3,908.0
15722,279,3,4047.0
11359,1300,3,22.0
11232,2016,3,3.8
10555,2285,3,36.0
756,1492,3,50.0
7538,2285,3,15.5
7168,2285,3,26.0
11690,1937,3,7.9
15960,312,3,3.4
9251,2285,3,16.7
13269,1471,3,3.5
766,1488,3,251.0
5519,2340,3,192.0
13184,2484,3,6.5
6284,1488,3,90.0
17346,2631,3,107.0
14965,2285,3,70.0
11629,966,3,0.7
17457,1610,3,37.0
17789,2285,3,34.0
10343,343,3,78.0
8,1612,3,0.0
837,1282,3,27.0
6633,1876,3,42.0
16033,732,3,509.0
8561,2285,3,22.0
11363,1166,3,316.0
143,2297,3,0.2
6114,2831,3,25.0
17446,2096,3,2429.0
15667,1202,3,0.8
14673,2562,3,22.0
11266,614,3,22.0
5996,1559,3,1.1
6071,2922,3,58.0
15931,2619,3,3.7
527,828,3,1387.0
15899,2285,3,4.6
16429,1832,3,42.0
3041,1488,3,201.0
1900,68,3,1879.0
342,2630,3,132.0
14089,2726,3,9.9
13513,732,3,506.0
15391,2285,3,12.9
4134,272,3,42.0
17388,2631,3,112.0
14571,2759,3,3.9
14999,1488,3,24.0
6362,2285,3,32.0
6937,1808,3,22.0
17150,1488,3,32.0
6871,2285,3,66.0
2193,272,3,20.0
9906,1488,3,13.2
4565,2285,3,0.5
1114,2893,3,0.9
15424,1177,3,689.0
4811,68,3,1452.0
220,2922,3,99.0
9467,1721,3,0.0
14520,1202,3,14.4
11455,2285,3,37.0
4585,68,3,783.0
12112,2219,3,33.0
3670,897,3,7.1
11064,1578,3,209.0
9808,2631,3,127.0
12608,2096,3,394.0
9719,2630,3,9.3
16488,2630,3,63.0
1381,718,3,78.0
8303,745,3,359.0
16423,2195,3,0.3
13138,2285,3,75.0
7620,720,3,38.0
853,2285,3,1.6
8345,2383,3,11.5
9458,2631,3,108.0
15063,2692,3,0.7
14956,2285,3,34.0
16247,2911,3,2318.0
15284,2285,3,19.3
12610,2710,3,6.5
3469,2285,3,8.5
4976,1837,3,7.1
7372,2571,3,5.8
14226,426,3,0.2
11523,2562,3,6.6
14153,811,3,349.0
11344,68,3,84.0
378,2285,3,23.0
5829,1612,3,0.1
6375,595,3,0.3
14369,237,3,73.0
597,1612,3,0.5
1055,2285,3,53.0
897,2343,3,362.0
2347,2285,3,11.8
11202,2148,3,2.3
12533,2285,3,37.0
2161,2285,3,48.0
3678,2876,3,40.0
13956,1321,3,75.0
15077,678,3,5.1
13426,1703,3,1.8
6217,537,3,26.0
18014,897,3,48.0
5791,2285,3,0.9
2895,2285,3,16.1
18011,2285,3,8.3
6869,2285,3,30.0
17176,237,3,465.0
13880,1832,3,78.0
10424,2285,3,28.0
10297,2016,3,3.8
9193,1612,3,0.0
8249,481,3,1.9
12010,1488,3,11.6
15520,237,3,412.0
6292,1875,3,58.0
12421,271,3,0.0
13173,1876,3,14.3
10401,44,3,1592.0
8029,1832,3,0.2
9908,2831,3,125.0
8864,572,3,0.7
1335,237,3,1982.0
2706,193,3,21.0
18121,68,3,269.0
2537,2631,3,48.0
15321,2285,3,1.8
1792,272,3,32.0
11281,1612,3,2.2
16468,237,3,11.0
16469,2631,3,32.0
17353,2537,3,3.7
14847,2726,3,90.0
170,745,3,18.1
9223,2285,3,4.3
7032,2285,3,32.0
4929,2285,3,35.0
1054,2630,3,749.0
16642,1228,3,855.0
6123,2630,3,399.0
5464,1488,3,323.0
12395,1488,3,2324.0
7846,2285,3,26.0
1651,1628,3,1.1
3766,1099,3,10.1
3125,2285,3,43.0
86,1074,3,67.0
500,1488,3,18.0
13812,556,3,17.6
15918,1080,3,17006.0
2825,2285,3,44.0
1343,2865,3,306.0
11337,257,3,10.9
3612,1202,3,44.0
15047,1755,3,145.0
2033,2285,3,0.1
3669,972,3,2.3
10502,148,3,1150.0
18070,2285,3,39.0
14144,2285,3,1.0
13326,836,3,4.6
16202,696,3,37.0
2123,2285,3,26.0
10707,1610,3,53.0
17289,2285,3,13.8
12126,1155,3,195.0
16851,2631,3,78.0
10344,2875,3,1.3
11154,2285,3,49.0
3708,743,3,10.6
1010,1578,3,114.0
16682,1832,3,15.4
7443,2831,3,127.0
13793,2285,3,47.0
9922,2711,3,20.0
9935,1321,3,65.0
12357,237,3,882.0
9394,2285,3,69.0
13805,237,3,265.0
6055,2285,3,17.6
15742,2285,3,16.6
11533,237,3,1355.0
2531,2285,3,45.0
11013,200,3,17.3
14664,1655,3,539.0
9484,2285,3,49.0
17853,2285,3,0.9
11966,2631,3,311.0
17083,2285,3,18.9
2635,2285,3,46.0
6941,2066,3,11.5
4002,1488,3,19.7
13053,1635,3,55.0
6177,1875,3,0.1
9399,854,3,177.0
9554,2285,3,5.7
11402,614,3,7.0
11881,762,3,1116.0
6753,1044,3,30.0
10978,1612,3,1.6
15771,1832,3,46.0
17118,2285,3,5.7
15601,2856,3,1.2
18207,25,3,43.0
9019,1155,3,32.0
17035,2340,3,5.6
7244,1488,3,7.3
14521,2865,3,13.0
12334,68,3,1171.0
10579,1488,3,14.4
8846,1488,3,0.6
478,2285,3,134.0
14199,2285,3,72.0
17244,1030,3,106.0
18173,1838,3,1.4
7564,271,3,109.0
18122,1323,3,132.0
15563,1832,3,12.5
16898,1858,3,13.8
17107,237,3,118.0
794,1396,3,0.7
8725,1827,3,77.0
13243,371,3,6.7
9185,2285,3,48.0
553,1832,3,13.8
5037,1228,3,6.5
5948,2285,3,46.0
10251,2096,3,195.0
508,481,3,23.0
1106,371,3,34.0
9421,1937,3,21.0
12847,2343,3,156.0
10915,725,3,42.0
9211,2285,3,50.0
10671,2630,3,108.0
10847,68,3,1287.0
4436,1488,3,66.0
13186,1488,3,57.0
11479,2285,3,8.3
13627,1189,3,30.0
9777,843,3,142.0
14922,1488,3,102.0
16259,1488,3,86.0
12150,2096,3,1.7
5359,237,3,14.5
4249,68,3,466.0
8728,2285,3,5.2
16175,2285,3,54.0
8906,2285,3,34.0
7160,1617,3,83.0
11899,2285,3,21.0
2155,1488,3,63.0
1136,1832,3,63.0
968,1971,3,0.6
15075,68,3,2609.0
17254,255,3,365.0
13662,2865,3,121.0
11112,2285,3,40.0
3329,2285,3,52.0
6223,1488,3,95.0
17404,1030,3,5.6
10482,2285,3,42.0
11472,1406,3,43.0
2282,2831,3,6.2
10468,1323,3,218.0
3486,745,3,16.5
11607,1610,3,1007.0
995,2285,3,49.0
16889,2285,3,32.0
1231,2631,3,348.0
15197,1087,3,2.8
6466,2285,3,66.0
8489,1016,3,24.0
10552,594,3,2006.0
546,2865,3,7.2
1544,944,3,211.0
14791,867,3,0.0
13885,2526,3,6.8
14348,1140,3,1047.0
807,2677,3,3.8
5281,2001,3,102.0
11462,1300,3,196.0
16115,25,3,16.3
11641,1655,3,9.4
17642,1776,3,3.8
9172,811,3,19.4
1805,1488,3,717.0
17216,1395,3,2.1
9135,1465,3,1287.0
16120,2285,3,7.6
5069,237,3,131.0
13681,2285,3,49.0
10302,2380,3,1992.0
3907,2285,3,29.0
6374,237,3,964.0
12519,2285,3,31.0
6318,1269,3,1056.0
718,1875,3,16.5
9316,1488,3,125.0
2170,2285,3,33.0
14339,2630,3,411.0
10029,1832,3,70.0
15668,2638,3,5.8
7177,1488,3,19.3
13971,2285,3,2.6
5384,354,3,4.6
15138,1341,3,1.1
4982,2922,3,253.0
15916,2285,3,1.0
17994,2692,3,3.7
16600,1488,3,107.0
4023,68,3,554.0
18071,897,3,134.0
3043,1832,3,165.0
16712,2285,3,70.0
8167,1488,3,10.5
14548,52,3,54.0
9658,2285,3,1.5
2010,237,3,635.0
8165,1488,3,333.0
1907,237,3,144.0
13946,614,3,1.4
11806,1776,3,5.3
11894,2027,3,2.6
11544,1720,3,2.1
1379,2285,3,2.4
5023,581,3,123.0
14366,1612,3,5.4
10853,2285,3,55.0
9148,272,3,27.0
17324,25,3,21.0
8351,2285,3,27.0
8111,2850,3,9.2
11228,237,3,686.0
559,2866,3,8.9
839,237,3,1815.0
15642,1610,3,207.0
935,2285,3,10.7
15945,521,3,51.0
11420,580,3,83.0
9265,1937,3,1.4
17632,1612,3,4.6
17497,2574,3,4.0
10226,1832,3,113.0
959,39,3,73.0
16842,1937,3,16.3
4459,2285,3,33.0
15934,2630,3,257.0
9279,2726,3,121.0
8730,2285,3,86.0
17742,68,3,756.0
6145,237,3,661.0
1607,842,3,5.6
10234,2631,3,141.0
649,2285,3,31.0
2032,933,3,19.3
14255,1937,3,0.6
17679,1491,3,0.2
12431,1348,3,1.0
15195,271,3,5.0
13772,2285,3,5.4
2620,2285,3,12.3
11722,1721,3,27.0
17062,1488,3,219.0
10906,2285,3,44.0
832,1737,3,1.2
11742,150,3,1.2
14078,2630,3,231.0
5471,1488,3,54.0
474,2285,3,52.0
13401,237,3,228.0
126,1488,3,129.0
17045,2526,3,50.0
17604,1128,3,111.0
5446,1832,3,7.1
8692,1306,3,0.6
7690,2631,3,73.0
2077,2831,3,471.0
17962,2285,3,44.0
3552,1300,3,268.0
6101,1755,3,2100.0
2498,2285,3,130.0
13217,1128,3,387.0
16439,811,3,81.0
14934,725,3,2.7
13600,2285,3,17.8
7686,259,3,0.4
16485,2631,3,79.0
504,1166,3,17.5
13878,1468,3,51.0
17822,2630,3,270.0
9443,237,3,682.0
17093,2245,3,3.5
16995,1488,3,11.6
14371,2285,3,22.0
13951,1488,3,60.0
16909,237,3,1383.0
7263,685,3,0.7
6563,2285,3,40.0
7409,237,3,672.0
6544,1054,3,8.8
9454,1832,3,72.0
11588,2285,3,22.0
8354,2285,3,14.0
7231,25,3,27.0
1571,2098,3,36.0
18105,1831,3,1.5
6949,2630,3,79.0
588,98,3,10.9
6283,2631,3,372.0
10209,68,3,809.0
1821,2096,3,16.4
9006,1609,3,3.6
2823,405,3,9.0
2039,272,3,120.0
3623,360,3,27.0
11861,1488,3,525.0
12773,2285,3,43.0
10969,2922,3,310.0
14526,1661,3,0.6
4923,2285,3,71.0
1822,2865,3,388.0
17831,1128,3,0.5
10938,1228,3,48.0
16792,814,3,3276.0
16454,944,3,261.0
4343,1913,3,13.2
8836,2195,3,1.3
720,2630,3,203.0
3046,2562,3,13.0
3822,552,3,12.6
16706,2285,3,13.1
4472,2285,3,49.0
16844,1488,3,155.0
6943,2285,3,169.0
4810,1488,3,313.0
14697,2285,3,56.0
11392,2433,3,0.1
16919,944,3,2402.0
2296,1608,3,45.0
2235,1304,3,1657.0
3987,2285,3,30.0
8928,2285,3,7.4
15190,1304,3,321.0
10441,2122,3,8.8
4020,1937,3,2.3
2861,572,3,242.0
6555,1202,3,9.4
3636,2922,3,174.0
2711,2631,3,196.0
13190,1189,3,0.2
12299,2409,3,13.6
2095,725,3,99.0
13483,1488,3,66.0
16068,2285,3,63.0
5906,1583,3,145.0
10985,1612,3,4.9
13372,282,3,40.0
8449,2285,3,71.0
6011,2726,3,84.0
8929,859,3,14.2
14072,1488,3,12.1
7242,1488,3,75.0
9462,2285,3,63.0
8644,1876,3,11.8
18241,718,3,15.5
16237,237,3,154.0
8541,100,3,92.0
11413,2686,3,18.0
10723,299,3,7.4
10940,2911,3,1546.0
10839,2285,3,4.9
6016,1321,3,61.0
321,2631,3,228.0
11139,14,3,406.0
16901,68,3,18.7
12448,1612,3,0.0
16332,2285,3,23.0
4860,2639,3,0.6
12391,2285,3,51.0
5550,2631,3,121.0
11401,2922,3,100.0
9353,224,3,32.0
372,1875,3,23.0
4158,915,3,18.0
3184,2759,3,247.0
13891,2285,3,66.0
552,2630,3,191.0
14364,1601,3,481.0
13400,2630,3,15.2
13898,1189,3,35.0
15087,2285,3,1.1
3583,2423,3,9.6
7007,68,3,977.0
12729,237,3,888.0
3803,274,3,2.0
994,2285,3,24.0
7890,2536,3,6.0
3339,1300,3,164.0
13775,2631,3,136.0
13155,1086,3,0.1
7014,2285,3,44.0
8979,725,3,50.0
10034,2630,3,290.0
813,2630,3,383.0
5712,1471,3,524.0
12914,811,3,166.0
2019,1406,3,0.2
10514,1525,3,39.0
6723,343,3,235.0
10524,1488,3,63.0
10375,2285,3,44.0
15610,237,3,1463.0
11492,1307,3,0.8
9366,1488,3,63.0
11866,68,3,776.0
15231,1832,3,29.0
5147,556,3,106.0
9489,2243,3,64.0
14017,1432,3,6.1
15239,2285,3,26.0
1470,1488,3,912.0
13539,2285,3,53.0
455,2285,3,27.0
15286,2285,3,2.4
10946,1845,3,12.7
6920,2285,3,32.0
228,1037,3,16.9
3609,1357,3,5.6
715,2340,3,12.7
3464,2285,3,36.0
15100,1488,3,116.0
4411,1488,3,54.0
2258,915,3,17.4
16878,1612,3,3.8
3076,1819,3,2.4
7824,1488,3,74.0
13879,237,3,289.0
14156,1488,3,10.2
1598,2027,3,22.0
17115,1488,3,205.0
6136,2876,3,71.0
9646,2285,3,50.0
5762,1776,3,20.0
7996,2842,3,3.2
14598,1636,3,39.0
17041,2380,3,279.0
14944,1781,3,114.0
6286,1202,3,0.6
12560,2562,3,5.3
14259,2285,3,18.4
6236,2922,3,94.0
3226,68,3,460.0
12574,1488,3,31.0
13041,1488,3,70.0
9401,2922,3,116.0
16958,1488,3,523.0
10133,725,3,55.0
9544,2285,3,54.0
16308,1189,3,56.0
18154,2911,3,717.0
17276,1300,3,1164.0
11277,2380,3,1173.0
10377,1876,3,31.0
15296,1488,3,55.0
74,2922,3,43.0
4691,1612,3,6.3
11798,2285,3,46.0
16225,2285,3,51.0
11453,814,3,74.0
5693,2922,3,234.0
16457,1488,3,118.0
16813,2922,3,207.0
6362,237,3,592.0
14567,1832,3,31.0
3502,1488,3,99.0
13208,2441,3,34.0
6891,2285,3,20.0
5212,1488,3,18.1
16539,2780,3,1.3
11556,2922,3,52.0
10660,944,3,108.0
11639,1832,3,82.0
13988,2285,3,36.0
5542,296,3,317.0
4781,2285,3,25.0
5392,2710,3,1.3
14020,2285,3,2.1
8259,1937,3,1.4
652,1321,3,23.0
5153,2285,3,47.0
3364,2922,3,62.0
9159,2287,3,6.2
10931,1070,3,179.0
14386,2285,3,16.3
14806,1488,3,6.7
15374,1488,3,31.0
1332,2922,3,67.0
13343,18,3,2.2
18236,1611,3,118.0
11494,1089,3,1.8
11590,2865,3,706.0
219,2409,3,1.8
1624,2631,3,154.0
16100,2285,3,60.0
14417,766,3,150.0
17939,2685,3,1469.0
12929,237,3,2869.0
17117,872,3,14.5
15773,1617,3,65.0
16586,2285,3,18.9
6097,1201,3,0.0
12908,2285,3,45.0
936,2630,3,54.0
15176,2027,3,13.4
7912,1800,3,2.2
761,1189,3,36.0
9895,1488,3,8.7
6130,944,3,487.0
529,1488,3,5.8
6438,237,3,324.0
14355,1976,3,83.0
12854,2285,3,3.1
14925,1838,3,0.6
3921,272,3,58.0
15258,2423,3,0.4
10483,2630,3,5.2
16668,2285,3,1.6
2702,2631,3,94.0
6493,1321,3,17.0
7084,2285,3,42.0
9580,1488,3,273.0
8288,2565,3,8.4
3935,2631,3,114.0
12205,2831,3,62.0
15257,2285,3,41.0
6592,2922,3,230.0
12629,1488,3,184.0
4044,25,3,23.0
16713,2865,3,55.0
15208,2285,3,3.1
3962,1721,3,15.2
16357,2285,3,40.0
7333,2340,3,8.4
15068,1488,3,58.0
13511,1128,3,1017.0
9958,1228,3,250.0
2999,1157,3,17.8
2265,25,3,0.4
878,1707,3,13.2
127,725,3,0.5
15083,1321,3,17.4
7645,2536,3,6.0
3986,1518,3,0.0
1953,897,3,1246.0
5226,2527,3,0.6
18073,725,3,3.7
9447,1202,3,40.0
10950,2922,3,38.0
9466,1030,3,2.3
8600,811,3,55.0
4457,2285,3,19.2
230,745,3,55.0
7239,1937,3,0.0
13950,246,3,6.6
6709,878,3,121.0
5002,272,3,49.0
18271,1060,3,0.1
215,2285,3,18.6
13612,2831,3,34.0
10957,1080,3,6438.0
15362,1776,3,46.0
937,1488,3,20.0
15737,2922,3,50.0
12884,229,3,4775.0
6170,1155,3,343.0
9166,237,3,907.0
17175,1858,3,0.1
15073,2285,3,5.2
11984,2559,3,0.5
16580,477,3,89.0
7194,261,3,9.1
97,2631,3,230.0
7740,237,3,26.0
15645,68,3,1542.0
7575,2140,3,1.4
17743,2340,3,35.0
1134,2634,3,2.6
10651,579,3,10.4
6120,1128,3,157.0
16584,2285,3,0.4
12844,1488,3,14.9
5955,2631,3,48.0
9927,68,3,513.0
7712,2285,3,14.0
14445,2630,3,100.0
1408,2285,3,74.0
5764,1612,3,0.4
10593,2411,3,3.0
11567,2285,3,50.0
8712,1488,3,79.0
14499,2285,3,31.0
16026,1037,3,306.0
7868,2285,3,159.0
10729,1947,3,8.4
15523,2630,3,221.0
14184,1231,3,0.3
5362,2631,3,248.0
18061,2526,3,1.0
7361,1606,3,60.0
2678,1202,3,399.0
4161,2780,3,40.0
10948,1488,3,9.9
18138,2831,3,10.1
7339,2285,3,38.0
918,1406,3,200.0
9298,2630,3,343.0
5439,2096,3,2470.0
13557,1832,3,83.0
5087,2285,3,0.6
9287,1488,3,15.2
10227,25,3,1.1
9683,1612,3,0.2
12926,368,3,2120.0
15368,932,3,0.0
3028,897,3,15.7
16415,1937,3,0.6
3568,1612,3,1.1
9824,2866,3,14.0
373,2122,3,2.6
5453,1872,3,1.0
11877,2285,3,37.0
9662,2726,3,6.4
12865,2630,3,47.0
13455,1228,3,10.6
12568,2285,3,19.1
18240,1832,3,9.4
1019,2340,3,201.0
8260,2285,3,18.3
16566,2285,3,54.0
13238,2285,3,39.0
14328,2425,3,76.0
666,2630,3,0.0
524,2922,3,113.0
7722,2285,3,47.0
15617,52,3,10.5
12793,2670,3,14.0
18260,1581,3,0.4
15592,2285,3,53.0
9283,272,3,104.0
8110,2186,3,0.5
17687,2762,3,32.0
11312,2285,3,10.2
82,2285,3,6.3
7266,2195,3,5.0
12938,1277,3,9.0
8777,68,3,258.0
14390,1488,3,40.0
365,1778,3,22.0
15896,2780,3,47.0
13001,271,3,7.9
9426,1488,3,215.0
12303,944,3,7.3
4148,237,3,2165.0
4750,2340,3,17.4
526,115,3,0.0
7819,812,3,73.0
11912,2409,3,15.4
6162,2922,3,1960.0
10066,1215,3,85.0
16229,1625,3,134.0
6612,1166,3,435.0
6750,1611,3,508.0
9880,2285,3,44.0
17751,1911,3,26.0
846,1827,3,162.0
12263,2285,3,16.6
9537,1488,3,65.0
9678,2285,3,4.8
9245,2285,3,0.9
8545,1492,3,1180.0
445,2006,3,270.0
7225,2922,3,396.0
7180,2178,3,16.5
8406,2285,3,8.7
5343,2285,3,29.0
18095,2285,3,98.0
12610,237,3,663.0
2954,1209,3,0.8
12695,2096,3,1778.0
12459,1594,3,0.7
8346,1488,3,1.2
13387,944,3,8.6
17402,1488,3,8.8
5587,1539,3,167.0
17156,2285,3,3.4
3435,2285,3,8.5
7465,1832,3,102.0
4364,2285,3,77.0
17685,1612,3,5.6
3974,1488,3,144.0
439,919,3,5.1
10302,2423,3,919.0
13130,2285,3,41.0
4758,2285,3,19.0
10943,2380,3,1192.0
1262,1488,3,63.0
11973,68,3,531.0
7095,2285,3,51.0
2767,1488,3,37.0
12537,1488,3,3.8
11070,100,3,55.0
13456,1832,3,1.0
13679,2285,3,65.0
4112,2285,3,40.0
17896,1488,3,21.0
12748,237,3,1186.0
16680,1832,3,46.0
9199,1202,3,2.6
5224,1827,3,10.2
13395,2630,3,138.0
12180,2195,3,11.2
14877,1755,3,814.0
15140,2638,3,12.4
3804,970,3,1.2
6617,2726,3,24.0
11112,1832,3,33.0
16996,142,3,484.0
10756,2285,3,10.5
1525,2285,3,28.0
5396,1534,3,21.0
15252,1024,3,10.1
9294,2285,3,13.9
1838,2285,3,45.0
1945,2285,3,13.0
6378,1120,3,3.8
5957,52,3,46.0
9167,2631,3,175.0
9878,2380,3,562.0
4339,2922,3,29.0
11471,2106,3,1.6
7793,2380,3,1342.0
9889,1166,3,36.0
14915,237,3,676.0
9163,290,3,1.4
9499,2285,3,52.0
4875,2087,3,6.0
4277,2507,3,3.6
6165,1612,3,0.6
16417,1166,3,43.0
640,1128,3,11.6
9890,1128,3,30.0
15721,1832,3,0.3
14372,2285,3,22.0
4467,2285,3,56.0
14981,921,3,0.7
3783,745,3,0.5
9822,1177,3,13.7
11239,1832,3,18.0
14892,2724,3,11.0
10648,68,3,72.0
15647,854,3,126.0
11539,200,3,33.0
17599,2285,3,33.0
4354,1612,3,0.2
15614,1464,3,158.0
13589,2285,3,53.0
11572,1647,3,678.0
16655,2875,3,1.8
8203,962,3,45.0
17014,2726,3,4.0
8279,2285,3,34.0
11454,2285,3,34.0
13459,2285,3,34.0
16362,1388,3,5.8
14839,2380,3,1149.0
16893,1128,3,46.0
6608,545,3,34.0
17645,1488,3,191.0
12794,2627,3,102.0
8151,2631,3,57.0
4866,2922,3,30.0
10103,766,3,105.0
7510,1612,3,3.7
8400,725,3,41.0
14523,1655,3,19.8
17788,25,3,67.0
3462,1612,3,2.8
15206,1491,3,2707.0
12799,1300,3,295.0
2865,1488,3,545.0
9206,1488,3,454.0
1901,745,3,11.8
15428,1832,3,6.2
17892,944,3,977.0
13030,1611,3,22.0
5878,1533,3,2620.0
8779,2285,3,37.0
6932,2327,3,12.4
3038,1128,3,0.7
3519,1128,3,41.0
3738,2630,3,4.8
8804,2285,3,51.0
13585,2631,3,106.0
9427,2631,3,76.0
3604,2357,3,5.2
7711,594,3,0.3
3345,2295,3,1.2
938,1189,3,457.0
3601,1113,3,0.2
14404,2380,3,446.0
2945,2285,3,29.0
2179,2285,3,35.0
9162,1036,3,2.0
73,2340,3,0.4
2582,2285,3,127.0
8902,1166,3,38.0
14506,2285,3,31.0
15200,549,3,60.0
4293,2285,3,4.3
11608,668,3,4.0
11729,142,3,210.0
15179,2630,3,0.6
5577,2339,3,1.4
15168,1304,3,596.0
5766,2526,3,7.8
11421,2285,3,3.6
12139,2630,3,85.0
14429,237,3,240.0
8528,2285,3,1.0
10256,814,3,4.3
13417,2016,3,114.0
6339,1982,3,0.5
9043,2285,3,36.0
17514,2630,3,647.0
12020,2285,3,45.0
2167,1228,3,278.0
8696,2922,3,120.0
5711,2562,3,12.3
14829,1781,3,15.1
10716,556,3,1.3
7063,1127,3,1.8
17009,743,3,1.2
16135,1488,3,21.0
7350,814,3,2080.0
12867,2285,3,32.0
14897,2439,3,501.0
4509,1533,3,2100.0
18055,1443,3,1.9
6271,2285,3,33.0
3600,1128,3,164.0
17951,2285,3,32.0
6642,1606,3,1568.0
627,1612,3,0.4
1855,2285,3,23.0
10006,1578,3,159.0
3562,1028,3,0.9
6818,663,3,0.2
15227,1228,3,56.0
719,814,3,8.4
7215,2285,3,54.0
7383,1488,3,110.0
8024,1832,3,22.0
13045,2562,3,0.3
5459,1721,3,153.0
4602,1612,3,0.4
4432,2786,3,4.0
15126,2285,3,2.5
11304,581,3,7.0
5570,2285,3,10.5
7117,1304,3,981.0
1946,1832,3,95.0
14843,2631,3,47.0
6706,44,3,292.0
815,811,3,48.0
13273,1417,3,32.0
3241,2285,3,3.7
1785,2285,3,13.8
8262,1189,3,88.0
1835,2285,3,6.4
14025,933,3,5.0
3683,1488,3,28.0
12946,2726,3,45.0
7461,1488,3,64.0
311,718,3,6.9
4615,2285,3,21.0
16250,1128,3,83.0
13628,2285,3,10.2
6382,1913,3,7.7
11340,2285,3,32.0
10176,2340,3,39.0
11948,1300,3,0.9
15781,1488,3,35.0
15546,2630,3,207.0
237,2588,3,2.9
15954,2831,3,95.0
13582,1605,3,41.0
14413,1776,3,63.0
12676,1228,3,343.0
752,2285,3,14.3
14894,2285,3,37.0
1355,1832,3,101.0
10504,2246,3,6.2
13851,2536,3,9.4
1999,1488,3,156.0
7347,2476,3,0.0
2232,814,3,302.0
6000,2285,3,64.0
234,2285,3,64.0
10990,2685,3,1030.0
12049,1488,3,363.0
2073,2285,3,44.0
15720,1937,3,0.4
14578,545,3,65.0
1157,1488,3,27.0
12031,933,3,1.6
3467,2631,3,223.0
9171,98,3,110.0
16241,2922,3,145.0
6244,2630,3,231.0
2330,1488,3,61.0
4,1079,3,2849.0
1313,1449,3,4.1
17457,2285,3,9.9
17337,1947,3,72.0
17769,1937,3,1.7
9098,1832,3,34.0
6828,1488,3,359.0
8417,1488,3,26.0
14477,572,3,56.0
10746,1612,3,0.5
7141,2366,3,62.0
10497,2285,3,15.2
1084,2323,3,0.7
2834,2380,3,988.0
9665,1937,3,0.4
7145,705,3,0.7
8392,272,3,104.0
2378,1128,3,545.0
608,605,3,0.5
11092,854,3,90.0
8029,2822,3,34.0
4629,272,3,93.0
5617,820,3,0.5
17594,1128,3,66.0
12171,2285,3,5.5
62,2764,3,0.4
13151,2285,3,30.0
13340,1488,3,106.0
12099,1321,3,6.7
12345,778,3,18.5
15912,2631,3,213.0
13822,2285,3,7.1
12466,2630,3,637.0
8930,237,3,1146.0
1091,2922,3,232.0
14252,237,3,524.0
2986,1612,3,2.7
18190,2285,3,1.3
12210,1488,3,455.0
6826,237,3,1111.0
17285,1557,3,535.0
14398,580,3,25.0
7677,2726,3,16.4
6002,1488,3,19.8
8941,2285,3,56.0
3910,1612,3,0.4
4627,2285,3,24.0
3780,1612,3,0.0
10287,2285,3,44.0
16997,1578,3,350.0
12960,2285,3,0.7
8056,1504,3,43.0
5827,2285,3,23.0
15418,1947,3,395.0
9440,2654,3,183.0
13737,725,3,34.0
11271,2780,3,60.0
17132,1202,3,3.9
5026,1488,3,95.0
9522,2441,3,256.0
5477,1832,3,4.9
7723,2229,3,1586.0
14188,2726,3,37.0
7240,272,3,1492.0
13984,2285,3,22.0
6738,2285,3,37.0
9933,1838,3,3.8
10395,1832,3,19.9
6153,1128,3,478.0
645,1189,3,31.0
9080,2285,3,3.7
3876,237,3,957.0
9192,1612,3,2.8
2399,1166,3,35.0
3144,1488,3,1900.0
4131,2285,3,30.0
2020,2371,3,0.7
15996,2285,3,16.8
17071,1488,3,21.0
13367,1488,3,93.0
15076,2742,3,48.0
9717,2699,3,7.6
14418,31,3,185.0
15983,745,3,139.0
8998,579,3,34.0
15406,25,3,18.4
12714,572,3,231.0
7206,814,3,1753.0
7162,1488,3,240.0
12402,1492,3,3042.0
16863,2285,3,44.0
4573,2536,3,7.9
1254,1108,3,0.4
758,1601,3,0.8
9475,1671,3,0.7
11252,732,3,1261.0
13506,1488,3,14.2
10202,1488,3,34.0
9076,1832,3,71.0
17620,781,3,43.0
3183,1832,3,67.0
11754,944,3,729.0
5940,725,3,4.4
1541,2526,3,0.6
9460,312,3,159.0
12841,2285,3,17.7
8500,1128,3,79.0
11719,2865,3,9.0
3631,1202,3,459.0
8680,743,3,0.4
1289,814,3,5.5
8989,828,3,972.0
12476,725,3,18.9
125,1166,3,206.0
6383,1488,3,162.0
13445,100,3,4.1
2880,2285,3,14.1
3090,1488,3,40.0
3319,561,3,0.9
5176,1488,3,80.0
12672,854,3,820.0
2534,1612,3,0.3
16381,1166,3,75.0
7597,191,3,18.7
17993,2122,3,0.3
8854,2285,3,4.1
4195,98,3,280.0
15188,2922,3,113.0
7964,399,3,37.0
1519,2285,3,39.0
16320,1610,3,22.0
17262,2096,3,5123.0
17307,1177,3,8.9
10553,237,3,3548.0
13667,556,3,2.4
12906,68,3,769.0
15059,2631,3,181.0
17426,274,3,63.0
15430,237,3,1503.0
563,1488,3,12.5
7730,2285,3,5.2
10411,2185,3,0.2
5939,2831,3,131.0
2774,2285,3,44.0
5213,492,3,0.0
417,2630,3,89.0
2941,2630,3,756.0
8640,1155,3,174.0
2828,1875,3,1.2
17223,274,3,31.0
8109,2285,3,84.0
16211,2710,3,52.0
14624,814,3,7.1
14465,25,3,1.8
2205,2285,3,65.0
776,2285,3,3.1
13110,882,3,3878.0
15048,2522,3,4.8
8828,2285,3,3.3
17521,2285,3,25.0
9436,1488,3,78.0
9731,2285,3,11.9
15964,2631,3,99.0
6474,2630,3,826.0
1966,965,3,42.0
14341,1335,3,1.0
10070,572,3,259.0
2255,68,3,806.0
5685,2205,3,15.7
7715,2285,3,58.0
11569,2285,3,32.0
11249,725,3,2.8
8416,1166,3,104.0
16138,237,3,1379.0
218,1608,3,315.0
6447,312,3,89.0
17768,1872,3,0.5
13197,1690,3,2.6
5887,1488,3,18.6
4425,1488,3,0.6
9433,930,3,17.4
5554,1606,3,224.0
11499,1488,3,3729.0
13152,364,3,0.4
14994,2285,3,37.0
12168,2285,3,38.0
7092,2630,3,213.0
5145,1583,3,102.0
9825,2285,3,41.0
4612,2365,3,27.0
13888,2285,3,29.0
5761,1876,3,7.9
1508,965,3,2.6
2304,2526,3,26.0
16896,2285,3,23.0
16018,2285,3,4.8
10444,2285,3,3.3
842,2001,3,119.0
2016,2285,3,38.0
6209,614,3,48.0
15641,1488,3,4.4
6914,422,3,16.0
16461,2186,3,0.1
17092,2285,3,3.9
3534,2285,3,51.0
5121,1304,3,8.5
2851,2285,3,2.0
1761,811,3,417.0
2744,237,3,1551.0
5398,1488,3,55.0
6778,811,3,266.0
8986,2285,3,20.0
225,1155,3,330.0
2087,2285,3,4.2
15070,28,3,0.5
15711,2285,3,36.0
8372,2831,3,159.0
7872,1488,3,1.8
6007,2630,3,2.6
1365,237,3,281.0
13604,1128,3,101.0
530,52,3,11.9
7525,1179,3,23.0
17690,2380,3,1055.0
1862,2285,3,48.0
7151,1304,3,540.0
658,1832,3,70.0
6500,2285,3,25.0
12183,1832,3,51.0
7002,2922,3,70.0
6636,1488,3,22.0
13768,1488,3,49.0
10918,2257,3,4.2
9126,237,3,383.0
10146,98,3,464.0
5596,1488,3,159.0
5743,68,3,1285.0
8795,915,3,2.0
817,725,3,4.6
6801,814,3,0.0
17028,868,3,0.0
15698,2908,3,1.2
10182,1720,3,89.0
11004,2285,3,5.7
607,272,3,81.0
7994,1488,3,41.0
8677,2922,3,66.0
11441,1776,3,43.0
371,992,3,185.0
5836,1488,3,59.0
9333,2219,3,76.0
9240,302,3,45.0
11707,1584,3,0.3
9307,2285,3,37.0
12360,2922,3,219.0
10596,2407,3,11.6
6086,2831,3,68.0
3578,2631,3,270.0
14357,2922,3,114.0
14951,1128,3,33.0
592,1488,3,338.0
11949,1321,3,41.0
2446,1690,3,0.0
7186,2227,3,667.0
5352,130,3,28.0
7546,619,3,0.1
1198,2285,3,37.0
16470,2553,3,0.0
1404,2489,3,7.0
15111,1947,3,61.0
12948,1488,3,64.0
5023,1488,3,340.0
3171,944,3,272.0
17137,1802,3,23.0
2990,237,3,618.0
11656,2285,3,59.0
11378,2285,3,12.4
5381,1407,3,1.4
7701,1608,3,1702.0
5588,2708,3,1.6
154,2285,3,30.0
9618,2285,3,16.9
13282,1030,3,47.0
8950,2285,3,0.1
14082,380,3,0.7
16146,811,3,73.0
13911,1326,3,10.9
2760,1838,3,62.0
16905,2001,3,3.9
4884,594,3,175.0
3479,2285,3,38.0
17386,1488,3,143.0
16275,1488,3,1413.0
1856,2630,3,66.0
13568,1557,3,60.0
3505,2285,3,18.6
17726,2285,3,40.0
396,1488,3,6.1
939,2900,3,48.0
4272,2726,3,116.0
14123,722,3,10.7
6102,25,3,29.0
9413,897,3,221.0
679,2285,3,33.0
6898,2285,3,7.0
3840,2574,3,10.6
2996,1628,3,0.7
2495,2285,3,36.0
5252,2363,3,0.5
15125,1721,3,250.0
18090,658,3,14.4
18266,2285,3,45.0
15621,1832,3,21.0
14119,2285,3,4.4
15202,2285,3,20.0
1560,2285,3,60.0
4400,745,3,190.0
13935,2096,3,623.0
9659,1488,3,15.3
6444,1832,3,16.2
18107,1875,3,0.5
10633,811,3,78.0
14235,414,3,1.2
15745,2831,3,6.8
11468,237,3,998.0
18080,1488,3,102.0
507,2285,3,71.0
2653,2285,3,42.0
3258,878,3,5.4
16300,1202,3,53.0
12045,2285,3,41.0
5547,2285,3,38.0
7727,920,3,1.1
9408,2285,3,64.0
5913,1488,3,71.0
10331,1529,3,268.0
18284,2380,3,3228.0
14466,2285,3,38.0
11284,1838,3,77.0
7234,2285,3,8.3
10855,237,3,625.0
14301,1642,3,4.3
10328,1612,3,0.5
5237,2285,3,40.0
9018,237,3,1161.0
16223,2631,3,165.0
15325,2631,3,142.0
15209,718,3,37.0
14075,1832,3,8.0
10054,1832,3,113.0
3999,1128,3,150.0
467,1696,3,11.7
5609,1832,3,27.0
15623,2285,3,57.0
10165,689,3,43.0
12436,1317,3,318.0
7371,2285,3,23.0
979,2285,3,100.0
15339,1832,3,38.0
10486,2922,3,59.0
8414,2285,3,4.8
13163,725,3,32.0
17803,814,3,18.4
5225,2294,3,53.0
10744,2922,3,359.0
15733,1488,3,113.0
9146,1603,3,0.4
14528,2285,3,61.0
2288,944,3,1428.0
10736,1202,3,49.0
6542,2685,3,58.0
13430,2285,3,10.1
6636,1737,3,0.2
4830,992,3,27.0
14006,2285,3,47.0
5775,2148,3,11.4
14519,2285,3,57.0
1279,461,3,55.0
9237,1277,3,4.3
16877,272,3,278.0
11916,2285,3,15.8
11557,213,3,1.8
11971,1661,3,1.2
9682,2001,3,3.5
7990,1216,3,0.0
4738,1035,3,125.0
7220,1128,3,43.0
801,2285,3,8.8
7003,814,3,41.0
11080,814,3,1776.0
18299,745,3,3.0
834,1488,3,36.0
5278,2631,3,165.0
11915,1465,3,60.0
2037,854,3,7.5
9681,25,3,3.3
17427,1612,3,0.0
1844,1690,3,2.3
14536,1832,3,56.0
2887,343,3,29.0
11571,2285,3,31.0
13058,2202,3,29.0
7425,2285,3,42.0
6588,572,3,312.0
1221,272,3,5.7
3298,2285,3,24.0
8823,2339,3,5.6
3117,2205,3,22.0
11954,2496,3,19.3
15656,1488,3,2.4
45,1319,3,9.3
4357,2285,3,34.0
275,1488,3,1.8
7238,2285,3,1.2
13066,237,3,719.0
1387,488,3,4.1
2323,1832,3,93.0
13955,1189,3,65.0
7526,2122,3,139.0
17607,2285,3,55.0
11768,1166,3,188.0
16560,1488,3,27.0
8649,2755,3,11.4
2746,401,3,74.0
14094,2195,3,1.3
3701,859,3,8.4
12846,745,3,0.1
15505,2630,3,25.0
15232,2922,3,241.0
14740,2339,3,36.0
14807,944,3,364.0
9330,2850,3,76.0
12528,1763,3,0.3
10479,1702,3,0.2
8195,1628,3,0.6
17469,2195,3,23.0
3318,1488,3,100.0
17803,2831,3,10.6
13954,100,3,35.0
7021,1718,3,142.0
10799,2922,3,107.0
7734,1599,3,1.0
14517,2787,3,18.1
5062,2285,3,40.0
6233,2285,3,53.0
12559,237,3,667.0
14976,2441,3,42.0
2471,1488,3,106.0
1577,724,3,1.4
18157,1947,3,32.0
15569,2380,3,238.0
18298,2285,3,34.0
1590,779,3,4.6
6640,2285,3,0.7
9370,1488,3,100.0
11098,203,3,9.1
11711,1488,3,13.8
5751,2488,3,2012.0
5979,2285,3,26.0
10926,1557,3,1541.0
14610,1488,3,118.0
18024,1858,3,2.3
15632,1342,3,62.0
18242,1488,3,108.0
16276,100,3,190.0
12919,2631,3,212.0
6662,2285,3,33.0
5564,282,3,103.0
16421,1695,3,13.2
4039,608,3,16.2
15730,2285,3,37.0
13461,42,3,312.0
12628,725,3,0.2
859,944,3,2000.0
6936,2285,3,21.0
11313,2888,3,47.0
3146,1610,3,838.0
7251,25,3,27.0
17043,2285,3,61.0
8794,336,3,0.4
940,1488,3,24.0
16984,1937,3,0.9
17417,2536,3,0.4
11107,14,3,49.0
6126,2922,3,115.0
11790,2205,3,1.4
192,881,3,88.0
14938,2536,3,5.1
16795,272,3,50.0
13954,2340,3,8.3
5786,237,3,907.0
17477,2285,3,15.3
16214,2922,3,30.0
2216,52,3,1.0
1004,100,3,69.0
17734,1610,3,19.6
593,2285,3,14.9
6342,1488,3,10.6
10980,1578,3,242.0
11803,237,3,1409.0
11225,2285,3,17.6
6261,2285,3,19.2
9938,1827,3,42.0
7881,1559,3,10.0
9085,1612,3,0.0
7976,944,3,72.0
3511,2631,3,146.0
14975,2769,3,0.7
14490,2630,3,4.6
1265,310,3,1001.0
12808,1889,3,43.0
16671,1655,3,550.0
9498,2285,3,43.0
12454,2922,3,17.8
10277,2285,3,71.0
3142,745,3,357.0
11753,2489,3,11.8
18269,1488,3,51.0
8222,1300,3,175.0
15008,1488,3,132.0
16441,2441,3,17.9
14810,237,3,149.0
7298,272,3,64.0
14518,1832,3,44.0
291,2865,3,1091.0
334,2708,3,34.0
476,1488,3,9.8
9022,2285,3,4.2
5203,836,3,49.0
8671,25,3,61.0
2556,68,3,1660.0
14186,2631,3,125.0
13993,1897,3,7.1
518,1937,3,0.0
7602,2285,3,29.0
17663,1611,3,491.0
6807,1721,3,352.0
8557,2630,3,34.0
5455,972,3,40.0
10781,1900,3,1.1
9505,2285,3,40.0
1298,2654,3,143.0
13743,1304,3,30.0
8028,2922,3,176.0
12480,2285,3,37.0
1831,1488,3,89.0
3005,853,3,61.0
4832,2285,3,24.0
17966,743,3,6.0
13998,1825,3,0.1
9963,1488,3,11.7
7332,213,3,65.0
6966,1643,3,94.0
16194,1180,3,0.4
5089,426,3,222.0
7676,2285,3,30.0
7801,2630,3,138.0
8142,426,3,966.0
3008,2526,3,110.0
11301,237,3,349.0
11467,107,3,3.4
11856,2195,3,34.0
5861,2285,3,11.5
9746,2285,3,40.0
10188,354,3,1.4
12845,2534,3,0.2
16581,732,3,167.0
4334,2865,3,36.0
6134,2148,3,14.4
4799,2285,3,0.6
9438,1584,3,1.7
9708,1488,3,143.0
14748,1488,3,77.0
9023,2285,3,25.0
12295,1488,3,62.0
13254,1488,3,1.4
7108,1304,3,335.0
6425,731,3,0.0
12579,2122,3,357.0
18208,2285,3,25.0
14818,2876,3,98.0
6961,237,3,268.0
15014,25,3,1.8
14347,1030,3,76.0
4710,1488,3,22.0
9940,1228,3,478.0
13153,2285,3,21.0
12429,1323,3,672.0
6993,1979,3,5.1
1528,2630,3,413.0
14167,1488,3,66.0
5672,1832,3,9.0
1095,2027,3,69.0
11879,237,3,767.0
9238,1832,3,13.8
5348,2285,3,58.0
15163,2365,3,48.0
6880,1128,3,31.0
7529,1832,3,27.0
14511,2631,3,459.0
16252,2211,3,2.1
17261,1875,3,3.5
12209,1488,3,255.0
15716,732,3,196.0
11781,1488,3,690.0
10698,1215,3,475.0
2078,2488,3,848.0
9483,2576,3,0.0
4285,959,3,0.8
6980,1875,3,0.2
11153,2922,3,94.0
10334,2229,3,45.0
9738,1488,3,150.0
13842,1166,3,52.0
12237,2205,3,23.0
2943,1410,3,3.8
14491,2550,3,9.4
2439,2699,3,17.1
7704,237,3,75.0
6288,2285,3,52.0
4176,1721,3,430.0
9380,1054,3,2.4
4418,958,3,3.3
102,1488,3,35.0
12989,897,3,2.4
9397,2096,3,679.0
3083,2922,3,82.0
16633,347,3,36.0
8702,1557,3,923.0
15926,68,3,1030.0
8108,2865,3,307.0
1722,2631,3,238.0
4954,98,3,18.2
16416,1655,3,701.0
15746,1488,3,1385.0
14114,1203,3,43.0
2302,2285,3,27.0
913,2922,3,1775.0
685,2285,3,9.9
3355,2488,3,184.0
16081,1128,3,19.4
971,1832,3,45.0
13578,1488,3,67.0
17818,944,3,22.0
3351,1876,3,12.6
14073,2285,3,50.0
15423,2865,3,647.0
6714,1245,3,21.0
12479,2285,3,3.7
17664,2111,3,4.8
15694,946,3,21.0
12726,2285,3,0.7
5410,2922,3,63.0
18291,2285,3,32.0
1649,68,3,1043.0
7870,2285,3,42.0
15312,482,3,0.3
14128,1407,3,15.7
1717,2922,3,136.0
5077,2631,3,116.0
15889,2285,3,17.1
1115,2285,3,49.0
2346,2285,3,71.0
11902,2433,3,0.0
12163,2380,3,738.0
14270,2922,3,131.0
15372,2285,3,0.8
7351,2285,3,46.0
10556,2285,3,28.0
919,1488,3,992.0
712,2922,3,102.0
3231,2530,3,0.0
11782,2439,3,205.0
7601,579,3,17.6
12008,483,3,4.7
7794,1488,3,788.0
10027,444,3,6.2
9859,2922,3,52.0
13205,311,3,3.2
17406,2285,3,35.0
867,1937,3,1.7
12125,2285,3,17.1
14927,2285,3,0.5
14785,237,3,11.2
1470,2285,3,36.0
17007,1612,3,0.7
502,2630,3,53.0
6963,1488,3,35.0
2592,2526,3,1.6
11339,2630,3,137.0
8170,237,3,496.0
368,2630,3,442.0
13037,2339,3,31.0
6510,2171,3,0.0
11799,1488,3,18.6
16835,2285,3,18.1
711,1166,3,13.6
5358,1166,3,87.0
15287,2285,3,17.4
15577,2630,3,112.0
730,2922,3,70.0
15370,538,3,16.4
16495,2285,3,31.0
184,2285,3,24.0
5634,1488,3,42.0
2872,2001,3,5.8
14343,68,3,1704.0
11649,1323,3,22.0
6227,1832,3,104.0
17656,1832,3,11.2
14214,2285,3,2.8
14654,1488,3,60.0
7023,2468,3,3.1
7867,2285,3,13.2
3750,2285,3,33.0
10720,2630,3,296.0
9978,1488,3,327.0
10784,2285,3,5.5
11179,2285,3,9.2
14131,1701,3,1.1
9477,2285,3,32.0
862,1488,3,189.0
15427,2285,3,27.0
755,2922,3,147.0
13220,2195,3,28.0
9910,2488,3,455.0
11393,2087,3,1.8
11207,1612,3,6.8
1799,2285,3,17.0
9588,2631,3,220.0
1065,1407,3,2.6
14640,2831,3,2.1
15293,1832,3,13.1
9046,2285,3,16.3
4146,2285,3,36.0
7565,1716,3,290.0
12143,2285,3,7.4
2110,766,3,970.0
10535,1215,3,708.0
946,1300,3,127.0
8395,2630,3,113.0
11817,2285,3,3.5
993,312,3,35.0
2824,2285,3,55.0
2704,1203,3,159.0
10789,2285,3,62.0
191,2922,3,79.0
17457,237,3,508.0
15688,962,3,25.0
16263,2285,3,64.0
15584,1628,3,0.8
13128,1488,3,233.0
8119,2380,3,723.0
10630,1488,3,277.0
10265,682,3,51.0
10305,2229,3,2.0
12958,1612,3,0.4
15028,2865,3,465.0
15460,2865,3,1474.0
7830,2476,3,5.4
8348,2536,3,10.3
7157,2425,3,21.0
13716,1832,3,10.2
9,2285,3,39.0
17731,2230,3,3.3
4790,2285,3,41.0
1885,738,3,11.8
7520,1189,3,2.8
13364,1832,3,59.0
14559,766,3,69.0
17064,2340,3,89.0
11665,1776,3,7.1
5742,2285,3,16.2
3658,2463,3,1.6
8543,2027,3,1.3
17334,2285,3,29.0
920,1166,3,23.0
431,25,3,14.2
16810,312,3,0.3
13882,2448,3,6.0
17535,2380,3,854.0
6321,745,3,57.0
13856,2001,3,25.0
15304,975,3,0.0
12338,1832,3,85.0
15788,2285,3,5.2
15594,1488,3,2.2
6106,1610,3,374.0
7657,725,3,9.0
9297,2380,3,544.0
4152,2285,3,35.0
7827,2285,3,23.0
16611,98,3,1.3
17543,2087,3,3.5
12730,1166,3,56.0
6466,13,3,0.8
13505,2911,3,984.0
12332,2285,3,39.0
9952,1488,3,27.0
120,1155,3,1624.0
100,1128,3,115.0
13172,828,3,732.0
8368,2285,3,3.0
54,2285,3,12.5
17454,1488,3,545.0
6218,2435,3,0.2
8967,1037,3,475.0
17714,237,3,47.0
10055,2285,3,0.2
14397,237,3,747.0
6646,2285,3,29.0
11841,2285,3,40.0
18229,68,3,1699.0
16885,1611,3,34.0
17509,1488,3,52.0
6192,556,3,16.9
6413,2285,3,30.0
15613,2831,3,1007.0
8081,1832,3,36.0
3611,1612,3,0.0
13729,2285,3,71.0
4879,2631,3,118.0
13550,2285,3,42.0
16693,2922,3,9.4
17626,2630,3,6.2
12648,1488,3,5922.0
1006,2285,3,37.0
18035,2871,3,3.4
6641,1832,3,17.9
8258,2630,3,352.0
12752,2285,3,35.0
1265,473,3,24.0
11306,1832,3,41.0
4632,1913,3,16.2
6295,2638,3,147.0
13690,1323,3,105.0
7713,2285,3,26.0
11740,2631,3,365.0
13437,1801,3,23.0
6663,743,3,7.0
11358,2746,3,4.6
3741,2631,3,122.0
11253,151,3,5.1
9024,2630,3,139.0
7384,444,3,1.5
4065,1937,3,5.8
3842,68,3,826.0
6530,237,3,101.0
11758,725,3,18.3
5545,290,3,0.2
353,2888,3,10.3
10258,2285,3,53.0
11126,2631,3,147.0
10919,1488,3,39.0
17682,745,3,36.0
11794,1304,3,428.0
598,1832,3,34.0
3620,2924,3,37.0
11416,2285,3,35.0
418,1488,3,16.6
2028,2498,3,8.1
7876,450,3,73.0
13782,2685,3,332.0
2094,2531,3,116.0
7755,2439,3,170.0
729,2285,3,16.8
14787,1491,3,60.0
5600,2630,3,198.0
15971,2871,3,0.9
11853,1659,3,28.0
4090,2631,3,300.0
13035,2195,3,11.0
6556,98,3,24.0
9806,1488,3,55.0
3688,2285,3,10.3
3736,2901,3,0.7
17671,2685,3,5.9
4199,1189,3,46.0
13903,5,3,2.0
7269,1578,3,2.6
177,2630,3,37.0
16322,725,3,79.0
1200,2285,3,35.0
5036,1037,3,123.0
12526,814,3,645.0
12564,1488,3,84.0
15515,68,3,2537.0
3119,1643,3,134.0
1445,2922,3,180.0
5047,2087,3,39.0
7336,2285,3,23.0
2104,98,3,17.1
14334,745,3,11.2
12368,68,3,1450.0
17868,2285,3,19.2
17007,2285,3,19.7
8664,811,3,105.0
294,2726,3,88.0
4593,1876,3,2.4
9078,2285,3,18.3
6777,1832,3,141.0
7957,2285,3,27.0
16348,2380,3,879.0
3875,2285,3,53.0
10134,2631,3,97.0
6341,2726,3,40.0
4422,2922,3,125.0
13231,2285,3,3.2
14826,1785,3,97.0
12625,1937,3,13.0
10637,1578,3,503.0
16025,572,3,205.0
13624,2285,3,19.6
6908,1937,3,0.2
14653,2285,3,10.5
882,1037,3,129.0
16400,2285,3,25.0
16152,1304,3,74.0
6652,2285,3,30.0
77,68,3,2523.0
14790,965,3,105.0
11783,2865,3,1.1
17377,55,3,2.0
6567,271,3,17.8
17185,1800,3,15.4
15712,1612,3,0.5
17511,2096,3,0.4
11970,2922,3,111.0
8919,1832,3,29.0
16477,237,3,367.0
12413,2285,3,4.1
7114,2285,3,18.9
9802,1557,3,421.0
3130,237,3,1157.0
18218,1488,3,29.0
8074,180,3,23.0
3239,2526,3,11.2
7904,1202,3,59.0
15037,2285,3,37.0
15081,1655,3,931.0
1798,237,3,2633.0
15936,2285,3,41.0
10370,1488,3,46.0
2040,1202,3,0.2
8992,745,3,136.0
10637,2922,3,126.0
3280,2911,3,315.0
8063,2229,3,18.3
1179,2317,3,5.2
7626,980,3,22.0
2748,2285,3,25.0
2267,1228,3,258.0
10603,2285,3,40.0
3533,68,3,289.0
5146,2285,3,6.0
486,2285,3,30.0
9274,1876,3,6.1
16002,2285,3,13.8
2860,811,3,270.0
8909,2831,3,125.0
9553,25,3,0.7
8699,237,3,987.0
15938,2285,3,23.0
4286,1128,3,22.0
433,2285,3,3.6
6683,1488,3,57.0
3973,272,3,138.0
17272,2850,3,75.0
13986,349,3,2.5
15034,237,3,1232.0
10135,2865,3,1.0
14083,814,3,1.7
15447,1608,3,1337.0
16915,1488,3,6.7
6229,1488,3,24.0
15128,2285,3,32.0
9009,2285,3,46.0
12042,237,3,63.0
12537,2285,3,28.0
2893,2922,3,41.0
14630,237,3,12.6
884,2631,3,362.0
3985,1632,3,457.0
1993,2285,3,7.1
18008,302,3,24.0
9857,1488,3,26.0
3331,68,3,19.3
4025,1488,3,478.0
13596,1488,3,60.0
10049,237,3,43.0
8059,1228,3,88.0
11594,1625,3,118.0
1878,237,3,506.0
14840,2227,3,441.0
2891,2096,3,267.0
2849,1830,3,7.8
4915,1488,3,8.8
14647,2630,3,38.0
5451,2922,3,67.0
17836,1341,3,0.1
1492,1488,3,547.0
11671,1189,3,41.0
2889,2285,3,0.6
5911,1832,3,59.0
7474,1281,3,27.0
15215,1488,3,152.0
2740,1488,3,17.5
7447,1321,3,0.1
14337,1832,3,38.0
15068,2285,3,2.3
8848,1832,3,24.0
15243,1488,3,4.5
1209,2922,3,102.0
9868,2298,3,12.0
17046,25,3,24.0
1481,732,3,252.0
7188,2631,3,139.0
10883,718,3,1485.0
1168,745,3,276.0
13875,1669,3,3.4
12962,572,3,92.0
4536,1317,3,92.0
10303,572,3,247.0
7079,68,3,849.0
13809,1584,3,10.0
3126,2285,3,110.0
7532,2922,3,97.0
16592,1525,3,6.4
7669,2285,3,8.8
8685,237,3,70.0
2588,811,3,119.0
15454,2496,3,13.5
16257,1488,3,22.0
3909,237,3,1072.0
5896,2631,3,228.0
10455,1488,3,52.0
9387,1488,3,47.0
2456,1488,3,753.0
4677,745,3,367.0
6979,2285,3,14.6
8755,2285,3,15.9
8888,1488,3,9.7
8003,2285,3,0.4
10730,1838,3,37.0
8595,2096,3,1891.0
10582,745,3,104.0
15559,2027,3,1.0
11808,1228,3,359.0
7322,2728,3,2.2
15410,2631,3,94.0
17021,1593,3,2.1
3563,1488,3,65.0
6385,237,3,127.0
10876,2285,3,45.0
11292,1300,3,26.0
8250,1304,3,143.0
14268,1655,3,0.0
16144,1655,3,75.0
7603,2631,3,250.0
6181,162,3,28.0
11628,237,3,78.0
15829,2285,3,39.0
411,1937,3,0.4
1467,766,3,17.0
2779,1488,3,206.0
9840,2630,3,161.0
17590,2922,3,159.0
10219,368,3,13.5
1124,2285,3,35.0
13216,1030,3,103.0
3808,2285,3,5.2
381,1612,3,0.0
8773,2631,3,138.0
15857,2759,3,655.0
5927,2285,3,12.8
3997,1832,3,59.0
536,237,3,132.0
229,1864,3,14.2
11429,1300,3,112.0
2749,811,3,118.0
1826,1030,3,193.0
11285,2409,3,1.0
430,2886,3,0.9
13178,2285,3,17.8
17026,1876,3,15.5
13167,1488,3,151.0
57,1937,3,4.6
7654,1488,3,57.0
6959,1321,3,64.0
13249,1608,3,38.0
1892,2285,3,54.0
17999,2285,3,49.0
13906,1488,3,12.7
7646,936,3,3.7
14427,1825,3,7.5
9091,811,3,75.0
8273,2285,3,3.0
7503,2285,3,19.4
7403,200,3,10.5
15913,1776,3,6.1
16353,1488,3,66.0
900,725,3,112.0
13439,2631,3,320.0
9769,113,3,240.0
6725,1776,3,1.0
16929,2338,3,38.0
1786,98,3,7.0
17056,2285,3,36.0
15726,1382,3,11.8
545,2630,3,20.0
1588,814,3,487.0
4582,1488,3,5.1
10981,1128,3,199.0
7965,237,3,142.0
6492,264,3,65.0
16484,2631,3,3.0
13602,2028,3,88.0
13095,2865,3,206.0
152,1608,3,1064.0
16113,1612,3,0.7
2227,1202,3,199.0
1736,2619,3,75.0
16830,2726,3,35.0
6858,2285,3,47.0
17615,2285,3,34.0
451,2922,3,514.0
16961,1488,3,76.0
1548,2254,3,0.1
672,2285,3,14.4
15359,1128,3,113.0
15002,1488,3,968.0
16999,2922,3,113.0
12025,1488,3,13.4
13982,1488,3,142.0
18131,68,3,674.0
6325,251,3,1372.0
11150,2377,3,0.7
13516,1725,3,0.4
18259,1488,3,643.0
10051,1030,3,7.9
16220,946,3,47.0
76,293,3,53.0
10537,1037,3,89.0
14830,25,3,37.0
11645,791,3,38.0
91,2285,3,37.0
613,944,3,535.0
810,2922,3,143.0
15248,1610,3,854.0
11670,2229,3,192.0
9347,2285,3,9.8
15351,2630,3,118.0
594,2922,3,60.0
11621,1612,3,0.3
5291,2285,3,64.0
7210,2526,3,9.8
4163,2922,3,161.0
11642,1128,3,4.2
5851,237,3,293.0
13403,1679,3,0.2
5810,1253,3,1.5
18262,2922,3,13.0
501,1827,3,51.0
16246,1202,3,153.0
11426,980,3,35.0
3257,725,3,12.7
14342,1752,3,0.0
15265,1875,3,12.0
13176,2285,3,42.0
2332,1488,3,487.0
13877,1488,3,28.0
7408,1196,3,204.0
4542,1628,3,0.0
14979,2630,3,41.0
8480,272,3,39.0
4846,2285,3,47.0
8786,2630,3,228.0
10765,2922,3,58.0
819,2922,3,237.0
8049,1832,3,22.0
7199,1685,3,2.1
4772,1300,3,231.0
8205,897,3,31.0
5286,1832,3,32.0
2721,2285,3,36.0
2319,1612,3,0.0
16442,2285,3,39.0
3235,2631,3,83.0
17711,237,3,396.0
980,2522,3,11.4
16331,274,3,47.0
10632,2439,3,330.0
14682,2285,3,1.0
564,2630,3,1.4
15759,68,3,2944.0
7027,288,3,84.0
16280,2285,3,20.0
8920,2630,3,589.0
440,2780,3,68.0
7323,2285,3,13.6
16141,2726,3,4.1
9225,2285,3,0.7
12983,836,3,31.0
5249,944,3,356.0
13346,2630,3,127.0
9548,2285,3,46.0
12995,1612,3,0.4
13764,1488,3,80.0
17271,2726,3,17.4
13815,1832,3,113.0
2514,2631,3,373.0
11926,2922,3,136.0
9329,2420,3,65.0
676,946,3,46.0
12665,1488,3,154.0
680,1488,3,699.0
10812,2338,3,22.0
1345,1993,3,1.6
14328,237,3,54.0
6433,2285,3,57.0
12211,2285,3,7.8
4860,1488,3,170.0
13639,2285,3,2.4
11180,1876,3,17.0
2327,1612,3,0.1
644,1827,3,14.6
14474,2285,3,12.8
13711,1937,3,2.0
12394,1488,3,9.4
6369,725,3,33.0
10827,1488,3,75.0
9328,2630,3,1250.0
3229,237,3,864.0
15918,1488,3,183.0
9968,1488,3,87.0
17638,272,3,38.0
10489,1488,3,222.0
11814,2285,3,1.2
17924,2488,3,184.0
7789,343,3,0.7
8324,1488,3,18.8
11936,68,3,2201.0
8430,1488,3,39.0
4180,2285,3,7.7
8826,272,3,28.0
286,2027,3,1.1
4980,2285,3,26.0
10418,2285,3,60.0
9800,2876,3,127.0
10053,2630,3,112.0
7535,274,3,19.5
2219,2285,3,11.1
2603,2285,3,26.0
15035,1228,3,349.0
458,2340,3,124.0
7313,2285,3,0.4
17683,2027,3,12.4
11449,1488,3,3349.0
13203,312,3,27.0
14346,1776,3,42.0
8748,1611,3,355.0
11862,2630,3,115.0
9325,2285,3,29.0
1779,2669,3,10.3
1815,2285,3,13.3
3671,2285,3,25.0
5601,2087,3,0.9
16704,2285,3,10.6
12399,1488,3,270.0
3069,2627,3,15.9
14700,2710,3,0.5
10124,2285,3,32.0
16948,343,3,0.3
12312,2886,3,21.0
395,100,3,165.0
7931,237,3,149.0
2572,1721,3,23.0
11248,1612,3,1.2
42,2726,3,34.0
3317,1947,3,82.0
1898,2630,3,192.0
3491,2285,3,41.0
17487,2285,3,40.0
9144,1488,3,1081.0
6581,2285,3,22.0
7714,2285,3,27.0
14178,2685,3,2710.0
7648,2922,3,55.0
16167,1488,3,82.0
3343,342,3,3.8
343,723,3,0.9
10543,2922,3,143.0
1934,2285,3,19.0
6052,1608,3,541.0
13114,2285,3,40.0
1315,2635,3,0.4
13062,25,3,15.5
17,424,3,8.6
7590,237,3,254.0
8474,2285,3,7.2
15735,2122,3,12.5
12195,1832,3,35.0
3396,2865,3,204.0
1030,2285,3,63.0
11050,2096,3,137.0
14335,1832,3,55.0
7713,2285,3,2.2
11068,1166,3,228.0
5991,2685,3,11756.0
4600,897,3,70.0
10284,2657,3,31.0
6454,1300,3,137.0
9839,2631,3,184.0
12000,2285,3,24.0
10703,1832,3,54.0
16568,2171,3,1.8
14648,944,3,22.0
16571,2285,3,0.7
2295,864,3,5.2
10495,113,3,237.0
548,2195,3,4.5
11636,18,3,244.0
15352,113,3,250.0
6149,1037,3,76.0
5116,1488,3,64.0
7551,2195,3,13.0
9948,1832,3,83.0
14898,2380,3,3282.0
966,501,3,561.0
15593,1304,3,391.0
4257,972,3,15.4
14134,2631,3,1.1
11701,1858,3,0.6
10874,1596,3,0.6
8176,2865,3,547.0
6626,1838,3,29.0
8964,1628,3,1.2
8461,572,3,158.0
12966,2922,3,160.0
15294,897,3,71.0
15612,2124,3,2.8
15155,811,3,318.0
14391,1875,3,20.0
11581,237,3,610.0
17613,2380,3,654.0
8245,745,3,8.9
14067,237,3,1234.0
18044,1488,3,66.0
15355,1488,3,332.0
13819,1096,3,1.2
8466,2285,3,24.0
4521,2922,3,49.0
13187,2685,3,544.0
13336,2526,3,38.0
14649,2630,3,259.0
10577,237,3,745.0
12203,2058,3,2.9
9752,434,3,1.8
9823,1488,3,102.0
13553,1488,3,50.0
6564,1324,3,37.0
14264,1488,3,345.0
6696,2285,3,36.0
12770,1838,3,0.6
11027,537,3,122.0
9383,777,3,4.6
13068,933,3,48.0
9709,2562,3,27.0
6845,1228,3,95.0
4116,1488,3,20.0
17648,2285,3,4.6
2944,2285,3,2.1
7380,2726,3,0.1
6366,811,3,143.0
11828,237,3,193.0
9632,1937,3,0.8
1133,1166,3,45.0
2385,2205,3,5.4
3273,2631,3,128.0
1664,1488,3,5.2
67,425,3,19.5
10795,1832,3,11.8
13146,1747,3,0.0
15695,343,3,0.4
11713,2445,3,0.4
7612,1488,3,90.0
8294,2285,3,30.0
231,2096,3,556.0
13824,1801,3,4.2
5377,1488,3,36.0
14646,77,3,0.1
4842,1832,3,79.0
16090,1917,3,8.2
7692,2285,3,32.0
12605,2285,3,1.6
1470,1832,3,71.0
9954,1488,3,17.4
14368,1876,3,26.0
9169,2285,3,38.0
9119,811,3,209.0
10433,2631,3,267.0
9799,1030,3,61.0
247,2726,3,285.0
944,2611,3,16.3
17844,1655,3,5.0
8764,368,3,923.0
11772,2340,3,19.6
5738,272,3,115.0
11488,2285,3,44.0
5977,2922,3,33.0
13802,2285,3,7.3
12977,2380,3,372.0
8839,2285,3,39.0
9983,2285,3,5.6
3942,2536,3,4.8
7226,1837,3,91.0
18102,2285,3,13.6
1618,1611,3,22.0
16031,1288,3,7.8
3057,2631,3,69.0
9252,1875,3,23.0
21,1488,3,42.0
6873,1583,3,96.0
8694,1832,3,37.0
15112,1944,3,0.4
7232,2714,3,7.7
13711,2922,3,461.0
17578,1488,3,38.0
10589,2285,3,37.0
17782,2285,3,3.6
12472,1890,3,0.7
2642,1488,3,3.1
12354,2340,3,26.0
12258,814,3,1775.0
280,771,3,30.0
910,972,3,0.8
10487,1228,3,48.0
11546,166,3,4.7
2708,1166,3,233.0
10837,98,3,35.0
1023,2340,3,7.5
16533,2631,3,119.0
9689,1488,3,5.3
7057,31,3,719.0
17294,2285,3,20.0
1285,237,3,1177.0
4980,2922,3,204.0
14690,2731,3,10.6
6743,725,3,0.6
108,1596,3,0.4
14157,2285,3,80.0
9507,2922,3,101.0
6955,2229,3,29.0
12954,572,3,103.0
1077,343,3,3.0
17874,2285,3,52.0
870,2710,3,5.6
10705,1608,3,30.0
3156,132,3,1.2
2003,732,3,1104.0
16497,1499,3,2.9
2408,2631,3,67.0
13637,2285,3,56.0
17850,2922,3,370.0
408,2631,3,64.0
10,237,3,3217.0
3036,2922,3,57.0
13794,2285,3,6.3
523,2285,3,57.0
7010,1488,3,282.0
542,2630,3,465.0
9227,1321,3,79.0
12682,2865,3,12.0
3429,2922,3,90.0
10724,2285,3,54.0
1097,2631,3,204.0
16307,2285,3,16.4
17827,2285,3,4.8
8140,1612,3,1.7
9077,2889,3,1.4
16624,1228,3,218.0
6580,2285,3,51.0
7720,2285,3,35.0
9369,1155,3,663.0
1796,2285,3,48.0
17927,1488,3,241.0
16176,237,3,314.0
8357,2922,3,312.0
17803,1721,3,17.6
15549,2383,3,531.0
16453,811,3,270.0
8228,1488,3,4849.0
15648,1937,3,0.4
8853,2229,3,0.5
11202,206,3,146.0
12023,2285,3,29.0
10368,68,3,232.0
11858,1488,3,45.0
16354,1578,3,151.0
6216,1937,3,7.2
9655,854,3,1.5
9637,1608,3,81.0
5039,2123,3,0.0
4736,115,3,10.8
647,1832,3,81.0
8387,2922,3,63.0
3495,2630,3,404.0
7030,2285,3,57.0
6191,1202,3,9.1
17705,237,3,339.0
760,2106,3,0.4
9496,271,3,45.0
741,1155,3,263.0
12803,2285,3,2.1
9486,685,3,12.4
8752,1488,3,1.0
17660,2631,3,0.1
17281,1488,3,168.0
7527,1464,3,0.3
5127,237,3,1155.0
14455,2285,3,34.0
664,2285,3,21.0
13577,132,3,0.1
15415,2285,3,22.0
16182,2285,3,34.0
12639,2775,3,12.1
4284,1166,3,23.0
4701,789,3,4.6
15772,2285,3,16.0
10512,2340,3,30.0
17722,1581,3,18.9
111,1776,3,58.0
11148,2444,3,5.2
306,2922,3,121.0
6848,2340,3,13.1
18043,725,3,85.0
197,1776,3,17.2
18134,1021,3,3.4
16561,2865,3,105.0
7687,2285,3,34.0
6539,745,3,38.0
15115,2219,3,38.0
55,2285,3,44.0
653,2285,3,42.0
13118,2488,3,171.0
4486,965,3,95.0
10429,2001,3,4.3
4815,2285,3,35.0
2600,946,3,59.0
1274,2285,3,103.0
5460,1300,3,131.0
14132,1488,3,29.0
12108,2285,3,42.0
11394,2743,3,0.6
8810,2285,3,4.6
9850,2339,3,1.4
2101,105,3,0.0
3338,2285,3,36.0
5553,2285,3,32.0
8083,25,3,44.0
1223,2630,3,2.1
15359,1606,3,1.3
17275,1030,3,162.0
482,1832,3,73.0
17161,2285,3,54.0
3499,1499,3,11.8
7579,2285,3,0.6
11752,312,3,0.5
5083,2285,3,33.0
11489,1858,3,19.8
13404,1488,3,16.0
8045,2285,3,45.0
4479,1832,3,9.0
12811,2631,3,61.0
7256,2630,3,534.0
11796,2922,3,124.0
8857,2631,3,70.0
7744,1030,3,7.9
11506,2205,3,13.0
4085,2285,3,47.0
3544,1395,3,6.4
16552,2922,3,188.0
17429,1488,3,92.0
15139,2285,3,25.0
10916,237,3,425.0
7627,2285,3,30.0
12565,410,3,24.0
2231,2227,3,67.0
4523,241,3,12.1
16740,1611,3,145.0
11041,2285,3,4.1
10355,2690,3,0.7
14878,1189,3,0.1
16723,2113,3,1.3
8698,1016,3,1.9
450,1488,3,102.0
1470,1612,3,0.1
4525,1977,3,5.2
14606,854,3,108.0
1112,2726,3,77.0
6780,237,3,2025.0
15548,743,3,33.0
11723,2285,3,16.0
15433,864,3,6.2
4823,903,3,1.6
9643,1488,3,47.0
4829,897,3,597.0
9304,1832,3,59.0
14151,1497,3,11.1
10616,2630,3,98.0
11213,1016,3,13.9
5259,2285,3,42.0
16155,237,3,585.0
17360,1655,3,586.0
14828,2418,3,20.0
12419,519,3,1226.0
10758,237,3,1025.0
717,1832,3,98.0
7179,1037,3,0.1
17516,543,3,6.5
11078,725,3,26.0
245,2285,3,4.6
16834,2354,3,70.0
17459,237,3,4.2
1964,1051,3,8.6
11525,811,3,143.0
5992,2285,3,3.3
742,2562,3,0.6
5626,1070,3,0.6
8514,2285,3,33.0
5985,2122,3,5.3
8321,2195,3,4.7
3223,854,3,69.0
4251,1128,3,55.0
16529,2285,3,52.0
6345,745,3,40.0
6299,237,3,619.0
4490,1488,3,6.3
14573,2380,3,1259.0
7216,2496,3,35.0
3970,1832,3,19.0
9039,302,3,14.4
13919,1041,3,4.7
9768,2710,3,51.0
15628,1488,3,30.0
17499,1488,3,30.0
6970,811,3,233.0
16478,1155,3,740.0
1135,25,3,55.0
42,742,3,6.6
15448,627,3,1.6
12544,488,3,1191.0
9727,1488,3,214.0
11512,237,3,370.0
4418,2285,3,62.0
8050,2922,3,72.0
11672,2285,3,36.0
16327,1611,3,43.0
17472,1610,3,1.9
11391,2285,3,51.0
16148,1498,3,36.0
13432,1128,3,7.1
12563,2148,3,10.6
16826,552,3,205.0
11627,1832,3,4.8
1500,400,3,98.0
2982,2107,3,5.4
15062,1488,3,83.0
15750,1488,3,39.0
15184,2215,3,0.1
4034,1488,3,32.0
3922,1608,3,464.0
972,2027,3,97.0
272,1166,3,27.0
2881,1488,3,18.3
10406,2423,3,903.0
2530,2922,3,79.0
11961,1128,3,66.0
11543,1488,3,11.7
14696,1215,3,0.0
3701,2285,3,58.0
6583,1321,3,2.2
12137,1488,3,32.0
964,2285,3,14.5
3898,565,3,58.0
201,2285,3,10.6
12176,1690,3,1.9
1219,2285,3,76.0
10140,2922,3,175.0
7451,237,3,905.0
10052,2195,3,18.1
12267,471,3,2.8
1184,2205,3,3.2
5844,2285,3,5.7
393,2922,3,137.0
6884,2922,3,54.0
5476,2285,3,14.0
1861,2562,3,1.5
14963,2285,3,45.0
3698,2028,3,25.0
10638,1166,3,64.0
419,2922,3,95.0
9664,2380,3,1207.0
4807,1488,3,31.0
9266,2726,3,0.6
9461,1655,3,181.0
11831,1488,3,207.0
13446,2285,3,84.0
9737,1655,3,45.0
6946,2285,3,51.0
14782,2562,3,1.2
18149,302,3,0.2
9187,2911,3,246.0
6961,2285,3,24.0
2862,237,3,432.0
4095,113,3,27.0
13933,944,3,1765.0
15407,2780,3,92.0
9479,2922,3,9.6
519,2008,3,82.0
11655,2285,3,5.4
15071,1578,3,165.0
14140,1201,3,0.1
17736,944,3,175.0
2318,1080,3,12619.0
12635,1944,3,7.2
5171,2285,3,39.0
1288,1488,3,1766.0
2144,2911,3,1222.0
11166,1832,3,31.0
781,2923,3,0.4
7741,1488,3,343.0
8150,2285,3,32.0
10302,430,3,0.6
6238,2285,3,39.0
17984,2285,3,3.5
12165,1166,3,461.0
426,2441,3,0.9
15674,1636,3,230.0
12022,1407,3,0.4
14900,725,3,94.0
15186,237,3,1214.0
17776,2285,3,35.0
13399,2380,3,1337.0
8013,2842,3,13.4
17811,2285,3,56.0
3231,1488,3,0.9
10000,1488,3,80.0
7012,1317,3,17.4
734,1636,3,64.0
9790,2414,3,5.2
8336,1612,3,0.2
14170,1832,3,56.0
638,2922,3,205.0
10397,2285,3,9.8
15867,1488,3,61.0
13804,68,3,0.6
2380,1488,3,53.0
8769,1865,3,0.2
6348,2285,3,56.0
8364,2285,3,6.6
18202,2285,3,38.0
17235,1776,3,39.0
6472,756,3,2.5
642,2285,3,11.8
12818,2148,3,1.7
17882,2462,3,1.3
11505,1030,3,2.6
17813,822,3,0.5
7663,2922,3,144.0
11570,1876,3,15.9
6545,237,3,215.0
16330,1690,3,1.8
11864,2096,3,1123.0
270,2285,3,32.0
16413,1876,3,9.3
12323,2380,3,448.0
9326,2536,3,15.3
10364,1128,3,76.0
9374,1488,3,144.0
5812,1259,3,0.2
7471,1488,3,13.1
5845,1037,3,12.4
12892,1858,3,3.5
10570,725,3,2.3
18293,2488,3,190.0
3786,1832,3,74.0
9310,2285,3,31.0
12422,1128,3,67.0
11412,2285,3,44.0
9828,2285,3,4.9
16405,2922,3,82.0
15921,1166,3,29.0
10927,1080,3,1760.0
4797,1189,3,181.0
11480,580,3,85.0
3614,68,3,40.0
2038,814,3,225.0
17312,1832,3,2.3
1176,2562,3,0.4
1732,1321,3,30.0
11376,74,3,35.0
6506,1875,3,0.0
12080,1488,3,68.0
1514,2631,3,290.0
15384,2441,3,0.8
16117,2285,3,91.0
3212,745,3,0.0
1940,745,3,0.0
6590,1228,3,96.0
7189,2285,3,21.0
1064,2285,3,68.0
1730,2107,3,6.0
10532,2439,3,217.0
6231,2205,3,1.2
7426,1870,3,2.2
9673,2488,3,1985.0
617,1721,3,63.0
16345,897,3,2.0
6669,2922,3,346.0
8060,1488,3,43.0
15943,2225,3,4395.0
8305,25,3,7.8
5202,2922,3,70.0
12098,1612,3,2.5
10359,2911,3,152.0
1970,2611,3,9.0
17215,368,3,128.0
16824,2423,3,63.0
1409,2875,3,12.6
17847,746,3,4.4
17960,1832,3,68.0
15809,1128,3,53.0
8041,1612,3,0.0
2877,2285,3,14.4
4711,897,3,281.0
16888,1612,3,7.6
3234,2285,3,52.0
16324,2285,3,12.5
16799,2631,3,142.0
12500,2285,3,13.1
17507,732,3,686.0
7991,2285,3,38.0
5864,1488,3,30.0
8420,2285,3,37.0
2837,2285,3,10.8
4814,1612,3,5.9
17314,237,3,60.0
10569,1041,3,62.0
1756,2285,3,29.0
7482,745,3,24.0
16853,1370,3,1.7
7589,2285,3,53.0
11037,2320,3,4.0
11407,1488,3,7901.0
1591,2285,3,35.0
16,282,3,50.0
16087,237,3,816.0
16702,2831,3,16.1
12410,1488,3,42.0
11432,1488,3,87.0
13565,2285,3,10.2
9118,100,3,45.0
1564,1611,3,9.3
14565,2631,3,95.0
3465,2285,3,52.0
13814,1548,3,28.0
3009,2039,3,12.2
14276,1832,3,57.0
17901,68,3,304.0
14062,200,3,2.0
11141,424,3,11.0
11268,2562,3,3.0
10619,2285,3,26.0
2874,732,3,574.0
6543,2285,3,43.0
1270,2285,3,75.0
17075,425,3,0.2
547,2380,3,197.0
204,25,3,39.0
15870,237,3,245.0
15587,2285,3,8.0
14148,2285,3,29.0
5500,1608,3,72.0
14106,1488,3,77.0
12118,2285,3,44.0
17753,1612,3,0.4
15109,1518,3,0.1
4928,2726,3,185.0
4783,343,3,18.8
2665,2630,3,24.0
14177,1612,3,1.2
17017,1923,3,4.6
16297,944,3,277.0
11538,1832,3,723.0
16471,2544,3,0.1
13224,2285,3,25.0
10437,2631,3,0.8
17780,1123,3,1.0
11503,1225,3,3.1
4841,482,3,1.5
12642,2631,3,96.0
10642,2285,3,114.0
16105,1037,3,5.9
2491,1488,3,8.0
8618,2726,3,118.0
9756,1128,3,2.9
879,2339,3,21.0
12194,2285,3,12.5
444,725,3,49.0
10282,237,3,1006.0
4420,2631,3,60.0
11679,2122,3,139.0
7137,2285,3,35.0
2870,2285,3,5.9
7224,1618,3,0.2
16352,2285,3,22.0
3183,2922,3,51.0
13385,1488,3,17.7
12,45,3,5.6
3949,1189,3,112.0
12132,2230,3,5.2
8792,1488,3,120.0
14039,1488,3,123.0
46,1776,3,0.7
5160,2368,3,14.6
11797,2285,3,9.4
6648,100,3,101.0
12013,2285,3,10.2
12234,537,3,31.0
16836,68,3,1059.0
4483,2536,3,6.0
14012,1488,3,497.0
17395,2285,3,62.0
7644,2285,3,70.0
5242,2223,3,97.0
8240,2285,3,31.0
12786,132,3,716.0
11761,2562,3,2.3
1650,2527,3,0.3
12733,2285,3,3.3
83,2488,3,1751.0
5412,1107,3,12.1
5267,745,3,3.5
14136,1488,3,313.0
8644,2285,3,35.0
17755,2285,3,36.0
12708,1801,3,38.0
7086,2285,3,60.0
12201,564,3,223.0
5167,68,3,1471.0
2878,2339,3,28.0
18151,2285,3,1.1
18006,282,3,17.1
12053,814,3,899.0
6939,2850,3,1.9
8198,2527,3,0.2
14447,36,3,4.8
13880,2285,3,41.0
9947,2285,3,22.0
9134,2096,3,1107.0
17466,1666,3,1.0
8832,1488,3,12.7
15173,2710,3,1.7
11795,2611,3,10.7
16913,1488,3,85.0
8007,2380,3,302.0
11903,2285,3,18.4
7767,2285,3,67.0
18174,2285,3,52.0
10484,237,3,132.0
1511,1488,3,39.0
12383,2285,3,24.0
2330,2285,3,34.0
595,550,3,0.0
16982,1128,3,51.0
700,2769,3,0.1
16928,696,3,0.9
5473,1838,3,2.8
2830,2380,3,923.0
422,1832,3,8.0
1891,2630,3,22.0
16998,2876,3,71.0
6926,113,3,510.0
17956,2889,3,13.9
15661,1832,3,39.0
12837,2285,3,31.0
8558,25,3,15.0
5640,660,3,4.6
10701,1030,3,33.0
16298,1488,3,12.1
2926,1128,3,95.0
13051,1202,3,35.0
16342,308,3,0.0
16419,2708,3,86.0
7277,1080,3,2814.0
12439,1696,3,7.4
6901,1488,3,36.0
4762,1832,3,36.0
6121,1596,3,2.2
1764,68,3,1104.0
8362,1488,3,3.2
14296,915,3,0.7
16296,1832,3,56.0
17455,2631,3,73.0
5245,2285,3,43.0
1014,2699,3,25.0
9402,2285,3,35.0
5740,1661,3,1.7
15049,2285,3,19.3
92,2285,3,24.0
10201,2285,3,40.0
16675,814,3,472.0
14428,1525,3,24.0
14454,1628,3,1.2
8221,2759,3,246.0
5578,1317,3,157.0
15804,946,3,293.0
6698,1605,3,41.0
13757,1905,3,16.2
4022,915,3,0.2
10881,2194,3,183.0
8603,1166,3,76.0
196,1488,3,29.0
17795,2631,3,308.0
10416,814,3,217.0
18073,581,3,40.0
2915,1832,3,75.0
16557,1488,3,173.0
14422,924,3,5.6
7295,1947,3,48.0
7164,25,3,75.0
3995,1776,3,45.0
8754,1557,3,658.0
17973,1612,3,4.4
1480,2526,3,3.1
14223,2488,3,814.0
2056,1030,3,13.5
13069,1202,3,11.8
10627,2195,3,3.2
15598,1488,3,23.0
2957,2285,3,19.9
9959,828,3,73.0
15341,1488,3,13.8
10872,2285,3,5.8
9907,2726,3,42.0
11528,2285,3,26.0
312,2285,3,37.0
6668,1189,3,39.0
10241,2631,3,194.0
12893,2842,3,53.0
1841,2338,3,6.1
6950,1913,3,15.3
17193,2285,3,57.0
14116,371,3,6.6
160,1488,3,7.7
13750,1488,3,87.0
2161,343,3,0.0
11595,2631,3,77.0
15572,2631,3,35.0
2566,2285,3,27.0
727,1155,3,236.0
9843,2285,3,16.6
16726,52,3,43.0
9241,1300,3,122.0
9862,2285,3,41.0
4793,2526,3,62.0
2052,2631,3,99.0
4178,718,3,68.0
282,2285,3,35.0
6087,1612,3,2.6
1914,2285,3,28.0
14423,1488,3,265.0
10740,1832,3,0.9
17527,237,3,862.0
16274,1830,3,7.8
3030,2285,3,52.0
16073,1488,3,10.8
3984,1321,3,0.1
13368,237,3,732.0
17947,1030,3,215.0
3004,1610,3,3.7
10952,2630,3,194.0
13393,2285,3,56.0
9258,552,3,4.6
7862,2631,3,16.8
3075,271,3,1.6
14596,2285,3,6.0
6010,1488,3,172.0
10558,2285,3,45.0
12736,2285,3,11.4
17662,725,3,107.0
3834,451,3,2.0
13161,2285,3,33.0
725,2285,3,46.0
4586,1488,3,28.0
5191,2285,3,24.0
8975,237,3,40.0
18155,1488,3,1.2
11293,2667,3,4.8
16895,1488,3,1380.0
604,1128,3,1.1
17667,302,3,177.0
3855,556,3,15.2
14133,237,3,79.0
14263,1755,3,183.0
8044,2285,3,36.0
13473,237,3,1457.0
1066,25,3,7.3
12477,854,3,158.0
771,2285,3,39.0
6111,2299,3,1.4
2011,2001,3,13.5
3147,1488,3,69.0
5981,2285,3,18.8
4860,237,3,63.0
17995,1557,3,347.0
13423,2285,3,28.0
15557,2922,3,94.0
5769,2759,3,39.0
11913,113,3,463.0
8870,1229,3,0.7
8030,2386,3,4.6
14181,1488,3,2.8
17897,1610,3,133.0
149,2285,3,27.0
16516,2285,3,28.0
11933,2714,3,4.0
6670,2285,3,8.2
13184,2515,3,5.4
6489,1832,3,55.0
7738,1594,3,5.8
11336,237,3,1337.0
15956,2630,3,226.0
8423,1321,3,104.0
16646,2780,3,54.0
18205,2631,3,292.0
7069,944,3,77.0
11653,279,3,0.9
6781,814,3,12.4
6962,2285,3,80.0
3067,2409,3,45.0
13306,1937,3,16.0
6693,1876,3,2.9
11509,1488,3,51.0
10710,1004,3,15.4
8434,897,3,31.0
17149,1421,3,149.0
7507,944,3,10.0
7038,1541,3,5.8
11517,237,3,432.0
5490,1533,3,3.0
5870,2285,3,37.0
4888,1593,3,6.6
16169,1488,3,39.0
4241,2285,3,30.0
15678,2285,3,16.1
12379,1832,3,38.0
1511,1030,3,88.0
10766,1488,3,68.0
3175,100,3,29.0
1860,2285,3,49.0
16818,2392,3,10.5
659,2922,3,83.0
17953,1720,3,7.8
10492,2469,3,7.0
2152,1488,3,70.0
16579,2865,3,23.0
13492,2285,3,23.0
2902,2285,3,29.0
16325,2631,3,98.0
135,1228,3,8.9
13431,2205,3,16.0
14717,2122,3,0.2
4491,1612,3,0.1
10392,2340,3,35.0
4050,488,3,13.2
9293,2630,3,181.0
11351,2576,3,2.9
8478,444,3,40.0
14618,2285,3,44.0
7560,1128,3,51.0
11890,814,3,178.0
287,2285,3,37.0
3460,966,3,37.0
12378,2205,3,0.8
14766,237,3,321.0
7588,2631,3,213.0
16619,2285,3,24.0
11473,745,3,4.2
14049,68,3,205.0
14307,1488,3,17.9
1322,1488,3,287.0
12440,1755,3,19.4
9969,1721,3,42.0
9069,2285,3,37.0
2353,376,3,10.1
6726,2285,3,44.0
15013,1612,3,0.0
12692,2911,3,465.0
17119,1488,3,534.0
7038,1166,3,1628.0
14592,2285,3,26.0
9639,2285,3,9.1
13450,1030,3,10.6
1246,1311,3,7.2
14761,102,3,2.8
10175,237,3,23.0
17250,2285,3,10.6
16012,814,3,648.0
14811,2285,3,1.2
9121,237,3,597.0
10351,1228,3,508.0
7783,2285,3,21.0
17217,2122,3,232.0
1759,814,3,79.0
5010,2536,3,14.8
5118,2285,3,15.3
11736,1488,3,9.2
984,1721,3,93.0
10960,1832,3,86.0
7544,766,3,690.0
7822,814,3,145.0
17319,2631,3,29.0
2611,239,3,95.0
459,2922,3,75.0
10221,2285,3,57.0
13481,2685,3,140.0
17053,237,3,149.0
10661,2546,3,28.0
7478,2285,3,48.0
18093,1832,3,24.0
10527,2631,3,149.0
9705,1982,3,3.4
8896,2366,3,26.0
8384,2922,3,52.0
1281,2536,3,2.9
14217,2812,3,30.0
6195,2631,3,36.0
14784,237,3,379.0
10850,1488,3,33.0
8927,2285,3,57.0
5244,1882,3,5.7
14746,237,3,308.0
9545,1721,3,0.3
8475,1612,3,0.5
17177,2285,3,9.3
6310,2726,3,28.0
15728,2630,3,370.0
6129,1690,3,2.0
11133,1832,3,23.0
15191,1488,3,500.0
462,302,3,1.4
5123,1488,3,50.0
17105,1832,3,63.0
7399,1488,3,445.0
11869,2338,3,0.8
13629,1080,3,10483.0
16070,2380,3,1375.0
14508,2285,3,13.0
4419,1004,3,9.3
3675,25,3,1.4
12971,2285,3,31.0
16147,371,3,38.0
8560,2001,3,2.5
10457,1488,3,74.0
13020,2444,3,156.0
1306,1488,3,8.2
17329,88,3,0.4
9305,1578,3,437.0
4852,1981,3,94.0
13356,77,3,58.0
10717,2285,3,1.3
13106,2267,3,1.2
11267,1832,3,91.0
6893,2285,3,19.2
11739,2922,3,96.0
15576,1488,3,28.0
12218,368,3,113.0
2637,1832,3,64.0
1665,1915,3,16.4
17646,1084,3,237.0
2452,2630,3,7.3
4808,2285,3,8.0
3524,2285,3,72.0
6761,1464,3,265.0
6667,2439,3,108.0
14029,2922,3,52.0
14625,980,3,3.8
16643,944,3,621.0
16825,836,3,76.0
7074,1609,3,50.0
11137,2157,3,16.4
15344,1499,3,10.0
1314,1300,3,1408.0
11250,2708,3,50.0
5444,482,3,4.4
9517,2285,3,45.0
12575,814,3,154.0
12289,2773,3,0.2
11451,1488,3,56.0
14804,1488,3,37.0
11726,1832,3,15.2
2658,1776,3,48.0
12085,2562,3,20.0
16122,1488,3,18.3
10035,272,3,2.0
2764,2489,3,4.9
12889,1832,3,25.0
11335,1488,3,172.0
17593,1488,3,7.7
15095,1300,3,110.0
17033,128,3,5.8
11977,2285,3,3.3
13406,2285,3,25.0
14405,1937,3,0.9
6992,2922,3,48.0
2557,2638,3,16.8
4122,2630,3,223.0
3879,2515,3,15.6
1030,1128,3,26.0
15504,2630,3,123.0
17630,2679,3,0.5
18092,2285,3,26.0
17531,2148,3,2.2
13666,2285,3,30.0
8793,1751,3,44.0
42,2285,3,46.0
1745,2027,3,141.0
11922,1832,3,85.0
12403,1612,3,1.9
7548,2285,3,45.0
3792,555,3,187.0
10157,1832,3,41.0
2968,1488,3,55.0
6770,1647,3,288.0
579,2431,3,0.7
14331,274,3,67.0
16604,1832,3,39.0
619,2285,3,19.4
2565,274,3,88.0
8396,2564,3,39.0
10378,2285,3,27.0
10554,237,3,404.0
13174,237,3,23.0
16234,1875,3,15.7
823,2285,3,45.0
10041,33,3,2.5
1368,1488,3,32.0
363,2630,3,0.1
2176,2726,3,2.6
10230,2630,3,36.0
14605,1583,3,5.8
16738,2630,3,504.0
2364,1321,3,129.0
13140,2285,3,55.0
9775,2380,3,40.0
10561,556,3,5.7
12841,2285,3,33.0
16121,2285,3,16.5
1191,2285,3,86.0
10958,2685,3,477.0
9897,1137,3,10.5
17002,1488,3,42.0
6851,2285,3,4.4
7975,274,3,6.7
3367,725,3,3.0
17450,2922,3,57.0
1226,1488,3,53.0
5537,768,3,1.4
9888,1488,3,1.9
1620,237,3,304.0
16960,1488,3,443.0
9892,2285,3,31.0
8166,889,3,390.0
14731,1488,3,30.0
2827,862,3,139.0
15500,2285,3,40.0
14855,1937,3,0.0
11430,1321,3,58.0
14930,2285,3,35.0
364,1304,3,310.0
7067,1721,3,88.0
7561,1612,3,4.1
13720,745,3,41.0
17815,2285,3,87.0
6607,1897,3,5.1
214,1304,3,149.0
11129,2285,3,75.0
15283,1228,3,10.7
457,2285,3,72.0
15635,52,3,6.6
13840,1488,3,37.0
16305,2285,3,10.2
15381,2631,3,100.0
6498,2638,3,138.0
641,237,3,219.0
5929,2433,3,3.8
6710,2285,3,81.0
7852,1030,3,1.3
14805,2285,3,81.0
704,2077,3,1.2
12685,1096,3,0.0
7605,2285,3,0.2
9853,2844,3,15.4
8960,2285,3,7.9
5853,2922,3,151.0
17147,944,3,599.0
13980,2631,3,201.0
17657,2285,3,16.6
3811,2631,3,221.0
4408,1488,3,25.0
259,2285,3,28.0
16670,1578,3,120.0
2700,814,3,1281.0
11338,1030,3,68.0
17629,1488,3,155.0
5205,1578,3,191.0
9713,2285,3,67.0
7207,1321,3,28.0
17336,1488,3,95.0
12510,1228,3,402.0
4947,2886,3,23.0
4740,2285,3,27.0
9732,1832,3,2.6
804,1488,3,3.8
2688,2865,3,381.0
10125,468,3,5.7
10956,1407,3,2.8
10921,2481,3,0.0
8294,1321,3,102.0
8819,2285,3,23.0
3221,2922,3,90.0
8803,169,3,8.8
213,1858,3,16.9
6582,2106,3,1.2
13359,2877,3,2.2
13120,359,3,169.0
15379,2285,3,1.4
4768,1737,3,0.3
10448,2630,3,84.0
3204,1983,3,31.0
14143,1832,3,38.0
3684,2285,3,12.1
13665,2654,3,127.0
6933,1578,3,223.0
8072,1189,3,0.8
14814,2922,3,127.0
15752,2380,3,795.0
11526,2710,3,0.6
10454,1832,3,48.0
6353,2922,3,70.0
16458,343,3,2.4
2162,864,3,7.2
8931,1608,3,0.0
14611,2013,3,112.0
4898,2285,3,58.0
941,2001,3,11.9
1890,1029,3,49.0
7153,2831,3,57.0
581,237,3,1159.0
7511,2285,3,62.0
17758,1321,3,7.7
885,1703,3,0.8
2654,1488,3,1.1
1784,2285,3,38.0
16215,1604,3,5.2
616,1128,3,10.7
13293,1827,3,277.0
8627,1179,3,6.4
18110,1583,3,57.0
1364,2726,3,87.0
4613,2285,3,41.0
1289,2285,3,42.0
3489,1488,3,84.0
16486,944,3,970.0
16793,2844,3,17.2
6152,1937,3,0.2
6854,1721,3,11.6
5022,1228,3,431.0
18165,2285,3,62.0
13547,237,3,496.0
7197,1876,3,2.6
10942,944,3,1.3
7293,2922,3,219.0
7973,2922,3,172.0
16944,2922,3,58.0
5820,766,3,22.0
5399,2285,3,20.0
10007,2831,3,37.0
13441,2630,3,220.0
584,2469,3,0.2
942,1488,3,11.8
9610,1681,3,0.7
11501,919,3,1.1
15578,2799,3,2071.0
8366,100,3,57.0
943,2285,3,49.0
2916,1202,3,96.0
16098,274,3,27.0
16772,2285,3,10.3
10653,2285,3,78.0
10546,2285,3,26.0
13435,237,3,444.0
283,1128,3,125.0
5985,2630,3,120.0
5178,2285,3,0.3
17367,2096,3,3.0
8045,2285,3,34.0
12051,1269,3,21.0
8426,1832,3,32.0
9384,1832,3,98.0
13855,944,3,180.0
12940,1488,3,207.0
7228,1285,3,20.0
11805,2285,3,34.0
7733,1128,3,182.0
3176,1655,3,319.0
15633,2380,3,598.0
2455,614,3,0.1
2271,743,3,15.3
2515,272,3,105.0
15013,2285,3,43.0
12012,1548,3,3.6
14395,679,3,236.0
2884,944,3,94.0
827,2317,3,54.0
4655,1488,3,1.1
5530,2285,3,59.0
7756,1593,3,1.8
15425,2285,3,35.0
3441,1183,3,9.1
2783,2423,3,8.0
4311,297,3,4.6
13533,2582,3,21.0
8476,2285,3,22.0
2121,2726,3,92.0
9619,2285,3,31.0
6897,31,3,832.0
16217,1875,3,12.4
15636,2096,3,30.0
15827,343,3,4.9
10474,944,3,2.3
3938,1054,3,2.6
16768,1827,3,283.0
5918,897,3,36.0
2501,52,3,29.0
11575,2380,3,1722.0
15192,1101,3,59.0
6767,1156,3,12.9
15796,2148,3,2.0
6906,2285,3,42.0
8675,1488,3,70.0
8116,2512,3,8.2
11206,1096,3,26.0
13749,2285,3,42.0
13660,732,3,281.0
10646,1488,3,5.3
1497,2856,3,163.0
7331,2285,3,39.0
6713,1746,3,2.2
4563,1937,3,0.1
13463,2285,3,5.3
1384,572,3,425.0
18026,2922,3,91.0
16666,660,3,16.6
16501,2380,3,459.0
12181,1488,3,45.0
16150,237,3,27.0
15453,2441,3,16.7
7013,1166,3,118.0
10358,1655,3,17.6
16741,2285,3,33.0
464,282,3,20.0
8073,1189,3,246.0
7836,854,3,374.0
14711,2631,3,21.0
8620,1655,3,29.0
15023,2922,3,91.0
6604,2630,3,198.0
9008,2285,3,16.4
16003,2864,3,57.0
9875,272,3,116.0
7087,2371,3,12.4
15734,1488,3,143.0
13235,2285,3,7.5
8858,1832,3,0.5
12556,2285,3,61.0
7376,1488,3,16.6
1604,572,3,241.0
560,237,3,178.0
9634,1096,3,4.4
2992,302,3,239.0
10775,944,3,562.0
11702,2121,3,5.8
7330,2285,3,45.0
7054,1721,3,10.6
6596,1228,3,123.0
5555,1300,3,10.5
15511,1202,3,44.0
13859,1612,3,0.0
15687,1321,3,41.0
12275,2087,3,15.0
2014,1611,3,46.0
1297,2631,3,69.0
2971,1321,3,61.0
12992,1488,3,55.0
16864,2619,3,11.1
425,2380,3,868.0
449,1407,3,0.2
655,2630,3,336.0
16865,1832,3,51.0
7694,1832,3,29.0
14924,614,3,1.8
4076,2630,3,124.0
320,1832,3,33.0
13168,2272,3,3.8
2462,2380,3,520.0
7955,2285,3,8.8
6634,1287,3,39.0
9982,2285,3,56.0
12003,2285,3,7.0
2141,274,3,1.8
6453,1612,3,0.0
9762,2630,3,84.0
11433,1832,3,77.0
389,811,3,1.6
6614,1832,3,29.0
10289,25,3,7.4
12170,272,3,158.0
16216,2888,3,456.0
15141,1017,3,0.0
12287,1488,3,129.0
3510,745,3,6.3
13945,2285,3,28.0
16969,1832,3,33.0
14295,1128,3,96.0
1703,1488,3,33.0
13338,2285,3,5.9
3362,2338,3,0.7
16811,2922,3,73.0
9414,2285,3,11.0
11989,237,3,479.0
6798,1465,3,122.0
573,237,3,1380.0
7923,2122,3,0.4
976,2631,3,1.8
4760,1338,3,41.0
17694,725,3,7.3
9336,1690,3,0.1
4204,237,3,422.0
12326,2285,3,1.5
8082,2285,3,7.6
13098,2285,3,11.2
11579,1488,3,23.0
16007,2046,3,0.9
9170,237,3,816.0
596,1875,3,27.0
7724,1166,3,84.0
15528,2441,3,9.5
5337,2339,3,7.9
497,1604,3,66.0
14783,1488,3,44.0
8263,1321,3,52.0
11777,1488,3,99.0
14617,2285,3,7.8
9901,1612,3,0.0
5164,2285,3,39.0
5406,1321,3,58.0
5526,2922,3,276.0
307,1488,3,62.0
357,2285,3,62.0
15508,2195,3,3.6
7468,2195,3,8.5
7703,2726,3,28.0
15284,237,3,729.0
17113,2922,3,175.0
4398,2285,3,52.0
5666,2285,3,40.0
6877,343,3,61.0
17636,572,3,764.0
3084,2630,3,111.0
3451,2380,3,1151.0
2299,1802,3,1.2
1903,1488,3,5.0
18206,1832,3,39.0
3586,1488,3,0.1
7585,2631,3,7.9
12131,828,3,573.0
7493,2285,3,30.0
665,2630,3,33.0
696,1488,3,33.0
15812,1037,3,40.0
11644,2285,3,112.0
10936,271,3,88.0
10494,255,3,35.0
8155,1659,3,12.1
13378,1832,3,41.0
133,2875,3,3.3
10629,2631,3,181.0
574,1128,3,119.0
17748,2285,3,0.6
2272,2522,3,27.0
8470,2285,3,30.0
6183,2922,3,16.6
16886,2423,3,1096.0
7807,2922,3,233.0
7060,2630,3,316.0
7965,1128,3,198.0
10955,312,3,277.0
4169,1166,3,170.0
17306,237,3,290.0
7942,2285,3,54.0
18017,1128,3,265.0
6469,1726,3,25.0
16647,732,3,141.0
11638,245,3,1.2
6846,2285,3,7.5
2502,2922,3,113.0
17893,1128,3,92.0
15793,274,3,2.5
14304,2631,3,222.0
17619,2630,3,340.0
8598,1300,3,80.0
3744,543,3,22.0
6268,1277,3,9.6
2301,2285,3,49.0
18224,2562,3,19.6
8623,1735,3,1.4
5492,2285,3,25.0
7214,1947,3,49.0
2181,2027,3,0.6
17873,1128,3,57.0
10493,867,3,11.0
11511,2850,3,41.0
4961,2631,3,115.0
16436,2285,3,18.6
9272,1832,3,93.0
10699,2922,3,176.0
7116,2285,3,46.0
7015,944,3,372.0
675,2285,3,38.0
13497,725,3,29.0
6105,2285,3,0.6
12057,2285,3,77.0
17833,68,3,357.0
7092,1041,3,3.8
13948,1838,3,0.5
3895,1612,3,5.7
2766,471,3,5.3
17733,2285,3,4.3
7766,113,3,1.2
14524,537,3,10.5
11983,725,3,0.9
6931,1321,3,6.4
13780,2285,3,47.0
11613,1321,3,92.0
17015,1189,3,100.0
9079,2086,3,0.2
17592,572,3,107.0
13329,271,3,34.0
7621,2285,3,48.0
7832,1612,3,0.2
15466,1608,3,977.0
6135,1832,3,15.6
2114,2630,3,488.0
11409,2285,3,45.0
12641,1488,3,424.0
3112,1875,3,19.9
16872,2285,3,39.0
331,2631,3,42.0
7914,2285,3,46.0
15254,2001,3,42.0
12952,237,3,509.0
12987,1911,3,122.0
11469,1128,3,163.0
8296,2285,3,34.0
13474,2630,3,355.0
2929,2592,3,0.5
6376,2562,3,3.6
17550,1488,3,92.0
132,2285,3,29.0
15223,2285,3,59.0
15888,1128,3,96.0
14593,1488,3,170.0
11061,1832,3,267.0
16904,2285,3,18.2
15880,237,3,7.3
3326,463,3,0.0
4337,2285,3,16.9
6644,2439,3,308.0
14496,2285,3,47.0
13119,2285,3,8.4
11767,100,3,60.0
16235,2581,3,6.9
13416,1443,3,8.6
8328,2285,3,35.0
8018,2285,3,29.0
10651,1838,3,1.6
18185,1488,3,52.0
4254,1985,3,40.0
3710,237,3,861.0
407,2087,3,9.9
6874,237,3,393.0
15250,2936,3,0.2
13042,1612,3,6.8
14856,1166,3,40.0
16735,1832,3,23.0
6442,2285,3,36.0
10961,1421,3,99.0
10693,1557,3,603.0
2629,538,3,12.8
14035,312,3,0.0
12696,2631,3,71.0
15702,274,3,13.4
2413,2630,3,299.0
10814,631,3,4.9
9760,1341,3,0.6
3925,272,3,37.0
8905,1488,3,26.0
18193,142,3,508.0
10431,2922,3,187.0
5346,572,3,97.0
10854,1488,3,43.0
8976,1424,3,10.6
13245,766,3,240.0
3926,1635,3,6.3
16941,2285,3,21.0
16335,2631,3,63.0
7082,545,3,49.0
447,2285,3,41.0
16510,2285,3,57.0
17968,897,3,1.6
13535,2285,3,6.3
17212,1128,3,94.0
16720,237,3,529.0
10139,1009,3,378.0
11366,718,3,9.9
404,2285,3,2.7
6015,2526,3,90.0
7039,272,3,42.0
7193,2574,3,1.6
12516,2285,3,23.0
12930,2380,3,1188.0
13033,2726,3,6.3
12924,862,3,2.5
11226,1612,3,1.1
7217,2285,3,42.0
8304,1937,3,0.4
17187,356,3,0.5
14152,2285,3,44.0
5852,2285,3,38.0
654,2743,3,3.5
8477,944,3,123.0
14601,1166,3,315.0
2165,871,3,50.0
4780,814,3,82.0
17485,25,3,102.0
8191,2726,3,95.0
9002,2285,3,32.0
446,2285,3,2.8
8482,272,3,67.0
16447,1487,3,40.0
6279,237,3,122.0
3696,2282,3,109.0
7916,1606,3,403.0
576,2726,3,3.2
18199,359,3,32.0
2195,556,3,38.0
16922,2363,3,0.1
15419,2285,3,44.0
14403,2285,3,46.0
692,2225,3,247.0
8379,2285,3,62.0
11885,237,3,866.0
8886,814,3,476.0
14262,2285,3,40.0
1517,2630,3,163.0
6045,1610,3,39.0
16575,2922,3,133.0
705,2285,3,33.0
2546,1578,3,215.0
8123,1937,3,0.4
16856,2285,3,8.6
12731,1612,3,1.0
17504,2922,3,65.0
15305,2312,3,4.1
9010,1858,3,6.2
15405,854,3,3.9
11410,1875,3,1.1
17264,1488,3,0.4
12584,2726,3,79.0
7810,2285,3,40.0
521,2195,3,17.2
4516,745,3,0.0
6432,1166,3,41.0
10945,745,3,105.0
8997,2285,3,36.0
10611,2285,3,5.1
6104,2865,3,16.7
15030,944,3,35.0
5767,2433,3,6.8
14780,2876,3,2.8
14149,1488,3,7.8
14117,2285,3,41.0
8134,2922,3,130.0
11957,1610,3,91.0
9200,1488,3,84.0
2797,1488,3,13.2
9219,2423,3,0.8
12207,1492,3,2.4
5240,919,3,5.0
17060,2726,3,395.0
17251,1488,3,51.0
5643,685,3,80.0
4591,2638,3,0.9
11025,1202,3,28.0
8269,2285,3,27.0
14561,2910,3,11.0
18139,766,3,234.0
13383,2527,3,1.5
11246,1659,3,22.0
10687,2285,3,39.0
1763,1875,3,13.5
12874,2354,3,34.0
14888,2726,3,128.0
12409,2630,3,18.4
13770,1609,3,117.0
16207,2285,3,1.4
6840,2285,3,3.3
13718,1038,3,58.0
3059,2285,3,40.0
17554,1776,3,5.3
11450,237,3,244.0
12208,237,3,2.4
10147,1548,3,7.1
4586,2285,3,40.0
18029,2285,3,2.3
14108,2285,3,42.0
15948,1757,3,1.7
8443,2285,3,23.0
7001,1128,3,307.0
1034,118,3,0.6
7774,1488,3,121.0
10391,1488,3,10.9
1027,2380,3,802.0
1386,577,3,4.6
670,777,3,0.0
13005,2922,3,50.0
10032,2631,3,61.0
15526,302,3,4.9
1039,2630,3,70.0
5020,2195,3,8.8
12769,745,3,62.0
18076,2292,3,122.0
15583,237,3,261.0
18089,1194,3,2.1
16103,2122,3,179.0
8847,2285,3,0.3
328,1488,3,290.0
3118,2285,3,55.0
10610,944,3,570.0
2995,2285,3,43.0
3470,537,3,1.8
9541,2195,3,19.6
1160,2631,3,9.8
2496,907,3,2.8
14271,2285,3,21.0
16194,237,3,4.5
14449,2631,3,159.0
3428,1488,3,82.0
3482,1488,3,429.0
5908,1319,3,8.5
8386,2751,3,15.5
3147,1572,3,436.0
14312,1300,3,16.2
14497,1488,3,11.4
16648,2285,3,15.8
12381,2285,3,2.0
16082,1488,3,36.0
2908,237,3,917.0
17462,745,3,56.0
4965,913,3,5.6
2234,1985,3,45.0
7278,1300,3,38.0
5222,2380,3,947.0
9721,2630,3,159.0
7857,572,3,104.0
13394,685,3,22.0
6742,814,3,327.0
8812,2630,3,142.0
555,2285,3,24.0
13257,2285,3,82.0
9549,2631,3,89.0
7452,237,3,115.0
4684,2285,3,28.0
8767,2285,3,27.0
9181,2630,3,189.0
1290,237,3,505.0
15241,1937,3,4.3
7312,1128,3,9.6
16512,1499,3,17.5
13184,2285,3,2.1
17785,2029,3,1.0
17942,897,3,0.2
17716,2922,3,265.0
11999,1655,3,0.0
777,2122,3,3.2
17781,2726,3,208.0
1830,2285,3,46.0
8271,2911,3,187.0
10216,1617,3,79.0
17803,100,3,90.0
7538,2285,3,4.6
380,1166,3,302.0
13675,1933,3,0.0
7407,1202,3,1.0
14996,2285,3,53.0
114,897,3,33.0
14361,237,3,28.0
10996,2285,3,40.0
5892,2631,3,121.0
16240,2285,3,10.0
8922,944,3,1079.0
17730,2685,3,561.0
8251,1321,3,12.3
9296,2506,3,1.5
8826,2344,3,0.3
5765,1608,3,281.0
8068,853,3,65.0
5126,1832,3,37.0
10833,1128,3,192.0
18150,629,3,0.3
1674,2285,3,23.0
9324,1300,3,380.0
8934,2285,3,34.0
14771,2285,3,5.6
13552,1202,3,31.0
15196,2726,3,2.6
8173,2285,3,51.0
15875,1612,3,3.2
16899,2630,3,185.0
10907,2285,3,35.0
15634,2911,3,98.0
17542,1488,3,40.0
1391,2639,3,14.3
11599,8,3,0.6
17231,1608,3,403.0
10908,2205,3,45.0
6141,63,3,2.5
16890,2631,3,138.0
15677,113,3,446.0
15234,1202,3,120.0
12762,2285,3,33.0
470,1683,3,86.0
4006,1800,3,0.0
8192,2922,3,203.0
17061,2058,3,6.0
795,1488,3,4.9
13411,1488,3,78.0
11573,2831,3,39.0
1152,343,3,215.0
757,1776,3,52.0
18211,2285,3,67.0
13310,745,3,443.0
14689,1674,3,1.0
50,100,3,0.4
10677,1488,3,538.0
17540,2285,3,38.0
7178,2922,3,101.0
2486,1875,3,49.0
18039,1488,3,2.1
1073,1488,3,10.9
13451,2631,3,32.0
10166,2285,3,44.0
5683,1947,3,283.0
3202,1004,3,1.3
688,290,3,0.5
2230,966,3,8.3
16456,2630,3,77.0
14716,811,3,308.0
4664,2441,3,15.5
9675,271,3,33.0
16191,2842,3,27.0
10722,2726,3,88.0
16092,2278,3,0.4
16378,2886,3,19.2
17357,1488,3,21.0
4063,2630,3,1.6
12314,237,3,834.0
512,816,3,65.0
9960,1084,3,882.0
10974,1488,3,52.0
11045,1488,3,119.0
11060,2865,3,42.0
6013,1578,3,260.0
12434,1827,3,7.5
6525,1488,3,52.0
4021,1829,3,4.6
8411,1776,3,5.5
9855,1039,3,22.0
8401,732,3,99.0
6352,2817,3,4.9
5114,2285,3,2.5
517,2285,3,23.0
17729,2922,3,241.0
13298,606,3,8.2
10366,2630,3,282.0
9943,2285,3,33.0
14280,2285,3,28.0
14570,2468,3,3.6
3933,2285,3,15.4
14586,2664,3,3.4
2594,302,3,5.7
9726,1695,3,37.0
3825,2285,3,9.0
9123,1525,3,46.0
4009,237,3,727.0
164,828,3,151.0
8822,1879,3,4.0
2358,2285,3,19.1
18200,2630,3,199.0
18087,1189,3,67.0
16043,992,3,198.0
1701,2630,3,133.0
5651,1488,3,3.9
6680,2285,3,3.0
5084,2285,3,59.0
18063,718,3,1.3
298,2630,3,329.0
12199,1776,3,29.0
6471,814,3,152.0
358,1030,3,5.2
10480,2726,3,339.0
11477,1189,3,28.0
6616,2423,3,16.5
13154,518,3,7.8
10964,142,3,58.0
10060,732,3,733.0
7174,1488,3,102.0
2133,68,3,380.0
774,2774,3,97.0
2048,2630,3,213.0
8201,1820,3,9.9
16398,2285,3,55.0
14902,1622,3,14.0
18027,2630,3,3.4
3915,521,3,26.0
13566,1660,3,0.6
15237,2285,3,17.6
4818,1488,3,21.0
15050,1713,3,7.8
11331,1488,3,8.6
11849,31,3,18.8
13280,2290,3,4.9
5880,2122,3,56.0
4003,1488,3,17.1
5819,1612,3,3.2
3256,2122,3,419.0
13171,2285,3,43.0
12068,2423,3,427.0
6154,2285,3,0.5
1311,282,3,1.8
15553,1612,3,2.5
16022,2285,3,30.0
4513,2631,3,371.0
13934,368,3,0.2
17393,1776,3,2.3
8274,213,3,6.7
9955,2631,3,99.0
15845,2631,3,187.0
11654,2339,3,7.1
15219,2439,3,291.0
2554,1465,3,12.0
6751,1937,3,1.5
15961,2639,3,34.0
16008,1721,3,5.9
14266,1897,3,19.0
7662,100,3,71.0
8509,1300,3,37.0
9299,2285,3,55.0
10659,2922,3,209.0
12724,1166,3,184.0
2737,2285,3,34.0
361,1611,3,607.0
11205,1300,3,2.8
17384,718,3,477.0
8802,685,3,1.0
12445,1832,3,113.0
17858,2285,3,15.0
7326,2439,3,422.0
669,2285,3,37.0
13571,2285,3,49.0
10818,2285,3,44.0
6168,132,3,22.0
301,1202,3,0.4
10923,1837,3,0.1
16625,1488,3,155.0
11614,1128,3,65.0
17233,1030,3,44.0
7131,2285,3,10.8
316,1488,3,2.4
17666,2285,3,41.0
374,1876,3,1.4
7073,1128,3,93.0
7440,2285,3,51.0
10348,944,3,13.6
17798,2205,3,5.6
13139,2726,3,23.0
15364,2630,3,162.0
13692,1166,3,4.2
17323,203,3,4.6
8308,2726,3,166.0
6215,1488,3,135.0
6759,614,3,23.0
1070,290,3,0.4
5296,2122,3,49.0
14729,944,3,3.2
17001,2285,3,53.0
2339,2285,3,37.0
15507,594,3,450.0
6410,2380,3,1146.0
15949,2285,3,3.4
662,2285,3,6.3
14848,2183,3,0.1
18103,237,3,632.0
6821,1488,3,3.4
16343,1690,3,2.3
16273,142,3,0.0
11236,789,3,0.1
6415,2001,3,164.0
2294,1128,3,376.0
5311,725,3,34.0
8866,2710,3,6.2
13719,1030,3,444.0
257,550,3,0.4
14632,1776,3,34.0
17923,2285,3,42.0
17355,2285,3,45.0
6815,2631,3,229.0
6537,2831,3,56.0
2981,1355,3,10.6
11118,944,3,49.0
9001,2285,3,49.0
7726,2733,3,4.7
15939,2285,3,0.2
7065,2285,3,22.0
11851,2630,3,57.0
511,1721,3,89.0
11085,814,3,2026.0
15655,814,3,319.0
10316,2285,3,52.0
8973,2285,3,26.0
2790,1488,3,45.0
386,1625,3,29.0
14978,2285,3,13.5
346,1488,3,73.0
7135,2285,3,9.0
15876,614,3,67.0
377,1852,3,103.0
1969,562,3,1.4
15395,1156,3,1.4
13541,1832,3,60.0
8343,1128,3,142.0
9015,2911,3,172.0
948,525,3,2.4
532,237,3,978.0
14637,2285,3,29.0
18030,1037,3,7.7
14772,2445,3,30.0
6247,2285,3,7.6
16737,897,3,2.1
8963,766,3,222.0
15041,2285,3,53.0
9183,1488,3,13.3
11286,843,3,9.2
4399,944,3,412.0
8900,237,3,155.0
2298,2922,3,100.0
14318,1430,3,2.7
12140,1041,3,2.8
13123,2285,3,1.2
8974,1605,3,5.4
16987,2285,3,1.2
7173,2630,3,352.0
12248,2639,3,25.0
7419,31,3,170.0
2612,1488,3,6.3
10082,1832,3,94.0
5044,2285,3,26.0
3994,2409,3,6.0
9106,1228,3,144.0
212,1488,3,5.7
12307,2292,3,310.0
9181,2285,3,49.0
10954,1612,3,2.6
13117,2285,3,41.0
1553,2285,3,21.0
17484,814,3,454.0
591,2726,3,2.9
11464,1884,3,4.1
10177,572,3,64.0
2149,1304,3,297.0
14384,2285,3,85.0
6272,2195,3,9.2
14287,2285,3,32.0
15976,2777,3,0.5
12236,2394,3,18.0
17392,537,3,49.0
2512,2267,3,55.0
104,2437,3,1.8
5192,2547,3,0.3
13308,2285,3,19.2
663,2285,3,36.0
5993,2631,3,117.0
12901,2338,3,1.1
137,2285,3,40.0
599,2285,3,6.4
14872,2922,3,106.0
15928,1166,3,113.0
2500,564,3,14.4
15200,1628,3,0.3
5732,1488,3,17.8
14833,100,3,314.0
4604,2631,3,210.0
13523,1044,3,0.6
16618,2726,3,11.3
10214,2911,3,874.0
13457,1488,3,17.9
175,2922,3,120.0
2541,2285,3,95.0
15394,2285,3,12.9
877,1917,3,343.0
14066,944,3,499.0
14733,1619,3,6.2
16014,1488,3,86.0
8633,2285,3,31.0
7866,1128,3,50.0
16782,1703,3,1.6
6314,2285,3,1.0
2289,1576,3,10.9
8516,2285,3,41.0
5552,2285,3,19.9
10050,1228,3,125.0
5568,1035,3,72.0
6794,2153,3,3.8
6603,574,3,65.0
722,2631,3,228.0
6138,2285,3,3.3
13556,1893,3,38.0
2622,2285,3,10.9
16386,1488,3,172.0
2604,2001,3,3.5
7950,2630,3,186.0
4305,100,3,8.0
1543,1832,3,85.0
166,2922,3,52.0
9191,1720,3,1.0
16779,2619,3,47.0
3081,2922,3,106.0
12416,2630,3,14.2
12943,856,3,0.1
16673,100,3,277.0
9184,2285,3,33.0
17812,501,3,25.0
16278,1321,3,72.0
6986,237,3,50.0
1128,2285,3,65.0
2389,2631,3,130.0
9471,1202,3,1.9
2601,2285,3,44.0
5645,1128,3,28.0
296,1832,3,26.0
17120,1128,3,39.0
1690,139,3,58.0
16219,537,3,42.0
15222,2631,3,94.0
17292,1488,3,173.0
14597,255,3,16.3
15589,237,3,9.5
15953,2339,3,47.0
13655,2380,3,1241.0
9542,1776,3,9.7
8403,2285,3,24.0
2770,1128,3,5.5
2835,1341,3,8.7
10817,2380,3,213.0
633,237,3,509.0
7420,2631,3,1.3
10676,2285,3,1.4
606,1832,3,79.0
14936,1778,3,6.2
17888,1300,3,0.2
15536,2445,3,0.4
11174,1832,3,1.4
17277,1800,3,0.0
14120,2285,3,27.0
14580,829,3,0.1
15487,1202,3,183.0
5790,2842,3,4.1
5644,98,3,68.0
12751,1488,3,7.6
914,811,3,206.0
575,2631,3,58.0
12630,1488,3,15.0
10983,2517,3,2.5
11677,1832,3,10.5
10893,1488,3,21.0
2221,2922,3,176.0
17036,2922,3,77.0
11576,1488,3,226.0
2066,897,3,7.1
716,1488,3,76.0
17532,1832,3,80.0
586,1832,3,40.0
8405,237,3,83.0
9270,2865,3,104.0
7847,2922,3,349.0
10390,2285,3,66.0
11717,1488,3,7.6
10665,1488,3,1259.0
151,2270,3,108.0
14533,1488,3,17.4
13584,1108,3,13.9
17412,1832,3,56.0
16986,1155,3,38.0
6008,1336,3,1.4
2311,1488,3,189.0
14284,1612,3,3.8
10371,2911,3,135.0
9448,1300,3,64.0
6399,368,3,450.0
7998,2285,3,54.0
7772,1832,3,60.0
12956,378,3,0.0
8497,824,3,0.6
7924,1253,3,3.5
17692,1488,3,5.0
18230,2285,3,73.0
12825,1128,3,243.0
2438,1491,3,16.7
16777,2550,3,9.4
15998,2285,3,1.5
109,2369,3,2.6
4494,2630,3,148.0
9518,1937,3,5.1
4552,206,3,810.0
10307,1488,3,49.0
11243,814,3,418.0
14249,2285,3,15.4
14961,2285,3,65.0
7280,274,3,58.0
4575,237,3,166.0
203,811,3,155.0
12167,1335,3,1.0
7374,2842,3,4.2
16333,1202,3,2.9
15570,572,3,21.0
11459,2285,3,109.0
9284,1696,3,34.0
1804,1488,3,10.6
6407,552,3,22.0
14620,1258,3,0.3
9142,1612,3,1.6
1606,2922,3,169.0
12760,1838,3,14.6
118,2089,3,18.1
473,2285,3,35.0
17006,237,3,405.0
5954,2431,3,3.0
12994,2285,3,26.0
16048,1612,3,1.7
16964,2339,3,15.5
3988,2631,3,162.0
13595,1832,3,45.0
269,1128,3,161.0
6515,1488,3,29.0
749,1488,3,2.1
15181,2285,3,69.0
17681,2576,3,8.7
8948,2285,3,26.0
15061,2193,3,5.1
10330,2735,3,4.6
7311,2726,3,19.6
7658,399,3,170.0
10081,1612,3,9.0
7674,2285,3,102.0
13477,2285,3,26.0
6853,1451,3,5.8
3463,1037,3,7.6
10557,2547,3,66.0
17398,1488,3,24.0
11549,2631,3,70.0
10207,2285,3,1.0
8216,2285,3,34.0
8182,1758,3,8.4
8736,2285,3,29.0
6348,2611,3,6.2
7453,237,3,384.0
4111,1096,3,1.3
8463,2527,3,0.3
16075,2631,3,30.0
8313,2922,3,134.0
14863,2285,3,8.5
14694,237,3,165.0
14968,158,3,0.0
3947,2441,3,12.6
6967,2285,3,48.0
726,1655,3,162.0
491,2285,3,48.0
17595,564,3,3.8
8363,237,3,82.0
14969,2547,3,74.0
10673,1610,3,275.0
7103,1202,3,108.0
16346,1488,3,47.0
18261,2096,3,0.0
5980,2783,3,30.0
13975,1488,3,3.2
4688,2285,3,80.0
805,1488,3,111.0
11395,272,3,2.0
9540,2630,3,205.0
18222,921,3,1.1
1490,1488,3,1.6
6758,2195,3,10.0
7966,2630,3,159.0
6985,1832,3,95.0
10734,1609,3,2.9
13070,2285,3,34.0
6478,1717,3,2.3
6420,2340,3,7.8
15449,1488,3,108.0
14509,142,3,165.0
16406,2285,3,86.0
7855,1037,3,523.0
620,2285,3,33.0
16974,2301,3,1.4
11684,1128,3,69.0
4114,142,3,928.0
826,2513,3,0.5
3414,1875,3,2.9
11534,1320,3,4.0
14679,2225,3,1078.0
42,2270,3,23.0
603,2285,3,6.5
15313,1488,3,1.4
16641,2630,3,135.0
17197,472,3,0.2
10112,1488,3,10.8
18148,2371,3,1.1
822,2285,3,11.5
13507,1128,3,8.8
15692,1776,3,26.0
17547,1619,3,3.2
747,1937,3,0.8
87,1838,3,0.3
16373,113,3,15.6
6128,2922,3,454.0
6734,2285,3,22.0
6653,399,3,20.0
17905,2922,3,53.0
570,1838,3,4.8
572,2285,3,44.0
13389,2285,3,96.0
5603,1035,3,0.9
17133,1488,3,20.0
13465,2285,3,46.0
18132,2285,3,93.0
2575,237,3,40.0
2755,1617,3,152.0
3557,854,3,33.0
11116,2630,3,61.0
13000,2285,3,29.0
16241,1323,3,34.0
15862,272,3,37.0
6910,343,3,10.3
16985,237,3,389.0
14162,1823,3,35.0
10884,2285,3,47.0
13939,1488,3,263.0
5772,1612,3,0.0
9728,2285,3,3.8
9725,1832,3,148.0
10985,2536,3,7.0
702,518,3,1.6
14781,237,3,471.0
14530,2726,3,78.0
16664,545,3,29.0
441,1343,3,2.0
5798,2638,3,24.0
7161,1937,3,0.3
891,2285,3,8.0
12547,725,3,18.8
11212,2285,3,4.9
7489,272,3,3.4
16099,547,3,38.0
10048,1407,3,0.1
16715,2285,3,50.0
8164,1128,3,96.0
5066,1215,3,21.0
567,2922,3,406.0
182,2285,3,54.0
906,2285,3,75.0
11440,2285,3,33.0
7587,2622,3,0.6
5515,2285,3,59.0
15571,2192,3,1.4
17846,2285,3,4.3
8266,2922,3,223.0
6862,2922,3,52.0
7284,878,3,0.5
11802,237,3,454.0
3185,572,3,385.0
2526,2285,3,46.0
3518,1030,3,3.2
2911,2630,3,330.0
10108,1128,3,61.0
15937,1875,3,9.2
7385,2630,3,131.0
753,1491,3,0.5
12160,113,3,5.6
13930,2631,3,191.0
261,1037,3,0.7
17829,2631,3,2.2
1175,2285,3,9.6
490,2631,3,27.0
10697,1166,3,235.0
7784,915,3,4.6
7813,1832,3,38.0
7397,237,3,1766.0
849,2285,3,29.0
506,2285,3,37.0
2964,1488,3,554.0
4474,2285,3,15.8
6660,2285,3,35.0
1740,237,3,441.0
16860,2285,3,38.0
10004,556,3,3.0
13830,2285,3,1.7
7166,237,3,126.0
13285,612,3,3.0
15946,272,3,73.0
5286,1982,3,0.8
14205,2922,3,163.0
9035,555,3,24.0
9049,1097,3,0.0
10184,614,3,35.0
16435,1300,3,31.0
15329,1041,3,17.1
10191,1128,3,128.0
3236,1963,3,15.0
31,1488,3,38.0
9745,2911,3,296.0
16546,128,3,0.6
3232,2285,3,16.1
9818,2290,3,13.4
10435,2631,3,40.0
11006,2285,3,42.0
2330,2285,3,76.0
7257,710,3,3.0
12219,1300,3,148.0
1414,1605,3,4.2
2055,1202,3,51.0
6363,670,3,279.0
1214,2027,3,70.0
14007,1030,3,10.6
15094,631,3,6.4
13767,292,3,0.6
12383,1041,3,3.8
728,944,3,84.0
6550,2630,3,250.0
11128,2441,3,13.6
9422,113,3,30.0
12911,818,3,0.6
12997,1832,3,7.6
8444,2285,3,9.2
3641,2685,3,1.2
13710,237,3,100.0
5480,1832,3,25.0
12054,2027,3,2.1
11769,265,3,3.6
299,1128,3,119.0
14997,1027,3,11.4
12492,2285,3,25.0
2602,2285,3,45.0
16918,2630,3,86.0
7581,1379,3,0.0
15162,2884,3,3.8
5272,2285,3,25.0
12164,2285,3,15.6
13408,2285,3,19.9
3050,2285,3,30.0
10069,113,3,21.0
9688,944,3,66.0
369,934,3,4.3
13228,946,3,126.0
16402,2607,3,20.0
2213,1488,3,12.4
13355,30,3,1.0
6495,1578,3,8.7
9348,1128,3,62.0
6909,745,3,8.0
3018,923,3,0.3
15107,68,3,1.2
1937,2285,3,45.0
15646,2865,3,36.0
10264,2285,3,56.0
15565,1830,3,27.0
12083,2630,3,77.0
10022,2922,3,236.0
10536,1179,3,200.0
149,237,3,50.0
16309,1876,3,18.9
6207,2285,3,9.8
4557,1443,3,0.4
11878,2285,3,17.4
16382,100,3,105.0
11525,1488,3,67.0
6771,725,3,53.0
9989,2380,3,151.0
2348,2380,3,531.0
6813,237,3,4769.0
3597,2285,3,25.0
11396,1596,3,1.8
4784,237,3,161.0
17097,1166,3,19.1
9492,2865,3,631.0
10419,897,3,27.0
9201,237,3,25.0
7580,1041,3,1.2
7650,1037,3,38.0
6675,2285,3,33.0
14591,1488,3,88.0
238,1625,3,47.0
6863,2630,3,23.0
9453,1625,3,48.0
190,2285,3,31.0
16165,1342,3,155.0
14190,2726,3,1.7
8117,2028,3,52.0
11221,198,3,3.7
17229,946,3,22.0
4628,2285,3,48.0
13195,1832,3,69.0
17529,1488,3,149.0
2194,944,3,503.0
10326,1202,3,2.4
11917,2027,3,1.0
5830,128,3,58.0
17208,2922,3,98.0
1264,2285,3,15.6
7335,59,3,98.0
8006,1128,3,92.0
16659,2285,3,54.0
14165,828,3,10.9
10807,1832,3,18.6
11287,2285,3,0.5
3027,1488,3,586.0
13669,1878,3,16.1
5857,2285,3,37.0
16185,1488,3,145.0
8831,2285,3,11.9
17522,109,3,1.9
17974,237,3,856.0
4331,2639,3,0.3
632,1488,3,0.6
6430,343,3,2.2
7831,1488,3,0.1
14770,2285,3,44.0
738,1189,3,175.0
17766,1499,3,34.0
12182,237,3,291.0
7299,1488,3,5.2
10605,2214,3,2.8
15450,2096,3,9.8
4062,2285,3,8.5
651,1030,3,74.0
9378,2726,3,45.0
3538,2285,3,27.0
6954,586,3,69.0
11770,811,3,181.0
3434,444,3,4.8
14950,2285,3,11.0
9112,1832,3,63.0
13420,1189,3,38.0
14124,2630,3,73.0
769,2285,3,37.0
8907,2631,3,175.0
11875,745,3,23.0
13413,1801,3,2.5
15498,1876,3,19.9
6253,1776,3,24.0
17862,2630,3,46.0
8501,2285,3,50.0
4865,2285,3,31.0
7150,1488,3,13.2
10192,1324,3,1.0
2283,2922,3,133.0
5046,1488,3,43.0
17708,1228,3,67.0
12728,1583,3,114.0
7841,1820,3,0.3
17000,897,3,18.3
13018,387,3,7.6
15434,985,3,1.7
3955,354,3,24.0
18146,1937,3,2.6
16679,1832,3,88.0
836,1488,3,42.0
6267,213,3,4.2
11350,1228,3,216.0
11656,1202,3,18.8
13502,237,3,55.0
7201,732,3,90.0
15843,2285,3,48.0
17108,2526,3,34.0
10690,2285,3,32.0
11648,237,3,630.0
10107,237,3,456.0
1031,2285,3,49.0
18100,2285,3,35.0
13671,2122,3,51.0
17186,1832,3,26.0
13590,1488,3,51.0
637,1488,3,1.6
10790,1748,3,0.3
1494,1128,3,59.0
481,2726,3,1.0
423,2338,3,1.8
5620,2526,3,33.0
12255,1156,3,23.0
8409,2285,3,33.0
733,2285,3,28.0
9117,2546,3,0.3
3201,2630,3,251.0
682,2726,3,1.4
7364,237,3,88.0
13312,2285,3,17.4
5967,25,3,6.8
9520,1612,3,0.1
3068,2285,3,97.0
3599,944,3,80.0
2852,2631,3,26.0
16537,2205,3,4.8
13003,2922,3,130.0
8178,2285,3,115.0
9161,2922,3,122.0
15966,897,3,39.0
707,1619,3,106.0
327,2285,3,93.0
10628,2205,3,24.0
17644,2631,3,84.0
782,1552,3,31.0
13788,2865,3,0.3
11088,800,3,17.6
4087,2285,3,36.0
7930,1029,3,27.0
17587,272,3,7.5
13726,2630,3,322.0
7338,2285,3,4.0
8783,9,3,3.6
7203,2084,3,12.6
17589,2285,3,49.0
13601,1488,3,8.8
10576,1720,3,4.4
15416,2285,3,44.0
13653,811,3,296.0
996,2161,3,12.1
17790,1612,3,1.0
17689,2285,3,39.0
11343,237,3,96.0
3941,2630,3,131.0
5216,1652,3,135.0
7107,2285,3,7.5
13915,1596,3,0.4
14880,1655,3,0.3
7189,1128,3,207.0
17146,980,3,7.3
17794,2922,3,150.0
10564,2227,3,279.0
528,1488,3,1.2
15932,972,3,3.4
5512,2285,3,29.0
1340,2285,3,8.6
390,1488,3,6.8
7229,2714,3,2.3
11265,1128,3,316.0
12138,272,3,1.4
1041,2922,3,253.0
3455,814,3,565.0
14801,1628,3,0.6
15969,100,3,6.9
7936,2922,3,98.0
13226,2285,3,6.0
9953,745,3,275.0
116,2922,3,153.0
10017,1488,3,19.4
13797,2630,3,192.0
10687,2285,3,15.6
8234,2922,3,159.0
17561,1202,3,13.0
10750,98,3,129.0
10383,1720,3,0.9
17870,1321,3,27.0
16962,251,3,2509.0
8002,2630,3,135.0
15467,1612,3,0.1
732,2285,3,1.4
7698,1658,3,14.6
9371,237,3,40.0
15193,520,3,13.0
409,2630,3,509.0
7004,2714,3,2.6
2627,1655,3,34.0
6501,1488,3,44.0
12738,2285,3,13.4
11063,1832,3,57.0
11484,2101,3,14.6
5840,1832,3,57.0
11835,2922,3,205.0
912,2338,3,0.4
7619,2759,3,183.0
14242,2590,3,0.6
841,1488,3,26.0
16766,2285,3,5.2
17209,944,3,393.0
15025,1612,3,0.7
1189,556,3,24.0
8750,1128,3,112.0
9803,237,3,2.6
13286,933,3,1.0
17916,2285,3,58.0
3364,2285,3,39.0
11317,1596,3,0.4
8407,1030,3,1177.0
436,2630,3,32.0
7438,1832,3,4.6
15817,2285,3,60.0
8499,2922,3,660.0
1012,1776,3,12.6
15397,1680,3,0.1
16340,880,3,65.0
14176,237,3,164.0
1499,2285,3,5.4
5254,2922,3,362.0
15898,2285,3,24.0
6849,2285,3,131.0
8337,1937,3,0.0
14952,1610,3,26.0
1436,972,3,0.2
12153,2526,3,24.0
6025,282,3,85.0
10670,1488,3,2.5
157,2285,3,4.4
13156,2630,3,78.0
4885,1222,3,0.8
17881,1128,3,146.0
9490,2631,3,92.0
15890,2285,3,15.1
14933,2298,3,37.0
7578,17,3,10.2
10714,1862,3,3.1
1008,2535,3,0.0
13704,2327,3,6.3
13977,2285,3,74.0
15403,1488,3,36.0
735,1488,3,64.0
5834,1228,3,34.0
9327,1488,3,27.0
8687,282,3,77.0
6406,25,3,2.7
709,1488,3,192.0
17182,2285,3,35.0
9054,1488,3,7.8
420,2285,3,47.0
14442,1488,3,83.0
17996,2576,3,8.7
14113,1321,3,32.0
583,1488,3,75.0
708,2285,3,15.7
6825,1832,3,0.6
8490,2285,3,37.0
8435,1832,3,35.0
14510,2526,3,316.0
14196,2927,3,1.1
6712,2338,3,1.6
10718,1975,3,2.6
6118,2285,3,74.0
8329,2630,3,29.0
17372,2630,3,4.3
8894,2285,3,28.0
14589,2285,3,39.0
13011,2285,3,18.0
7195,2630,3,19.4
5734,2285,3,61.0
10181,274,3,35.0
8218,272,3,38.0
684,685,3,93.0
7618,1917,3,16.1
17442,828,3,68.0
79,2338,3,3.2
11521,2865,3,16.3
8349,1202,3,236.0
2733,1096,3,47.0
13519,2285,3,9.5
1266,1937,3,1.7
12446,1488,3,41.0
2138,1827,3,46.0
10427,944,3,200.0
3577,1612,3,0.0
13661,2922,3,173.0
6746,2257,3,2.1
14173,2420,3,10.3
907,2458,3,39.0
17122,1610,3,8.8
11950,2285,3,35.0
376,1717,3,3.4
13061,1784,3,0.2
12857,1228,3,64.0
7828,745,3,3.3
6791,2526,3,23.0
7381,2630,3,227.0
16395,2285,3,5.1
410,2285,3,19.2
824,1690,3,0.5
3863,1488,3,0.6
9194,2630,3,9.2
2664,371,3,30.0
10870,2710,3,3.8
17677,2205,3,10.6
600,1488,3,412.0
14220,237,3,239.0
12330,725,3,9.9
12984,1407,3,1.5
15161,1721,3,162.0
350,2285,3,17.8
17437,1202,3,44.0
7739,2285,3,0.2
17775,1488,3,21.0
7446,237,3,207.0
855,2630,3,241.0
265,2285,3,24.0
12075,2611,3,5.0
582,2630,3,6.9
13748,2285,3,28.0
12478,237,3,56.0
9254,1696,3,2.7
14899,2339,3,22.0
15653,811,3,158.0
11257,100,3,106.0
17672,1937,3,0.4
10823,951,3,0.0
6464,1054,3,3.8
14460,1321,3,62.0
12563,25,3,29.0
9055,1189,3,113.0
12611,1551,3,4.2
6598,1341,3,9.0
17339,1030,3,9.9
4635,1128,3,75.0
383,1488,3,91.0
13569,2631,3,7.6
15823,1832,3,66.0
9993,1128,3,1.7
1294,2685,3,259.0
179,795,3,0.0
614,2285,3,59.0
15000,1128,3,51.0
7536,1488,3,8.4
13844,1488,3,7.0
6809,2340,3,142.0
17465,1937,3,0.2
8161,718,3,7.1
14588,2496,3,19.9
13689,1832,3,21.0
14688,2285,3,38.0
13080,2285,3,16.0
12412,2285,3,42.0
8472,2922,3,9.6
9243,556,3,3.2
7432,944,3,396.0
10301,688,3,12.6
1895,1488,3,11.3
16597,1488,3,17.8
16977,1937,3,2.9
743,2285,3,77.0
7760,1776,3,49.0
17735,2922,3,38.0
13806,2148,3,3.4
693,1116,3,3.0
12348,1875,3,9.7
2278,106,3,0.0
11290,1584,3,2.3
3218,2922,3,0.5
14535,25,3,58.0
13377,1488,3,275.0
14349,2205,3,14.9
14387,1044,3,6.0
17876,2285,3,49.0
5815,312,3,0.9
9318,1202,3,72.0
701,1832,3,66.0
16536,2922,3,44.0
10342,2719,3,40.0
4312,2285,3,78.0
14019,1488,3,1.5
16444,113,3,2.3
13332,2855,3,8.5
12095,1488,3,4.9
6688,2922,3,266.0
6538,2922,3,87.0
14581,718,3,68.0
10152,255,3,19.0
10061,1832,3,109.0
9623,1887,3,35.0
14879,1875,3,10.9
3558,1128,3,0.9
129,1832,3,59.0
103,1721,3,112.0
7327,2887,3,1.2
6573,1155,3,24.0
7769,1488,3,16.2
14690,2630,3,103.0
14908,2922,3,72.0
1018,1030,3,257.0
13415,2285,3,0.8
674,2285,3,13.8
14498,1832,3,84.0
14302,2285,3,9.5
244,1041,3,2.3
11763,2285,3,8.5
8933,703,3,3.0
8099,1155,3,2.9
9593,1887,3,24.0
11981,555,3,56.0
437,1488,3,2.5
2036,1488,3,0.9
10396,1488,3,1.1
5336,1351,3,0.2
16991,2285,3,63.0
585,2285,3,2.0
13339,2340,3,3.3
6397,1128,3,56.0
15747,1030,3,0.6
6414,237,3,75.0
492,2192,3,2.1
356,1681,3,4.6
15801,1488,3,4.6
15103,2285,3,38.0
9949,1030,3,49.0
9057,1937,3,1.9
18032,2285,3,84.0
14812,31,3,63.0
15343,1488,3,16.6
6978,1128,3,2.0
14109,1155,3,202.0
15414,1832,3,8.5
17978,2229,3,230.0
14625,2285,3,5.6
1811,2285,3,19.4
9437,556,3,102.0
7109,2285,3,37.0
5085,2631,3,96.0
16023,1612,3,0.3
10678,2398,3,15.0
5373,1937,3,1.2
9652,2285,3,0.9
1952,1784,3,37.0
18302,1983,3,9.6
13063,732,3,1435.0
9340,368,3,2666.0
15474,1947,3,10.5
1055,426,3,1059.0
7357,2285,3,3.0
4207,2205,3,3.1
2630,237,3,1173.0
3399,2285,3,3.1
7274,2285,3,9.9
12297,1321,3,1.1
17134,2285,3,26.0
95,1937,3,0.4
8103,2285,3,34.0
6485,2922,3,102.0
6047,2027,3,3.1
1167,1464,3,518.0
13880,1488,3,126.0
4175,2285,3,41.0
18106,2770,3,0.0
3798,1527,3,22.0
17802,2285,3,26.0
16617,1202,3,130.0
1978,2875,3,14.0
18286,1718,3,716.0
12113,25,3,59.0
1055,237,3,1174.0
7693,237,3,29.0
3420,1208,3,1.2
13410,2113,3,0.4
2741,2489,3,10.5
16771,1407,3,0.0
6482,2631,3,0.1
1677,1004,3,43.0
6190,1832,3,22.0
15297,237,3,188.0
12529,2285,3,12.9
16212,2685,3,0.4
2091,1300,3,338.0
335,2285,3,32.0
4211,1488,3,95.0
9158,2398,3,1.0
2145,1612,3,0.1
2059,237,3,1419.0
5618,1937,3,1.1
8865,1488,3,209.0
12328,2285,3,9.1
18228,1488,3,99.0
16555,2285,3,34.0
8652,2746,3,0.0
6540,2631,3,97.0
7882,1781,3,1417.0
9957,1655,3,288.0
3313,2195,3,12.4
1958,1128,3,52.0
10466,504,3,2.8
10159,1652,3,27.0
3819,1533,3,245.0
4897,2831,3,211.0
194,2195,3,21.0
11192,897,3,104.0
15324,1281,3,37.0
15093,2285,3,52.0
1698,2285,3,33.0
3468,52,3,30.0
2867,2710,3,32.0
14891,1316,3,65.0
18083,1838,3,2.2
7499,811,3,60.0
16203,2292,3,197.0
5637,52,3,1.7
10203,957,3,27.0
10414,2285,3,21.0
3596,444,3,87.0
1526,2285,3,3.1
146,2922,3,99.0
7,1030,3,10.2
10762,2285,3,19.6
8648,2285,3,109.0
4873,1166,3,4.2
12305,1755,3,62.0
15871,2285,3,28.0
4652,1832,3,42.0
6557,1785,3,504.0
1118,2006,3,319.0
3174,404,3,1.0
10843,2195,3,7.3
6790,2285,3,40.0
11074,128,3,13.4
11444,2285,3,13.3
1967,1012,3,27.0
4578,897,3,185.0
14441,1189,3,26.0
6797,1488,3,55.0
11019,2285,3,18.0
10811,312,3,0.3
2068,1776,3,13.3
5078,1606,3,31.0
9179,535,3,52.0
14585,1872,3,42.0
9485,2098,3,6.5
10285,1488,3,284.0
9044,1153,3,21.0
1304,1802,3,18.6
1904,1921,3,5.0
2931,2285,3,6.1
11397,1152,3,0.6
4981,68,3,873.0
14747,1781,3,0.4
1036,1189,3,48.0
7142,1096,3,58.0
7668,1300,3,422.0
189,237,3,857.0
3474,299,3,28.0
8169,2285,3,41.0
13107,2285,3,29.0
4683,1721,3,30.0
16770,2285,3,9.1
1951,233,3,0.4
13459,2285,3,42.0
14954,2285,3,34.0
11100,2285,3,16.8
8566,2285,3,46.0
13207,2285,3,41.0
11664,1208,3,71.0
1416,2833,3,75.0
10174,2285,3,25.0
13452,807,3,5.1
13776,2285,3,35.0
706,1655,3,26.0
12400,1488,3,105.0
13515,1300,3,55.0
1678,1614,3,0.9
17548,2285,3,20.0
8944,1937,3,1.3
9782,1525,3,30.0
13865,2014,3,11.0
11185,1414,3,11.3
310,2285,3,6.1
11561,1827,3,56.0
11403,2285,3,22.0
16482,2195,3,6.7
12776,2340,3,50.0
4997,2052,3,11.4
12229,875,3,0.6
227,2285,3,2.1
7163,878,3,59.0
18288,265,3,21.0
17695,1407,3,3.0
691,1875,3,40.0
1737,2285,3,5.4
11713,2876,3,133.0
4481,1228,3,6.1
14622,1609,3,177.0
17099,1208,3,22.0
4564,1876,3,28.0
9350,535,3,21.0
7373,1488,3,30.0
9761,142,3,72.0
8628,237,3,741.0
9538,2922,3,630.0
15718,1513,3,3.5
236,1546,3,9.5
5392,1875,3,28.0
12451,2496,3,21.0
8813,2850,3,89.0
8691,2285,3,15.6
17448,2133,3,0.0
18109,2340,3,187.0
15004,1832,3,9.8
13642,1030,3,123.0
4540,1832,3,23.0
17401,2759,3,11.8
3893,1628,3,0.6
4032,2285,3,21.0
15426,2285,3,0.2
10067,1721,3,1.5
5427,2041,3,3.6
14909,2671,3,3.8
13175,1832,3,18.5
9345,2294,3,8.9
9492,1832,3,35.0
16047,573,3,9.7
9998,2285,3,9.2
17834,2710,3,6.2
10851,2726,3,45.0
1538,237,3,938.0
8771,42,3,70.0
7052,1488,3,25.0
12585,2285,3,41.0
4228,2285,3,36.0
2958,1321,3,29.0
6639,1832,3,28.0
2930,572,3,228.0
10508,2285,3,51.0
4883,2285,3,37.0
8553,811,3,278.0
11244,1488,3,9.8
10021,368,3,3122.0
4498,2631,3,103.0
7788,2285,3,25.0
4906,237,3,1513.0
11958,2285,3,41.0
14701,2630,3,67.0
18178,1618,3,22.0
6476,2285,3,35.0
4252,811,3,379.0
13064,272,3,1220.0
1130,2831,3,489.0
11732,2195,3,12.6
11188,2526,3,76.0
4294,2922,3,451.0
10225,2380,3,1147.0
3902,2285,3,43.0
14325,2279,3,13.0
267,25,3,47.0
8415,1832,3,27.0
4574,1583,3,202.0
14064,1609,3,1.5
17474,1488,3,17.0
17110,2562,3,0.4
5261,725,3,49.0
12753,1612,3,0.3
2236,1832,3,331.0
1587,337,3,1.8
14645,2710,3,56.0
9277,1488,3,128.0
4909,811,3,429.0
3336,1802,3,22.0
15774,2098,3,9.1
12103,1612,3,0.1
3493,1612,3,0.0
10747,2285,3,7.1
4485,2285,3,40.0
16201,2380,3,71.0
15717,68,3,849.0
9150,2536,3,0.1
11456,1548,3,0.6
12058,1488,3,84.0
11026,1304,3,111.0
9450,811,3,162.0
15461,2619,3,58.0
13177,269,3,17.0
13105,1139,3,1.7
1727,946,3,18.3
1110,1843,3,3.5
9564,1488,3,237.0
9062,1832,3,63.0
3255,1832,3,4.3
10773,2285,3,40.0
9136,811,3,671.0
2239,743,3,143.0
15049,332,3,1.1
5687,1612,3,0.2
16455,44,3,11.6
5598,25,3,17.6
2528,2619,3,89.0
9228,272,3,60.0
16341,2285,3,11.7
8751,68,3,951.0
12619,2492,3,8.8
10613,2488,3,264.0
13992,2562,3,12.9
2005,1321,3,22.0
11809,745,3,135.0
11852,2339,3,7.5
13442,368,3,5485.0
4088,2639,3,0.4
2842,1610,3,24.0
4404,323,3,1038.0
14388,464,3,28.0
2847,2831,3,25.0
6348,725,3,44.0
5590,1215,3,618.0
7521,1488,3,110.0
8923,738,3,56.0
2924,1612,3,0.0
12780,1455,3,6.6
15336,1488,3,57.0
1670,2876,3,152.0
12896,1911,3,1821.0
8503,461,3,29.0
15266,2285,3,7.6
14130,1210,3,0.8
4646,483,3,32.0
12200,1608,3,1173.0
5920,2285,3,40.0
16256,579,3,134.0
13686,521,3,6.5
3058,1912,3,8.5
6856,2630,3,66.0
7552,25,3,27.0
16654,2030,3,11.7
15886,207,3,234.0
15473,2229,3,138.0
1839,2506,3,2.1
4682,2285,3,8.7
16716,1596,3,0.9
5874,980,3,1.0
14841,791,3,32.0
4004,2285,3,45.0
17972,2400,3,0.6
16193,685,3,1.8
15585,761,3,21.0
7273,68,3,991.0
10310,2842,3,12.0
12615,25,3,13.3
11851,1355,3,51.0
14809,863,3,1.1
927,272,3,189.0
2757,1785,3,129.0
4895,1321,3,33.0
2691,2922,3,82.0
4288,68,3,458.0
3651,2831,3,2.3
13181,1300,3,77.0
6296,1464,3,147.0
17536,2285,3,18.6
5883,766,3,217.0
15824,1832,3,1.6
3796,944,3,1199.0
13531,271,3,136.0
2021,944,3,79.0
10922,2285,3,1.0
4250,2339,3,42.0
15923,2452,3,1.3
13067,572,3,306.0
9343,2865,3,165.0
11051,2856,3,0.4
16153,2759,3,1514.0
10087,2316,3,2.3
9142,1612,3,0.1
6241,1947,3,164.0
2089,2285,3,71.0
3413,68,3,227.0
9916,897,3,19.8
4024,682,3,4.8
9707,1488,3,168.0
2157,68,3,676.0
4151,2866,3,3.2
18056,2865,3,224.0
13727,811,3,42.0
4166,2285,3,3.3
9801,814,3,4.2
8711,1832,3,22.0
16578,1832,3,34.0
13895,1488,3,45.0
18225,1416,3,26.0
475,1832,3,200.0
3806,546,3,0.4
2398,224,3,142.0
5372,2122,3,96.0
1421,2922,3,86.0
33,682,3,41.0
15917,1590,3,19.2
4727,2327,3,25.0
5177,1488,3,2.5
2177,2922,3,21.0
14179,1612,3,0.3
16127,237,3,380.0
4078,1488,3,89.0
15159,933,3,1.8
3535,2922,3,97.0
5969,237,3,650.0
4317,1128,3,49.0
14409,2311,3,12.0
5273,2122,3,108.0
2503,2122,3,379.0
17944,52,3,16.8
3448,2285,3,40.0
2436,2285,3,49.0
8981,1937,3,0.2
6889,293,3,1.8
17143,1802,3,10.7
16372,241,3,28.0
17596,1300,3,130.0
2550,2631,3,138.0
14644,725,3,6.1
9903,1937,3,0.0
3687,711,3,77.0
5442,237,3,1153.0
17605,1669,3,2.6
2562,944,3,364.0
4445,2027,3,8.0
15758,2285,3,36.0
6716,2285,3,48.0
13853,2285,3,6.3
2580,2285,3,48.0
9712,944,3,36.0
9899,864,3,8.2
16074,2285,3,56.0
3049,2285,3,40.0
8153,1488,3,18.4
12979,2922,3,46.0
14581,2922,3,101.0
2390,68,3,1485.0
1644,2630,3,420.0
9797,1527,3,1.9
11214,723,3,1.6
4624,2922,3,53.0
4948,357,3,0.5
6561,214,3,48.0
12890,791,3,931.0
8721,2016,3,0.0
1800,1488,3,5.8
66,743,3,28.0
12739,515,3,0.3
14602,560,3,5.8
12062,336,3,2.0
8358,1832,3,48.0
7783,1721,3,1268.0
15310,545,3,2.8
1057,2285,3,31.0
4309,1827,3,96.0
13858,745,3,0.1
4060,2619,3,26.0
37,2726,3,70.0
11367,1390,3,27.0
3449,1515,3,0.1
11730,574,3,27.0
4871,1671,3,0.4
13623,1832,3,5.7
15811,2731,3,0.7
2949,1832,3,25.0
472,1208,3,552.0
477,574,3,17.7
3758,237,3,2.0
7405,919,3,0.6
13211,2285,3,62.0
16200,2630,3,176.0
17732,1130,3,1.5
14718,2584,3,7.8
6935,2316,3,0.4
12039,1488,3,109.0
5067,854,3,94.0
4150,14,3,166.0
6348,237,3,82.0
8639,2285,3,15.7
16318,1321,3,18.7
17352,1488,3,20.0
3302,2285,3,74.0
9594,2285,3,0.4
12055,2285,3,16.6
11155,68,3,260.0
15371,91,3,41.0
14334,368,3,4271.0
15883,1492,3,1601.0
9447,2285,3,29.0
2345,2285,3,29.0
9013,1229,3,12.0
13010,1488,3,52.0
1204,2922,3,68.0
9424,1321,3,37.0
7543,2328,3,7.7
18053,2285,3,45.0
11812,271,3,69.0
11075,9,3,2.1
18,1838,3,6.4
13440,1488,3,4.6
551,2195,3,0.0
4316,944,3,892.0
17255,725,3,50.0
8778,1832,3,56.0
9934,1488,3,127.0
17076,359,3,102.0
9638,2285,3,25.0
5461,649,3,0.5
17877,1228,3,384.0
10529,2327,3,2.1
9999,1488,3,275.0
1605,565,3,27.0
1072,2285,3,34.0
12401,1858,3,36.0
587,2285,3,61.0
12742,2831,3,22.0
8739,780,3,1.9
10692,2549,3,0.1
5777,1342,3,30.0
9132,2831,3,2052.0
3648,1611,3,89.0
16823,1277,3,8.8
12656,725,3,165.0
15172,572,3,40.0
4714,368,3,1312.0
3944,745,3,18.0
8238,1471,3,367.0
7909,1488,3,164.0
7871,1030,3,145.0
10967,972,3,34.0
12059,2900,3,86.0
4698,1473,3,5.6
7006,2285,3,30.0
3021,25,3,7.1
8371,1478,3,47.0
9650,1488,3,178.0
1292,2285,3,37.0
6857,68,3,1427.0
16841,343,3,1.3
18120,2285,3,25.0
9125,278,3,617.0
13116,2619,3,94.0
15922,2290,3,38.0
3933,2406,3,5.0
16883,1776,3,14.2
650,2285,3,40.0
4991,1488,3,77.0
4001,734,3,0.0
3839,2831,3,64.0
1104,1832,3,28.0
15951,2255,3,0.6
2798,773,3,176.0
3961,1359,3,48.0
13040,565,3,82.0
14121,1488,3,213.0
9396,1802,3,17.6
17568,836,3,15.1
15518,1355,3,131.0
14376,854,3,683.0
5675,2631,3,52.0
12651,1826,3,2.4
3266,1488,3,678.0
5939,143,3,5.1
681,944,3,3.5
12076,2340,3,228.0
14827,1333,3,135.0
14410,1832,3,58.0
14763,2285,3,35.0
17890,1488,3,158.0
11945,1128,3,7.5
15552,1611,3,660.0
9723,1488,3,218.0
2273,237,3,682.0
7945,2001,3,19.5
8897,2630,3,221.0
2406,1832,3,93.0
9089,2195,3,10.6
7897,1410,3,0.2
8356,1316,3,11.4
16769,580,3,0.2
8850,2205,3,5.1
7445,1832,3,66.0
12343,2227,3,319.0
12064,2731,3,17.4
16663,933,3,4.9
14832,2922,3,87.0
744,2285,3,90.0
6059,2631,3,383.0
9300,1832,3,44.0
12821,2285,3,13.2
2212,2922,3,51.0
6373,2760,3,53.0
10142,237,3,462.0
17300,2285,3,37.0
13242,1488,3,103.0
4583,2285,3,19.4
14195,2285,3,54.0
4546,2439,3,477.0
4043,1832,3,39.0
4108,2484,3,0.4
3829,2285,3,3.8
6082,1488,3,62.0
4891,1805,3,1.7
6953,2729,3,21.0
6034,2631,3,34.0
14603,1776,3,48.0
14345,2463,3,301.0
11934,2285,3,65.0
11646,2285,3,13.9
4142,2922,3,87.0
8467,2285,3,0.8
7750,1721,3,18.0
16583,961,3,2.1
11427,2285,3,5.4
7805,1081,3,1.9
5040,2285,3,22.0
7911,838,3,0.4
13179,2285,3,34.0
17661,1128,3,59.0
9249,936,3,15.7
17458,1758,3,48.0
12109,2285,3,56.0
15543,2869,3,0.7
6577,1875,3,8.6
18251,100,3,87.0
13981,1937,3,0.5
3349,1488,3,7.5
3096,2631,3,96.0
12998,142,3,274.0
6124,2285,3,26.0
4289,1832,3,54.0
4212,2827,3,18.4
4097,2294,3,12.3
10509,1832,3,49.0
10516,2831,3,408.0
4940,565,3,107.0
13744,745,3,46.0
16677,1937,3,3.6
14544,237,3,244.0
1653,282,3,2.8
13521,100,3,30.0
17082,14,3,4.8
4622,2522,3,12.8
7623,1947,3,6.7
13654,1937,3,1.2
13325,1177,3,0.4
1565,1832,3,8.9
10941,1832,3,4.6
5052,2488,3,1030.0
13910,725,3,3.6
4169,1659,3,0.9
6560,1407,3,0.6
16981,1166,3,2807.0
5965,2631,3,7.6
9813,1832,3,45.0
2595,854,3,22.0
2006,2562,3,15.9
7538,1690,3,3.6
13722,1488,3,18.1
11216,2371,3,2.7
13887,2630,3,0.1
9246,1876,3,7.3
16266,2285,3,3.6
16744,2339,3,4.7
10422,1949,3,6.4
5187,1547,3,0.2
18022,2831,3,199.0
7746,1473,3,0.2
15599,2922,3,38.0
6304,2922,3,46.0
1754,1533,3,251.0
9715,1776,3,0.4
1472,2629,3,0.2
2717,1832,3,33.0
4153,2285,3,51.0
3782,1488,3,331.0
7009,2489,3,2.0
8369,1202,3,0.7
4983,2876,3,115.0
9444,1304,3,281.0
7860,814,3,901.0
1356,745,3,0.4
3896,1044,3,13.6
9173,2526,3,140.0
12549,1858,3,14.9
14884,583,3,1.3
1915,2001,3,175.0
10637,1998,3,13.1
12121,1488,3,44.0
5558,2619,3,5.6
11305,2285,3,104.0
1183,2631,3,117.0
5239,1128,3,18.1
4567,1781,3,2453.0
5279,919,3,2.5
5505,312,3,7.3
428,556,3,44.0
10997,2631,3,86.0
2806,1488,3,345.0
4918,2285,3,35.0
10101,2630,3,480.0
1171,2285,3,32.0
9229,2631,3,133.0
8101,2631,3,116.0
3094,811,3,76.0
12084,614,3,82.0
14495,1488,3,81.0
3942,1608,3,18.6
6599,682,3,15.4
2393,1488,3,90.0
15192,2922,3,86.0
1155,1488,3,49.0
4547,100,3,260.0
11279,1488,3,4.1
2743,343,3,2.0
3527,1488,3,67.0
10247,2539,3,0.1
11943,2285,3,31.0
16743,1721,3,64.0
17438,2037,3,0.4
13998,2285,3,68.0
5531,1612,3,1.2
4729,2488,3,422.0
2225,2519,3,19.2
5521,1300,3,31.0
10272,2380,3,182.0
7363,1488,3,152.0
1406,1488,3,110.0
9221,1983,3,53.0
4662,2630,3,6.2
13846,2340,3,13.7
4266,1832,3,61.0
3040,132,3,27.0
11603,368,3,1293.0
4964,2285,3,32.0
14208,1488,3,44.0
17421,1128,3,16.4
4381,1572,3,1745.0
1213,1690,3,1.9
15807,1776,3,53.0
14786,2227,3,179.0
12594,1832,3,59.0
15691,745,3,1.3
11986,2865,3,104.0
11874,2339,3,6.7
5622,811,3,14.6
6705,1037,3,36.0
9504,2585,3,122.0
3216,2195,3,0.3
9815,368,3,2161.0
14500,2850,3,4.0
11360,302,3,76.0
10821,780,3,50.0
18246,2654,3,73.0
17103,1039,3,0.4
18010,1933,3,0.0
17031,1488,3,173.0
4776,745,3,1.3
4974,1491,3,1705.0
9539,2285,3,55.0
7279,2529,3,29.0
13487,237,3,139.0
4461,2285,3,27.0
2050,2285,3,38.0
1348,2285,3,59.0
16994,2285,3,64.0
5470,2285,3,59.0
5262,2526,3,10.3
1610,2922,3,130.0
5966,946,3,132.0
13960,766,3,994.0
14752,836,3,24.0
15818,2285,3,7.5
8046,1128,3,99.0
9118,237,3,879.0
7328,2285,3,13.4
6245,2285,3,40.0
14285,2094,3,15.7
8160,367,3,3.7
13554,2195,3,7.6
6708,1525,3,68.0
4975,1612,3,0.1
18074,1488,3,16.3
1687,2922,3,18.6
13751,2285,3,1.3
8352,2285,3,32.0
6483,2831,3,136.0
14289,897,3,0.7
5303,2759,3,222.0
15065,2285,3,6.3
13085,1612,3,0.0
16403,2844,3,0.4
9573,1982,3,32.0
5143,375,3,793.0
5236,2285,3,24.0
4910,944,3,74.0
1863,2631,3,41.0
4544,2195,3,10.5
12019,1488,3,404.0
4047,368,3,4042.0
6422,1940,3,0.7
5231,2206,3,13.1
8283,1488,3,17.5
3717,2726,3,2.1
7509,2285,3,2.5
11992,1785,3,1673.0
5105,1037,3,1.8
5654,2285,3,4.7
3414,1776,3,4.8
9876,1608,3,784.0
3115,2195,3,8.8
2137,1488,3,281.0
14068,2195,3,7.8
13515,2285,3,3.8
284,2087,3,628.0
4365,2827,3,8.6
6031,2285,3,32.0
8645,1128,3,19.8
14374,811,3,80.0
7118,2631,3,232.0
3697,2922,3,530.0
13409,1525,3,2344.0
12416,2285,3,38.0
2485,2756,3,65.0
16727,439,3,0.3
14138,2568,3,10.9
13559,1488,3,381.0
16212,556,3,0.6
922,2285,3,43.0
217,718,3,81.0
2344,1827,3,94.0
2171,2285,3,0.3
12504,2285,3,3.0
9581,1488,3,0.7
7246,2285,3,1.5
7512,211,3,0.1
1169,2205,3,6.3
15214,2831,3,306.0
13957,959,3,7.3
3206,745,3,1.0
4051,1612,3,0.3
15080,2285,3,0.1
9092,1035,3,5.6
8518,1596,3,1.2
15308,2285,3,29.0
4056,1612,3,0.2
2156,1934,3,5.5
14935,2195,3,7.5
5144,2922,3,62.0
4033,1776,3,88.0
3269,1488,3,185.0
13419,2285,3,22.0
3388,1606,3,68.0
15189,2285,3,30.0
12041,237,3,2150.0
2317,2285,3,27.0
10235,1557,3,2027.0
15314,2285,3,33.0
2100,1488,3,2.4
9497,733,3,14.8
9636,274,3,36.0
2421,2285,3,31.0
11463,1488,3,54.0
15897,2865,3,2108.0
12097,2285,3,9.8
10062,2285,3,20.0
3476,2631,3,239.0
5703,68,3,86.0
8654,944,3,165.0
16030,2195,3,15.2
4805,2285,3,35.0
10636,2122,3,160.0
3928,100,3,274.0
3365,1202,3,55.0
17188,1488,3,371.0
10026,2922,3,147.0
12606,237,3,396.0
12781,1776,3,57.0
8637,2285,3,44.0
7494,1609,3,13.1
13013,788,3,0.0
4913,468,3,42.0
14703,352,3,0.0
17938,2285,3,24.0
9703,2285,3,45.0
16804,371,3,55.0
4386,2285,3,27.0
15767,2600,3,0.2
15895,2285,3,3.3
14543,828,3,95.0
5271,1832,3,41.0
12036,811,3,243.0
10111,2285,3,12.4
7337,2922,3,100.0
9352,1923,3,14.2
8742,1488,3,15.0
16757,2416,3,12.3
2906,1612,3,0.0
9695,343,3,1.4
2856,2205,3,16.5
15013,814,3,284.0
12443,312,3,5.5
2518,251,3,1447.0
5383,1655,3,550.0
4941,1876,3,1.9
17171,2686,3,360.0
3341,1776,3,14.6
9105,1276,3,1.1
6439,1319,3,4.5
3733,897,3,139.0
8583,2285,3,9.8
5487,1915,3,5.8
1713,1729,3,11.7
13872,1812,3,0.6
6446,2285,3,7.6
12993,251,3,4.4
16950,2285,3,9.7
9572,2441,3,0.3
8509,213,3,5.1
2047,1128,3,306.0
3182,2285,3,2.3
958,2343,3,40.0
12684,362,3,4.3
5314,2630,3,0.0
16917,1505,3,17.8
6460,2285,3,34.0
9392,572,3,147.0
3684,2285,3,6.7
16854,814,3,1287.0
9175,2096,3,37.0
10979,811,3,123.0
2669,2087,3,8.0
7165,1937,3,0.5
12863,2808,3,1766.0
17094,368,3,1680.0
14955,2027,3,12.9
4124,1355,3,80.0
1047,1606,3,217.0
5713,690,3,2.8
15729,1156,3,5.6
7875,594,3,302.0
1377,1833,3,3.7
5586,237,3,1107.0
4686,1616,3,0.9
13798,507,3,25.0
5430,2285,3,0.8
10503,2285,3,4.7
1199,2285,3,0.7
16859,2285,3,50.0
13048,272,3,26.0
10452,237,3,817.0
18280,2340,3,74.0
2324,552,3,5.3
2102,1776,3,43.0
1483,1082,3,17.4
7537,1957,3,0.2
1684,1072,3,21.0
14159,192,3,0.9
1218,1937,3,2.7
17500,2922,3,4.8
1227,1983,3,126.0
14797,1781,3,391.0
6144,1488,3,662.0
6819,1407,3,0.3
1237,2866,3,4.9
1238,2340,3,2.5
2043,2500,3,0.0
11069,745,3,1.1
1242,239,3,19.9
18219,237,3,1008.0
2070,2328,3,1.4
3180,811,3,118.0
2303,574,3,1.2
12367,1045,3,5.3
6189,2285,3,5.4
6157,2136,3,0.0
1273,1875,3,28.0
1274,1608,3,2279.0
10988,98,3,1.4
1532,2285,3,10.3
11673,2285,3,22.0
9260,861,3,0.5
1450,359,3,8.3
17478,1300,3,227.0
1328,1074,3,26.0
6169,933,3,9.5
1334,2205,3,6.4
17980,924,3,17.3
17756,745,3,148.0
17445,2524,3,138.0
11354,2285,3,35.0
4502,2610,3,5.3
6175,2195,3,4.4
3203,44,3,43.0
3594,124,3,15.7
9975,745,3,2.1
16464,2285,3,36.0
4942,1937,3,0.7
1359,312,3,3.9
1363,2285,3,32.0
15652,2911,3,723.0
14257,30,3,0.9
11905,1488,3,841.0
10245,2285,3,16.9
1153,2403,3,101.0
4816,1488,3,49.0
2046,2631,3,82.0
8292,1321,3,12.4
16063,2444,3,0.0
16681,2796,3,0.5
1849,2338,3,0.4
6526,2726,3,100.0
17256,2911,3,1329.0
5339,2630,3,170.0
9781,2285,3,24.0
1419,2831,3,53.0
15609,526,3,0.6
1433,2380,3,35.0
1729,284,3,0.0
1446,1221,3,971.0
11173,2569,3,33.0
8673,1875,3,61.0
14484,2285,3,32.0
9464,2285,3,48.0
12693,1548,3,1.3
1463,2285,3,8.3
6214,293,3,1.6
1487,2340,3,117.0
1491,312,3,4.9
1501,1608,3,1524.0
5907,2922,3,97.0
6061,461,3,1937.0
9289,2285,3,50.0
17801,1488,3,1614.0
6225,1230,3,299.0
17482,2285,3,1.2
7055,2285,3,45.0
8391,237,3,264.0
6298,1488,3,18.2
1582,556,3,0.8
1583,2922,3,120.0
11940,971,3,0.6
17676,2285,3,44.0
1584,743,3,0.3
11929,1407,3,0.2
844,1277,3,2.2
18164,2285,3,8.2
4370,368,3,6437.0
15269,1785,3,28.0
16205,2630,3,519.0
3483,246,3,26.0
15149,237,3,465.0
17770,864,3,0.9
11524,14,3,125.0
6125,2497,3,0.6
12703,2646,3,12.6
9787,2710,3,22.0
6258,2630,3,92.0
3823,745,3,4.2
1615,2285,3,65.0
6262,2850,3,129.0
10787,1407,3,0.5
6050,1523,3,493.0
6264,237,3,282.0
1735,1473,3,0.9
15863,68,3,1595.0
1623,1611,3,269.0
1828,1228,3,39.0
1746,2001,3,91.0
12986,864,3,5.1
8488,1096,3,1.0
1637,1937,3,3.7
6277,237,3,42.0
14594,1832,3,55.0
14022,2285,3,55.0
1439,2433,3,31.0
14779,237,3,220.0
18084,356,3,0.8
8085,2285,3,5.4
6287,2631,3,126.0
3278,196,3,833.0
4718,2285,3,52.0
14180,1488,3,203.0
1668,2285,3,37.0
3381,2285,3,36.0
1679,2285,3,55.0
10496,2285,3,32.0
1683,1294,3,9.7
9444,881,3,22.0
8145,696,3,128.0
1693,1612,3,0.1
12102,1838,3,51.0
16688,972,3,147.0
13963,2285,3,36.0
2198,2205,3,1.6
953,382,3,0.7
15204,2013,3,0.6
1568,1488,3,82.0
3844,2631,3,35.0
1708,556,3,6.5
1658,208,3,312.0
1714,1407,3,7.6
16502,1319,3,32.0
14707,2631,3,45.0
4786,68,3,1597.0
14419,1608,3,357.0
8939,2285,3,17.0
11474,864,3,0.0
6255,10,3,0.6
1731,1754,3,0.2
9017,1612,3,0.3
1734,2630,3,374.0
13592,2285,3,34.0
3297,1785,3,38.0
16397,368,3,7016.0
15411,282,3,28.0
69,2285,3,32.0
14115,1608,3,835.0
3167,2354,3,29.0
16060,1326,3,63.0
16773,1488,3,17.5
4550,2726,3,115.0
9552,960,3,3.1
1619,2380,3,114.0
15399,929,3,8.0
2376,2285,3,33.0
13263,574,3,11.8
10462,2285,3,16.5
16816,1776,3,76.0
2357,2285,3,70.0
8535,2519,3,84.0
11996,400,3,30.0
15545,1838,3,1.2
8646,274,3,5.0
17044,1370,3,1.5
12469,100,3,232.0
12110,1986,3,14.0
6357,2202,3,5.8
51,1781,3,22.0
9262,1024,3,0.5
18239,2922,3,144.0
6360,1737,3,3.3
9048,1655,3,193.0
11552,2285,3,0.8
2694,1643,3,171.0
5058,290,3,7.4
6056,2205,3,37.0
11944,2285,3,62.0
17325,2630,3,71.0
16011,38,3,36.0
12185,718,3,138.0
9033,1832,3,6.0
13936,2496,3,1.5
16037,743,3,10.8
12973,1139,3,108.0
13007,1916,3,0.1
9783,2285,3,45.0
9441,1419,3,35.0
4570,1488,3,325.0
4668,368,3,3113.0
17746,2001,3,3.4
7475,1628,3,1.1
27,1179,3,10.3
5068,1488,3,5.1
6380,1776,3,42.0
8911,2831,3,343.0
1797,2285,3,24.0
16869,2459,3,2.3
1859,814,3,4.8
9966,1690,3,1.4
10875,2285,3,4.3
2799,501,3,45.0
2409,293,3,14.2
6392,2285,3,31.0
1879,2285,3,10.6
1880,271,3,23.0
5597,368,3,4013.0
5008,326,3,8.0
1888,818,3,0.5
13974,2637,3,3.9
10547,2922,3,250.0
13625,2630,3,75.0
9854,237,3,1296.0
17584,1407,3,0.0
11437,2631,3,4.7
4406,1636,3,336.0
10852,2292,3,463.0
5115,1488,3,43.0
1910,1030,3,76.0
17136,1737,3,2.8
1766,2285,3,0.7
13821,132,3,0.0
2218,1832,3,54.0
6417,1832,3,63.0
6421,1832,3,33.0
10533,1832,3,30.0
14321,1612,3,0.0
1771,2746,3,2.2
5378,2285,3,33.0
18127,572,3,482.0
1772,723,3,1.8
1680,434,3,8.4
12188,1612,3,0.1
1933,1464,3,2148.0
6427,1407,3,3.2
4302,2285,3,46.0
4588,471,3,1.2
1778,2285,3,46.0
4281,2536,3,0.7
1957,115,3,0.1
16980,2547,3,106.0
13357,1557,3,202.0
6451,1717,3,3.4
9178,426,3,1140.0
1977,1202,3,131.0
17063,1937,3,8.0
17162,2285,3,49.0
4069,1304,3,1.0
16908,2496,3,40.0
11619,1785,3,4.0
22,366,3,2.0
6081,2285,3,2.2
1210,2380,3,961.0
11272,1321,3,43.0
14798,68,3,1233.0
11872,1228,3,317.0
8970,68,3,1102.0
2229,237,3,3725.0
2640,814,3,1.1
1989,255,3,605.0
2821,2547,3,114.0
17496,1875,3,25.0
3024,649,3,19.5
8524,1672,3,0.5
16532,580,3,16.1
17784,1488,3,297.0
18025,564,3,172.0
9931,822,3,0.6
3802,98,3,8.4
11082,1838,3,7.8
4572,2327,3,5.0
11135,585,3,20.0
10892,297,3,0.0
7320,2509,3,7.2
6659,1827,3,91.0
2061,2423,3,7.3
8918,2922,3,137.0
2888,2285,3,41.0
2075,68,3,81.0
12849,725,3,17.2
1252,2489,3,77.0
11974,1344,3,0.8
2093,2726,3,47.0
2732,1937,3,0.4
2099,2843,3,2.4
12514,1277,3,6.7
4451,1488,3,24.0
2257,2285,3,13.7
14993,368,3,1130.0
2106,2285,3,52.0
6512,881,3,23.0
1803,11,3,30.0
767,2488,3,385.0
3111,1832,3,38.0
15748,2831,3,155.0
2111,2630,3,595.0
4118,1832,3,72.0
8596,897,3,51.0
138,2146,3,3.4
3002,1947,3,42.0
1052,2631,3,389.0
5581,2195,3,17.8
2130,2433,3,4.8
7184,1876,3,3.6
14353,1875,3,15.7
366,1758,3,1024.0
6535,2539,3,0.1
7323,196,3,15.7
8285,1832,3,18.6
4499,25,3,53.0
2154,1488,3,83.0
4561,237,3,1251.0
2139,2294,3,19.7
3824,2726,3,17.9
6426,693,3,3.6
4468,368,3,9065.0
2172,1341,3,8.2
2174,2638,3,229.0
5056,2496,3,5.6
8895,2285,3,40.0
13046,1277,3,7.7
2244,2423,3,22.0
8936,274,3,35.0
6091,1612,3,0.2
11741,2922,3,237.0
1971,2922,3,88.0
16705,1867,3,11.6
8709,68,3,421.0
2201,2285,3,8.9
6562,2285,3,35.0
2207,2661,3,21.0
2206,2285,3,82.0
2208,1596,3,1.3
5098,549,3,8.8
11009,1321,3,12.3
2215,2285,3,16.8
13588,237,3,945.0
10023,376,3,11.4
6572,2285,3,37.0
714,140,3,30.0
2242,2096,3,328.0
8993,1520,3,0.7
3052,1832,3,24.0
5676,572,3,31.0
4765,811,3,167.0
10298,2631,3,1.3
17269,44,3,936.0
17206,2923,3,0.7
15566,1488,3,126.0
15982,537,3,97.0
1824,2622,3,0.8
2290,1608,3,1394.0
1585,368,3,913.0
928,2285,3,15.8
17200,816,3,83.0
2921,2071,3,2.7
5269,1041,3,12.5
6597,237,3,677.0
2305,2285,3,44.0
2306,1488,3,184.0
10909,237,3,0.3
6605,2285,3,32.0
2334,2229,3,118.0
2335,2354,3,33.0
5782,2922,3,121.0
2341,2852,3,2.8
10031,272,3,80.0
2269,1488,3,200.0
5784,1832,3,85.0
2369,1128,3,221.0
2370,2285,3,38.0
6622,2098,3,42.0
5463,2285,3,56.0
2363,2875,3,14.8
4732,1128,3,58.0
2391,2850,3,3.3
13964,2726,3,70.0
13467,924,3,2.2
2394,1462,3,7.3
5027,1119,3,56.0
2281,1304,3,292.0
6624,2922,3,219.0
15249,2626,3,5.2
2410,1208,3,108.0
13055,944,3,763.0
2270,2522,3,9.0
2739,854,3,49.0
6075,1937,3,1.2
12550,1832,3,67.0
1470,2285,3,16.3
5649,68,3,773.0
11355,2872,3,1.2
4414,2630,3,204.0
9116,1608,3,249.0
16931,25,3,1.8
1429,445,3,31.0
1765,2922,3,64.0
8609,1811,3,2.8
2443,1838,3,170.0
2490,98,3,0.0
17855,2285,3,40.0
1850,2865,3,229.0
14762,2095,3,40.0
6657,2922,3,298.0
2593,2639,3,72.0
3079,980,3,0.5
2035,2375,3,0.0
17857,2922,3,35.0
9232,2423,3,11.3
17817,1488,3,1016.0
15177,2438,3,3.6
6671,1832,3,26.0
6418,986,3,3.4
6676,1468,3,0.1
7068,1608,3,794.0
16809,2285,3,48.0
18111,2285,3,35.0
9320,1557,3,9.8
2454,2285,3,7.6
4352,368,3,1515.0
2525,359,3,85.0
18268,2285,3,9.4
2535,811,3,169.0
18060,1355,3,50.0
4806,1492,3,1516.0
5196,1752,3,1.8
2919,2338,3,1.5
6686,2395,3,4.5
13089,1557,3,895.0
7314,1488,3,2.9
14660,2285,3,11.4
8031,2285,3,35.0
18267,2012,3,6.3
5580,1694,3,5.6
10505,2285,3,1.1
13670,1576,3,14.0
14360,2820,3,5.4
2697,1087,3,21.0
10507,2760,3,33.0
12460,1832,3,45.0
2578,531,3,48.0
13321,1038,3,651.0
4274,1228,3,156.0
15205,2001,3,76.0
9444,2726,3,16.6
3800,113,3,33.0
18188,2285,3,15.9
1512,2922,3,14.3
9290,272,3,162.0
14612,2285,3,88.0
2246,2489,3,8.7
2396,2285,3,0.2
2292,2285,3,50.0
12238,745,3,35.0
2652,68,3,1057.0
15492,2285,3,52.0
14820,1558,3,3154.0
18243,517,3,10.0
10769,2354,3,0.8
15705,1655,3,0.1
1158,2285,3,41.0
14621,2468,3,6.4
4703,2726,3,47.0
6719,1488,3,68.0
6735,2654,3,33.0
2609,1089,3,8.7
6741,1608,3,1240.0
11238,2726,3,64.0
4342,1583,3,12.7
11160,532,3,82.0
2615,1557,3,641.0
3692,580,3,7.9
15469,2285,3,8.4
3381,1304,3,359.0
15663,68,3,2160.0
2703,2285,3,76.0
6757,1944,3,3.7
4687,2285,3,5.3
6523,2285,3,24.0
16483,572,3,70.0
2626,682,3,24.0
12599,936,3,0.0
8856,2726,3,78.0
13870,820,3,0.3
13677,1488,3,128.0
12700,2122,3,68.0
13678,2285,3,27.0
16236,1832,3,85.0
16614,368,3,9663.0
13820,2802,3,86.0
17633,2444,3,6.1
2682,1774,3,3.7
11918,368,3,2209.0
9130,2285,3,46.0
6548,371,3,4.8
16549,1215,3,382.0
16227,2619,3,8.0
11667,2922,3,10.0
10196,2822,3,13.1
6787,287,3,0.9
5448,2195,3,2.1
17799,187,3,0.2
2805,2654,3,88.0
13075,2922,3,34.0
1963,1831,3,2.2
11172,1304,3,242.0
7101,282,3,88.0
4324,2922,3,61.0
6799,1144,3,145.0
11560,113,3,3.6
16173,1947,3,116.0
17004,47,3,72.0
10138,2285,3,19.2
12812,2630,3,66.0
2662,1617,3,746.0
2848,972,3,7.4
4556,1612,3,0.1
1547,2195,3,6.3
9693,745,3,32.0
15074,2831,3,245.0
14050,2285,3,49.0
7230,1321,3,57.0
6820,919,3,1.4
6336,933,3,3.7
17431,2631,3,123.0
2753,944,3,1661.0
12298,1160,3,5.0
4173,1272,3,545.0
11323,229,3,616.0
6760,368,3,5180.0
5754,271,3,60.0
14525,237,3,486.0
14058,778,3,28.0
6839,2122,3,36.0
181,811,3,115.0
11346,2409,3,122.0
43,2285,3,16.8
6841,2285,3,62.0
6842,2285,3,42.0
10862,2562,3,52.0
6810,614,3,2.4
11833,1488,3,52.0
6850,1832,3,1.4
2549,2285,3,10.0
6855,2016,3,0.5
9096,2285,3,19.9
17008,2786,3,73.0
2773,399,3,36.0
9569,1488,3,16.6
14587,1986,3,2.7
6861,1806,3,0.8
16067,933,3,3.4
3292,1304,3,762.0
16231,478,3,119.0
11688,193,3,1.8
2890,944,3,159.0
17562,878,3,2.2
12154,1488,3,142.0
9355,2780,3,206.0
18078,2865,3,1993.0
8544,1488,3,33.0
13362,1947,3,51.0
32,2285,3,38.0
16786,2831,3,24.0
634,897,3,0.1
13800,1488,3,592.0
8039,2423,3,1.4
2899,2886,3,15.4
4577,2831,3,34.0
7120,1128,3,38.0
2904,1488,3,76.0
6347,2850,3,68.0
6327,2607,3,833.0
16577,2536,3,9.9
2802,1606,3,173.0
1753,2285,3,30.0
965,1488,3,9.8
15708,528,3,51.0
1676,237,3,1994.0
3554,24,3,8.7
16061,1488,3,48.0
14430,1067,3,1.1
1283,2267,3,77.0
250,2285,3,17.6
3931,115,3,14.0
11330,1030,3,119.0
9451,292,3,99.0
2962,1304,3,379.0
16492,2285,3,37.0
2548,1447,3,28.0
3590,2348,3,7.2
2967,272,3,35.0
12905,1208,3,826.0
6907,1280,3,0.4
2463,862,3,1.2
12280,203,3,3.7
7562,2285,3,38.0
3887,49,3,197.0
6913,1488,3,22.0
13527,1128,3,58.0
2978,2285,3,66.0
2987,237,3,568.0
15582,2285,3,52.0
11482,676,3,4.0
6927,1832,3,47.0
6928,2611,3,8.9
8765,237,3,941.0
2993,1488,3,23.0
16787,1832,3,26.0
1981,1612,3,0.0
13464,248,3,1.4
9357,237,3,548.0
5559,739,3,98.0
14911,1612,3,0.1
10634,2551,3,12.2
901,2819,3,4.4
6942,29,3,26.0
1091,1920,3,13.2
11458,1887,3,46.0
9589,725,3,66.0
8770,1458,3,39.0
18276,811,3,155.0
3020,1488,3,100.0
13479,1937,3,0.9
6951,237,3,1978.0
6952,1690,3,0.0
11876,1488,3,75.0
6610,1628,3,0.9
3089,2639,3,15.5
3105,1612,3,0.3
13904,1527,3,0.0
3099,1318,3,0.4
8952,1166,3,181.0
3102,1873,3,1.2
3103,2340,3,18.2
12116,953,3,121.0
11550,1832,3,7.2
14885,1488,3,277.0
11014,2285,3,28.0
1356,368,3,1041.0
13926,68,3,197.0
17074,2285,3,27.0
5159,745,3,0.2
12253,1612,3,2.0
17721,2195,3,14.9
5366,2285,3,37.0
11399,643,3,3.4
14300,2285,3,3.2
3707,1321,3,17.0
9104,2285,3,46.0
13097,1832,3,27.0
11201,2267,3,0.0
17848,255,3,1635.0
3123,1300,3,156.0
14229,250,3,254.0
15012,376,3,8.3
9165,2383,3,751.0
3129,2285,3,6.4
16595,1488,3,94.0
3108,2159,3,1.0
2314,1189,3,17.4
13515,1155,3,85.0
1810,2868,3,0.2
10231,1937,3,0.9
3160,2142,3,124.0
3136,1679,3,55.0
17767,2630,3,228.0
15650,745,3,21.0
8515,214,3,65.0
18282,152,3,15.8
3152,2285,3,31.0
7573,1488,3,109.0
2008,84,3,0.0
3157,1128,3,33.0
1236,2850,3,4.2
5877,2562,3,24.0
6458,1189,3,159.0
13656,2842,3,10.8
3080,2726,3,173.0
17428,1488,3,964.0
3162,213,3,40.0
3711,221,3,4.3
15018,1533,3,3.0
6999,237,3,5984.0
12607,2922,3,59.0
11848,525,3,0.3
3056,1317,3,14.6
7000,135,3,23.0
2189,944,3,2345.0
9031,1628,3,1.5
4361,1985,3,49.0
3181,9,3,14.0
17871,2285,3,4.3
16774,1802,3,1.3
15881,1488,3,62.0
11676,2267,3,35.0
952,1832,3,27.0
6715,762,3,1.5
15477,1617,3,90.0
3366,439,3,0.0
3213,2630,3,561.0
16698,2285,3,11.4
3263,572,3,306.0
10929,2285,3,19.1
7790,854,3,18.8
3916,1323,3,23.0
9138,1044,3,23.0
3271,556,3,8.3
11633,2669,3,215.0
12385,696,3,87.0
1333,1488,3,1089.0
16938,1832,3,65.0
7019,1853,3,1.2
10129,1611,3,143.0
1310,237,3,932.0
5195,132,3,13.8
3291,2204,3,37.0
15006,155,3,68.0
15852,1539,3,6.9
5710,811,3,204.0
11262,1464,3,1650.0
6627,237,3,4976.0
3306,1612,3,0.2
8667,811,3,458.0
7040,1832,3,42.0
13953,2327,3,21.0
7152,811,3,88.0
16506,2843,3,10.6
7047,2463,3,0.8
5113,2013,3,1.8
3224,1488,3,457.0
16722,1228,3,1137.0
13530,2285,3,36.0
14960,2285,3,14.3
3350,2631,3,202.0
3354,897,3,279.0
3358,1423,3,846.0
7061,2285,3,9.0
4949,2424,3,7.3
7066,2562,3,0.4
2442,2285,3,15.1
13742,676,3,2.4
1444,867,3,21.0
2567,2285,3,32.0
3286,1488,3,1125.0
7078,1721,3,495.0
4877,1937,3,0.4
9121,2285,3,52.0
15736,2126,3,29.0
7083,1465,3,112.0
14272,2285,3,31.0
3245,2285,3,2.9
12071,867,3,15.4
1303,2285,3,52.0
13104,2611,3,0.8
2551,1155,3,9.7
1791,2285,3,65.0
17580,1560,3,1.7
17941,237,3,640.0
16260,124,3,0.2
3402,2285,3,52.0
1870,1832,3,44.0
7098,1596,3,8.0
16196,1189,3,160.0
12081,1488,3,436.0
8985,1578,3,127.0
3404,2285,3,2.2
1688,1826,3,6.3
6904,854,3,82.0
4253,1488,3,702.0
10080,725,3,29.0
3497,2285,3,36.0
9236,1475,3,5.8
3506,2267,3,119.0
11236,368,3,9229.0
14245,1838,3,4.8
3247,2749,3,5.4
3512,1407,3,4.0
15295,1336,3,10.4
2457,1488,3,35.0
15357,272,3,1117.0
3523,1957,3,4.2
4248,1429,3,2.6
3528,193,3,3.6
3529,1499,3,5.1
15501,1596,3,1.1
6875,2055,3,11.4
15568,1832,3,123.0
11423,1832,3,5.8
3427,1016,3,189.0
12791,1832,3,55.0
13019,2750,3,2.6
2985,68,3,1125.0
8542,2562,3,5.5
5656,1758,3,10.3
9924,1488,3,74.0
3556,2743,3,181.0
3565,1832,3,97.0
3719,2285,3,65.0
9861,2844,3,7.1
2412,745,3,14.5
3559,68,3,1178.0
3971,814,3,299.0
9061,814,3,199.0
7241,2285,3,6.3
1943,2285,3,44.0
14750,2177,3,2.6
15697,1928,3,1.4
9860,1832,3,0.8
7288,2285,3,7.6
7329,1041,3,25.0
13515,696,3,17.0
3584,2630,3,188.0
8520,1606,3,192.0
14507,1020,3,0.2
18002,98,3,2.2
7190,1832,3,90.0
7170,237,3,41.0
14730,237,3,2383.0
16599,2285,3,14.3
2125,2129,3,204.0
7319,2285,3,38.0
3607,237,3,108.0
9951,2285,3,60.0
10865,698,3,0.0
16894,1776,3,2.7
11470,2285,3,8.0
5692,1652,3,142.0
3608,2526,3,27.0
18068,1557,3,397.0
13735,1612,3,0.1
7591,168,3,448.0
11900,1576,3,0.2
11099,1628,3,0.5
11466,77,3,54.0
10782,1488,3,17.1
5691,237,3,243.0
14211,944,3,617.0
13746,2285,3,1.9
1132,2780,3,65.0
3628,1488,3,293.0
7218,468,3,0.0
3254,445,3,12.9
7219,779,3,5.2
2938,2263,3,1.6
6303,2166,3,0.9
7221,1128,3,66.0
14574,2584,3,8.9
3836,2285,3,9.6
12387,2285,3,14.6
818,1832,3,34.0
7227,2726,3,30.0
4590,2285,3,14.3
6645,97,3,1.8
12702,36,3,33.0
1100,2285,3,35.0
3451,881,3,65.0
18281,343,3,0.6
13520,1585,3,0.6
7236,1488,3,24.0
13703,237,3,1000.0
11223,1635,3,179.0
3643,1617,3,96.0
7243,2841,3,76.0
4506,791,3,402.0
5110,1304,3,552.0
4295,1166,3,29.0
3656,1488,3,222.0
18215,2922,3,122.0
5436,319,3,39.0
1522,1488,3,87.0
5057,2631,3,106.0
14299,68,3,2475.0
3660,1832,3,6.7
3661,2392,3,21.0
18303,2285,3,21.0
14330,1488,3,2.7
1215,1581,3,1.1
16875,723,3,3.9
5582,1321,3,1.6
3587,2558,3,4.6
10841,814,3,185.0
1248,1832,3,36.0
14327,1612,3,0.1
2153,766,3,217.0
7264,2285,3,58.0
7265,2285,3,10.8
16349,1488,3,5.8
3613,2602,3,7.2
5440,537,3,53.0
16798,2515,3,1.4
16095,2195,3,22.0
14362,822,3,0.5
17571,2285,3,38.0
12842,1832,3,37.0
7270,976,3,2.4
11370,237,3,1521.0
16924,811,3,46.0
3695,1832,3,54.0
16850,145,3,19.2
11923,1488,3,145.0
3454,2726,3,133.0
4911,2285,3,92.0
5824,1655,3,621.0
2256,1784,3,1.8
3714,2115,3,14.6
8809,1832,3,62.0
3716,371,3,47.0
16384,2263,3,1.3
7089,1832,3,86.0
9613,302,3,78.0
13476,1832,3,32.0
10404,1832,3,50.0
18094,2747,3,1.5
2532,237,3,87.0
17887,2013,3,28.0
13029,1832,3,47.0
9286,2285,3,49.0
3721,572,3,117.0
3485,2496,3,16.1
7415,2421,3,0.6
3727,2195,3,29.0
9793,2056,3,1.1
3332,1488,3,436.0
3731,2195,3,8.0
4012,1468,3,18.4
3871,2536,3,51.0
4853,1949,3,5.8
10333,1488,3,45.0
11134,2227,3,554.0
3821,1375,3,0.8
4012,580,3,25.0
11931,1585,3,79.0
4014,2285,3,0.6
8868,251,3,957.0
3833,1407,3,0.3
17949,2285,3,23.0
2108,745,3,87.0
12277,2285,3,40.0
9666,2911,3,871.0
14504,44,3,1717.0
13721,1655,3,130.0
3848,2488,3,898.0
13111,1488,3,179.0
4929,2922,3,23.0
3858,1321,3,59.0
5379,1832,3,70.0
3865,2229,3,26.0
185,626,3,0.4
1296,2285,3,30.0
17816,1876,3,34.0
10340,426,3,1204.0
3882,1639,3,13.8
18278,1608,3,53.0
3890,1137,3,1.0
7346,1492,3,18.9
16616,1488,3,119.0
10631,2603,3,0.2
6745,670,3,4.7
3897,461,3,15.0
14920,1488,3,0.4
3903,1488,3,187.0
13079,565,3,26.0
3913,282,3,11.8
7356,2285,3,51.0
3918,2846,3,0.0
5971,1612,3,0.1
4777,68,3,781.0
10910,1832,3,80.0
9536,1245,3,21.0
17087,2195,3,9.0
5747,725,3,48.0
3759,2285,3,35.0
11855,213,3,43.0
2794,1734,3,113.0
16623,237,3,2237.0
1559,944,3,7.4
15869,2309,3,2.6
4193,293,3,0.2
16710,1736,3,25.0
2418,836,3,147.0
3956,811,3,168.0
5523,9,3,7.5
1250,811,3,120.0
63,1832,3,58.0
17066,1321,3,18.8
9795,2844,3,21.0
7378,2824,3,12.6
2974,2630,3,448.0
3285,2227,3,25.0
6649,427,3,10.5
3734,933,3,26.0
4927,405,3,21.0
3978,25,3,18.8
1518,2420,3,16.8
3937,2869,3,2.9
7388,757,3,4.8
16696,1612,3,2.0
7389,862,3,2.6
11515,2285,3,5.1
3771,2285,3,32.0
3990,1594,3,1.0
16430,2285,3,36.0
5695,2535,3,2.4
7441,2922,3,59.0
13209,2285,3,20.0
8638,1228,3,28.0
12864,2285,3,15.2
2788,2409,3,23.0
11072,2285,3,30.0
3992,1776,3,34.0
6747,2631,3,203.0
3774,546,3,117.0
7396,98,3,34.0
16708,725,3,17.4
1244,1832,3,108.0
4079,556,3,27.0
9567,1832,3,56.0
7404,944,3,103.0
4005,1612,3,3.2
14937,1155,3,1024.0
10745,237,3,471.0
3097,1832,3,70.0
18289,2285,3,6.1
13253,1596,3,1.0
3659,2285,3,61.0
4017,1596,3,2.6
4018,2195,3,0.7
624,1488,3,137.0
7417,1832,3,7.4
17303,1321,3,31.0
4896,2285,3,26.0
7418,1832,3,90.0
17102,927,3,1.1
16843,368,3,3180.0
15978,814,3,23.0
2937,1321,3,45.0
7423,2737,3,5.4
11562,944,3,274.0
17670,1488,3,238.0
13149,572,3,153.0
12813,1488,3,224.0
9558,271,3,55.0
3668,1141,3,88.0
9064,1030,3,168.0
10896,98,3,26.0
4081,2401,3,109.0
4080,2496,3,0.1
13315,2922,3,112.0
18213,2285,3,36.0
7435,2285,3,31.0
4094,2484,3,13.2
14175,1488,3,90.0
9472,707,3,7.1
5485,2195,3,4.5
17342,2285,3,49.0
4110,1128,3,191.0
14308,2285,3,20.0
4159,1488,3,98.0
18052,1680,3,2.4
8291,2285,3,29.0
12027,91,3,9.3
1883,1139,3,2.6
7459,1712,3,2.8
11829,1889,3,0.0
5595,572,3,438.0
1150,271,3,219.0
7462,2619,3,232.0
14905,1932,3,7.1
4181,1838,3,58.0
7464,614,3,5.3
16232,1323,3,170.0
15194,1911,3,8513.0
6226,237,3,0.4
8938,555,3,2045.0
9836,2607,3,482.0
17946,2922,3,103.0
4197,2038,3,6.7
11046,811,3,39.0
12509,2631,3,88.0
8286,2285,3,39.0
9758,2166,3,1.6
4202,836,3,56.0
9215,1473,3,1.8
18042,1292,3,9.9
10500,2865,3,406.0
13574,1610,3,4.1
1818,2320,3,0.0
14830,2922,3,132.0
2608,572,3,149.0
14972,894,3,22.0
1182,1373,3,13.1
1094,2489,3,77.0
17921,1832,3,62.0
8122,288,3,13.1
14210,1303,3,0.8
4230,1451,3,3.9
4233,1029,3,16.0
4904,725,3,6.5
10120,1985,3,88.0
1321,811,3,199.0
5875,100,3,47.0
11158,1557,3,5.0
4244,2285,3,59.0
12309,326,3,0.0
2939,1875,3,0.8
15666,2285,3,33.0
4174,1655,3,19.0
4261,1208,3,160.0
11443,2529,3,14.5
8453,1525,3,117.0
4713,25,3,0.7
9716,1937,3,1.3
15905,2285,3,4.9
8733,1201,3,1.2
14201,1228,3,100.0
8229,2831,3,78.0
14358,171,3,4.5
4323,1776,3,66.0
15988,1947,3,15.1
4329,2285,3,50.0
7545,811,3,440.0
4382,2925,3,5.9
7547,732,3,3.9
4371,2844,3,4.7
4372,214,3,32.0
3737,2726,3,133.0
4374,1628,3,1.5
9779,2562,3,11.9
16829,1608,3,24.0
11097,2285,3,9.1
4470,1061,3,9.1
9984,1937,3,1.3
5806,237,3,675.0
2098,2285,3,22.0
7554,2285,3,25.0
8659,2285,3,44.0
4409,2793,3,9.2
4344,1612,3,0.0
2742,1832,3,18.1
4416,1707,3,55.0
4417,2285,3,51.0
12719,237,3,507.0
4045,2831,3,1549.0
4350,2285,3,34.0
2349,1488,3,37.0
12222,556,3,22.0
8526,464,3,64.0
4428,1681,3,14.2
14317,1832,3,33.0
4439,1875,3,16.4
1180,1608,3,418.0
9377,272,3,73.0
10365,1488,3,25.0
2826,2833,3,6.7
4456,2733,3,99.0
16689,1488,3,10.4
17248,2630,3,361.0
7599,1094,3,0.3
4465,368,3,3244.0
4803,1832,3,55.0
7571,2631,3,111.0
17616,1829,3,26.0
7670,2152,3,51.0
18072,2922,3,35.0
4480,368,3,886.0
4482,68,3,955.0
4129,2285,3,29.0
6324,2267,3,58.0
14568,2285,3,9.7
385,1628,3,0.8
691,2285,3,23.0
2850,2759,3,1172.0
16594,1488,3,258.0
4514,997,3,5.9
17533,2496,3,15.4
16177,2285,3,17.3
10187,1488,3,996.0
9129,864,3,1.9
9309,1488,3,22.0
10679,2576,3,4.8
18204,2631,3,107.0
4605,100,3,945.0
4518,1037,3,16.2
17727,237,3,974.0
347,100,3,301.0
899,2285,3,35.0
7634,966,3,0.6
3192,1832,3,46.0
8815,306,3,0.6
5014,893,3,4.6
9109,2285,3,4.9
12266,2922,3,82.0
13374,2234,3,43.0
17253,274,3,43.0
16976,2282,3,63.0
4434,138,3,125.0
14393,2710,3,1.6
7639,2285,3,37.0
11850,1781,3,13.3
13471,1202,3,151.0
3045,1228,3,637.0
981,2630,3,662.0
17741,368,3,3251.0
1986,1557,3,14.8
12658,2285,3,16.6
4511,811,3,135.0
2322,1491,3,139.0
3777,2285,3,7.1
3001,811,3,242.0
16613,1432,3,6.4
5400,282,3,0.0
4855,2630,3,8.7
8551,200,3,58.0
13752,2013,3,144.0
6269,2522,3,41.0
4594,1832,3,83.0
2674,2630,3,138.0
4541,1488,3,534.0
17655,2285,3,16.8
7655,25,3,42.0
13723,1947,3,33.0
4598,878,3,30.0
11112,2285,3,3.6
11439,685,3,1.7
7656,1406,3,0.9
7611,1488,3,557.0
4607,1655,3,43.0
4610,246,3,61.0
4608,1800,3,21.0
4611,411,3,4.5
2951,1611,3,35.0
1131,2285,3,27.0
6194,1876,3,6.4
16080,1488,3,65.0
15605,2028,3,30.0
3570,2285,3,23.0
9930,2285,3,32.0
15174,1832,3,8.8
2480,109,3,19.0
226,2611,3,5.0
7667,2285,3,1.4
16763,372,3,0.0
2468,1832,3,120.0
14560,897,3,5.1
15412,2631,3,247.0
7675,2285,3,37.0
13480,1300,3,258.0
12279,2285,3,20.0
5230,2500,3,0.4
4678,1323,3,475.0
12580,1776,3,23.0
4566,2285,3,12.0
7539,2285,3,20.0
14336,1189,3,99.0
4535,665,3,4.9
15992,2332,3,336.0
9767,2195,3,0.2
11502,2285,3,15.4
11090,1488,3,478.0
5179,1832,3,98.0
15236,98,3,70.0
9811,579,3,80.0
2947,2439,3,97.0
16359,2285,3,2.3
10025,2780,3,110.0
2687,1488,3,55.0
4725,291,3,0.4
4724,2298,3,73.0
8594,2285,3,24.0
4863,556,3,2543.0
2115,140,3,10.8
4747,98,3,21.0
4970,2285,3,14.4
2645,1832,3,1.1
7707,1937,3,6.3
13188,1973,3,8.0
9444,682,3,14.4
3674,1832,3,28.0
17574,944,3,3.2
7771,1488,3,14.4
3248,426,3,506.0
10113,2285,3,0.6
14940,2285,3,36.0
4858,2773,3,0.3
2948,1488,3,172.0
4856,933,3,6.8
10086,1611,3,295.0
15386,2630,3,206.0
4881,2001,3,240.0
14163,878,3,5.4
9585,2285,3,50.0
7022,2285,3,22.0
16013,1300,3,578.0
1987,1612,3,0.0
17488,2833,3,23.0
4759,1789,3,2.5
5930,1557,3,1319.0
1894,1155,3,92.0
4930,2195,3,9.7
11240,1287,3,6.0
4932,2631,3,329.0
17869,25,3,2.6
15710,1671,3,127.0
8587,2285,3,12.6
5172,2922,3,153.0
15815,2285,3,38.0
6609,2780,3,45.0
5407,2285,3,7.2
7759,1610,3,1.6
10380,897,3,273.0
2007,14,3,33.0
5534,2285,3,36.0
8990,2194,3,522.0
12151,2044,3,0.0
10001,1432,3,3.2
6911,1488,3,365.0
646,1617,3,203.0
8190,2865,3,176.0
2076,1027,3,14.6
15392,1024,3,285.0
7781,343,3,27.0
14014,399,3,3.0
4987,2381,3,7.4
12587,1488,3,705.0
17704,478,3,71.0
4998,1612,3,0.0
12634,1474,3,14.1
8052,2285,3,50.0
5007,2496,3,27.0
4782,25,3,16.0
17027,1832,3,250.0
15137,1612,3,0.1
17609,1096,3,0.0
1913,2285,3,50.0
12883,1202,3,145.0
1037,237,3,209.0
17453,579,3,10.9
1229,68,3,1163.0
5021,1488,3,19.9
5661,1609,3,0.1
5529,1832,3,18.0
5031,1465,3,6.0
7797,2285,3,5.6
7798,1832,3,51.0
15603,2907,3,0.4
5033,594,3,692.0
17712,1488,3,118.0
7803,2452,3,0.6
5041,68,3,257.0
10911,2614,3,0.2
5045,829,3,387.0
8879,25,3,2.2
15990,2922,3,216.0
1331,811,3,5.4
16399,2786,3,13.8
6737,282,3,50.0
9754,1407,3,0.6
10100,2631,3,47.0
7811,2285,3,36.0
7508,1654,3,16.9
5049,1297,3,2.0
11322,944,3,1.6
5053,1610,3,317.0
14471,1189,3,1.9
15470,272,3,7.6
1374,2922,3,61.0
5071,237,3,724.0
5075,882,3,6208.0
5079,1814,3,26.0
8727,1088,3,16608.0
5080,2423,3,491.0
12223,811,3,126.0
16626,2285,3,11.2
5097,272,3,250.0
7835,1488,3,312.0
2333,1450,3,0.3
12407,811,3,150.0
5100,968,3,116.0
8715,1488,3,498.0
9605,1776,3,74.0
7842,9,3,56.0
3615,2285,3,30.0
2192,1827,3,17.5
14438,2922,3,0.8
16387,1578,3,41.0
9990,2340,3,21.0
5109,1304,3,669.0
13966,445,3,10.9
7848,1488,3,230.0
12660,68,3,862.0
5207,2285,3,36.0
14239,1832,3,53.0
11408,1832,3,70.0
7869,946,3,14.2
15766,1549,3,2.6
5860,1488,3,47.0
10443,745,3,62.0
15751,25,3,1.3
2793,1601,3,0.1
13189,1957,3,0.2
13193,1363,3,1.8
7873,1166,3,121.0
4945,594,3,2381.0
10490,811,3,169.0
18018,2922,3,94.0
5166,2285,3,53.0
13509,1488,3,95.0
4833,1488,3,210.0
2251,2631,3,132.0
12764,829,3,2.7
5330,881,3,43.0
1205,2831,3,1031.0
7895,811,3,225.0
7899,2285,3,28.0
1249,1832,3,101.0
16287,997,3,27.0
16295,1776,3,37.0
5902,371,3,94.0
5200,2380,3,1.0
14721,237,3,86.0
5218,2327,3,1.0
3153,1017,3,0.0
4820,98,3,28.0
16279,1832,3,47.0
17737,2439,3,5.7
15955,1782,3,276.0
11942,1026,3,0.4
13717,2285,3,28.0
4488,1608,3,327.0
7898,933,3,1.6
17674,2285,3,24.0
3607,255,3,6.8
5308,572,3,37.0
1329,537,3,19.7
12689,2420,3,45.0
1440,2831,3,1044.0
7935,1832,3,55.0
6079,2831,3,1.6
10598,2922,3,102.0
1117,2496,3,4.3
9409,2285,3,25.0
13657,1832,3,159.0
5334,1302,3,7.4
15755,1884,3,1.6
17141,1488,3,371.0
5342,68,3,329.0
5350,461,3,5.0
8584,272,3,71.0
6014,2285,3,1.2
5856,25,3,27.0
2494,778,3,29.0
2026,582,3,23.0
5266,1737,3,12.2
15122,685,3,58.0
16754,992,3,3.0
8806,2710,3,1.0
4641,692,3,5.1
10393,1832,3,48.0
7749,1326,3,4.8
5741,275,3,271.0
4325,2285,3,26.0
17464,1947,3,45.0
15388,1059,3,0.4
16882,2630,3,211.0
8760,68,3,1947.0
2892,2285,3,56.0
1085,2759,3,74.0
5394,897,3,43.0
7859,1785,3,737.0
5395,864,3,1.3
9835,1488,3,102.0
5397,482,3,0.2
5403,897,3,0.7
14212,1228,3,107.0
5408,2285,3,55.0
5415,2284,3,0.4
15790,1488,3,13.8
7972,311,3,13.9
5280,1321,3,12.9
7702,488,3,111.0
11229,2107,3,5.6
15855,1321,3,41.0
5433,1832,3,45.0
3828,219,3,2.0
5441,2285,3,22.0
5313,811,3,73.0
7979,2096,3,248.0
15850,2536,3,5.8
5452,2831,3,92.0
1061,2285,3,4.8
9891,1937,3,3.7
13834,2285,3,36.0
5250,2876,3,129.0
7997,1340,3,91.0
15306,2285,3,44.0
4332,1832,3,55.0
4634,2775,3,0.6
1129,1594,3,1.0
16388,1189,3,76.0
8014,2285,3,21.0
5509,2285,3,0.9
6618,1876,3,29.0
5516,2733,3,26.0
12718,237,3,2553.0
5525,1832,3,25.0
5533,68,3,1198.0
9802,2526,3,45.0
2351,1821,3,13.2
8021,2285,3,14.2
8022,1020,3,1.3
8025,2546,3,0.1
5520,2847,3,7.5
12716,1685,3,12.0
15865,2922,3,73.0
10079,1488,3,256.0
8042,1030,3,0.0
4475,1166,3,245.0
17361,1488,3,95.0
5120,100,3,97.0
9222,2260,3,13.1
16212,1685,3,36.0
12831,837,3,0.1
5502,1481,3,4.6
5606,1795,3,4.4
8051,1228,3,60.0
13762,1913,3,10.0
12588,2205,3,36.0
1896,2285,3,92.0
4939,314,3,1.2
13674,1937,3,1.1
5621,2195,3,11.1
1558,2576,3,0.2
10764,271,3,146.0
5665,2285,3,40.0
5624,68,3,1726.0
16337,206,3,15.5
1170,2174,3,2.0
1622,2631,3,330.0
4551,2229,3,163.0
5739,1612,3,1.2
14998,565,3,5.3
1113,2285,3,42.0
2824,2842,3,27.0
384,2285,3,1.2
1451,2922,3,87.0
6887,2009,3,38.0
8086,1858,3,5.6
16313,1557,3,360.0
8088,1488,3,13.4
5627,1985,3,66.0
7289,2423,3,3.8
2118,2001,3,22.0
2328,2096,3,104.0
5677,1488,3,64.0
8098,66,3,9.9
4145,368,3,3877.0
2991,1603,3,1.8
8100,944,3,2155.0
2928,1911,3,6.4
13493,2285,3,10.4
16669,953,3,29.0
15925,2423,3,19.0
12928,1488,3,89.0
6895,37,3,175.0
2312,2006,3,0.1
11634,2439,3,31.0
5688,2285,3,52.0
5120,2285,3,10.4
683,14,3,139.0
17379,2490,3,130.0
14283,2526,3,14.3
6388,237,3,2715.0
13902,1080,3,2184.0
16827,2631,3,157.0
8113,672,3,0.1
7905,1832,3,28.0
5059,2783,3,65.0
10635,1128,3,4.8
14265,237,3,1233.0
2632,1128,3,10.6
4313,945,3,8.4
3133,2773,3,1.5
5723,1492,3,977.0
8946,2439,3,283.0
3652,2285,3,42.0
8656,732,3,176.0
5729,1832,3,93.0
5648,732,3,537.0
8064,237,3,204.0
11022,1868,3,0.0
8892,901,3,30.0
17309,2482,3,1.4
7020,2631,3,167.0
5009,1741,3,8.0
17378,1315,3,0.0
17964,572,3,374.0
7736,811,3,193.0
1207,1608,3,2209.0
8115,2195,3,3.8
17366,2399,3,1.4
14036,572,3,36.0
5768,933,3,3.9
16570,1407,3,4.0
3967,2122,3,38.0
17992,415,3,0.3
8157,2923,3,0.6
9319,572,3,145.0
5655,124,3,8.3
5671,1737,3,12.6
4864,1611,3,10.1
5936,2881,3,4.1
8168,2630,3,69.0
80,854,3,58.0
1058,2152,3,2.2
11086,2630,3,525.0
8276,1725,3,14.0
17669,1757,3,21.0
14669,2448,3,0.1
13032,2631,3,10.6
8183,1488,3,696.0
10329,2922,3,169.0
8185,2824,3,98.0
1149,2831,3,42.0
10109,14,3,1126.0
8208,2631,3,126.0
1660,572,3,27.0
6964,777,3,5.6
2465,1362,3,3.9
11815,1690,3,2.0
13820,2285,3,48.0
7395,2448,3,251.0
16480,255,3,2193.0
5745,2285,3,5.9
8199,2897,3,53.0
8811,2285,3,5.6
9533,1488,3,109.0
18273,1832,3,31.0
5117,1832,3,81.0
13838,368,3,4583.0
7624,2285,3,14.0
1776,1488,3,179.0
8213,2106,3,5.7
2478,2721,3,32.0
13073,1488,3,55.0
14710,237,3,622.0
9622,1488,3,105.0
7886,1416,3,0.9
14931,282,3,8.0
13687,2285,3,18.1
5789,1304,3,1740.0
16897,953,3,2.8
17227,1208,3,115.0
14893,1488,3,47.0
10088,2195,3,2.2
12310,68,3,261.0
5660,2285,3,27.0
2696,2285,3,62.0
11750,1596,3,0.5
17546,1617,3,250.0
11898,279,3,281.0
13256,1937,3,0.2
14219,34,3,2.8
8235,1488,3,25.0
3347,1832,3,46.0
16697,1155,3,1430.0
11605,363,3,0.9
16801,279,3,79.0
17889,2255,3,0.7
1848,2285,3,39.0
4162,1488,3,321.0
2610,1838,3,23.0
8242,2505,3,13.0
1912,2285,3,25.0
5891,2285,3,45.0
8550,1771,3,5.0
5787,1655,3,116.0
7146,2631,3,98.0
12034,2285,3,33.0
15994,1611,3,716.0
13103,1792,3,354.0
11675,2831,3,487.0
75,2285,3,14.1
9992,2027,3,0.3
12482,1488,3,83.0
12784,2285,3,4.2
9093,944,3,2.7
5802,302,3,25.0
5150,2285,3,14.5
4653,2433,3,3.2
6089,2496,3,13.8
8255,1832,3,66.0
8256,1983,3,72.0
5805,718,3,22.0
14831,745,3,1.6
4979,376,3,2.9
5496,272,3,1.1
4996,2340,3,20.0
14859,2911,3,1952.0
15240,1785,3,23.0
10515,1201,3,1.1
8267,2285,3,24.0
9555,2630,3,3.8
12951,1851,3,4.4
1341,2831,3,363.0
7910,1976,3,5.8
10003,2831,3,188.0
2024,1832,3,40.0
5773,412,3,39.0
6731,1947,3,258.0
4586,1037,3,20.0
1196,1488,3,2353.0
10748,1552,3,274.0
17715,100,3,260.0
5942,2285,3,63.0
13766,1612,3,0.1
8284,2285,3,84.0
7433,1491,3,1198.0
5914,2285,3,64.0
9973,2526,3,2.3
2765,1488,3,42.0
9189,1202,3,464.0
15608,1407,3,11.6
8293,1655,3,316.0
5882,2631,3,58.0
10797,2285,3,28.0
17370,2726,3,101.0
15471,1985,3,55.0
8295,2285,3,31.0
11002,1596,3,0.4
1562,100,3,123.0
15756,2285,3,44.0
11089,2921,3,0.0
8047,1166,3,251.0
9744,745,3,45.0
4096,2285,3,96.0
5824,2607,3,65.0
7310,2001,3,2.2
12239,2285,3,34.0
8539,2631,3,270.0
7689,2922,3,284.0
7664,2631,3,222.0
5680,1721,3,1.3
11049,425,3,539.0
5900,722,3,1.1
14093,1488,3,117.0
5903,2285,3,35.0
5483,2285,3,0.8
9030,1737,3,2.5
8319,580,3,175.0
2738,1300,3,308.0
3135,1945,3,0.4
14957,2631,3,241.0
5801,1300,3,144.0
17515,1776,3,65.0
5839,1776,3,27.0
8326,1832,3,23.0
1865,1488,3,375.0
8179,1488,3,62.0
8334,2380,3,352.0
8335,1876,3,14.5
14057,2922,3,118.0
10521,2285,3,21.0
4527,864,3,0.8
6293,725,3,51.0
10332,2888,3,56.0
5932,25,3,25.0
13849,2841,3,4.2
5933,1755,3,41.0
2445,1208,3,224.0
10610,2285,3,39.0
4679,722,3,69.0
12916,385,3,0.1
11171,1491,3,3444.0
8359,811,3,80.0
8360,2236,3,21.0
9609,272,3,61.0
11699,1937,3,1.7
11965,946,3,94.0
2816,100,3,63.0
5818,2285,3,31.0
8972,2285,3,2.6
18086,2445,3,7.2
16951,1281,3,331.0
8567,2759,3,0.7
5953,120,3,0.8
7927,359,3,2.8
11897,1488,3,3.8
8378,2630,3,138.0
17553,2568,3,19.6
8382,2496,3,3.8
5963,68,3,247.0
4237,2285,3,15.5
13201,1832,3,39.0
8383,354,3,53.0
6629,1515,3,1.5
14288,2489,3,54.0
8385,1488,3,26.0
8621,2285,3,13.8
3553,1738,3,4.9
5972,2438,3,10.4
18287,237,3,68.0
17116,1612,3,0.2
15404,811,3,149.0
14230,68,3,1087.0
14168,2285,3,21.0
4351,1827,3,35.0
17591,1488,3,189.0
5847,2522,3,9.3
7839,1166,3,16.5
5869,2742,3,5.9
5664,1827,3,85.0
3761,1612,3,0.0
4497,1208,3,48.0
12106,1321,3,9.2
16412,1832,3,40.0
11674,811,3,333.0
8402,2631,3,2.0
12453,2865,3,304.0
14693,745,3,167.0
8860,509,3,93.0
8257,1977,3,2.0
6022,1407,3,0.7
10848,828,3,91.0
4214,292,3,35.0
8413,1832,3,61.0
12273,2308,3,0.5
4388,1106,3,8.8
8418,2285,3,0.9
6044,2285,3,5.3
15430,1576,3,1.6
5995,966,3,3.2
14316,2285,3,1.4
8682,2285,3,51.0
14487,2631,3,153.0
17438,1608,3,2012.0
9591,2192,3,1.0
9647,541,3,110.0
8422,1488,3,252.0
14227,565,3,106.0
4691,1832,3,45.0
10232,2285,3,0.6
1656,1317,3,772.0
12133,17,3,8.8
15054,1628,3,0.8
11692,100,3,150.0
6297,2489,3,26.0
3010,1488,3,99.0
9042,2631,3,92.0
15779,400,3,7.3
6051,1690,3,1.4
5344,68,3,897.0
13973,2423,3,3.2
15805,555,3,319.0
9730,581,3,10.1
3531,1605,3,7.5
6349,811,3,66.0
1972,1944,3,0.5
1361,1407,3,1.4
15611,572,3,108.0
10220,2922,3,97.0
5004,371,3,2.3
4068,638,3,33.0
11563,2780,3,392.0
6048,2285,3,18.4
11276,766,3,80.0
8871,1583,3,1.7
7795,2285,3,41.0
2907,2511,3,307.0
15724,811,3,62.0
16817,2285,3,38.0
1569,2547,3,60.0
16016,2726,3,99.0
5315,2541,3,79.0
10169,2285,3,74.0
17739,237,3,1487.0
10141,723,3,0.4
6252,2195,3,2.3
8469,1612,3,0.3
6004,30,3,2.5
13237,704,3,3.5
11146,828,3,382.0
6006,2631,3,116.0
5353,2285,3,1.3
2263,2285,3,35.0
17214,2285,3,22.0
8484,1044,3,22.0
6065,237,3,2376.0
2882,2441,3,17.6
14015,2285,3,63.0
8529,2285,3,34.0
17593,2285,3,29.0
8747,1488,3,30.0
15383,44,3,140.0
1819,2439,3,229.0
10583,1304,3,135.0
8833,1690,3,1.4
9611,2096,3,0.3
12320,2631,3,67.0
6553,2056,3,1.1
16989,1488,3,53.0
9113,2611,3,2.0
11033,2285,3,12.5
8669,1128,3,48.0
4053,2285,3,28.0
8408,2340,3,1.6
13379,1593,3,3.4
11083,318,3,3.0
2574,1755,3,84.0
7742,2536,3,0.4
17365,200,3,5.4
6575,2612,3,0.4
13852,2285,3,21.0
5536,2285,3,65.0
11028,1596,3,1.8
5055,2412,3,0.3
15830,1208,3,59.0
5219,1543,3,1365.0
3722,1875,3,12.4
8268,594,3,1692.0
3645,1488,3,119.0
8146,1617,3,190.0
7737,2909,3,3.8
5326,368,3,9656.0
18079,2876,3,267.0
5093,1827,3,201.0
15885,1189,3,0.1
2618,1638,3,0.7
7553,134,3,3.2
6532,1832,3,82.0
6502,2285,3,1.4
8762,2195,3,4.3
2297,1957,3,3.3
8129,1776,3,58.0
10682,2710,3,1.6
1234,1937,3,1.8
5092,237,3,10.0
15699,1488,3,16.8
8130,1365,3,0.1
14434,2294,3,1.5
9734,2001,3,74.0
7071,2738,3,1.3
14051,1729,3,0.6
12945,1832,3,34.0
2440,2780,3,377.0
1424,924,3,4.5
16806,594,3,196.0
11765,368,3,1190.0
2625,1080,3,23138.0
5888,2285,3,12.9
18143,128,3,50.0
5188,1488,3,145.0
3430,811,3,158.0
17958,745,3,6.4
6748,488,3,414.0
16360,1058,3,10.8
6859,2285,3,70.0
1832,2285,3,44.0
4168,2611,3,1.9
16505,2619,3,80.0
4889,1228,3,591.0
18167,1628,3,0.5
7559,2285,3,46.0
8735,2726,3,33.0
13756,1947,3,184.0
10172,2769,3,1.0
11531,2726,3,19.0
12244,1488,3,23.0
1935,2285,3,36.0
7045,1488,3,80.0
3110,2639,3,12.1
6316,1838,3,3.6
16707,52,3,153.0
4421,1277,3,12.1
16028,1655,3,1.0
10899,1128,3,265.0
2228,2285,3,83.0
14759,2415,3,4.1
7683,2362,3,2.0
3304,2127,3,0.1
5705,745,3,3.7
12918,2001,3,278.0
6816,2783,3,38.0
8744,1335,3,0.0
2355,2285,3,11.6
12745,124,3,14.9
4273,2726,3,128.0
9341,2639,3,75.0
8910,2922,3,241.0
8225,1958,3,3.0
17526,1479,3,8.1
4198,455,3,70.0
8037,2229,3,31.0
8634,1832,3,40.0
6756,455,3,404.0
6586,2555,3,0.3
5989,2056,3,4.0
11840,864,3,9.6
14674,544,3,1.0
8502,552,3,18.7
5679,2285,3,27.0
10604,1497,3,131.0
8032,1832,3,33.0
14275,2013,3,13.3
6732,1196,3,1916.0
13370,1413,3,0.0
2956,1106,3,0.8
4649,368,3,1842.0
5355,1321,3,6.6
12880,2205,3,0.5
1145,520,3,34.0
6789,2922,3,69.0
72,1397,3,2.6
4880,1044,3,0.9
15300,1878,3,9.6
2800,2619,3,3.4
18077,2922,3,199.0
10816,572,3,969.0
1542,2276,3,33.0
7768,545,3,6.8
9791,2486,3,3.4
3905,1004,3,39.0
4269,1488,3,106.0
15703,2844,3,9.2
5324,624,3,0.0
12502,518,3,4.3
3866,1832,3,41.0
6511,1937,3,0.4
10261,1591,3,5946.0
12624,2285,3,14.6
1105,2488,3,3506.0
8323,2780,3,2.0
6402,1721,3,48.0
13345,2726,3,159.0
5283,1409,3,7.1
16452,1782,3,1.2
4728,2526,3,22.0
6929,2227,3,1860.0
16503,811,3,185.0
8023,811,3,96.0
9416,1488,3,8.0
4657,2726,3,198.0
4893,2028,3,84.0
12985,1488,3,83.0
12475,2285,3,33.0
10164,1785,3,1641.0
14503,2285,3,48.0
5753,2496,3,31.0
1657,1785,3,963.0
1293,2897,3,8.6
7661,2285,3,52.0
12240,2631,3,47.0
9950,2876,3,30.0
13341,1501,3,0.2
16540,915,3,8.7
7291,2576,3,5.2
6678,1781,3,1860.0
3725,1832,3,13.0
1767,2285,3,33.0
14557,2496,3,0.0
17476,2285,3,40.0
1905,1323,3,30.0
1842,2285,3,71.0
12898,2526,3,2.2
9362,2285,3,49.0
4220,234,3,238.0
309,2166,3,17.5
6240,2922,3,615.0
7658,2122,3,17.9
2679,2631,3,185.0
12521,2562,3,0.4
3188,1044,3,11.0
8124,890,3,0.8
8188,2195,3,3.0
1601,1277,3,2.7
14671,2285,3,4.3
3667,1737,3,14.8
14912,1937,3,0.2
3740,44,3,0.3
2464,432,3,20.0
11259,1488,3,139.0
16184,811,3,204.0
16662,2285,3,2.0
4330,281,3,27.0
15999,2285,3,66.0
15997,2630,3,668.0
11163,1832,3,115.0
3963,1166,3,28.0
14672,20,3,4.6
1733,2496,3,41.0
16520,1309,3,11.3
13518,2205,3,1.7
7294,175,3,63.0
14421,1875,3,18.7
14383,1876,3,8.4
9100,2085,3,4.9
10005,1488,3,32.0
4194,2285,3,74.0
5393,1612,3,0.0
17583,2285,3,5.6
5175,816,3,32.0
2998,572,3,187.0
9792,1407,3,1.0
6379,223,3,602.0
5982,1596,3,1.1
26,282,3,52.0
1347,1612,3,0.1
11988,2195,3,10.4
5690,1937,3,7.5
7757,2922,3,98.0
4503,1553,3,952.0
3810,2028,3,0.4
5265,2285,3,67.0
5694,725,3,34.0
3899,2759,3,2423.0
7861,1208,3,2896.0
7763,2855,3,55.0
12677,1228,3,958.0
3813,2136,3,228.0
3407,1583,3,96.0
4149,272,3,229.0
17086,44,3,367.0
4449,1035,3,33.0
13594,2001,3,0.0
13873,132,3,18.7
16180,2639,3,26.0
11436,2526,3,37.0
8206,100,3,306.0
7944,1755,3,8.2
7777,2575,3,1.5
2785,971,3,1.1
16972,112,3,18.5
16410,1030,3,68.0
101,1596,3,1.0
6270,2195,3,10.2
1979,1277,3,9.8
6844,2608,3,0.9
11680,1876,3,0.8
6497,954,3,692.0
1502,2631,3,113.0
9817,1321,3,69.0
13905,1832,3,39.0
13060,2285,3,96.0
5686,547,3,64.0
1247,2500,3,0.2
13641,2439,3,463.0
4201,2630,3,98.0
9635,2285,3,9.6
11215,9,3,57.0
4394,2285,3,0.4
10244,944,3,2094.0
17405,572,3,93.0
3072,897,3,0.3
2326,2285,3,9.8
5163,218,3,2.0
5800,1128,3,35.0
9863,1488,3,813.0
3253,2630,3,304.0
16665,2285,3,0.2
2801,2922,3,111.0
1672,2489,3,34.0
7721,2631,3,87.0
4543,2028,3,0.0
13542,1488,3,37.0
5747,1304,3,733.0
6517,2442,3,121.0
13538,100,3,53.0
9832,1996,3,1.2
10935,2285,3,1.4
11298,2439,3,264.0
14250,1752,3,9.9
17088,2831,3,0.5
14198,100,3,277.0
7608,537,3,46.0
1692,2285,3,48.0
10167,2285,3,22.0
8966,738,3,3.2
3060,100,3,11.4
15479,368,3,2079.0
18294,1196,3,5096.0
1243,2285,3,44.0
6021,2859,3,1.2
15097,547,3,8.2
3546,1525,3,83.0
687,1832,3,39.0
8573,1488,3,9.7
3143,2195,3,19.5
6505,2850,3,67.0
2813,2285,3,1.5
4058,2096,3,2719.0
3814,1659,3,2.0
17576,2285,3,46.0
14044,2398,3,0.0
16645,2831,3,80.0
4937,2285,3,57.0
15442,2285,3,45.0
13199,2285,3,42.0
6322,2349,3,1.1
3845,100,3,30.0
825,142,3,815.0
5736,745,3,0.4
1707,2911,3,769.0
3406,2831,3,345.0
2523,1608,3,2443.0
1782,1488,3,13.3
13353,2389,3,0.4
2482,2496,3,0.8
11548,1208,3,108.0
8580,1488,3,99.0
8683,2922,3,59.0
8785,1488,3,5.5
5770,368,3,2058.0
11220,100,3,213.0
1506,2227,3,382.0
13101,2285,3,17.2
8641,1636,3,45.0
3403,1596,3,1.0
5420,2285,3,6.6
12088,1740,3,66.0
5102,1612,3,0.8
3979,2878,3,3.2
5843,2006,3,9.6
2329,1905,3,39.0
2377,725,3,15.9
17389,2630,3,226.0
10259,2759,3,38.0
16644,1737,3,5.0
4075,1128,3,0.6
15207,2285,3,80.0
9833,67,3,1.8
1256,2148,3,6.1
6613,1878,3,75.0
3303,811,3,297.0
4306,2285,3,3.4
10914,2285,3,45.0
1460,2285,3,53.0
1781,2285,3,9.3
8874,2922,3,14.0
10278,2285,3,40.0
16622,814,3,3969.0
42,614,3,22.0
10791,1488,3,32.0
1551,2285,3,2.9
17283,1781,3,236.0
2789,1497,3,171.0
17982,1557,3,45.0
14513,2285,3,45.0
12765,2285,3,40.0
6036,1166,3,18.1
9250,2403,3,68.0
10267,2285,3,32.0
15493,2831,3,270.0
14511,2478,3,25.0
10572,1407,3,9.7
4986,2922,3,217.0
18247,2047,3,17.6
1628,2285,3,65.0
6009,552,3,0.1
4742,1611,3,21.0
10381,1189,3,0.0
13740,1529,3,70.0
13868,1937,3,0.4
1476,368,3,7827.0
98,100,3,265.0
4072,1419,3,4.8
16943,864,3,0.3
2309,2338,3,1.3
3799,2285,3,43.0
14281,725,3,28.0
2631,237,3,1227.0
115,2484,3,1.9
56,2444,3,11.5
18189,1488,3,9.8
12877,282,3,6.3
13701,1472,3,3.0
4890,1037,3,261.0
4812,1838,3,2.8
12001,944,3,332.0
15490,2285,3,0.5
17658,2929,3,0.0
11824,2285,3,3.4
1411,2098,3,19.5
6775,2922,3,208.0
9346,1947,3,86.0
17684,2285,3,30.0
2940,2285,3,2.4
9425,368,3,5475.0
12493,944,3,356.0
5567,2285,3,0.4
18062,2285,3,109.0
15975,272,3,1.4
17282,2020,3,15.0
4690,1799,3,0.2
3709,2850,3,0.7
6396,1832,3,17.9
16490,2922,3,81.0
3954,2631,3,90.0
11687,1875,3,4.5
16621,1483,3,0.5
9757,368,3,8389.0
8217,2285,3,24.0
7046,255,3,389.0
4650,811,3,48.0
11630,1491,3,202.0
4297,745,3,192.0
9074,1488,3,66.0
7297,920,3,8.0
10407,1776,3,7.6
16437,696,3,2.5
4106,1553,3,8702.0
14431,2285,3,51.0
2226,580,3,70.0
3829,732,3,898.0
8017,1937,3,1.3
6147,537,3,16.0
7515,1479,3,39.0
2607,854,3,22.0
16338,1985,3,53.0
15133,1959,3,5.5
13978,725,3,16.4
11242,1488,3,49.0
18173,2417,3,0.2
9047,2496,3,1.7
3071,2631,3,127.0
11497,1832,3,52.0
2564,2285,3,5.3
2560,302,3,504.0
2082,1321,3,5.1
7134,2006,3,91.0
2475,1128,3,77.0
6461,1281,3,448.0
14896,2708,3,34.0
12341,2892,3,0.4
15743,2285,3,38.0
8254,237,3,1999.0
2168,2922,3,167.0
9649,2831,3,281.0
15840,1832,3,50.0
15244,854,3,32.0
2185,2831,3,238.0
8797,44,3,58.0
16270,25,3,45.0
12350,1655,3,0.2
748,2720,3,7.5
6040,237,3,695.0
10925,2285,3,37.0
7806,1671,3,0.0
12681,1937,3,5.6
1600,1373,3,1.8
14202,2229,3,0.2
16776,2148,3,16.4
12481,1617,3,193.0
1700,2349,3,1.4
5730,1321,3,0.5
3138,659,3,14.0
2633,906,3,0.5
16988,2118,3,41.0
7921,745,3,31.0
17703,1838,3,37.0
1994,1876,3,11.4
13498,1321,3,72.0
9075,368,3,4291.0
12851,60,3,0.4
10076,1488,3,82.0
8174,1721,3,8.0
15690,237,3,203.0
8388,1609,3,249.0
12072,1407,3,2.5
12886,1776,3,9.4
4405,2111,3,0.2
8005,2013,3,20.0
9584,1189,3,1.6
11837,1141,3,46.0
16970,2399,3,2.4
6694,1264,3,1.4
4608,1690,3,0.2
8716,2630,3,128.0
2202,2710,3,0.5
1307,1832,3,5.1
16077,137,3,18.6
11296,2285,3,11.6
1353,2096,3,349.0
4693,1832,3,35.0
9601,1488,3,51.0
15331,2536,3,40.0
13619,2285,3,26.0
1194,2631,3,340.0
10040,2389,3,45.0
14726,1755,3,141.0
10760,68,3,1503.0
8331,1681,3,20.0
8243,2726,3,274.0
11209,271,3,3.3
2307,2285,3,27.0
6109,1488,3,12.8
2479,237,3,30.0
7548,1525,3,18.5
8175,1499,3,1.7
8635,2628,3,196.0
16054,229,3,6.7
11705,1876,3,18.6
5289,2850,3,10.3
10180,1156,3,20.0
1845,1639,3,8.2
7776,866,3,80.0
14232,272,3,224.0
10694,2285,3,54.0
8522,2831,3,29.0
14324,2780,3,228.0
10894,2285,3,22.0
6730,237,3,162.0
16975,2447,3,4.1
17037,433,3,0.8
12096,1721,3,0.9
17936,1041,3,0.9
7968,2285,3,32.0
5095,2511,3,150.0
13025,2380,3,865.0
14323,2285,3,40.0
4209,435,3,8.2
17396,1128,3,112.0
8563,1275,3,5.8
12245,2389,3,25.0
15859,1488,3,13.2
17238,1488,3,80.0
3545,2285,3,38.0
16111,368,3,7563.0
10073,1838,3,0.2
4219,1832,3,36.0
1926,2285,3,19.2
11254,2448,3,0.4
4263,1647,3,284.0
12858,1488,3,102.0
9388,1488,3,16.9
187,1407,3,14.7
16731,2922,3,54.0
5635,2285,3,2.1
14867,2285,3,37.0
13989,2285,3,47.0
14607,1488,3,185.0
12589,1407,3,24.0
3198,2831,3,126.0
12067,368,3,6464.0
15015,2339,3,1.1
10252,255,3,318.0
2980,1488,3,20.0
12913,1488,3,18.3
14767,2309,3,2.2
9604,2631,3,131.0
8999,2001,3,116.0
6032,2027,3,180.0
12358,1166,3,438.0
13218,1488,3,171.0
9562,1785,3,728.0
13691,1037,3,1285.0
1437,1037,3,72.0
11431,2922,3,89.0
12082,142,3,311.0
17686,2780,3,107.0
8527,2098,3,0.8
14945,1557,3,2.1
12959,1488,3,23.0
4770,303,3,97.0
1474,52,3,75.0
6239,302,3,85.0
2730,1604,3,1.5
3572,2638,3,42.0
7638,811,3,330.0
1513,368,3,5689.0
17926,864,3,0.6
7156,1662,3,52.0
4328,303,3,114.0
17332,935,3,3.3
18285,1947,3,57.0
9359,2285,3,7.3
8887,1832,3,8.4
2423,2285,3,8.6
9381,2576,3,4.9
15131,1610,3,0.4
1257,1659,3,1.6
2533,725,3,115.0
3447,1612,3,0.1
15900,2285,3,18.9
9527,2708,3,116.0
15625,2630,3,263.0
10118,1947,3,6.2
17843,2285,3,53.0
11591,725,3,59.0
6998,2441,3,0.0
13428,1389,3,114.0
12260,2285,3,33.0
14821,580,3,38.0
2459,2285,3,37.0
11260,74,3,0.3
3827,1832,3,108.0
1752,1321,3,68.0
11428,2875,3,3.0
9065,1655,3,420.0
4208,2780,3,80.0
9202,368,3,3189.0
9845,1861,3,0.4
4764,1488,3,5.0
5435,1612,3,1.6
5572,1832,3,44.0
2253,2056,3,0.8
10592,2922,3,78.0
9149,1473,3,2.8
10151,1612,3,5.0
8377,2780,3,128.0
5947,2780,3,17.0
3900,1612,3,0.3
11010,1628,3,0.3
2807,1583,3,278.0
2129,2285,3,44.0
17929,2285,3,79.0
16045,1832,3,31.0
16315,1362,3,6.6
1509,2285,3,32.0
11867,1000,3,0.9
15662,1776,3,66.0
10991,1488,3,7.1
12779,2710,3,0.7
4298,811,3,161.0
14970,282,3,36.0
9120,1471,3,1248.0
1710,1531,3,24.0
5181,2285,3,51.0
1007,1814,3,25.0
1682,1073,3,0.4
2509,2122,3,73.0
13581,1488,3,64.0
3749,2285,3,37.0
10078,272,3,3.2
3063,98,3,30.0
8508,2536,3,1.2
2736,2285,3,31.0
14399,2255,3,3.0
6878,274,3,0.0
1770,2438,3,7.2
15328,1832,3,68.0
1949,2780,3,153.0
8300,1036,3,32.0
4999,1827,3,75.0
1051,2639,3,34.0
7213,272,3,116.0
15974,811,3,76.0
3475,725,3,18.2
130,2922,3,280.0
18153,2219,3,2.5
998,944,3,1926.0
4959,2285,3,33.0
9095,1638,3,3.9
1621,2922,3,150.0
11324,797,3,1.0
12438,2654,3,7.7
12876,2710,3,7.7
6205,2285,3,55.0
10882,368,3,3593.0
10313,2285,3,40.0
12426,2922,3,57.0
8731,610,3,7.4
9997,1878,3,0.1
11419,2285,3,63.0
9099,2512,3,15.6
9582,2487,3,1.2
6885,14,3,321.0
7985,2564,3,46.0
6593,2285,3,35.0
9364,1986,3,12.6
3885,1625,3,25.0
2583,240,3,0.1
10447,368,3,5596.0
4733,1166,3,97.0
15851,1488,3,224.0
9021,1488,3,81.0
11993,1321,3,8.4
2249,1937,3,0.0
8949,1202,3,23.0
12967,1321,3,48.0
11169,1321,3,12.0
1230,1208,3,221.0
14722,368,3,1921.0
2264,2285,3,16.4
1864,237,3,3880.0
11586,1155,3,0.5
8493,1876,3,15.9
10047,2339,3,550.0
8043,2285,3,8.6
3770,1583,3,18.3
11911,828,3,286.0
17023,1488,3,61.0
3282,1155,3,0.3
3498,864,3,4.0
8026,305,3,2.9
3914,2095,3,11.2
17899,1655,3,1.2
7518,2780,3,319.0
12331,2865,3,174.0
17180,1096,3,0.4
2387,2122,3,1.4
15292,25,3,33.0
5162,1638,3,0.3
15019,1776,3,44.0
11199,1805,3,394.0
15810,1785,3,699.0
303,2285,3,32.0
7473,777,3,5.0
1817,1643,3,1092.0
1053,2339,3,16.9
13449,296,3,104.0
13640,2922,3,186.0
3230,2610,3,0.1
4599,1832,3,6.3
6803,1369,3,0.0
2729,1776,3,92.0
3047,2285,3,8.3
2898,100,3,172.0
1108,2285,3,76.0
13052,1622,3,7.0
16939,2285,3,60.0
9743,2403,3,42.0
8556,2786,3,39.0
188,2780,3,132.0
16407,1982,3,16.1
6332,1468,3,4.1
4132,368,3,1732.0
17654,2489,3,1.1
12721,237,3,1828.0
7457,1155,3,409.0
11071,1488,3,15.4
16310,1321,3,22.0
8668,1557,3,127.0
14910,2285,3,30.0
211,766,3,2.1
119,2285,3,61.0
10194,1804,3,0.4
9059,1707,3,3.0
9942,2285,3,23.0
3521,2013,3,0.2
11714,2285,3,1.0
14105,2285,3,37.0
13143,2285,3,40.0
7393,2876,3,299.0
17435,2285,3,45.0
16526,1488,3,14.3
17327,2876,3,1194.0
1504,2827,3,11.4
10013,1488,3,462.0
4623,1755,3,22.0
5715,1832,3,56.0
9710,1488,3,318.0
622,2285,3,50.0
9190,564,3,668.0
4430,1628,3,0.5
13635,614,3,13.8
1263,1609,3,4.0
11258,2831,3,58.0
4258,1407,3,9.0
8562,2759,3,1142.0
802,1937,3,1.0
14424,2285,3,18.8
3361,1317,3,0.0
11415,1151,3,8.7
16822,2831,3,248.0
5099,1491,3,2110.0
235,1832,3,59.0
11404,2627,3,12.6
4969,1488,3,426.0
15021,725,3,91.0
17898,2013,3,3.4
10531,1488,3,26.0
3977,1596,3,0.4
5211,359,3,2.1
12259,1655,3,0.8
1481,1720,3,0.2
13469,656,3,141.0
10542,2285,3,59.0
10388,1784,3,77.0
3151,1208,3,310.0
2300,368,3,4997.0
17945,1135,3,1.3
1067,1155,3,363.0
17190,2340,3,31.0
8236,1721,3,863.0
16838,2285,3,55.0
18142,2922,3,72.0
5881,282,3,44.0
8397,2195,3,14.0
11893,2444,3,8.6
6067,682,3,7.7
3624,1488,3,30.0
951,1832,3,17.3
8393,1407,3,0.5
1156,1407,3,0.2
8743,1488,3,843.0
5173,2285,3,59.0
18251,2285,3,58.0
11891,1832,3,44.0
4912,1986,3,36.0
2959,1228,3,43.0
17326,1661,3,14.1
4245,2001,3,22.0
3205,2462,3,74.0
9455,2285,3,35.0
17013,2285,3,48.0
12691,2285,3,70.0
5585,580,3,40.0
16472,1488,3,192.0
2124,1203,3,117.0
5361,2285,3,47.0
12804,2285,3,74.0
18175,368,3,8482.0
4887,2380,3,235.0
4669,1827,3,25.0
6465,2221,3,168.0
8038,2708,3,0.8
10654,25,3,31.0
15944,1155,3,282.0
10403,368,3,2272.0
8061,1937,3,1.6
17050,1720,3,3.8
16171,1488,3,5.9
18301,1637,3,32.0
13491,811,3,87.0
4440,1465,3,555.0
12673,725,3,132.0
16966,1407,3,5.4
12927,1128,3,4.6
1458,68,3,397.0
1217,237,3,1707.0
3147,2922,3,58.0
14946,2844,3,17.9
14087,1701,3,0.5
17983,2439,3,101.0
14837,2922,3,177.0
11261,857,3,0.1
4362,1228,3,334.0
12583,549,3,111.0
17295,2850,3,77.0
4817,2122,3,4.1
6470,1473,3,2.4
6338,1655,3,19.2
9994,2285,3,40.0
5433,272,3,112.0
9530,25,3,5.4
3689,1356,3,1.4
18221,2654,3,123.0
6204,1407,3,1.1
12620,142,3,3.6
17650,1690,3,2.4
2946,1027,3,32.0
2965,2489,3,23.0
10353,2205,3,46.0
788,2285,3,53.0
8606,1488,3,38.0
10664,100,3,503.0
13466,2095,3,1.0
10143,2285,3,46.0
18034,2285,3,47.0
12925,2285,3,43.0
6398,1776,3,3.5
16569,2148,3,27.0
10162,1985,3,725.0
10210,98,3,563.0
13862,1832,3,36.0
16523,1973,3,0.3
1995,2285,3,15.0
15481,68,3,1381.0
3266,1166,3,85.0
17969,2205,3,26.0
16162,2726,3,302.0
9735,2630,3,251.0
18257,2922,3,69.0
4705,2127,3,1.0
5012,864,3,1.4
7747,272,3,1.4
11811,725,3,2.7
16509,2630,3,45.0
14450,2922,3,191.0
232,1937,3,0.1
8991,2285,3,54.0
14191,1175,3,0.3
5425,919,3,0.4
3165,1785,3,316.0
8487,2285,3,57.0
6185,2285,3,38.0
17502,2285,3,43.0
897,2526,3,23.0
3279,2285,3,62.0
8720,2285,3,35.0
8849,2195,3,19.7
5017,2710,3,33.0
12414,1982,3,23.0
1372,1530,3,4.8
2069,1721,3,655.0
12251,1187,3,0.4
3795,1557,3,407.0
16946,2922,3,104.0
5994,1520,3,38.0
11771,1721,3,86.0
4743,2285,3,53.0
16876,1128,3,146.0
16272,1557,3,1581.0
14858,1781,3,285.0
1163,2285,3,35.0
9628,1228,3,161.0
8597,2195,3,15.1
9182,1947,3,10.4
13071,2285,3,26.0
15185,1596,3,0.7
12060,823,3,314.0
18234,77,3,6.4
8441,2688,3,4.5
16587,2886,3,0.0
9523,2285,3,31.0
1561,37,3,0.2
4914,368,3,780.0
13741,2285,3,54.0
15413,555,3,9.3
12706,2630,3,145.0
17508,1317,3,0.3
14728,811,3,5.8
14303,2285,3,51.0
2247,2285,3,50.0
7250,368,3,6660.0
8969,2780,3,0.0
14817,368,3,6874.0
6987,1720,3,80.0
11447,2221,3,1078.0
881,1655,3,150.0
8456,1947,3,32.0
12853,1583,3,19.0
1751,538,3,0.5
10867,2285,3,11.4
2685,9,3,6.2
15119,1991,3,12.7
2953,2285,3,35.0
13999,140,3,25.0
15679,1781,3,18.8
13270,69,3,23.0
12725,1876,3,11.0
4626,1488,3,72.0
8314,1488,3,29.0
12129,368,3,6676.0
7502,1488,3,498.0
13369,1128,3,233.0
8436,2195,3,3.1
4048,1151,3,0.2
1367,392,3,5.1
4951,2285,3,42.0
1639,1557,3,670.0
11327,2285,3,8.4
17886,1030,3,10.4
1681,530,3,24.0
13990,2285,3,15.5
7893,1608,3,1089.0
5795,2630,3,3.4
6064,2336,3,21.0
8955,670,3,127.0
5813,1128,3,1.2
13807,1583,3,57.0
1378,2631,3,188.0
16132,1838,3,2.1
11057,745,3,73.0
10801,2285,3,69.0
3262,811,3,119.0
10239,1832,3,95.0
14777,1166,3,571.0
14493,1785,3,666.0
10347,574,3,8.6
12647,2471,3,15.2
5180,1609,3,0.5
13864,2132,3,0.2
5544,2285,3,7.1
7651,2780,3,98.0
3395,1832,3,29.0
15908,2285,3,3.0
15800,1155,3,2300.0
16172,68,3,650.0
14819,2106,3,44.0
1633,2285,3,63.0
8071,42,3,159.0
10792,2292,3,105.0
11554,272,3,50.0
12026,2831,3,4224.0
10102,1189,3,694.0
15079,732,3,682.0
1452,2831,3,193.0
2646,2142,3,89.0
16160,2365,3,0.0
29,2630,3,165.0
4774,1208,3,13.8
751,1488,3,208.0
10755,1832,3,11.0
9699,811,3,228.0
5602,2285,3,29.0
3432,2285,3,53.0
12982,2285,3,8.1
3294,1044,3,12.8
10538,2285,3,47.0
10614,2833,3,16.8
10545,743,3,3.8
7318,1488,3,1113.0
14769,1832,3,59.0
10223,2922,3,50.0
1055,579,3,36.0
2839,198,3,0.5
7691,2285,3,7.4
18038,2285,3,17.7
5003,2285,3,40.0
9603,1557,3,1357.0
8093,2285,3,16.9
17558,1875,3,10.7
15973,1342,3,31.0
42,1277,3,1.9
13773,1397,3,4.6
15803,1596,3,3.4
5228,2844,3,12.7
6602,2285,3,46.0
7947,237,3,422.0
4921,2448,3,75.0
14563,2008,3,129.0
9642,1832,3,6.4
1162,2087,3,0.5
7887,816,3,26.0
12920,52,3,2.7
6600,2195,3,1.6
12193,2922,3,63.0
4900,2281,3,1.6
6651,1805,3,34.0
11178,944,3,633.0
15342,2424,3,46.0
8672,2710,3,0.7
11787,2056,3,0.0
949,2489,3,10.2
9495,2876,3,133.0
12069,1832,3,7.2
8636,1039,3,2.4
16504,2631,3,155.0
6689,1832,3,85.0
15832,68,3,1137.0
17032,2630,3,101.0
3397,1317,3,172.0
1686,2227,3,513.0
15303,1945,3,0.3
13650,2922,3,44.0
16760,1937,3,7.4
14866,368,3,7909.0
4036,685,3,18.6
10863,2285,3,33.0
2750,2285,3,22.0
6326,935,3,2.4
15798,2631,3,14.0
4256,2227,3,626.0
5444,1488,3,232.0
1527,2055,3,8.2
15513,2298,3,12.7
7412,1832,3,43.0
11774,1488,3,47.0
4407,2783,3,98.0
3264,629,3,0.9
15795,1304,3,939.0
14485,725,3,84.0
4809,2562,3,13.7
4960,1612,3,0.0
60,2243,3,16.4
18187,2195,3,5.1
7843,2285,3,19.5
6945,2285,3,3.7
3548,2631,3,171.0
18041,2562,3,1.5
13212,2844,3,15.7
17047,1832,3,55.0
15443,2285,3,55.0
1924,2630,3,752.0
10519,1488,3,3.2
4268,2865,3,679.0
14745,1612,3,0.1
3281,215,3,0.0
10394,2856,3,7.5
9932,2285,3,22.0
6200,1832,3,81.0
12030,2285,3,16.6
5659,1832,3,5.2
1968,1370,3,0.2
6990,1612,3,0.1
7370,2285,3,31.0
2416,2285,3,46.0
4345,1543,3,1.9
2670,1774,3,0.9
16627,1488,3,135.0
5825,2627,3,1.6
13158,2053,3,26.0
13240,1838,3,103.0
9094,1488,3,788.0
3588,1488,3,1.0
4319,237,3,51.0
14516,1838,3,40.0
3561,2285,3,45.0
13494,2499,3,12.4
12397,1321,3,76.0
8651,897,3,1.8
15367,1488,3,89.0
13694,2122,3,53.0
18000,1680,3,10.1
1774,1548,3,0.4
6371,2285,3,27.0
18245,1277,3,1.2
65,2285,3,34.0
13373,1737,3,2.3
5599,1659,3,8.6
2337,1937,3,0.5
1139,368,3,1195.0
13570,2285,3,22.0
11237,368,3,6640.0
1081,2285,3,18.9
16934,1776,3,30.0
6467,1737,3,24.0
10859,2285,3,38.0
10500,1155,3,789.0
12790,2285,3,15.7
3128,811,3,175.0
10623,2285,3,39.0
6701,14,3,44.0
12750,1832,3,26.0
9870,2285,3,55.0
6161,944,3,921.0
7992,2639,3,48.0
15349,897,3,3.0
14651,1443,3,21.0
4239,1488,3,28.0
11721,2285,3,22.0
10819,36,3,2.9
3270,1037,3,219.0
8575,1662,3,1.9
9846,944,3,445.0
1392,1832,3,63.0
1126,1838,3,6.9
13889,2842,3,42.0
5746,272,3,3.7
3508,2285,3,14.2
16041,2016,3,2.8
16812,237,3,819.0
9811,664,3,1.1
4659,2285,3,27.0
15106,2922,3,32.0
840,2228,3,36.0
3958,1596,3,1.0
4504,2075,3,4.6
17130,1713,3,6.0
7838,2630,3,346.0
9037,35,3,1.3
2400,2285,3,45.0
13607,1876,3,29.0
8207,237,3,82.0
14363,1827,3,94.0
8015,2122,3,55.0
12178,1612,3,0.2
401,501,3,303.0
7827,2229,3,3.0
5409,745,3,2.1
11887,2285,3,0.4
12801,2630,3,980.0
12640,2922,3,112.0
17274,811,3,103.0
10236,1488,3,114.0
14789,1491,3,1313.0
10440,580,3,38.0
5335,1832,3,52.0
15659,679,3,0.3
5351,1755,3,1011.0
10704,1832,3,1.6
16692,2657,3,2.7
17967,1024,3,4.6
11017,1721,3,1.2
10686,1776,3,26.0
18254,1321,3,7.1
3519,2285,3,20.0
10072,2027,3,1.6
12434,2886,3,6.4
1876,1488,3,7.4
15160,1488,3,87.0
12473,1737,3,13.8
6552,1128,3,8.4
7017,368,3,602.0
18069,1718,3,3518.0
17494,2630,3,223.0
7814,2526,3,10.6
17451,2922,3,29.0
12270,1488,3,193.0
5287,2285,3,0.5
2913,811,3,119.0
9108,2285,3,68.0
2648,2340,3,273.0
17239,1937,3,1.4
13836,2285,3,37.0
18209,1876,3,62.0
12581,1827,3,32.0
6755,1189,3,0.2
1357,1937,3,0.6
15457,2630,3,160.0
14775,1918,3,27.0
12215,211,3,0.0
17019,2563,3,1.5
1589,2285,3,7.0
13781,2456,3,11.9
14103,1228,3,88.0
7576,1781,3,384.0
7185,2285,3,19.7
4619,100,3,0.1
15700,2743,3,5.6
15775,1557,3,1.8
3001,1832,3,10.4
16450,791,3,994.0
7302,2703,3,1.1
12505,1492,3,4448.0
11518,2229,3,469.0
12747,2710,3,37.0
17205,814,3,0.9
4383,2444,3,28.0
9917,2783,3,37.0
12830,1370,3,4.4
2727,1838,3,64.0
10144,1488,3,13.7
14354,1407,3,2.5
2041,2298,3,1.0
14907,1488,3,55.0
10977,1832,3,31.0
9412,1488,3,92.0
12321,2710,3,0.9
2135,1488,3,149.0
11388,2285,3,51.0
8657,2285,3,13.5
2876,237,3,165.0
18166,711,3,318.0
11234,2403,3,105.0
17316,1721,3,79.0
1116,2285,3,3.5
8177,556,3,0.6
1287,1612,3,0.2
10376,816,3,10.7
138,1128,3,18.3
18051,1721,3,118.0
9936,368,3,9800.0
15486,2285,3,18.6
13349,237,3,420.0
5065,354,3,5.5
11109,2285,3,9.1
8610,2475,3,3.3
9996,1018,3,0.3
11380,1488,3,17.9
5938,1488,3,12.3
15910,2285,3,1.8
13789,614,3,152.0
16640,2285,3,1.0
12688,2285,3,39.0
10902,1690,3,1.7
17866,475,3,299.0
10291,2850,3,4.0
7300,2285,3,18.8
12496,2285,3,41.0
4694,368,3,4859.0
4892,565,3,56.0
16906,312,3,15.5
16134,1488,3,203.0
10998,169,3,1.2
1938,1206,3,208.0
4763,2285,3,20.0
185,2922,3,82.0
14314,1832,3,37.0
15005,2110,3,1.1
7616,2860,3,0.9
3315,1321,3,1.3
1908,163,3,34.0
1109,1488,3,88.0
16339,915,3,1.8
13160,1832,3,62.0
5748,1832,3,63.0
12122,1473,3,0.4
9404,2266,3,0.3
8800,913,3,5.1
12094,2285,3,51.0
14043,854,3,17.5
14719,2195,3,8.0
12722,2619,3,7.9
15995,368,3,4498.0
3950,2285,3,56.0
13705,1937,3,1.0
4845,2630,3,514.0
8798,404,3,18.6
3064,712,3,1030.0
2763,237,3,970.0
4377,1617,3,309.0
7896,2285,3,42.0
11585,271,3,48.0
10039,2591,3,3.0
6359,1488,3,26.0
14306,2922,3,78.0
17698,1838,3,0.8
1327,368,3,1603.0
14200,1875,3,17.1
13784,44,3,498.0
1596,368,3,4136.0
7609,1937,3,2.2
10581,828,3,93.0
10178,2285,3,33.0
12243,725,3,1.7
16267,1488,3,66.0
10866,1832,3,40.0
15468,2841,3,39.0
3272,2229,3,106.0
789,2028,3,1.7
8486,2328,3,2.2
3127,723,3,2.7
5000,2285,3,56.0
8202,1533,3,0.4
17338,2639,3,20.0
10082,1199,3,5.0
15970,368,3,976.0
10895,1610,3,8.8
15216,1838,3,1.0
6529,1128,3,17.9
3088,1245,3,16.6
2190,2876,3,100.0
13276,1342,3,5.9
16968,2070,3,4.8
6752,1407,3,2.3
3924,972,3,12.9
4926,2631,3,87.0
13941,1785,3,35.0
2569,1596,3,0.1
11748,74,3,1.0
1706,265,3,3.6
9478,368,3,3563.0
7794,1488,3,136.0
16336,2285,3,30.0
15040,1488,3,15.2
12377,1721,3,120.0
14004,2780,3,177.0
1403,762,3,2.3
15706,2831,3,3.3
9468,368,3,6115.0
9786,1488,3,1095.0
14041,1037,3,38.0
1539,622,3,42.0
6315,2733,3,0.5
9067,2631,3,19.6
15182,1488,3,50.0
11187,854,3,128.0
1048,1488,3,101.0
2492,2285,3,63.0
4586,368,3,1073.0
17179,2056,3,0.3
17287,1876,3,18.3
5652,1340,3,33.0
1482,1488,3,41.0
1011,2285,3,15.3
4375,811,3,281.0
3014,2195,3,24.0
16291,944,3,403.0
11596,1832,3,38.0
17501,944,3,1373.0
5733,1557,3,772.0
5990,897,3,107.0
1498,1488,3,39.0
3377,1432,3,2.8
11743,297,3,67.0
16174,1167,3,30.0
577,371,3,3.8
10242,368,3,242.0
847,1827,3,8.0
15431,1823,3,10.6
11042,2638,3,131.0
17925,2844,3,3.8
14542,944,3,1257.0
17192,2285,3,38.0
15964,1035,3,139.0
5817,2285,3,29.0
6995,811,3,74.0
11372,1838,3,5.4
1566,2922,3,101.0
11659,1988,3,5.4
4903,811,3,195.0
1350,1866,3,0.0
11143,1721,3,57.0
5945,811,3,252.0
5338,2710,3,1.4
10014,98,3,35.0
14715,2562,3,13.1
7792,682,3,78.0
16480,572,3,81.0
18197,555,3,23.0
18013,2285,3,0.6
10331,2630,3,490.0
7682,1155,3,412.0
15963,2585,3,40.0
2315,518,3,0.7
288,2922,3,698.0
12306,1776,3,1.0
2510,2824,3,0.2
16733,2865,3,4.6
13724,1620,3,0.2
16699,924,3,141.0
3398,2512,3,6.1
3025,2285,3,27.0
6093,2630,3,634.0
18136,2630,3,203.0
5699,682,3,9.6
1488,1596,3,2.6
16949,2195,3,9.1
17582,2285,3,50.0
15640,2285,3,1.0
6085,602,3,357.0
241,1832,3,42.0
10685,2922,3,69.0
8565,2285,3,33.0
17856,25,3,0.2
14659,811,3,70.0
15078,368,3,4961.0
4938,1488,3,567.0
17819,2630,3,219.0
9382,368,3,6009.0
10127,1990,3,0.3
17321,2455,3,0.2
4141,272,3,1.0
12002,368,3,10434.0
12771,1827,3,64.0
2661,2285,3,0.9
6127,2148,3,2.6
9000,2922,3,66.0
9230,1228,3,222.0
12895,1612,3,0.2
3320,2112,3,350.0
7700,1488,3,40.0
3484,2630,3,1.5
6340,1037,3,732.0
17773,1721,3,152.0
7491,1488,3,659.0
11744,368,3,4768.0
11368,1488,3,370.0
148,944,3,3.6
18274,1488,3,146.0
17959,1277,3,11.4
13059,2285,3,85.0
11106,2922,3,57.0
15580,55,3,0.6
17049,711,3,98.0
17979,2285,3,30.0
12250,1878,3,2.3
13697,2366,3,1.7
11666,811,3,65.0
10517,77,3,478.0
12513,1617,3,168.0
10501,1488,3,40.0
14683,2831,3,237.0
4989,1832,3,70.0
8465,2285,3,28.0
4086,89,3,3.0
7345,2285,3,0.8
1068,725,3,32.0
7672,1937,3,0.5
10008,2922,3,102.0
6302,2195,3,12.9
10778,1946,3,0.0
17859,1776,3,13.7
18101,1890,3,0.2
5293,743,3,57.0
9988,2497,3,11.9
3107,2285,3,29.0
5548,2285,3,44.0
8549,2439,3,10.3
15914,1609,3,161.0
9295,1838,3,0.2
3330,2922,3,123.0
1943,2339,3,82.0
12249,2842,3,2.2
16286,2922,3,75.0
9083,2285,3,56.0
4819,1619,3,1.6
3023,1166,3,21.0
5186,371,3,4.3
8011,1488,3,5.9
12540,368,3,2507.0
8601,2631,3,44.0
17524,1488,3,55.0
8419,2392,3,11.0
2680,1087,3,21.0
1563,811,3,186.0
1137,2654,3,51.0
17173,2630,3,180.0
12506,2780,3,3.7
16212,237,3,330.0
44,368,3,3879.0
2796,2285,3,35.0
11383,2285,3,33.0
1302,387,3,54.0
14402,1407,3,0.0
11288,1832,3,80.0
4706,2020,3,0.5
7542,1832,3,185.0
2101,2285,3,5.1
16955,2001,3,121.0
3886,48,3,117.0
14274,106,3,0.2
12174,1407,3,7.4
6822,2547,3,7.2
6285,1832,3,64.0
1982,2285,3,44.0
17266,2923,3,0.9
10064,1655,3,101.0
17510,1488,3,93.0
9034,2726,3,0.6
8994,2430,3,10.3
1931,237,3,2476.0
11583,1488,3,164.0
6894,2285,3,45.0
2105,783,3,90.0
1889,1838,3,0.6
10163,2195,3,2.5
14736,2610,3,9.6
8342,818,3,4.2
3368,1488,3,69.0
7500,1488,3,88.0
1417,1455,3,2.4
11574,897,3,530.0
10944,1690,3,1.8
14895,1612,3,0.1
1391,1488,3,2.8
15338,997,3,21.0
9706,1155,3,0.5
15288,549,3,209.0
2975,2726,3,2.6
3179,1717,3,16.8
9395,1717,3,1.6
15430,2780,3,290.0
11222,2922,3,84.0
16143,68,3,345.0
12372,2837,3,26.0
14494,237,3,136.0
16819,2285,3,41.0
11087,2380,3,409.0
5771,223,3,111.0
2955,572,3,283.0
3344,2285,3,36.0
17420,1524,3,1.3
11724,2477,3,0.2
10832,753,3,1.0
13892,1832,3,7.1
13137,2510,3,21.0
10410,1488,3,72.0
3627,2781,3,1.8
17621,1832,3,28.0
7212,828,3,11.9
14378,745,3,0.7
12878,2630,3,3052.0
15738,2285,3,14.9
2693,2886,3,13.4
4462,1041,3,2.9
11035,1638,3,109.0
1744,2802,3,74.0
6166,919,3,0.8
13361,1611,3,0.6
14061,1612,3,0.1
7125,2285,3,7.7
11704,1544,3,24.0
11987,2189,3,19.4
16650,933,3,28.0
7598,44,3,578.0
15658,1488,3,122.0
1453,2562,3,0.4
4262,2285,3,17.0
1783,2876,3,151.0
13811,2106,3,11.7
17490,2366,3,5.0
9849,1557,3,1119.0
13707,897,3,164.0
4171,2922,3,174.0
1369,2922,3,83.0
1219,1986,3,4.0
16408,1488,3,99.0
8841,725,3,23.0
9877,1690,3,0.8
15556,1800,3,0.1
17219,2285,3,1.4
15502,2851,3,6.5
13274,2488,3,5856.0
8749,1087,3,1.5
16314,1240,3,48.0
7808,128,3,18.0
16840,2357,3,10.2
6074,1275,3,14.0
12037,1214,3,1.4
3655,2436,3,0.4
7390,1497,3,11.2
5332,1450,3,8.1
1284,237,3,19.0
7126,1488,3,154.0
4696,2285,3,0.2
15380,2922,3,95.0
3753,2195,3,0.9
4427,1774,3,2.0
2203,1596,3,0.7
10968,2285,3,123.0
2062,2285,3,19.0
406,1832,3,35.0
12755,1960,3,254.0
9137,2285,3,11.4
1629,897,3,791.0
4741,1488,3,395.0
2923,2922,3,130.0
6905,1488,3,78.0
10566,828,3,192.0
6393,797,3,21.0
17198,2917,3,6.0
2109,1488,3,53.0
3100,1488,3,1926.0
4282,1488,3,94.0
1009,1721,3,87.0
9312,1937,3,1.0
4189,1596,3,0.8
7033,2922,3,79.0
14204,1488,3,119.0
17172,2285,3,0.2
9873,166,3,1.5
17907,454,3,0.6
9040,2780,3,75.0
142,2285,3,85.0
13546,2598,3,6.6
10625,1208,3,22.0
4071,2922,3,136.0
3629,1488,3,110.0
9103,1488,3,160.0
5633,368,3,3598.0
3473,1424,3,2.2
3316,2285,3,83.0
12029,1488,3,351.0
3022,1228,3,477.0
6092,2922,3,75.0
14286,2285,3,13.8
12286,1884,3,0.4
4296,68,3,499.0
4327,682,3,5.5
8552,946,3,146.0
16254,1316,3,11.8
17570,1277,3,6.1
7758,2630,3,182.0
539,1488,3,40.0
10122,1488,3,172.0
5238,1488,3,273.0
6571,2923,3,0.5
5367,1488,3,110.0
16091,1488,3,123.0
2083,2285,3,0.3
10093,129,3,812.0
5469,732,3,1727.0
18283,1488,3,1777.0
9866,2285,3,69.0
12390,1472,3,3.6
17854,1488,3,4.7
4616,25,3,36.0
10083,2723,3,2.6
2735,2285,3,18.7
8903,2726,3,57.0
12435,2556,3,7.3
5169,811,3,225.0
8758,1128,3,4.0
17519,2726,3,102.0
11053,1488,3,179.0
3140,132,3,40.0
4721,1488,3,50.0
10286,1832,3,105.0
8534,2423,3,54.0
13334,1488,3,471.0
16839,2639,3,64.0
1980,368,3,6010.0
6504,796,3,2.2
7102,2285,3,18.4
7400,1228,3,1277.0
13454,1596,3,0.2
13808,1488,3,0.7
921,68,3,0.9
15906,1832,3,112.0
11751,1166,3,322.0
6305,2195,3,17.4
6088,1208,3,47.0
14260,1838,3,2.7
5905,2285,3,6.5
17286,1133,3,0.4
5889,2631,3,96.0
18255,2096,3,385.0
16983,2914,3,19.1
9166,2285,3,34.0
1941,811,3,21.0
1245,1913,3,13.1
9971,2285,3,42.0
4907,2922,3,31.0
10932,2489,3,42.0
17418,2619,3,126.0
9798,1609,3,10.3
10446,2413,3,0.0
2781,2298,3,35.0
2367,944,3,659.0
1655,1876,3,5.5
17805,743,3,20.0
13278,2285,3,35.0
7762,2631,3,8.6
11452,1409,3,20.0
13869,2285,3,21.0
12520,368,3,8761.0
7901,1488,3,3.4
12017,1488,3,9.7
12678,2831,3,56.0
17242,1784,3,444.0
10315,1757,3,30.0
14164,237,3,257.0
14849,368,3,5199.0
2250,2285,3,40.0
70,2285,3,18.2
3114,2285,3,16.5
11542,2285,3,22.0
9976,282,3,2.9
6977,2285,3,52.0
2023,2547,3,0.0
884,2596,3,170.0
4147,1035,3,9.2
8479,1596,3,1.8
7316,237,3,2091.0
3016,426,3,45.0
15365,2285,3,38.0
2542,2922,3,167.0
10145,2285,3,55.0
10338,2285,3,30.0
8189,2710,3,6.8
14065,2922,3,61.0
15595,2922,3,54.0
17668,461,3,171.0
15681,2285,3,58.0
15891,2922,3,87.0
5185,2639,3,6.7
15201,2161,3,229.0
9672,2285,3,49.0
3541,1030,3,58.0
3991,1228,3,64.0
13787,2142,3,110.0
5168,1488,3,263.0
279,1488,3,92.0
1852,732,3,3.1
11110,2285,3,0.8
7031,814,3,254.0
5376,1488,3,593.0
8878,2865,3,1.4
5060,1640,3,0.4
13734,745,3,0.5
514,272,3,86.0
18152,2285,3,28.0
14492,2285,3,86.0
8020,2726,3,316.0
1240,1838,3,9.0
12467,2631,3,73.0
10059,1832,3,7.8
13100,2285,3,37.0
8630,2285,3,14.5
5807,1037,3,14.0
14238,1721,3,15.6
17961,1503,3,17.1
3724,2631,3,73.0
2918,2285,3,8.0
15637,2630,3,340.0
36,2285,3,11.5
17955,237,3,2294.0
13759,272,3,7.9
13621,2161,3,457.0
8277,2285,3,22.0
15665,811,3,163.0
783,2547,3,47.0
12290,342,3,1.2
1154,1973,3,9.6
14435,811,3,103.0
7348,1488,3,223.0
11713,1655,3,3.4
14236,1084,3,76.0
6772,1776,3,23.0
11647,2285,3,7.9
13418,1832,3,32.0
15090,2285,3,1.4
8138,128,3,1.0
7851,2630,3,78.0
12498,1488,3,36.0
3810,555,3,401.0
3422,1838,3,0.6
2472,2630,3,263.0
12870,2285,3,68.0
3749,1488,3,81.0
2086,556,3,0.9
5704,1548,3,1.3
6391,237,3,2182.0
12365,68,3,1214.0
9631,1832,3,28.0
4584,745,3,26.0
13995,1827,3,4.6
16114,2423,3,554.0
3492,2285,3,24.0
5243,1788,3,4.3
6174,2726,3,50.0
8494,2726,3,168.0
4224,2631,3,4.5
3646,68,3,55.0
9925,25,3,10.4
15281,2013,3,21.0
11064,1832,3,140.0
5878,811,3,52.0
10562,2285,3,50.0
8224,2285,3,10.9
185,77,3,4.4
13198,2285,3,1.2
3974,1937,3,1.8
7124,2285,3,47.0
9970,1281,3,234.0
9027,368,3,4250.0
6019,2285,3,25.0
13598,1814,3,11.8
12782,2001,3,5.2
16565,2285,3,31.0
16104,888,3,5.8
12626,2120,3,17.5
15252,2195,3,10.1
6508,1488,3,38.0
11921,1525,3,8.2
8978,572,3,137.0
5756,2285,3,37.0
5674,1321,3,63.0
1507,1609,3,30.0
3307,2285,3,8.0
2395,2496,3,0.4
2374,718,3,90.0
4115,2789,3,7.5
6976,723,3,12.2
4950,1832,3,32.0
11868,2597,3,15.1
1846,1609,3,22.0
2668,274,3,108.0
6700,2922,3,60.0
3801,2285,3,24.0
3120,2285,3,60.0
9714,1832,3,66.0
11623,1228,3,426.0
2196,1488,3,7214.0
8763,2922,3,5.2
2261,2285,3,44.0
7940,946,3,0.3
17565,237,3,0.6
4363,2134,3,0.1
18250,2858,3,16.3
8653,2638,3,54.0
5386,2726,3,9.8
4469,2285,3,37.0
9597,2922,3,416.0
5229,1557,3,833.0
15376,1488,3,2860.0
5986,2496,3,14.7
13323,2630,3,289.0
2812,302,3,262.0
17606,1251,3,18.9
10834,2285,3,44.0
16846,2285,3,31.0
4922,2285,3,27.0
6274,2726,3,61.0
14379,1321,3,16.7
10361,2285,3,50.0
11039,2922,3,88.0
15484,2181,3,0.1
16550,1698,3,7.0
770,100,3,146.0
4993,68,3,2377.0
6729,2285,3,85.0
6163,2831,3,1.4
10148,854,3,1.2
10825,1617,3,9.2
15762,1983,3,65.0
8438,2285,3,0.2
7902,2922,3,70.0
1704,2285,3,33.0
4867,1488,3,62.0
15981,1488,3,30.0
2769,2001,3,3.4
4824,537,3,3.1
15438,1610,3,29.0
12800,2708,3,186.0
16925,1322,3,3.2
6519,2285,3,47.0
4850,944,3,542.0
12155,2205,3,3.9
5508,1646,3,0.0
2875,25,3,16.1
16051,2195,3,0.1
3116,944,3,1115.0
4539,1342,3,16.4
16006,2285,3,7.1
531,1720,3,103.0
5467,272,3,174.0
5837,2726,3,245.0
17323,1321,3,22.0
6902,1407,3,0.6
5928,1617,3,686.0
784,2285,3,46.0
17917,237,3,1780.0
5421,1128,3,56.0
8374,2285,3,27.0
5170,2639,3,125.0
11643,1612,3,0.8
1720,571,3,1239.0
11300,1488,3,51.0
2675,2516,3,0.1
15488,1628,3,1.4
1608,1625,3,180.0
14110,2285,3,10.8
11297,2285,3,68.0
5548,811,3,157.0
7613,2547,3,85.0
16802,1304,3,343.0
13968,580,3,75.0
11883,2631,3,50.0
14825,2285,3,41.0
800,2688,3,52.0
8121,1289,3,3.6
1640,2326,3,824.0
15853,2069,3,4.5
1030,2285,3,46.0
8162,1679,3,5.6
10325,2249,3,20.0
16791,1832,3,19.0
9216,2122,3,195.0
12035,2733,3,16.1
14254,1875,3,10.5
12527,896,3,5.4
1881,1488,3,46.0
7799,1617,3,320.0
89,1355,3,18.9
9630,1323,3,418.0
13331,455,3,1075.0
9547,2285,3,37.0
17765,1875,3,24.0
12826,2397,3,304.0
2343,2536,3,4.3
13515,946,3,100.0
9273,2833,3,435.0
13515,1208,3,198.0
7809,501,3,609.0
5095,556,3,172.0
16178,237,3,932.0
3170,944,3,5122.0
1529,1655,3,595.0
5416,181,3,0.0
7143,1437,3,83.0
12161,2285,3,13.4
3857,2726,3,0.7
1790,2142,3,149.0
2001,1208,3,6.6
9566,2285,3,9.9
4834,1171,3,139.0
7596,1482,3,0.6
16198,142,3,13.9
8299,39,3,0.2
16017,1321,3,28.0
1174,100,3,630.0
12535,1612,3,0.7
17937,1488,3,14.2
8536,1620,3,0.5
14980,924,3,21.0
2660,1499,3,59.0
2148,1657,3,0.1
2150,2689,3,12.0
10386,1832,3,16.6
4737,1832,3,31.0
10044,2285,3,36.0
8564,811,3,130.0
975,2456,3,154.0
13378,2398,3,6.0
3746,2158,3,11.4
7292,2774,3,38.0
17010,1832,3,87.0
3635,1755,3,0.0
9444,556,3,7.5
16683,897,3,1477.0
18116,2764,3,0.0
1401,475,3,115.0
6591,25,3,71.0
4395,88,3,18.1
16814,2285,3,0.1
13099,2611,3,10.5
4639,2149,3,21.0
14793,933,3,2.9
12663,2285,3,39.0
6779,2831,3,79.0
9915,2922,3,260.0
9107,1030,3,3.6
5910,1837,3,17.4
6423,1304,3,1194.0
4318,1752,3,0.8
7090,588,3,7.4
6057,2750,3,0.7
8883,1596,3,1.2
2113,933,3,10.0
3860,2285,3,0.3
12553,2631,3,11.4
10696,1488,3,61.0
1422,2285,3,46.0
3401,2285,3,24.0
2321,1655,3,1.3
258,1647,3,448.0
3983,1609,3,151.0
7430,1468,3,35.0
9747,1488,3,159.0
17436,2477,3,5.8
3277,1488,3,80.0
7111,2490,3,0.0
12061,800,3,8.2
7053,1876,3,1.2
1456,2195,3,0.6
9385,1832,3,165.0
12746,816,3,2.3
3037,2526,3,0.2
6018,2285,3,38.0
6975,2922,3,71.0
11055,1937,3,0.2
5574,2285,3,28.0
5897,2285,3,60.0
11662,944,3,792.0
12828,2285,3,1.2
17860,2285,3,20.0
16747,1488,3,26.0
2388,1755,3,130.0
15220,237,3,1391.0
9534,1054,3,31.0
11218,2922,3,72.0
15010,1937,3,7.3
16319,745,3,32.0
5901,1488,3,247.0
12757,1065,3,0.0
9400,1037,3,27.0
5491,1887,3,52.0
3405,2285,3,21.0
1725,1464,3,13.9
7454,1661,3,0.4
11927,2844,3,18.1
11978,2227,3,984.0
5292,2013,3,16.5
14313,944,3,4650.0
3514,2366,3,17.7
16847,2831,3,22.0
520,2496,3,9.6
4314,1612,3,0.2
5328,1721,3,145.0
15116,1449,3,8.3
10463,255,3,116.0
1921,2630,3,31.0
880,1596,3,1.5
3259,1755,3,213.0
12433,2802,3,43.0
9375,2285,3,30.0
14625,368,3,3115.0
6078,2922,3,99.0
2429,2708,3,11.5
3605,2090,3,2.2
7865,2285,3,14.0
1,1037,3,8.4
5591,1507,3,7.9
1195,1832,3,52.0
2383,2346,3,0.1
5909,1837,3,162.0
2223,2726,3,86.0
1923,762,3,726.0
16218,2285,3,9.6
4186,2285,3,21.0
6736,1841,3,41.0
886,2146,3,4.5
14732,2285,3,54.0
16514,815,3,5.8
8519,1937,3,0.2
15534,676,3,15.9
4376,1553,3,0.2
4373,2285,3,11.3
2027,100,3,251.0
3026,1488,3,64.0
13289,272,3,9.0
8661,2285,3,9.8
12254,25,3,24.0
8568,2536,3,3.2
6814,2285,3,15.5
5142,2922,3,72.0
17318,426,3,221.0
12191,1832,3,81.0
9827,2285,3,44.0
13443,1166,3,55.0
7072,1395,3,1.6
13304,2459,3,8.7
5327,2285,3,43.0
10594,1832,3,42.0
13292,2285,3,59.0
14467,1884,3,33.0
5757,2366,3,4.5
9311,944,3,443.0
7149,2922,3,14.6
10161,1488,3,11.3
17016,2001,3,77.0
8597,2496,3,15.1
1760,2726,3,1.7
17400,2780,3,4.1
15009,2195,3,0.1
11823,552,3,28.0
2074,864,3,4.0
16133,1608,3,2889.0
16956,2573,3,4.7
3536,2664,3,7.9
7583,725,3,18.0
5872,2195,3,19.3
5642,2285,3,1.0
16751,2285,3,9.1
7540,811,3,143.0
1586,1520,3,0.4
8156,2285,3,53.0
12145,2344,3,0.7
12066,1488,3,59.0
17350,2285,3,34.0
17977,2922,3,25.0
7307,2285,3,65.0
17096,2285,3,34.0
16238,725,3,61.0
8144,2423,3,1.9
1387,1228,3,206.0
6232,1228,3,221.0
1557,973,3,39.0
4000,38,3,850.0
4667,1690,3,2.5
17038,2285,3,38.0
6749,2285,3,24.0
13790,1321,3,40.0
2004,2638,3,28.0
11167,1832,3,25.0
7531,1947,3,49.0
8791,743,3,0.3
1900,572,3,316.0
15038,2526,3,93.0
12261,574,3,1.0
5302,2425,3,27.0
9233,2758,3,61.0
5368,98,3,10.9
13288,2340,3,319.0
15183,2285,3,44.0
8881,944,3,89.0
11870,2710,3,30.0
4520,1424,3,3.6
18227,2338,3,2.7
15333,1488,3,7.6
18065,1488,3,11.4
14576,1838,3,1.6
8576,2285,3,51.0
15669,2841,3,0.1
9991,25,3,62.0
12835,368,3,12755.0
5061,2285,3,34.0
4012,2922,3,78.0
10591,2285,3,40.0
17760,2881,3,4.6
18216,1715,3,125.0
4874,2285,3,62.0
1917,488,3,984.0
4630,2631,3,104.0
12723,1317,3,4.4
10667,272,3,80.0
16724,2285,3,41.0
11273,1832,3,38.0
4568,1166,3,317.0
12934,2285,3,5.9
13014,1680,3,35.0
7469,2285,3,11.5
6984,2372,3,29.0
5923,1612,3,2.2
9816,1202,3,0.3
10597,549,3,36.0
8875,2770,3,4.9
15178,2450,3,94.0
6536,2630,3,311.0
10772,2888,3,59.0
8309,2285,3,34.0
17203,1617,3,59.0
4133,2285,3,115.0
6401,2630,3,224.0
17346,572,3,33.0
16046,2285,3,42.0
2166,1776,3,31.0
1268,2285,3,2.5
12817,279,3,4017.0
3295,1321,3,12.7
3439,1642,3,0.0
775,568,3,31.0
12336,1608,3,433.0
18233,881,3,0.7
7154,2285,3,44.0
15878,2922,3,89.0
8061,2285,3,29.0
16711,580,3,19.5
7892,572,3,171.0
3516,1753,3,0.0
18012,2638,3,6.9
11757,944,3,2404.0
14392,2900,3,2.6
14534,2922,3,122.0
5140,1203,3,106.0
2966,1696,3,4.4
17121,552,3,35.0
11820,944,3,998.0
16321,1321,3,101.0
5233,2285,3,17.2
5307,811,3,119.0
13438,1960,3,11.0
5064,1598,3,20.0
6076,2285,3,23.0
13700,1755,3,1044.0
13685,1688,3,2.8
12046,213,3,0.2
4304,2831,3,54.0
621,2285,3,0.6
3617,42,3,420.0
4702,272,3,204.0
14340,237,3,3451.0
17738,2227,3,688.0
5566,2285,3,51.0
779,23,3,4.3
16085,2780,3,67.0
3252,727,3,12.8
16065,782,3,8.8
11495,1000,3,1.0
2952,2285,3,59.0
13747,368,3,716.0
8212,2285,3,40.0
3580,1937,3,10.1
7268,2047,3,0.7
2165,142,3,232.0
16255,2631,3,183.0
2254,1612,3,0.0
15604,68,3,3209.0
2178,2285,3,26.0
9247,272,3,0.6
2090,2285,3,38.0
10099,2850,3,95.0
11299,271,3,44.0
7826,2195,3,15.6
16489,1822,3,12.2
4057,1875,3,12.5
3951,1491,3,2044.0
16228,1488,3,7.1
7096,272,3,103.0
10992,1612,3,0.2
8889,2285,3,48.0
6997,2267,3,26.0
11620,2285,3,32.0
16112,2922,3,99.0
18172,312,3,228.0
9820,1323,3,22.0
11801,1488,3,39.0
9532,1488,3,69.0
6494,4,3,0.0
3638,1215,3,337.0
3154,1407,3,0.9
14282,1166,3,19.1
2747,2497,3,10.2
15547,572,3,207.0
9563,1037,3,72.0
8311,1128,3,1.5
10238,68,3,1375.0
2371,748,3,0.8
10275,2285,3,16.7
17920,2285,3,10.4
8087,368,3,909.0
14408,1679,3,17.9
4587,2897,3,33.0
11384,2285,3,47.0
1461,1166,3,51.0
7254,811,3,137.0
9546,2285,3,32.0
5922,2285,3,20.0
9599,2285,3,20.0
11689,100,3,351.0
13949,1177,3,47.0
6918,1537,3,0.1
15278,2285,3,4.9
8533,1612,3,7.1
13831,2475,3,89.0
14459,368,3,7022.0
9793,255,3,110.0
8233,944,3,557.0
13576,1578,3,116.0
14906,1084,3,109.0
11982,829,3,555.0
15979,2630,3,401.0
18191,1015,3,8.8
6404,2366,3,1.1
12006,2243,3,0.2
10669,1488,3,49.0
11527,2285,3,1.2
12653,1128,3,7.7
18128,1488,3,131.0
12622,368,3,2991.0
3940,1488,3,187.0
12486,1985,3,17.6
3328,811,3,135.0
4359,1488,3,56.0
6843,1690,3,0.1
5698,1488,3,681.0
8589,2922,3,73.0
7130,745,3,1.1
13109,2285,3,73.0
10754,1533,3,1391.0
16350,2285,3,4.1
9653,2285,3,7.4
5708,1156,3,2.0
4176,2139,3,44.0
3959,2630,3,164.0
1546,1832,3,6.9
11424,2285,3,25.0
3219,2195,3,11.3
16794,745,3,0.1
1854,2285,3,12.4
5042,1573,3,14.2
14623,2922,3,85.0
12652,2639,3,52.0
11031,274,3,13.5
10012,1044,3,37.0
8306,2922,3,98.0
16168,25,3,49.0
17340,1977,3,0.8
13148,9,3,0.5
2655,1492,3,3157.0
2386,2285,3,91.0
9363,1728,3,10.6
2814,2285,3,44.0
6390,1612,3,0.1
12157,1324,3,5.7
14667,2536,3,6.2
9644,1628,3,1.5
17369,1596,3,0.6
8818,1937,3,2.2
13843,2638,3,6.4
9602,2591,3,0.9
9419,1785,3,846.0
8040,1364,3,4.4
1960,1612,3,0.0
14713,1842,3,0.0
2857,1488,3,764.0
9607,1488,3,16.8
17210,2195,3,0.2
14977,68,3,942.0
2536,1300,3,306.0
1395,1488,3,1299.0
13998,2285,3,22.0
7128,1832,3,14.8
14522,490,3,9.6
1820,2285,3,35.0
4042,2285,3,41.0
9102,1612,3,0.0
4804,2285,3,11.6
1376,2285,3,45.0
6475,2006,3,193.0
15032,237,3,560.0
16123,2380,3,170.0
5629,1488,3,13.7
11745,924,3,49.0
3867,2126,3,82.0
11784,787,3,0.1
15959,368,3,3220.0
17399,1875,3,8.3
9160,2631,3,317.0
1716,2285,3,42.0
5949,663,3,2.1
9313,1488,3,81.0
5727,2272,3,25.0
2832,572,3,263.0
16559,1764,3,2.2
17635,1794,3,0.4
17559,2139,3,69.0
11846,1488,3,78.0
11038,2285,3,56.0
9447,2710,3,1.7
8370,48,3,45.0
17243,2285,3,22.0
13084,2780,3,1.0
12543,2285,3,43.0
9515,1755,3,18.4
9188,2814,3,2.9
13260,2285,3,63.0
13429,1776,3,23.0
10747,237,3,2233.0
4037,745,3,0.0
8824,2285,3,31.0
1635,1488,3,176.0
4847,2631,3,101.0
10559,2773,3,0.2
4136,1832,3,25.0
14231,1937,3,0.6
9110,237,3,2765.0
5759,1086,3,0.6
957,428,3,0.0
13397,1414,3,22.0
15053,237,3,67.0
2493,2001,3,177.0
18009,1557,3,34.0
117,25,3,0.5
15962,262,3,0.0
8220,1154,3,235.0
6330,2285,3,26.0
6531,2285,3,26.0
5632,2285,3,6.4
11547,1832,3,84.0
2672,1675,3,7.7
15596,2744,3,0.2
7840,1610,3,22.0
10857,100,3,137.0
4123,1876,3,22.0
7878,2285,3,39.0
14547,2526,3,63.0
11906,2285,3,19.0
4579,237,3,2200.0
11189,2923,3,0.6
3592,2098,3,0.2
4675,1655,3,147.0
10953,2340,3,13.0
4179,1142,3,5.7
16837,811,3,579.0
12351,1488,3,15.7
15088,2922,3,175.0
17018,2285,3,0.5
8239,2630,3,231.0
12785,1557,3,686.0
6112,2922,3,122.0
15279,2726,3,97.0
9025,2285,3,53.0
2245,2719,3,187.0
5125,2285,3,7.3
16050,98,3,152.0
9334,2922,3,88.0
1069,2285,3,45.0
106,237,3,621.0
17125,2285,3,40.0
13529,2195,3,4.3
15393,2523,3,83.0
12990,2285,3,2.2
9406,2285,3,42.0
7524,1612,3,0.0
9005,1596,3,3.2
17302,343,3,93.0
3273,1612,3,5.9
13760,2285,3,33.0
5775,2285,3,3.6
1597,2631,3,42.0
1572,2285,3,39.0
7877,2488,3,3270.0
9724,1141,3,103.0
13263,2489,3,73.0
12598,2205,3,11.9
17491,878,3,4.9
9651,1054,3,42.0
7463,2922,3,161.0
8000,100,3,55.0
17159,2336,3,7.9
10609,2087,3,0.6
14320,2285,3,15.5
183,2285,3,17.1
2701,1128,3,43.0
6968,1932,3,39.0
16053,1488,3,22.0
15606,572,3,393.0
7516,1649,3,2.6
12491,1141,3,214.0
11928,2195,3,0.2
16936,1655,3,551.0
6307,556,3,213.0
5522,1128,3,40.0
13303,1671,3,45.0
15320,1832,3,0.6
3980,1488,3,30.0
16284,2001,3,3.0
5124,1488,3,40.0
17473,2630,3,107.0
1352,368,3,7272.0
6202,68,3,1638.0
12499,237,3,13.4
3526,2630,3,84.0
17625,1488,3,13.3
17022,1488,3,224.0
6246,1612,3,3.3
2325,1838,3,81.0
1493,1611,3,116.0
8294,1635,3,3.3
12356,466,3,0.1
6774,2865,3,80.0
5091,2285,3,68.0
15993,1832,3,84.0
17228,2285,3,28.0
12265,2118,3,23.0
3517,2631,3,136.0
2434,2001,3,9.2
9444,68,3,948.0
8363,2285,3,37.0
13630,274,3,4.1
1554,618,3,9.5
15217,1596,3,0.5
10415,1488,3,2.7
13154,811,3,165.0
2983,1341,3,90.0
16593,77,3,0.5
11263,9,3,44.0
3851,1690,3,2.7
12086,1612,3,0.2
790,1488,3,87.0
4340,282,3,9.3
2656,368,3,1787.0
14613,1911,3,2799.0
2673,2403,3,13.3
10271,725,3,25.0
18264,1323,3,458.0
9332,2285,3,23.0
13056,282,3,1.6
6847,944,3,1966.0
3861,2710,3,0.9
3664,1863,3,6.0
12011,732,3,351.0
2484,237,3,1962.0
11117,2401,3,0.1
13421,302,3,61.0
8851,1589,3,57.0
10253,2285,3,42.0
16358,1876,3,11.2
9503,1488,3,96.0
10149,1721,3,57.0
5309,101,3,6.4
15521,1472,3,0.4
13284,1876,3,61.0
5650,1720,3,0.6
5486,2562,3,16.0
8643,997,3,11.6
14221,2831,3,428.0
17230,2905,3,4.6
15210,1932,3,1261.0
15389,255,3,457.0
3982,368,3,3526.0
7287,2631,3,85.0
3713,572,3,10.2
14290,944,3,1032.0
6029,2243,3,0.0
10989,1525,3,57.0
3275,1876,3,21.0
10873,2285,3,34.0
16815,2718,3,3.4
14869,2489,3,3.3
5616,572,3,637.0
16831,1488,3,149.0
17164,2285,3,7.2
4275,816,3,36.0
10382,1128,3,39.0
9261,1155,3,532.0
112,2858,3,6.9
16746,25,3,31.0
11181,2195,3,2.9
16767,2630,3,181.0
9514,1832,3,90.0
3214,1832,3,74.0
12136,1096,3,0.0
9434,572,3,105.0
4184,1776,3,39.0
8105,2865,3,720.0
16371,1617,3,312.0
6160,854,3,10.1
13305,2013,3,18.3
9729,2631,3,69.0
17363,1037,3,4.5
10708,2285,3,21.0
4391,2630,3,118.0
17383,2630,3,149.0
13832,2285,3,34.0
17691,1465,3,6.2
15664,2285,3,33.0
12609,2831,3,0.7
17174,2380,3,16.8
13969,1937,3,0.1
6827,368,3,875.0
9088,2585,3,319.0
9115,312,3,28.0
5607,2638,3,28.0
2146,2285,3,65.0
12228,2095,3,334.0
9128,2065,3,10.4
14553,1973,3,230.0
12452,2922,3,126.0
1396,2496,3,15.4
4240,1612,3,3.2
8706,1832,3,25.0
4353,368,3,6761.0
16052,933,3,2.4
3031,580,3,178.0
1520,2630,3,289.0
12077,2631,3,228.0
1000,2285,3,2.4
2116,2409,3,71.0
2859,811,3,23.0
3310,1776,3,38.0
11601,555,3,162.0
3267,878,3,1.6
1925,2261,3,0.3
3452,2285,3,3.0
7483,2726,3,105.0
13894,2831,3,3.0
5700,1166,3,303.0
12114,74,3,1.8
15715,718,3,26.0
16730,272,3,597.0
3522,2285,3,37.0
4445,811,3,231.0
17054,2285,3,32.0
15134,100,3,366.0
34,2285,3,44.0
11880,128,3,27.0
3751,2562,3,11.1
10618,1612,3,1.4
13503,2285,3,7.8
9308,2710,3,3.2
5282,2285,3,29.0
10880,2831,3,991.0
9778,2631,3,157.0
6199,2922,3,121.0
13348,2298,3,23.0
1291,2326,3,2882.0
18112,2424,3,7.6
9671,1172,3,173.0
9016,1832,3,11.6
4049,1937,3,10.5
803,2709,3,1.1
7989,1488,3,6.0
1341,1627,3,35.0
12796,1324,3,78.0
2368,1502,3,275.0
3376,1488,3,85.0
18117,2096,3,2409.0
3384,100,3,36.0
13184,237,3,2835.0
7958,2526,3,56.0
14,2285,3,44.0
17796,2914,3,2.7
1454,2599,3,1.5
7051,1488,3,5.0
6769,2850,3,64.0
1627,354,3,1.1
8048,1525,3,57.0
38,1832,3,4.6
8741,2285,3,36.0
5096,2742,3,28.0
13890,680,3,0.2
12225,68,3,404.0
39,1206,3,37.0
14875,1166,3,168.0
15575,811,3,116.0
2191,1488,3,105.0
3589,745,3,131.0
17493,2285,3,11.1
5208,2285,3,2.5
8612,1655,3,120.0
2361,1612,3,0.3
8957,272,3,5.3
14071,2742,3,60.0
2925,292,3,21.0
4203,2285,3,5.9
9516,614,3,33.0
7497,1488,3,75.0
6876,1609,3,66.0
6069,2285,3,0.5
14590,2780,3,112.0
360,2922,3,87.0
9894,1788,3,128.0
7900,1876,3,31.0
10229,1488,3,64.0
12147,2285,3,1.2
5842,554,3,18.0
6030,2922,3,118.0
8740,444,3,117.0
8893,1488,3,158.0
14948,2780,3,27.0
6923,1981,3,12.1
10749,1526,3,2.4
15417,2922,3,290.0
7572,682,3,4.2
10551,2285,3,6.6
8987,2496,3,3.0
15550,1876,3,16.2
8730,2168,3,2.8
3647,1721,3,572.0
172,2922,3,184.0
1203,2496,3,11.7
4681,2922,3,72.0
6838,1905,3,30.0
4100,2285,3,36.0
7303,1039,3,10.1
10738,2195,3,19.4
6620,2562,3,0.9
12340,1488,3,145.0
7844,814,3,317.0
4813,2639,3,40.0
15263,385,3,0.2
7854,2285,3,14.9
12117,1776,3,42.0
8458,2922,3,114.0
16431,2195,3,8.6
13828,1830,3,0.8
15904,2888,3,61.0
6601,2922,3,212.0
4756,246,3,22.0
3244,1488,3,41.0
4464,237,3,495.0
8231,685,3,3.2
12291,2143,3,1.2
3835,2403,3,41.0
16615,2285,3,54.0
14687,2285,3,7.6
12033,644,3,0.8
7659,2865,3,4.9
7844,2496,3,43.0
7849,1832,3,98.0
12701,2285,3,6.8
14794,2804,3,29.0
16128,2285,3,36.0
4723,1959,3,12.3
11386,2844,3,25.0
14901,2205,3,77.0
3098,572,3,1394.0
12144,2142,3,85.0
3412,2285,3,75.0
9595,2229,3,1422.0
8569,9,3,2.0
9663,1669,3,1.4
13129,237,3,1044.0
2126,1611,3,221.0
11341,1473,3,12.6
14509,2285,3,32.0
2910,1362,3,61.0
14887,2285,3,46.0
8517,237,3,194.0
12650,2285,3,41.0
12899,368,3,1104.0
3369,2285,3,38.0
17614,2439,3,91.0
8658,2285,3,2.0
7566,1141,3,47.0
14258,1335,3,0.3
16852,2285,3,30.0
1469,237,3,545.0
7100,2497,3,14.9
15451,2017,3,18.4
6,272,3,169.0
8697,1277,3,1.1
3250,811,3,18.6
10962,2285,3,35.0
185,1947,3,194.0
1823,1200,3,0.1
13183,1102,3,1.5
9812,2307,3,1.0
9553,68,3,1273.0
3593,811,3,369.0
2598,1189,3,220.0
2571,1696,3,4.1
1625,1875,3,10.2
13548,1409,3,1.7
10573,1557,3,243.0
1663,2205,3,30.0
3809,2285,3,32.0
10608,572,3,14.3
1299,2285,3,66.0
6416,1785,3,828.0
16903,98,3,29.0
14857,2285,3,32.0
13514,2285,3,38.0
6178,1832,3,58.0
8485,2831,3,66.0
4091,1128,3,126.0
15280,572,3,158.0
13122,711,3,108.0
9244,1832,3,34.0
5468,368,3,3865.0
9367,2607,3,16.3
1556,818,3,0.5
15701,2285,3,38.0
2734,719,3,0.0
4264,2285,3,29.0
12900,2526,3,3.8
1808,2831,3,487.0
11555,1488,3,111.0
4402,2285,3,48.0
1220,1054,3,0.6
17065,2619,3,83.0
3975,1349,3,8.7
15264,1488,3,17.3
12522,1321,3,70.0
9641,1321,3,45.0
11789,2638,3,11.8
9487,1177,3,42.0
8578,1321,3,35.0
7925,1493,3,2.3
11353,1202,3,518.0
13022,2285,3,17.6
16542,1228,3,53.0
15893,2285,3,39.0
41,2380,3,53.0
14005,1785,3,821.0
9736,2285,3,43.0
6488,2285,3,43.0
1882,572,3,7.5
1373,1628,3,0.7
5619,1612,3,0.2
5667,2439,3,137.0
10110,2631,3,224.0
10360,725,3,60.0
12558,1726,3,3.1
15422,2630,3,305.0
16157,1488,3,33.0
10800,2831,3,122.0
5349,237,3,1892.0
1699,100,3,22.0
3906,2285,3,47.0
10249,2285,3,27.0
13134,1594,3,2.4
17228,944,3,1501.0
5718,1612,3,0.0
9276,100,3,119.0
7081,2734,3,4.2
1020,2285,3,49.0
16283,1040,3,0.0
14420,2743,3,4.9
3946,1776,3,21.0
5750,573,3,0.8
2650,2780,3,85.0
15723,2285,3,30.0
4844,2285,3,0.2
2555,1612,3,0.1
13067,2001,3,100.0
15363,1353,3,0.0
16522,1488,3,238.0
17603,255,3,531.0
13448,2876,3,10.1
9278,2285,3,8.2
5507,814,3,2064.0
12005,1983,3,317.0
10263,946,3,0.9
8631,2489,3,0.2
11882,2802,3,35.0
17503,2726,3,144.0
13234,2001,3,186.0
9257,1488,3,33.0
9772,1488,3,34.0
17135,2285,3,45.0
2266,2631,3,17.8
9155,237,3,476.0
13337,1832,3,52.0
1060,368,3,3417.0
11979,732,3,602.0
13196,1608,3,101.0
12370,2922,3,55.0
4438,1491,3,403.0
3653,2445,3,2.5
10887,1785,3,1533.0
4200,2922,3,108.0
3163,2631,3,107.0
10213,2285,3,14.8
14595,811,3,82.0
10601,996,3,9.0
6973,2522,3,18.6
14310,2488,3,222.0
1866,2285,3,27.0
16656,25,3,54.0
6119,1488,3,140.0
2901,1488,3,17.4
17114,1277,3,6.2
17072,2000,3,6.0
1594,1937,3,1.6
12879,100,3,0.9
3704,2639,3,0.5
4154,2630,3,181.0
4138,1796,3,2.5
6491,811,3,125.0
4713,1473,3,1.7
17913,68,3,2048.0
6513,2380,3,1991.0
14919,508,3,9.5
5647,1206,3,290.0
16428,2027,3,0.6
9432,2922,3,192.0
15175,237,3,1366.0
5639,2506,3,41.0
4508,2922,3,124.0
4336,1832,3,23.0
5998,2285,3,41.0
13928,2205,3,8.1
12717,368,3,1181.0
6386,2285,3,2.0
14720,2611,3,0.6
2743,614,3,3.8
4633,2087,3,11.7
6448,2285,3,45.0
10304,2822,3,52.0
11066,2676,3,0.8
16058,1832,3,85.0
7504,279,3,1036.0
11597,100,3,328.0
8004,1300,3,1.2
13414,2285,3,24.0
14248,864,3,0.2
6201,1030,3,10.0
17586,2496,3,7.0
13169,1488,3,150.0
14657,368,3,7829.0
3773,1257,3,46.0
13255,2285,3,29.0
11282,1491,3,271.0
11369,2285,3,3.4
13745,98,3,9.4
13646,2710,3,27.0
18001,1811,3,0.0
12674,2612,3,0.5
10971,2285,3,4.8
2508,1827,3,43.0
5738,359,3,2.8
11793,2494,3,4.5
9751,98,3,229.0
3082,2387,3,4.5
13202,2876,3,47.0
6468,2697,3,6.1
11700,1488,3,22.0
12822,1832,3,101.0
4621,2420,3,2.4
3632,1488,3,33.0
9013,2630,3,417.0
10571,1785,3,508.0
11490,2285,3,8.6
1233,2922,3,79.0
2262,1609,3,31.0
17345,368,3,947.0
16377,2285,3,75.0
14631,1488,3,67.0
12539,1832,3,29.0
4638,1627,3,124.0
7642,1827,3,93.0
10666,2285,3,39.0
4744,1941,3,244.0
3621,1228,3,46.0
3242,1488,3,716.0
6677,2831,3,1.2
6836,2842,3,51.0
2415,2900,3,104.0
9361,1321,3,25.0
16042,1876,3,6.3
14267,816,3,56.0
13141,2922,3,84.0
6027,2874,3,4.8
6450,2888,3,36.0
17433,2285,3,28.0
7971,2285,3,42.0
12294,2208,3,0.7
16686,368,3,180.0
17362,1488,3,28.0
2579,2195,3,0.2
2122,1776,3,103.0
2544,100,3,107.0
16001,2726,3,97.0
4709,1612,3,0.0
7121,944,3,599.0
4798,2285,3,33.0
4952,2595,3,0.2
2053,1781,3,541.0
14367,2285,3,28.0
11186,696,3,141.0
12767,718,3,30.0
10186,1464,3,1135.0
4083,725,3,34.0
9965,2922,3,84.0
12965,2285,3,45.0
7486,725,3,23.0
8075,1488,3,5.9
17489,2922,3,173.0
3053,1488,3,104.0
4341,1533,3,3.0
15505,461,3,1612.0
3769,2285,3,28.0
6499,1037,3,2.8
4182,2547,3,11.0
10878,1166,3,34.0
11830,572,3,0.4
4792,1876,3,15.4
5141,1128,3,77.0
4640,745,3,0.2
18119,2285,3,64.0
4206,271,3,67.0
4321,2831,3,454.0
16784,1208,3,2.9
8838,368,3,4265.0
11040,1166,3,6.6
6133,743,3,6.0
9255,2285,3,13.1
12875,2726,3,54.0
3260,1202,3,287.0
1083,2922,3,74.0
8365,1488,3,173.0
9133,811,3,57.0
15749,1832,3,2.3
13126,2619,3,1.0
15872,2380,3,1419.0
10868,2831,3,34.0
16920,725,3,43.0
17894,1488,3,52.0
2054,1832,3,5.7
12158,2631,3,55.0
7387,368,3,812.0
4795,2083,3,0.8
8734,904,3,3.6
3194,1373,3,0.1
8662,1488,3,14.2
12449,1488,3,384.0
7680,281,3,5.7
12197,2865,3,666.0
10819,1492,3,5164.0
7506,1625,3,3.1
13233,213,3,9.2
17249,745,3,0.3
8684,281,3,48.0
9063,1488,3,0.7
4651,1785,3,247.0
4221,1737,3,11.0
3868,811,3,43.0
13093,25,3,28.0
13791,1488,3,19.4
3591,68,3,567.0
84,2285,3,71.0
3300,2630,3,402.0
10409,758,3,238.0
18301,1832,3,54.0
1537,743,3,258.0
4310,282,3,4.6
14986,1960,3,14.0
2647,933,3,6.6
11785,2285,3,9.3
16102,2922,3,75.0
16518,863,3,1.0
15335,100,3,40.0
1045,2285,3,52.0
10155,1488,3,77.0
1614,2726,3,143.0
9720,1488,3,3.4
4446,2865,3,5.1
8759,2576,3,10.3
4955,25,3,48.0
12329,1548,3,11.1
5614,2285,3,6.5
854,1832,3,12.5
1592,1832,3,35.0
13247,2285,3,6.4
2430,725,3,53.0
16334,1612,3,0.0
12643,2013,3,50.0
15042,100,3,306.0
12829,1712,3,6.4
6113,2043,3,30.0
8607,153,3,0.4
9210,1785,3,313.0
3673,1734,3,7652.0
1599,734,3,2.0
7258,1721,3,446.0
12474,1832,3,57.0
7490,1488,3,41.0
7192,745,3,0.7
11513,2395,3,7.6
5404,1937,3,0.5
9804,1832,3,10.4
9764,461,3,2028.0
5419,811,3,136.0
17696,2423,3,0.7
15589,2285,3,14.0
13054,2630,3,22.0
7706,2488,3,202.0
8009,2285,3,52.0
11541,2607,3,24.0
4010,2496,3,1.0
2855,1608,3,63.0
9882,1228,3,70.0
13603,865,3,200.0
5823,1488,3,123.0
7782,1141,3,64.0
7595,2585,3,18.6
858,1596,3,1.0
1667,1720,3,39.0
9759,1488,3,118.0
16923,1832,3,2.2
4117,1488,3,119.0
14446,1488,3,46.0
16574,2285,3,2.8
6251,2922,3,96.0
7606,9,3,17.4
61,1625,3,66.0
4835,1488,3,405.0
7636,2481,3,1.0
3445,2744,3,2.7
7290,580,3,1.7
2606,1606,3,708.0
8307,272,3,46.0
8325,2922,3,93.0
3195,2332,3,9.6
7176,946,3,33.0
15480,1662,3,2.8
2214,2654,3,8.5
2453,725,3,45.0
10856,2726,3,219.0
3756,237,3,11.6
4968,2285,3,27.0
9097,579,3,8.9
2714,2865,3,30.0
8433,811,3,144.0
7434,2710,3,0.6
8445,914,3,28.0
17140,2631,3,11.5
5919,1601,3,2.9
4355,1096,3,14.3
9203,2911,3,25.0
16409,1718,3,409.0
12542,1142,3,32.0
11924,2922,3,155.0
601,1488,3,1503.0
17371,811,3,116.0
15671,1300,3,29.0
14222,1776,3,11.1
7048,572,3,42.0
9072,1311,3,5.5
17168,1737,3,13.4
3585,464,3,48.0
8689,1041,3,7.6
8186,2585,3,493.0
12698,581,3,0.1
9081,1269,3,267.0
5304,2630,3,4.9
1723,1989,3,9.6
1277,2285,3,52.0
6278,2285,3,58.0
2483,2922,3,73.0
3375,30,3,0.1
4735,2562,3,2.2
745,2922,3,95.0
14865,2221,3,286.0
13668,2631,3,146.0
1675,2285,3,36.0
15676,1937,3,1.9
1691,2195,3,8.8
14650,2922,3,711.0
8181,992,3,261.0
6139,1947,3,13.2
17138,2285,3,20.0
1029,98,3,19.2
10668,1617,3,21.0
8341,2285,3,44.0
7615,2195,3,0.9
1462,2630,3,384.0
12552,2285,3,47.0
12288,1030,3,78.0
16394,2055,3,0.6
16857,2831,3,356.0
8665,734,3,9.8
17744,1985,3,206.0
10706,579,3,13.4
14987,933,3,6.1
17792,1035,3,12.3
6053,149,3,36.0
10928,2285,3,25.0
7586,1552,3,14.7
8078,2175,3,2.0
8090,2285,3,35.0
14261,1611,3,0.9
8914,2488,3,31.0
2927,2285,3,48.0
9372,237,3,55.0
2001,2285,3,45.0
14244,2285,3,1.6
8537,2496,3,17.3
1697,1731,3,0.7
14738,1832,3,36.0
13396,142,3,676.0
5306,2109,3,0.0
5756,2441,3,17.2
4822,1612,3,6.8
3323,98,3,5.3
2972,2630,3,719.0
4267,132,3,1.4
3189,1575,3,77.0
11504,2285,3,20.0
2977,113,3,269.0
1611,1128,3,15.3
8924,1655,3,1.0
14870,811,3,6.3
17688,42,3,11.4
10297,368,3,861.0
9979,1044,3,0.7
1087,897,3,0.2
7988,1488,3,10.4
14228,2285,3,14.2
14913,2932,3,7.4
9918,2802,3,115.0
16445,1488,3,254.0
12646,1488,3,198.0
11044,567,3,6.9
4581,2285,3,29.0
12669,864,3,3.3
3676,1202,3,412.0
7106,369,3,11.4
1669,1488,3,4.9
1695,237,3,821.0
4534,2285,3,24.0
5264,1128,3,33.0
1816,2285,3,36.0
1545,405,3,0.5
12252,2285,3,27.0
6429,1488,3,14.2
185,2285,3,34.0
4246,2922,3,114.0
10199,2285,3,21.0
18226,2831,3,95.0
4707,68,3,1773.0
7607,2067,3,0.3
3874,2285,3,14.8
3456,1203,3,32.0
18244,2227,3,1.8
1228,2285,3,14.7
9337,2285,3,33.0
14233,237,3,424.0
5494,1488,3,255.0
4271,2285,3,33.0
17702,1985,3,50.0
6717,2285,3,31.0
14943,2020,3,31.0
5518,1528,3,21.0
16850,1304,3,255.0
9087,272,3,4.8
10540,1488,3,64.0
17101,1488,3,295.0
5917,2462,3,3.4
16963,2285,3,18.0
16161,2285,3,1.4
17707,2922,3,219.0
9358,1128,3,2.0
10089,2244,3,5.1
14018,2098,3,7.9
6117,146,3,249.0
11960,2922,3,10.3
14099,1838,3,74.0
1853,68,3,1629.0
6212,1488,3,201.0
7496,2380,3,187.0
11756,2844,3,15.7
4766,2160,3,2.4
12065,1608,3,823.0
6300,1321,3,28.0
5571,2285,3,32.0
10015,1911,3,970.0
15751,2865,3,490.0
14743,2631,3,65.0
13112,2639,3,25.0
10335,2630,3,164.0
8872,1608,3,40.0
1939,2285,3,21.0
7959,2285,3,48.0
8707,25,3,9.1
17145,572,3,129.0
17713,811,3,177.0
9900,1041,3,0.5
17830,1488,3,140.0
12720,1596,3,1.1
13330,2096,3,1904.0
5199,2285,3,44.0
10425,2631,3,77.0
13295,2285,3,30.0
2422,2340,3,38.0
9625,2122,3,2.6
11210,1407,3,3.9
4478,2285,3,52.0
14685,2087,3,6.6
17247,1610,3,4.7
2291,333,3,1.2
485,2828,3,1.8
3571,2285,3,1.4
14146,435,3,0.6
4074,2285,3,29.0
5987,1144,3,14.5
8511,933,3,1.5
5697,864,3,2.8
1533,1832,3,28.0
8632,162,3,0.0
12278,725,3,3.8
10276,2726,3,160.0
3197,816,3,19.3
2120,2285,3,1.2
16861,552,3,0.8
4689,732,3,702.0
12661,2285,3,44.0
16393,2285,3,38.0
5387,1166,3,62.0
13313,25,3,18.2
11611,1721,3,125.0
1928,2622,3,7.0
2671,1471,3,196.0
15291,2922,3,75.0
13178,1915,3,26.0
1721,2710,3,80.0
15874,2866,3,1.1
3616,2576,3,6.2
10903,124,3,1.0
6333,2285,3,44.0
4008,2726,3,74.0
13779,1215,3,323.0
13302,2108,3,5.9
10074,2285,3,50.0
17693,811,3,88.0
12614,2285,3,38.0
9770,2285,3,75.0
18129,1503,3,57.0
12815,2439,3,482.0
8275,2630,3,29.0
4366,1617,3,513.0
11663,1612,3,7.6
9749,1720,3,97.0
9856,2922,3,113.0
15255,556,3,3.2
4121,444,3,68.0
9755,1499,3,27.0
5589,1609,3,7.9
9512,2462,3,0.2
17225,2409,3,0.5
3815,2554,3,0.7
13162,2780,3,2.4
5935,1488,3,519.0
5438,2285,3,29.0
13632,721,3,2.0
1140,854,3,385.0
14853,2876,3,358.0
13344,2536,3,12.5
5456,2562,3,3.4
15373,966,3,7.7
3864,2526,3,40.0
2900,2285,3,1.3
15082,461,3,5.2
11626,2285,3,23.0
9829,237,3,827.0
11955,1832,3,0.0
10098,1610,3,23.0
5305,572,3,220.0
7954,1488,3,779.0
5210,1761,3,17.3
10323,100,3,23.0
10836,1488,3,104.0
8834,791,3,204.0
11149,1321,3,3.6
9844,1612,3,1.7
5959,461,3,125.0
15980,421,3,0.3
10615,2285,3,23.0
3453,811,3,104.0
1851,2285,3,28.0
5217,1612,3,0.0
16230,1781,3,1.2
2009,2911,3,735.0
14102,1696,3,7.0
1159,1836,3,1.3
5006,2922,3,48.0
11952,2631,3,123.0
4247,1515,3,1.3
16414,2285,3,18.3
5063,2630,3,355.0
2614,2285,3,0.7
5549,574,3,117.0
8398,2726,3,101.0
6017,1488,3,26.0
2143,2488,3,1971.0
3854,2285,3,21.0
2563,2205,3,9.9
8840,2285,3,35.0
11352,2289,3,56.0
8554,1488,3,431.0
10511,1228,3,151.0
2690,2202,3,31.0
2222,2420,3,0.4
4872,2922,3,101.0
10828,1690,3,1.6
3178,1492,3,2524.0
1840,399,3,33.0
11310,828,3,38.0
17577,1947,3,92.0
3807,1321,3,52.0
4455,1030,3,3.6
1426,2285,3,44.0
2840,1488,3,796.0
5363,2266,3,10.3
14045,1838,3,126.0
17020,104,3,56.0
18237,1628,3,0.3
4378,1717,3,0.0
4569,1277,3,13.5
302,2650,3,24.0
14813,2246,3,18.4
5112,854,3,314.0
48,1488,3,157.0
8959,2654,3,0.8
5720,2631,3,82.0
3993,2285,3,50.0
2505,1407,3,3.4
7448,109,3,80.0
4299,1488,3,59.0
4338,2844,3,24.0
3625,368,3,3399.0
535,359,3,136.0
6254,1155,3,77.0
12627,946,3,104.0
8338,1228,3,29.0
16465,1832,3,28.0
8862,1070,3,6582.0
1141,68,3,857.0
12461,2096,3,0.3
9473,1488,3,949.0
9431,2285,3,33.0
5475,552,3,1.4
10063,2349,3,0.4
780,272,3,9.1
18058,1983,3,38.0
3314,2285,3,30.0
5943,368,3,9332.0
7309,2285,3,33.0
3457,2647,3,16.4
17997,614,3,6.0
16108,1578,3,0.6
15821,1488,3,25.0
14768,2339,3,287.0
7104,2462,3,16.7
11650,1690,3,1.9
8302,2922,3,179.0
17880,2922,3,191.0
7416,2733,3,58.0
1988,2489,3,2.0
16364,572,3,140.0
7637,2630,3,561.0
5431,2327,3,69.0
1272,2630,3,162.0
3392,2441,3,13.1
4105,1488,3,17.2
6452,1488,3,7.0
15027,1832,3,53.0
7205,368,3,1678.0
10387,944,3,752.0
7884,1322,3,3.3
13754,1189,3,224.0
12503,1318,3,3.2
10840,655,3,3.3
17270,1878,3,1.8
7870,2285,3,0.4
17240,2922,3,168.0
1120,2420,3,18.8
17358,2081,3,6.9
12231,966,3,10.8
2920,2285,3,110.0
14079,2831,3,176.0
15332,2285,3,68.0
3370,1488,3,395.0
10362,2842,3,6.3
8214,2285,3,51.0
1405,2850,3,27.0
7136,2726,3,76.0
15058,572,3,159.0
4522,2285,3,13.2
12976,2285,3,30.0
9879,2821,3,6.6
4861,1937,3,1.2
3199,1488,3,14.7
5826,811,3,81.0
12405,2350,3,442.0
6934,2285,3,10.0
8574,2194,3,231.0
2128,555,3,69.0
8450,2285,3,8.5
17397,2285,3,34.0
5284,1141,3,40.0
17710,2285,3,20.0
11764,2708,3,5.0
9379,2496,3,0.4
4940,1321,3,0.1
10794,2922,3,105.0
12518,1202,3,198.0
7983,549,3,382.0
16481,2285,3,41.0
17373,2285,3,47.0
13458,405,3,1.0
6328,572,3,172.0
6196,2205,3,23.0
6408,2749,3,2.1
14686,2343,3,1.2
8513,2285,3,13.5
4077,1717,3,7.2
17611,2285,3,4.9
10190,766,3,235.0
5976,1655,3,85.0
16907,109,3,14.8
5258,1037,3,0.4
10132,2831,3,79.0
12141,237,3,752.0
71,1608,3,1767.0
11924,1449,3,1.3
8380,1141,3,276.0
7763,68,3,470.0
2845,2285,3,9.6
12590,1488,3,75.0
16124,2525,3,21.0
12152,2441,3,17.4
9612,2122,3,15.6
2519,1488,3,284.0
14663,2420,3,13.4
325,42,3,466.0
12213,2285,3,86.0
5204,2638,3,28.0
17806,2195,3,5.9
2722,1128,3,40.0
11683,2380,3,520.0
1232,2831,3,32.0
14365,1087,3,24.0
7584,2285,3,28.0
3602,1488,3,149.0
2259,1202,3,81.0
7641,2631,3,357.0
5251,572,3,624.0
47,2275,3,3.7
11365,2922,3,76.0
9963,2001,3,0.5
2543,229,3,93.0
2308,2489,3,6.2
6782,2285,3,49.0
1330,2285,3,3.7
1909,282,3,7.0
11577,237,3,949.0
6892,2398,3,1.9
453,1488,3,23.0
8159,2448,3,24.0
17740,2195,3,4.8
16718,2285,3,33.0
15516,2398,3,15.0
18066,2865,3,28.0
4292,274,3,12.9
1428,1488,3,73.0
8807,718,3,28.0
3359,2285,3,36.0
7555,1370,3,0.6
17636,2759,3,24.0
16420,1317,3,181.0
14135,2380,3,1346.0
6308,1611,3,188.0
11991,2227,3,830.0
9670,1617,3,152.0
15510,1612,3,0.3
6595,237,3,1603.0
15941,2285,3,38.0
9029,2831,3,811.0
10119,1612,3,0.0
3768,1128,3,12.2
8062,2685,3,305.0
6925,2630,3,44.0
13803,1937,3,1.4
3313,2562,3,29.0
424,579,3,23.0
12337,1488,3,87.0
11520,1556,3,55.0
6083,2922,3,71.0
2844,2001,3,23.0
3017,718,3,11.3
10136,2058,3,11.0
17480,2285,3,63.0
4800,2098,3,7.4
6656,2285,3,66.0
11280,1612,3,0.3
11956,2439,3,9.8
4027,1488,3,736.0
1984,820,3,2.0
17148,1832,3,48.0
4435,1838,3,4.4
3208,1166,3,116.0
15709,26,3,1.2
3693,2340,3,1.1
5997,1533,3,266.0
10028,2285,3,43.0
3446,2285,3,27.0
10888,1037,3,943.0
3567,1596,3,1.2
3634,2631,3,59.0
11130,1488,3,83.0
10126,1872,3,15.1
15251,25,3,36.0
4113,1488,3,253.0
1768,2831,3,153.0
5445,282,3,9.2
12257,100,3,138.0
9624,25,3,1.3
4549,2922,3,98.0
2689,2780,3,5.7
6367,1189,3,8.1
12617,2922,3,97.0
5035,2338,3,2.0
764,828,3,58.0
2584,2380,3,484.0
3932,2526,3,43.0
4216,1488,3,89.0
13684,1832,3,36.0
10024,1488,3,23.0
13615,2195,3,6.8
3490,2380,3,816.0
4512,685,3,3.3
14279,2285,3,27.0
6222,2639,3,76.0
5937,2831,3,26.0
15311,718,3,21.0
14917,2630,3,64.0
16521,312,3,0.8
871,1488,3,28.0
809,2726,3,7.6
13771,9,3,15.8
1705,2285,3,31.0
12230,828,3,239.0
16687,944,3,879.0
10400,1655,3,1.5
3423,188,3,5.0
9913,1832,3,75.0
7987,2272,3,58.0
14864,537,3,1.9
18028,272,3,193.0
763,2195,3,8.9
11414,1696,3,48.0
5227,2831,3,139.0
11635,2285,3,48.0
16620,1681,3,4.2
8916,2285,3,48.0
8710,1721,3,309.0
5783,1832,3,59.0
7761,1166,3,182.0
12704,1612,3,0.2
8390,100,3,246.0
15441,2496,3,6.0
1886,2420,3,99.0
11124,814,3,0.0
16379,2285,3,44.0
5437,725,3,32.0
4015,921,3,10.0
1144,1488,3,54.0
15615,1617,3,38.0
1030,2631,3,422.0
16547,2152,3,108.0
11062,1832,3,9.4
9269,2095,3,0.3
3287,100,3,210.0
7995,1321,3,26.0
15532,237,3,23.0
2015,1488,3,21.0
4745,2027,3,0.4
9711,2726,3,160.0
253,2462,3,13.9
17761,2389,3,29.0
3872,9,3,5.2
14451,1659,3,0.6
15860,2285,3,49.0
14749,1722,3,1.7
5846,2238,3,7.0
5748,2285,3,45.0
14537,2922,3,79.0
15777,2654,3,13.8
16850,1832,3,40.0
1728,2911,3,599.0
14193,159,3,2.3
5005,2922,3,143.0
6520,1880,3,3.1
1241,68,3,1573.0
3732,2627,3,19.0
7028,2911,3,3647.0
5331,762,3,540.0
11320,2096,3,534.0
3892,1488,3,288.0
5206,2285,3,61.0
6072,100,3,17.9
10352,1488,3,273.0
3488,2339,3,411.0
7604,2922,3,65.0
484,1813,3,0.8
13360,113,3,245.0
308,2285,3,18.9
17419,1449,3,47.0
3856,2285,3,42.0
12912,1499,3,52.0
12262,237,3,425.0
15622,1776,3,1.0
12335,2285,3,31.0
3699,2195,3,5.2
9502,2285,3,50.0
16282,2380,3,837.0
7359,25,3,5.3
18047,2285,3,52.0
4185,2630,3,1080.0
10959,2285,3,7.6
7252,2285,3,47.0
16451,579,3,101.0
3739,811,3,28.0
13239,2285,3,25.0
13082,2285,3,49.0
9082,766,3,1.0
11182,1785,3,18.2
11125,481,3,30.0
18263,2285,3,41.0
6864,1832,3,94.0
11319,1488,3,32.0
11530,1208,3,566.0
1829,1596,3,1.3
2659,572,3,39.0
3574,766,3,388.0
17581,2285,3,45.0
17867,2285,3,0.6
6210,1838,3,70.0
911,2285,3,1.3
10179,2285,3,32.0
7233,560,3,58.0
13827,2285,3,10.3
5447,2285,3,28.0
10068,1832,3,0.0
8613,2001,3,0.0
8863,2285,3,35.0
7770,800,3,2.7
7437,2298,3,5.0
2777,139,3,1.0
12840,725,3,11.6
10777,2160,3,25.0
15463,2923,3,0.5
7773,2285,3,1.4
4061,594,3,28.0
16304,1680,3,8.1
1143,1229,3,1.0
6982,1096,3,0.0
3472,2285,3,0.6
1418,811,3,88.0
17566,741,3,18.2
16059,2630,3,128.0
5498,2285,3,52.0
8799,2285,3,0.6
6409,1155,3,561.0
1052,25,3,4.0
10121,2886,3,8.2
8593,2285,3,6.7
10684,572,3,413.0
1613,1128,3,166.0
10016,2148,3,1.4
6915,1602,3,0.0
8287,2423,3,60.0
16868,2139,3,39.0
14052,2630,3,266.0
4390,2490,3,62.0
16290,2285,3,41.0
14889,1488,3,5.3
9872,1128,3,49.0
11584,1488,3,1.8
6364,2371,3,0.4
2164,2844,3,18.5
18082,1832,3,0.1
11836,556,3,43.0
17410,100,3,249.0
14795,2922,3,108.0
3039,745,3,3.2
2142,944,3,1281.0
3686,1488,3,155.0
1336,2285,3,1.7
14139,1827,3,4.1
1473,2922,3,79.0
11147,2285,3,24.0
3324,1816,3,0.4
14147,1832,3,72.0
1385,699,3,6.7
1430,2496,3,0.1
3006,800,3,15.4
6579,2842,3,22.0
14742,1488,3,267.0
1983,237,3,3434.0
14030,2858,3,12.8
16525,2098,3,0.8
1278,1565,3,15.2
2042,546,3,2.9
12586,2292,3,45.0
9071,2194,3,65.0
4967,2630,3,9.0
16463,1686,3,41.0
15067,1832,3,13.2
17003,1557,3,125.0
8353,1488,3,46.0
4749,2922,3,122.0
209,2285,3,51.0
6480,1576,3,15.9
5867,211,3,0.6
10002,2773,3,0.5
14854,1488,3,159.0
2498,2027,3,45.0
11329,874,3,0.3
1495,2285,3,74.0
2829,2285,3,33.0
5300,2922,3,76.0
5364,2654,3,69.0
14921,2285,3,0.1
10319,520,3,459.0
1948,1559,3,38.0
3580,556,3,17.5
2768,816,3,11.4
806,2285,3,6.0
5241,2205,3,4.4
2407,2285,3,52.0
898,850,3,75.0
2810,1875,3,35.0
17647,2285,3,19.9
15529,2285,3,1.0
10624,2285,3,52.0
8859,2285,3,67.0
9525,2922,3,37.0
14380,2285,3,44.0
1593,2285,3,36.0
6704,2272,3,55.0
12346,1228,3,780.0
12907,1937,3,0.1
2619,1156,3,0.9
1956,85,3,1.9
14394,371,3,46.0
12078,1832,3,1.2
13863,2285,3,6.0
3210,636,3,851.0
6919,2285,3,43.0
17652,2285,3,63.0
12824,1488,3,238.0
7182,1776,3,47.0
4460,2630,3,59.0
6903,1488,3,616.0
12364,1698,3,8.8
4492,829,3,159.0
1918,1074,3,38.0
3765,1594,3,3.8
8756,2935,3,5.5
9196,1937,3,1.2
2469,2285,3,56.0
11328,1458,3,234.0
1575,2285,3,1.3
3353,2285,3,54.0
17749,1407,3,7.7
7710,1070,3,9.6
787,1776,3,69.0
12495,1321,3,2.8
3190,2631,3,39.0
14926,2922,3,384.0
1314,2285,3,60.0
2666,2136,3,403.0
14027,1867,3,0.0
5354,2526,3,3.9
10842,1228,3,482.0
630,237,3,165.0
13319,2285,3,54.0
5855,2313,3,110.0
4642,2285,3,37.0
3238,811,3,179.0
11032,2831,3,45.0
8076,2285,3,0.6
13486,2865,3,110.0
15366,2726,3,4.5
17351,2780,3,183.0
1400,1832,3,51.0
6521,2195,3,0.4
11448,237,3,43.0
17328,2285,3,16.8
15972,2780,3,15.0
1827,237,3,371.0
4851,2285,3,1.5
5488,2292,3,199.0
15754,2285,3,36.0
5290,42,3,670.0
4992,2420,3,124.0
14475,371,3,1.6
17757,2801,3,0.0
17073,944,3,7.8
16385,2285,3,16.0
3501,696,3,136.0
4787,2285,3,9.6
1867,2915,3,1.1
6890,1488,3,100.0
1078,2631,3,140.0
13614,1382,3,2.8
11553,2631,3,60.0
25,1488,3,6.0
5573,1614,3,5.5
2447,2148,3,13.9
4322,2336,3,8.5
14737,1628,3,0.4
6796,1488,3,83.0
12398,2639,3,22.0
2869,2285,3,33.0
13979,2002,3,9.2
17157,2285,3,54.0
16921,1189,3,19.1
5988,2285,3,68.0
6441,1655,3,0.3
2411,1785,3,409.0
10255,214,3,161.0
15741,2846,3,2.6
12511,1471,3,192.0
14488,1832,3,22.0
2476,1488,3,110.0
14458,1947,3,76.0
18182,502,3,0.2
14616,1832,3,45.0
14883,1202,3,90.0
3166,2673,3,36.0
6728,2922,3,51.0
13024,368,3,6047.0
12601,2285,3,33.0
9718,2285,3,30.0
7879,1776,3,21.0
9926,2192,3,7.8
13375,1488,3,118.0
6343,1488,3,517.0
16356,25,3,54.0
3908,2496,3,11.4
7155,2780,3,89.0
4637,2285,3,61.0
9902,2922,3,124.0
11034,1037,3,123.0
460,2922,3,114.0
8829,811,3,84.0
7140,1407,3,0.0
15275,2205,3,1.1
15164,2285,3,23.0
3217,2285,3,13.7
6702,306,3,230.0
15586,2285,3,4.8
5814,552,3,14.6
8339,767,3,0.2
18277,345,3,1.3
5970,811,3,108.0
2450,2087,3,3.0
6455,1488,3,143.0
4028,2631,3,75.0
5371,9,3,50.0
4349,1166,3,1129.0
6930,1488,3,7.3
14444,1488,3,91.0
10266,2362,3,0.0
13753,2611,3,10.6
17051,1981,3,5.8
2863,1985,3,113.0
3847,718,3,176.0
10464,2410,3,1.6
9852,1492,3,2046.0
8523,2285,3,43.0
12604,2208,3,4.7
15421,1832,3,58.0
2558,1832,3,47.0
483,2922,3,102.0
2616,450,3,22.0
12789,1492,3,1335.0
13384,2371,3,23.0
7191,1628,3,0.3
17560,1832,3,3.3
5184,2922,3,107.0
15459,1488,3,400.0
11839,2285,3,41.0
8982,1603,3,2.5
5253,312,3,117.0
2994,237,3,101.0
11819,725,3,7.2
5871,1128,3,36.0
4135,2285,3,38.0
17211,2725,3,0.0
13801,2237,3,0.3
13651,1488,3,357.0
14440,100,3,111.0
887,1304,3,0.2
10805,835,3,5.1
3091,1166,3,35.0
4259,1695,3,19.1
3289,1215,3,842.0
3356,2285,3,6.0
6881,100,3,40.0
6473,2195,3,14.7
7458,2400,3,0.2
16800,2285,3,40.0
7778,1321,3,12.6
9291,1202,3,0.2
6632,1948,3,3.8
6487,2285,3,53.0
11632,2865,3,501.0
1197,1612,3,0.2
5432,1904,3,0.8
17777,1154,3,75.0
5481,2922,3,105.0
4103,68,3,694.0
11838,237,3,789.0
3755,1776,3,14.0
14800,881,3,14.8
16789,2285,3,0.7
12621,2922,3,121.0
16248,2726,3,3.3
17441,2888,3,13.2
3549,2285,3,31.0
6428,1488,3,31.0
4715,2758,3,3.1
13352,18,3,1.6
1125,2759,3,3.4
1874,2285,3,25.0
18270,2547,3,85.0
16819,2630,3,223.0
6776,1609,3,25.0
17432,368,3,3438.0
5054,1509,3,4.9
8663,1027,3,6.8
15940,2328,3,1.0
16262,237,3,1139.0
561,1128,3,7.6
2984,966,3,24.0
14678,1488,3,87.0
17280,2710,3,11.9
1531,2444,3,0.9
1927,2285,3,23.0
17333,2366,3,25.0
6054,580,3,48.0
13709,2285,3,22.0
2487,387,3,146.0
12235,1389,3,24.0
12427,1876,3,27.0
3881,614,3,0.7
5763,881,3,0.8
12374,1119,3,0.3
10009,811,3,185.0
1780,373,3,46.0
13962,2922,3,195.0
8546,68,3,945.0
8316,1488,3,141.0
5894,1488,3,127.0
16709,556,3,5.7
9785,864,3,9.3
17872,1832,3,101.0
5499,2922,3,24.0
9575,2922,3,61.0
3855,1304,3,834.0
568,2922,3,109.0
2871,2285,3,35.0
14309,137,3,13.0
3503,2285,3,29.0
16206,1277,3,3.8
9480,1617,3,42.0
14032,1488,3,5.7
16293,2380,3,314.0
10924,868,3,0.0
3106,1488,3,152.0
8988,1832,3,140.0
5104,237,3,211.0
12534,2922,3,143.0
12227,1488,3,43.0
1390,9,3,22.0
15055,25,3,48.0
12545,2285,3,24.0
15303,1832,3,40.0
4223,1611,3,79.0
7431,2229,3,276.0
14448,1776,3,67.0
16116,2285,3,55.0
10313,1832,3,8.8
9748,357,3,2.3
16753,1202,3,1.1
4144,1832,3,84.0
2723,766,3,368.0
8548,1832,3,9.3
6142,2285,3,2.7
15259,1884,3,3.5
3274,2285,3,31.0
6309,2631,3,152.0
14923,811,3,67.0
10650,1128,3,79.0
1344,641,3,874.0
2522,1128,3,39.0
14311,1323,3,199.0
1309,1228,3,31.0
12382,500,3,25.0
5916,1832,3,67.0
14958,1755,3,250.0
17552,2285,3,0.4
17348,745,3,115.0
13191,237,3,17.7
15600,2275,3,4.5
1647,1128,3,2.0
14111,1488,3,7.5
8738,208,3,5.5
5669,1588,3,0.0
4396,2246,3,0.2
16601,720,3,4.0
12471,1609,3,74.0
9322,1335,3,0.2
2163,2285,3,63.0
13715,1087,3,1.1
4957,854,3,22.0
18135,1488,3,183.0
17774,469,3,50.0
17320,1407,3,0.2
15347,1596,3,0.2
793,100,3,135.0
17545,1156,3,1.3
8264,2285,3,2.9
12272,2545,3,5.6
8241,572,3,68.0
9124,1041,3,0.1
15776,1242,3,130.0
14192,2786,3,0.3
4785,1890,3,16.3
4098,2922,3,93.0
7175,2285,3,36.0
8247,2630,3,72.0
2365,739,3,6.4
4636,1499,3,11.3
11568,2922,3,85.0
5320,1458,3,57.0
3124,25,3,27.0
15270,2285,3,30.0
1239,2802,3,6.6
14081,2884,3,31.0
17155,1937,3,0.4
9690,1488,3,16.2
12546,2285,3,36.0
8125,2639,3,53.0
3816,2344,3,0.8
7008,1488,3,37.0
13342,2844,3,1.1
17403,2817,3,1.7
1399,2536,3,11.8
297,2922,3,14.3
9615,2922,3,69.0
10246,2293,3,0.1
7334,2285,3,22.0
17928,1300,3,911.0
11327,1488,3,7.2
7272,2662,3,0.0
723,602,3,93.0
17863,2195,3,3.0
6056,1832,3,46.0
16021,2780,3,29.0
12015,1321,3,44.0
3964,2631,3,104.0
2382,1488,3,65.0
11011,2639,3,44.0
1638,1832,3,36.0
3653,2285,3,37.0
1484,2631,3,89.0
1337,1488,3,344.0
8344,1781,3,293.0
13917,1244,3,20.0
14172,2604,3,0.2
13291,2285,3,54.0
17865,272,3,2.3
354,1488,3,1.6
13026,1362,3,0.9
12855,743,3,24.0
6158,1488,3,9.8
1412,1492,3,1971.0
6808,272,3,69.0
612,1497,3,76.0
1424,1208,3,636.0
10123,2489,3,17.0
2587,1488,3,434.0
7428,2285,3,31.0
5048,1617,3,221.0
1916,1530,3,4.4
11145,572,3,252.0
10065,2001,3,1.4
7567,2188,3,81.0
17080,1832,3,57.0
14724,2922,3,54.0
7026,2392,3,0.7
5285,1274,3,4.0
13871,572,3,30.0
829,2285,3,45.0
2286,237,3,1533.0
8817,2285,3,14.6
14666,1660,3,2.2
1715,1832,3,3.9
16049,272,3,344.0
4084,2369,3,14.0
11294,1731,3,37.0
2935,1832,3,46.0
5082,1488,3,116.0
15873,2196,3,7.8
9264,1617,3,116.0
4172,745,3,3.4
856,2922,3,63.0
3352,237,3,1427.0
4059,272,3,265.0
6621,2195,3,6.5
1362,44,3,40.0
13848,1321,3,42.0
8089,2285,3,41.0
14514,1832,3,65.0
6679,1488,3,169.0
2936,1488,3,232.0
12856,237,3,582.0
3504,2611,3,5.6
962,25,3,25.0
10644,1608,3,2610.0
2197,2380,3,42.0
1609,2285,3,18.8
1206,1610,3,0.4
17234,444,3,182.0
9007,1474,3,35.0
4605,2884,3,23.0
7467,1690,3,0.4
5294,2865,3,3.9
8723,1985,3,132.0
11434,2631,3,12.9
17007,274,3,118.0
9967,1776,3,34.0
5333,1832,3,55.0
5804,1578,3,710.0
4517,2310,3,0.2
1893,2285,3,1.8
15152,814,3,441.0
2961,938,3,1.3
11418,2285,3,49.0
11245,688,3,5.6
12632,1006,3,2.5
16639,2285,3,47.0
13012,1832,3,5.9
14808,1838,3,0.7
12860,52,3,2.6
13087,2906,3,26.0
15561,2085,3,0.5
9476,2285,3,39.0
8439,100,3,256.0
16538,1802,3,0.0
17976,811,3,212.0
9090,572,3,916.0
4726,2285,3,30.0
1165,2340,3,21.0
2432,1584,3,16.6
11786,25,3,3.6
7941,25,3,41.0
7713,1037,3,156.0
2761,2631,3,168.0
15043,2756,3,74.0
5646,2630,3,245.0
94,2546,3,18.2
12517,2922,3,72.0
15198,2136,3,149.0
12172,2098,3,30.0
12554,2547,3,0.0
14476,1488,3,5.2
4454,481,3,0.8
11196,1832,3,62.0
13092,2285,3,23.0
11326,2922,3,212.0
8796,2285,3,1.7
5256,2922,3,174.0
8237,2285,3,60.0
12699,1832,3,69.0
3305,2848,3,528.0
4605,1407,3,0.8
5941,1128,3,122.0
7148,2535,3,6.8
11101,1382,3,18.2
10269,2726,3,42.0
16239,2922,3,68.0
5413,52,3,17.4
16380,2243,3,0.7
2360,2459,3,10.6
17653,1612,3,0.2
7411,2187,3,1.1
5465,778,3,18.1
6443,734,3,0.6
15285,1937,3,32.0
1868,2726,3,64.0
14187,1647,3,0.2
12530,2057,3,0.9
3015,2285,3,0.5
9807,2366,3,0.6
12483,1177,3,16.6
16959,725,3,49.0
2818,314,3,0.5
17931,2285,3,30.0
12411,1202,3,53.0
15051,2496,3,21.0
5232,2285,3,26.0
15429,2455,3,4.3
830,2667,3,42.0
11377,1037,3,10.8
8118,1141,3,106.0
18113,725,3,29.0
3530,1655,3,13.2
10057,2338,3,0.8
1211,2285,3,91.0
14725,1604,3,33.0
15787,2674,3,13.1
1225,270,3,53.0
13036,1488,3,110.0
14241,274,3,29.0
11224,237,3,708.0
16299,2780,3,429.0
7138,1300,3,1.4
14642,811,3,107.0
12668,1876,3,26.0
13626,2580,3,41.0
10930,1027,3,138.0
5161,2195,3,10.4
9214,2285,3,30.0
16057,2056,3,11.2
16582,2285,3,5.1
5360,1721,3,57.0
12311,2285,3,64.0
3054,2619,3,26.0
6033,1208,3,111.0
16758,1335,3,0.2
17673,791,3,124.0
14359,944,3,694.0
18050,1128,3,207.0
1595,1596,3,1.8
14373,572,3,41.0
2540,2285,3,1.1
11457,1488,3,4.4
17908,2631,3,23.0
11193,2122,3,0.0
2160,1488,3,35.0
14546,1317,3,753.0
1906,1166,3,16.4
8616,1177,3,36.0
13485,25,3,34.0
12567,255,3,352.0
64,811,3,28.0
4946,2190,3,0.8
9733,2272,3,2.0
6916,1128,3,16.0
17144,1409,3,136.0
14074,1488,3,53.0
6570,255,3,406.0
4529,2481,3,0.0
5356,2630,3,188.0
1877,269,3,10.5
17930,2619,3,40.0
12536,2205,3,27.0
3557,1937,3,1.3
10796,2922,3,166.0
3957,2285,3,12.3
750,1776,3,54.0
13436,98,3,54.0
17506,42,3,190.0
1432,2285,3,7.4
1300,811,3,298.0
14037,2638,3,15.6
12933,2285,3,50.0
6879,1612,3,0.0
8869,1690,3,0.0
7317,1488,3,4.2
4660,862,3,105.0
8996,2631,3,10.4
14326,200,3,8.3
3101,2285,3,55.0
16606,2096,3,3790.0
18177,1277,3,2.4
16990,2922,3,234.0
18256,368,3,6940.0
14224,1230,3,9.4
10965,732,3,598.0
12242,2366,3,55.0
10645,933,3,6.0
6250,863,3,0.6
15143,293,3,5.0
5755,1947,3,12.3
2570,1488,3,89.0
2705,580,3,21.0
1920,2285,3,34.0
2792,2846,3,0.8
16449,68,3,149.0
15929,1875,3,20.0
12292,2285,3,26.0
5149,696,3,127.0
3382,2488,3,154.0
11737,2285,3,33.0
10268,1321,3,60.0
8209,2285,3,33.0
14558,1488,3,13.6
963,2285,3,31.0
10356,1321,3,7.1
14903,2876,3,167.0
17376,1202,3,3.3
12578,446,3,0.0
8581,271,3,50.0
14876,2631,3,88.0
17346,237,3,105.0
15858,725,3,26.0
11857,2759,3,287.0
10680,1128,3,151.0
15597,140,3,4.8
3209,1832,3,34.0
7918,1488,3,0.4
15683,368,3,2359.0
12582,2922,3,134.0
16672,2002,3,13.3
909,2840,3,0.2
9905,1832,3,54.0
5134,1488,3,184.0
14868,2631,3,122.0
11682,2922,3,122.0
17221,2780,3,2.6
7343,1030,3,10.6
9207,2285,3,52.0
5811,2285,3,28.0
1825,811,3,85.0
9373,515,3,0.1
16208,2285,3,21.0
10541,2444,3,6.4
3870,2585,3,28.0
3211,237,3,1717.0
11461,2759,3,48.0
13157,2922,3,70.0
5548,2285,3,49.0
10488,594,3,121.0
13938,282,3,61.0
10020,604,3,0.0
8732,2285,3,17.5
4953,1818,3,1.1
11113,494,3,0.6
465,2710,3,0.5
8642,1488,3,31.0
6672,946,3,142.0
6412,2285,3,46.0
8782,779,3,0.3
471,1807,3,2.1
16139,2195,3,4.0
3268,2630,3,569.0
3013,1628,3,1.3
3509,1128,3,15.8
2209,30,3,29.0
1464,1488,3,17.9
2044,426,3,4154.0
12991,2285,3,23.0
3333,1781,3,2158.0
10467,58,3,18.6
17291,2285,3,41.0
17131,1586,3,1.4
11008,902,3,3.4
4757,2775,3,12.8
6301,551,3,0.4
1748,1609,3,4.4
3515,1776,3,30.0
6611,1488,3,295.0
68,98,3,40.0
16368,1887,3,0.1
1858,2195,3,9.3
3743,1876,3,23.0
9452,1395,3,11.1
5130,293,3,15.0
9556,1087,3,1.2
8591,2665,3,0.9
11315,2285,3,60.0
9995,1703,3,1.3
11131,1655,3,1.0
7171,2876,3,28.0
3299,883,3,25.0
17885,1635,3,1500.0
15120,1488,3,73.0
2060,556,3,117.0
2547,2630,3,129.0
12135,1037,3,1.1
11962,1832,3,86.0
16071,1832,3,23.0
15369,2285,3,19.7
6594,1838,3,49.0
16389,449,3,2.9
6299,25,3,53.0
6024,1838,3,17.4
12373,2285,3,57.0
16079,2922,3,134.0
14741,399,3,0.1
18232,2726,3,32.0
8655,1852,3,34.0
4699,1617,3,147.0
13631,814,3,98.0
18145,2285,3,34.0
5137,2831,3,387.0
17835,2195,3,4.0
10658,2285,3,12.2
14989,2285,3,16.8
2815,237,3,1604.0
5821,1737,3,11.8
4916,1612,3,1.2
12317,2285,3,40.0
15854,68,3,367.0
7386,1304,3,2463.0
6643,2285,3,51.0
17544,1471,3,197.0
13522,1497,3,58.0
2707,2706,3,0.2
13583,478,3,102.0
566,2780,3,19.6
1259,1937,3,1.3
9429,1609,3,0.7
11108,811,3,210.0
4301,68,3,348.0
2776,185,3,1.1
18160,2285,3,60.0
1035,1488,3,21.0
10128,274,3,107.0
14154,2285,3,56.0
15839,2285,3,50.0
3723,965,3,16.8
18248,676,3,4.9
5592,2922,3,50.0
17167,2562,3,11.3
4270,2205,3,0.5
4601,2639,3,2.0
9121,237,3,608.0
1005,2922,3,36.0
1318,764,3,0.1
15003,816,3,150.0
9342,680,3,148.0
4739,1612,3,0.0
6944,745,3,6.3
7696,1395,3,166.0
13159,2922,3,213.0
1965,2625,3,1.1
12296,2380,3,1661.0
10588,2285,3,55.0
985,2285,3,37.0
14604,2465,3,0.2
17826,1488,3,87.0
9578,1562,3,0.2
16466,1128,3,1.4
6606,2710,3,1.3
13157,1875,3,50.0
16130,701,3,0.0
13900,1986,3,7.0
2914,368,3,4406.0
13610,725,3,67.0
923,1832,3,7.0
1739,1488,3,79.0
5506,1321,3,18.5
13170,1321,3,79.0
15841,725,3,31.0
10963,1326,3,31.0
3200,303,3,122.0
3598,2285,3,30.0
9242,2547,3,10.5
4195,2922,3,13.4
5197,1342,3,36.0
4963,1911,3,9742.0
8226,631,3,2.2
14572,2922,3,67.0
14096,2372,3,18.6
1673,1488,3,18.4
2175,68,3,532.0
12109,884,3,1.0
6035,2527,3,0.8
1271,2526,3,4.2
8942,42,3,448.0
11920,237,3,1648.0
13796,1488,3,56.0
8844,2922,3,63.0
15834,2726,3,283.0
5546,2056,3,9.9
8925,1189,3,6.2
4791,2285,3,25.0
3894,2624,3,4.3
16927,725,3,39.0
15689,2285,3,0.3
9668,2127,3,15.2
3665,919,3,21.0
10890,1947,3,124.0
9912,68,3,1042.0
15892,1377,3,19.6
6994,2631,3,23.0
3233,2285,3,14.7
10810,1776,3,0.3
2651,2836,3,0.5
13536,2627,3,26.0
6947,320,3,23.0
15039,1776,3,26.0
17153,2285,3,3.7
14240,1969,3,1.5
10826,2389,3,2.3
16634,946,3,160.0
17241,2630,3,495.0
10879,2876,3,50.0
6365,2831,3,0.9
3818,1776,3,12.0
2199,1515,3,0.1
14297,368,3,2282.0
10091,829,3,503.0
3551,2285,3,29.0
5190,2922,3,99.0
12616,1533,3,2058.0
6294,2692,3,0.2
3748,68,3,1103.0
18124,2285,3,52.0
16845,1228,3,150.0
6151,237,3,2933.0
3837,2285,3,71.0
13,1947,3,97.0
4517,811,3,66.0
8133,2285,3,25.0
4500,2630,3,283.0
11127,813,3,2.8
1420,2285,3,11.9
6972,1832,3,60.0
12667,781,3,7.2
15016,1321,3,66.0
13500,811,3,495.0
5183,237,3,1139.0
17199,2285,3,6.1
8586,1838,3,4.9
6922,2027,3,48.0
9698,1937,3,38.0
10982,166,3,18.8
14695,2922,3,81.0
7443,2142,3,6.4
15558,2285,3,65.0
6682,1525,3,33.0
8498,1887,3,45.0
11094,1596,3,0.2
3934,1488,3,29.0
4995,1488,3,7.6
2217,2922,3,100.0
16833,1606,3,152.0
8429,2844,3,7.3
954,1628,3,0.8
8935,2922,3,188.0
12792,1202,3,53.0
6060,1488,3,94.0
9587,2285,3,3.8
15153,929,3,7.9
1382,1776,3,23.0
3334,2922,3,108.0
4300,1473,3,0.1
15861,868,3,8.8
16870,1441,3,4.8
9742,811,3,108.0
7340,1488,3,70.0
3480,2831,3,5.5
2590,2285,3,80.0
17719,2285,3,11.6
13363,2439,3,198.0
13271,1488,3,33.0
12868,2285,3,47.0
10578,2612,3,0.5
10550,2285,3,26.0
17910,2780,3,111.0
6066,781,3,41.0
12897,2285,3,31.0
1076,1020,3,0.1
5152,1785,3,622.0
15105,1166,3,36.0
10672,1832,3,56.0
13676,1488,3,34.0
7075,368,3,1555.0
10116,1612,3,5.3
15247,1516,3,0.2
1319,1596,3,0.5
6924,1370,3,0.0
14681,1785,3,448.0
15624,2216,3,0.5
4487,2535,3,9.3
15150,2294,3,20.0
4978,1522,3,0.0
1090,1488,3,13.4
13833,881,3,6.5
5760,1655,3,279.0
16611,2285,3,22.0
10565,1814,3,0.0
2634,2630,3,428.0
1071,900,3,0.0
5135,547,3,21.0
2597,2441,3,29.0
7077,1832,3,25.0
8424,1492,3,1899.0
6039,1443,3,143.0
9038,2285,3,1.2
7630,2922,3,21.0
2058,828,3,330.0
13076,237,3,1153.0
1523,52,3,10.6
1769,52,3,0.1
10288,132,3,955.0
9204,2285,3,12.2
4177,2285,3,0.2
16347,450,3,16.8
9292,1608,3,590.0
7392,814,3,171.0
3919,2285,3,12.9
18279,1838,3,19.4
17492,2299,3,28.0
11587,811,3,92.0
18125,778,3,16.7
4029,732,3,437.0
18098,811,3,67.0
17680,2285,3,15.2
1578,2922,3,53.0
814,1037,3,85.0
4463,2285,3,1.5
9177,2547,3,0.6
7970,1612,3,1.2
8095,2223,3,2113.0
14216,811,3,45.0
6331,2285,3,28.0
9785,1721,3,462.0
6546,1488,3,222.0
8722,1781,3,235.0
8171,1321,3,46.0
13495,1488,3,0.4
8947,1876,3,34.0
9465,2006,3,229.0
2787,2285,3,30.0
6256,1832,3,92.0
17641,811,3,102.0
16541,255,3,107.0
10844,1079,3,369.0
12074,5,3,0.3
16700,1937,3,13.5
5973,1473,3,8.3
10413,1013,3,17.2
10425,1832,3,33.0
14995,1721,3,167.0
13970,368,3,2830.0
9923,1488,3,335.0
10803,702,3,0.1
2885,1706,3,1.4
17747,237,3,35.0
11020,2285,3,60.0
9217,1832,3,92.0
10567,1596,3,1.8
3745,1355,3,126.0
10018,2285,3,89.0
15462,2096,3,33.0
3917,237,3,141.0
16637,2876,3,123.0
12353,2360,3,25.0
15590,2856,3,27.0
13472,2546,3,2.2
15440,980,3,9.3
1393,2285,3,28.0
13730,1596,3,2.7
4597,2529,3,34.0
173,814,3,14.2
16607,537,3,29.0
10459,109,3,1.4
5257,2285,3,66.0
10683,2386,3,16.5
11123,2109,3,0.0
10043,1827,3,65.0
13835,2285,3,5.0
6528,25,3,25.0
8835,2285,3,41.0
11152,1128,3,62.0
9980,2630,3,95.0
9470,745,3,21.0
9511,1983,3,24.0
9271,2385,3,0.3
11194,2285,3,12.3
9356,2285,3,32.0
4243,2001,3,66.0
12362,2922,3,75.0
7816,1832,3,2.8
18192,2285,3,51.0
3838,271,3,48.0
5532,1488,3,7.9
2909,2285,3,50.0
12447,1905,3,14.2
8244,818,3,2.9
4403,1947,3,86.0
11144,2195,3,14.7
107,2463,3,267.0
13876,2285,3,21.0
8714,1414,3,15.3
10984,461,3,0.8
1342,2630,3,109.0
2497,2759,3,394.0
2780,1488,3,83.0
17218,132,3,955.0
11301,272,3,2.2
11029,2831,3,111.0
10233,2285,3,34.0
10849,1977,3,10.9
12548,1128,3,65.0
1646,1488,3,147.0
7982,1488,3,235.0
4450,2285,3,8.3
14776,1776,3,1.6
3775,2439,3,4.2
15763,659,3,5.0
8132,1156,3,13.1
2641,1241,3,0.1
8454,2285,3,34.0
6361,2339,3,25.0
7628,100,3,449.0
10254,98,3,52.0
2433,1832,3,121.0
11914,2285,3,45.0
14947,933,3,9.9
17030,2630,3,180.0
14338,2285,3,42.0
12961,2285,3,44.0
332,1488,3,50.0
2342,1488,3,155.0
14838,282,3,7.7
13210,237,3,44.0
6784,2780,3,116.0
2414,2526,3,218.0
11347,100,3,235.0
2460,2285,3,47.0
2186,2833,3,21.0
10771,1776,3,27.0
6291,302,3,64.0
12715,2831,3,237.0
13826,2140,3,11.1
4477,1937,3,0.1
9084,2285,3,42.0
16189,1030,3,2.8
174,743,3,19.4
1269,2285,3,31.0
12501,2888,3,89.0
6108,25,3,38.0
12313,2639,3,67.0
8531,1827,3,1.3
11566,2285,3,15.8
14478,1500,3,653.0
17288,2630,3,116.0
2405,494,3,22.0
1947,545,3,3.1
4093,723,3,5.1
992,302,3,0.1
12016,1617,3,287.0
15757,2285,3,58.0
10655,2285,3,48.0
9555,2285,3,12.6
17940,2780,3,86.0
1442,2285,3,4.6
17555,2526,3,0.2
13050,25,3,39.0
4444,2482,3,6.1
3778,1304,3,294.0
8509,1304,3,84.0
4731,924,3,1.4
11715,2285,3,44.0
13287,1827,3,3.8
1025,1937,3,0.8
1055,1717,3,7.4
9892,766,3,116.0
2997,1808,3,6.3
11081,1832,3,49.0
4654,2285,3,53.0
14269,1968,3,17.2
11640,1887,3,49.0
16365,68,3,1115.0
3666,2932,3,15.1
5052,1488,3,31.0
5717,1918,3,7.9
9704,109,3,121.0
17356,743,3,54.0
13102,2340,3,43.0
2085,558,3,6.2
11048,1488,3,5.4
3168,1409,3,2.0
11208,2922,3,77.0
12777,1922,3,1.0
6793,881,3,7.4
7858,2285,3,13.1
8446,2832,3,0.2
13597,1983,3,1.8
3603,2488,3,730.0
15654,1612,3,0.2
14382,2285,3,50.0
12063,2285,3,60.0
12743,2324,3,14.4
12271,2886,3,3.4
2942,230,3,0.3
10620,1715,3,33.0
10643,2285,3,38.0
10206,1488,3,17.4
1800,2911,3,7.6
9848,944,3,995.0
14189,1606,3,0.2
3730,1450,3,12.7
4156,1488,3,516.0
8347,897,3,614.0
3741,2285,3,45.0
12839,1832,3,1.6
9867,271,3,6.2
16125,958,3,0.1
17470,620,3,1.8
2,2630,3,51.0
15317,2726,3,5.3
10749,2285,3,24.0
2499,1488,3,14.7
5794,1488,3,132.0
14635,2195,3,17.2
17434,2654,3,0.2
4943,1818,3,0.1
8597,2651,3,102.0
13258,2285,3,39.0
13996,2922,3,67.0
6237,2607,3,575.0
9616,2340,3,11.3
2836,2285,3,22.0
7016,2285,3,36.0
18296,937,3,0.0
1465,1492,3,3973.0
3943,944,3,2158.0
14599,2488,3,252.0
18088,1304,3,252.0
4092,1876,3,44.0
7569,1202,3,15.1
9920,1832,3,26.0
8412,2096,3,268.0
4609,1488,3,81.0
13644,2285,3,16.4
17572,2285,3,18.0
6720,1947,3,25.0
2795,2922,3,75.0
6554,725,3,28.0
18201,1208,3,275.0
14609,1488,3,130.0
12592,1277,3,5.3
2808,1156,3,1.9
1743,272,3,78.0
16630,1488,3,75.0
14023,2573,3,10.9
16185,1611,3,125.0
17622,2285,3,6.7
14551,2285,3,8.2
1033,1690,3,2.6
5235,1983,3,48.0
14765,2692,3,0.2
1423,1781,3,48.0
11720,1488,3,1736.0
5131,1581,3,5.5
15778,1937,3,8.4
13504,2285,3,15.9
5899,2630,3,52.0
2220,1189,3,0.2
16499,2630,3,86.0
6830,2285,3,19.7
9519,579,3,23.0
17975,2285,3,18.6
2240,1612,3,3.1
17932,1321,3,110.0
15348,100,3,110.0
4519,2285,3,4.5
5706,2527,3,0.4
14125,2285,3,24.0
13246,1321,3,4.6
202,277,3,2.6
4644,588,3,4.0
1709,881,3,8.6
12937,1832,3,63.0
12442,2630,3,81.0
11054,2285,3,23.0
2489,1612,3,0.1
16164,363,3,53.0
17128,2517,3,25.0
4868,2285,3,12.1
2715,1202,3,104.0
3336,2285,3,2.0
8483,2285,3,31.0
15564,1237,3,407.0
15465,1156,3,0.6
4934,2285,3,34.0
15445,2285,3,34.0
2695,68,3,294.0
6456,1156,3,36.0
4719,1776,3,25.0
3575,2726,3,80.0
924,1323,3,96.0
3790,2205,3,4.6
1440,237,3,2216.0
2030,829,3,115.0
11706,1228,3,16.3
5716,354,3,36.0
12758,1832,3,34.0
3679,933,3,1.8
14836,368,3,2779.0
4931,2285,3,17.4
4936,1202,3,13.8
2644,1876,3,11.4
7885,2285,3,49.0
13525,282,3,7.8
1550,897,3,232.0
10820,1937,3,7.6
17380,350,3,77.0
14764,1776,3,3.4
13398,1488,3,34.0
14992,1189,3,131.0
10641,1300,3,339.0
10341,580,3,75.0
14983,1832,3,83.0
5101,2831,3,153.0
3426,745,3,0.1
15099,1488,3,25.0
4120,2510,3,42.0
8010,811,3,168.0
6516,2630,3,31.0
17354,754,3,1.2
14016,1884,3,0.3
14753,1499,3,837.0
7684,272,3,91.0
4901,2285,3,20.0
12246,68,3,399.0
15224,2536,3,0.1
18214,2631,3,128.0
8821,1937,3,0.1
17304,1838,3,67.0
1316,2285,3,21.0
1267,1037,3,24.0
5561,685,3,1.9
7129,864,3,7.0
3378,1875,3,54.0
13983,2631,3,188.0
10523,1128,3,134.0
16213,368,3,1735.0
11275,2922,3,84.0
18272,1336,3,6.9
7406,1685,3,58.0
11015,1277,3,1.7
17279,272,3,66.0
1954,1410,3,3.7
15616,1128,3,143.0
16374,1024,3,30.0
9140,237,3,10.6
7633,2285,3,48.0
10346,1608,3,1667.0
2280,1052,3,1.6
2134,368,3,4034.0
16137,2285,3,43.0
11111,1110,3,0.1
2479,1128,3,293.0
4231,2922,3,158.0
7325,68,3,411.0
2096,1208,3,25.0
6832,2285,3,27.0
618,1617,3,25.0
4187,2489,3,20.0
10324,2380,3,2352.0
7413,1488,3,7.4
2559,1905,3,4.8
13311,725,3,106.0
15276,660,3,2.0
17971,1488,3,81.0
9481,1690,3,2.7
6099,718,3,5.7
1775,2229,3,25.0
10056,81,3,1.0
16855,864,3,2.8
11356,1596,3,1.6
15024,237,3,1086.0
12371,2285,3,65.0
17305,1488,3,87.0
12070,2726,3,7.8
5090,282,3,60.0
1837,2409,3,51.0
14735,1488,3,75.0
3121,2631,3,0.4
17778,729,3,4.2
8761,811,3,95.0
18144,2285,3,35.0
10237,371,3,1105.0
10314,1888,3,5.6
17447,2631,3,2.2
271,2285,3,11.4
14830,734,3,1.2
12269,2285,3,45.0
17012,1488,3,137.0
16190,1245,3,5.6
324,2922,3,73.0
1889,2788,3,94.0
15525,745,3,0.4
7594,2285,3,1.0
9684,2285,3,60.0
6824,1612,3,0.8
16265,2285,3,123.0
2360,1617,3,30.0
11024,811,3,130.0
5157,1703,3,4.2
1427,1166,3,47.0
17900,2547,3,3.4
8468,2786,3,12.6
7880,828,3,22.0
11651,670,3,595.0
18171,2285,3,3.4
18016,2285,3,14.8
10599,2619,3,3.8
10156,368,3,6716.0
17797,2630,3,1447.0
925,1792,3,12.7
13002,2841,3,13.5
2103,992,3,64.0
9596,1488,3,238.0
18096,2285,3,55.0
8943,1459,3,1.1
6182,572,3,50.0
10248,2439,3,6.0
12028,1609,3,16.3
16728,68,3,151.0
17349,2684,3,3.4
17718,828,3,461.0
17563,1583,3,73.0
8428,2562,3,1.4
10788,2630,3,83.0
1449,2106,3,14.4
11773,1721,3,4.6
3595,944,3,1269.0
46,2630,3,168.0
4825,1832,3,11.8
3074,2050,3,40.0
15497,2285,3,16.8
9430,2285,3,19.9
2778,2285,3,21.0
9987,1679,3,4.2
13380,2536,3,0.6
9288,811,3,90.0
2441,1202,3,247.0
14842,488,3,181.0
10477,1944,3,0.1
13967,1838,3,7.1
10433,2407,3,0.2
13564,1643,3,1485.0
3207,1832,3,25.0
7115,2285,3,80.0
2403,2285,3,47.0
1338,2630,3,645.0
8602,1035,3,5.8
6436,30,3,35.0
16530,1802,3,61.0
12683,1832,3,144.0
11652,773,3,257.0
2817,9,3,10.3
1325,946,3,409.0
8373,1300,3,183.0
12115,572,3,748.0
10349,1608,3,203.0
9864,2285,3,25.0
11938,1488,3,17.9
4452,1037,3,28.0
3478,1911,3,1322.0
4227,1488,3,39.0
5862,354,3,35.0
8787,2922,3,72.0
6658,2631,3,56.0
15437,1488,3,148.0
5457,867,3,0.3
6795,2285,3,52.0
7429,815,3,63.0
710,1596,3,2.0
694,1554,3,2259.0
140,2922,3,75.0
9457,2562,3,2.3
17317,1937,3,1.3
16044,2285,3,25.0
17909,2868,3,1.1
13023,2285,3,35.0
12891,2285,3,0.6
16567,2496,3,2.6
17387,237,3,1534.0
11073,1041,3,0.6
999,2285,3,47.0
1486,2383,3,19.1
8210,1853,3,3.2
17884,766,3,1238.0
17987,1596,3,1.2
9617,237,3,430.0
14758,2630,3,99.0
7470,2327,3,90.0
6043,1488,3,19.3
2210,1027,3,2.4
17034,1610,3,290.0
5038,2463,3,121.0
375,2456,3,1.6
7889,2087,3,1.0
8080,1691,3,0.3
9789,944,3,114.0
18198,272,3,1.8
2624,2744,3,0.5
13434,1488,3,240.0
1549,1611,3,147.0
10085,2285,3,76.0
16725,100,3,25.0
8278,2001,3,110.0
1478,1832,3,3.8
17195,1488,3,32.0
5781,1596,3,0.6
12591,2285,3,8.0
6991,1827,3,4.8
8861,1776,3,46.0
7764,797,3,34.0
10786,302,3,5.8
6527,2631,3,67.0
16531,1217,3,0.3
16652,343,3,33.0
15358,2043,3,1.8
5714,25,3,1.0
5858,376,3,22.0
14042,814,3,1293.0
10228,2285,3,54.0
14031,1608,3,4200.0
5731,2842,3,67.0
5579,1208,3,0.0
252,1471,3,3791.0
12576,2203,3,13.4
5454,1499,3,3.5
1147,1020,3,0.4
18108,1155,3,0.4
13204,2205,3,11.2
949,2285,3,24.0
14145,2526,3,24.0
9691,2285,3,35.0
2140,2285,3,44.0
5032,1488,3,593.0
351,811,3,97.0
4778,1603,3,5.0
12707,811,3,75.0
9180,2285,3,12.3
16301,2839,3,8.7
7765,2668,3,56.0
12339,293,3,3.0
4137,1488,3,166.0
4448,272,3,47.0
8106,919,3,1.3
10224,2922,3,72.0
11941,1832,3,47.0
4401,1488,3,15.5
5318,1608,3,2149.0
4158,2496,3,30.0
9073,1832,3,57.0
300,2351,3,1.2
8301,1838,3,5.8
12939,1610,3,8.9
7444,781,3,0.5
6100,1488,3,18.8
5030,2550,3,79.0
14579,237,3,6435.0
5591,1832,3,87.0
14443,1785,3,1130.0
5792,1525,3,36.0
5785,2001,3,8.6
12859,2630,3,444.0
1479,1029,3,44.0
16446,2285,3,26.0
18217,2925,3,3.6
12935,2098,3,5.4
3093,1757,3,0.3
6434,2285,3,43.0
5194,2285,3,27.0
12644,1488,3,386.0
12458,25,3,21.0
1741,2285,3,42.0
16159,2285,3,55.0
16303,272,3,978.0
11114,2195,3,0.6
12981,1215,3,0.0
2233,2630,3,51.0
13470,2380,3,712.0
12247,1473,3,1.4
9176,1785,3,1070.0
6534,1407,3,0.2
487,1499,3,74.0
3672,2865,3,7.7
8729,2922,3,132.0
8425,2726,3,246.0
15657,2389,3,76.0
3051,2285,3,56.0
12040,2423,3,38.0
144,2111,3,0.4
6042,2285,3,14.0
3131,2403,3,90.0
18176,1832,3,10.2
8984,1172,3,1200.0
17299,2843,3,0.6
7117,743,3,3.7
448,100,3,364.0
831,2111,3,0.2
7946,2726,3,1.9
15114,1166,3,10.3
8340,237,3,917.0
16106,2619,3,0.6
11807,2842,3,10.6
8510,2380,3,1014.0
3438,1228,3,69.0
18159,1937,3,35.0
15375,1281,3,69.0
7172,2630,3,197.0
14356,1488,3,182.0
14636,1596,3,0.4
16874,2229,3,183.0
7688,2922,3,86.0
14675,2371,3,0.9
10104,2338,3,0.1
15984,2285,3,45.0
12612,2726,3,222.0
8626,2423,3,11.4
17040,1488,3,99.0
16151,831,3,840.0
4606,2923,3,5.4
15315,2285,3,13.1
11197,2488,3,265.0
1581,2285,3,22.0
4671,2285,3,38.0
8069,2339,3,58.0
1689,1488,3,263.0
10131,2285,3,1.5
7484,2122,3,96.0
24,924,3,1.8
4413,2842,3,39.0
14918,100,3,147.0
2529,2285,3,51.0
3948,2547,3,147.0
17443,2285,3,53.0
1530,1488,3,882.0
14352,2423,3,199.0
16932,682,3,66.0
14566,1832,3,47.0
11937,725,3,60.0
14129,2726,3,64.0
7119,1937,3,0.7
7267,1488,3,110.0
17845,1593,3,0.6
10250,1832,3,17.2
11475,2630,3,62.0
10350,2063,3,16.9
8102,2833,3,126.0
10296,2726,3,123.0
9961,1832,3,31.0
6817,2380,3,752.0
5576,2773,3,0.4
4663,811,3,101.0
2692,1488,3,52.0
12638,1690,3,0.0
7439,2285,3,31.0
4496,2285,3,17.0
10526,2487,3,0.1
17301,272,3,210.0
12915,2532,3,5.2
14712,1488,3,45.0
16871,282,3,41.0
3626,572,3,163.0
5684,1219,3,0.5
5952,2285,3,61.0
16762,344,3,29.0
17990,2338,3,1.6
3400,1166,3,0.6
2698,25,3,39.0
12810,1604,3,22.0
5620,1488,3,30.0
8582,2285,3,29.0
17189,100,3,105.0
11190,1488,3,52.0
12285,2630,3,58.0
8805,272,3,173.0
8492,2285,3,49.0
16424,2922,3,104.0
2751,404,3,24.0
4779,2742,3,12.9
762,30,3,18.1
11698,946,3,232.0
1806,1610,3,8.7
5758,2192,3,0.1
10453,2195,3,5.9
8215,1159,3,4.6
12766,1488,3,219.0
2804,2710,3,37.0
8757,1452,3,4.1
13057,2339,3,1.2
3579,2285,3,32.0
3752,1488,3,612.0
4712,1832,3,19.0
12772,2742,3,12.6
15760,1488,3,26.0
3830,52,3,5.6
13510,2922,3,115.0
3550,2336,3,7.5
4101,2661,3,1.7
6243,696,3,6.1
17541,2285,3,54.0
12834,98,3,3.8
9626,2305,3,2.7
2989,1488,3,156.0
5950,1312,3,0.0
6681,1610,3,2.0
13648,1488,3,8.3
13121,2483,3,1.1
13096,2630,3,125.0
7986,163,3,18.7
2204,2285,3,49.0
2362,1638,3,162.0
4167,1548,3,1.6
13365,1564,3,23.0
10193,282,3,28.0
1021,1488,3,43.0
2461,1128,3,108.0
5725,2285,3,31.0
4064,975,3,8.3
7354,272,3,86.0
4501,2630,3,190.0
1711,1628,3,0.8
4658,2267,3,183.0
239,2922,3,122.0
6692,1985,3,44.0
10831,1929,3,600.0
15402,1611,3,1491.0
13392,1128,3,132.0
5073,2285,3,22.0
6424,2285,3,36.0
5029,255,3,5.4
6146,1721,3,323.0
9568,1611,3,792.0
14001,444,3,68.0
16551,957,3,3.1
15727,1466,3,764.0
14166,614,3,1.3
16612,2831,3,649.0
9428,1611,3,9.8
7391,1937,3,9.6
13427,745,3,66.0
12964,811,3,94.0
2868,2285,3,2.6
11685,897,3,86.0
13810,725,3,67.0
14350,2201,3,5.0
9365,1488,3,6.0
3703,2285,3,32.0
12963,2488,3,601.0
6883,98,3,61.0
6690,1578,3,1.4
6320,1389,3,1.2
1017,1832,3,54.0
17347,1491,3,1374.0
5668,2922,3,32.0
5478,1488,3,17.1
11191,2345,3,33.0
12444,725,3,25.0
9565,1832,3,46.0
3363,1465,3,6.5
14941,868,3,0.1
6023,1628,3,2.0
13672,2142,3,89.0
14098,2831,3,78.0
4796,1583,3,29.0
1834,371,3,8.7
11778,2339,3,14.0
10674,2195,3,9.8
3187,2285,3,18.9
6744,1488,3,22.0
15989,1781,3,1585.0
12024,2285,3,55.0
7665,2780,3,70.0
4876,1321,3,17.6
14013,1655,3,132.0
17184,2922,3,137.0
15199,572,3,1.2
5129,1030,3,35.0
8688,2780,3,43.0
10030,1557,3,6.8
9702,1737,3,6.5
4412,2639,3,21.0
11374,2285,3,39.0
11710,2285,3,36.0
8604,142,3,2.6
9282,1488,3,352.0
1936,1832,3,94.0
17643,556,3,14.7
5895,1488,3,4.0
13927,820,3,0.0
15911,1832,3,42.0
2373,2285,3,26.0
11139,2285,3,2.0
2481,237,3,22.0
494,877,3,2.1
10456,1612,3,1.8
2932,1655,3,117.0
15225,1713,3,29.0
16094,2285,3,57.0
9847,2001,3,66.0
9826,1128,3,32.0
16937,1827,3,8.8
10970,2454,3,27.0
13275,958,3,0.6
9488,2631,3,3.7
2759,1488,3,40.0
11602,2630,3,258.0
10785,2922,3,82.0
15261,2285,3,15.1
5885,1300,3,32.0
8327,2922,3,301.0
15400,2562,3,23.0
18045,572,3,430.0
18252,237,3,1118.0
4620,1321,3,34.0
4802,237,3,774.0
17364,1030,3,20.0
4870,1612,3,0.0
12090,368,3,448.0
11529,854,3,176.0
14966,1488,3,0.8
10966,1937,3,0.1
2211,1228,3,88.0
15522,1832,3,8.0
8814,915,3,11.0
4857,2500,3,0.1
12922,1128,3,10.8
7825,2285,3,33.0
15378,2136,3,4.6
349,25,3,5.5
8915,1947,3,6.8
1173,2866,3,1.3
9446,68,3,620.0
861,2922,3,475.0
7929,237,3,20.0
8027,1937,3,7.5
5443,1611,3,43.0
5424,1776,3,74.0
17998,2631,3,11.8
5108,2922,3,91.0
333,2638,3,260.0
13215,2285,3,1.1
5357,2285,3,0.3
18023,2285,3,44.0
6674,2726,3,28.0
11668,614,3,26.0
2359,1832,3,9.2
121,2888,3,119.0
498,1737,3,3.8
13896,2285,3,32.0
6286,636,3,1354.0
13250,2631,3,130.0
16759,1128,3,49.0
17010,1488,3,36.0
5828,2285,3,79.0
8571,1166,3,184.0
14009,2285,3,71.0
16009,2398,3,0.7
14253,2742,3,144.0
1448,1321,3,69.0
3266,2285,3,72.0
9784,1321,3,60.0
11349,1609,3,72.0
14183,2285,3,6.2
15485,1321,3,59.0
17902,1202,3,18.6
7837,1488,3,114.0
8977,933,3,77.0
14699,924,3,0.0
7099,2285,3,51.0
986,1832,3,77.0
13236,2619,3,234.0
1123,933,3,43.0
9323,2562,3,3.0
14628,1832,3,32.0
1188,132,3,0.0
5653,1488,3,261.0
4380,2285,3,0.8
8768,2195,3,5.5
1997,1488,3,68.0
10973,2285,3,27.0
3421,2001,3,157.0
8622,725,3,71.0
8945,2922,3,244.0
14584,1488,3,99.0
11557,2211,3,0.8
2097,1488,3,136.0
14432,2703,3,0.0
12962,2726,3,70.0
8421,1832,3,21.0
12602,1488,3,101.0
6565,2922,3,53.0
12485,725,3,1.3
3415,1610,3,112.0
14974,1721,3,9.9
1930,1875,3,9.1
12931,1488,3,80.0
6524,1985,3,15.0
13241,1497,3,6.5
14106,1341,3,14.0
7908,2285,3,71.0
16742,2630,3,119.0
14077,892,3,5.8
6198,2865,3,0.5
13714,2710,3,24.0
9676,2631,3,137.0
13164,2294,3,1.8
9139,1721,3,170.0
15354,1488,3,68.0
15346,2733,3,67.0
4369,2285,3,13.8
16422,537,3,7.5
12274,946,3,164.0
2428,2285,3,1.6
884,2922,3,84.0
10761,2122,3,140.0
3411,1983,3,10.6
3186,2285,3,75.0
8016,2630,3,470.0
5600,164,3,25.0
6486,811,3,68.0
5799,2922,3,118.0
1922,1488,3,138.0
186,1488,3,228.0
14046,281,3,2.2
2474,282,3,86.0
12283,1669,3,2.6
4102,1610,3,4.8
4700,1832,3,22.0
4878,237,3,761.0
12300,2285,3,42.0
5663,1395,3,5.0
14076,272,3,28.0
16911,1832,3,56.0
2310,2285,3,46.0
1626,2922,3,78.0
9420,2630,3,896.0
5854,537,3,2.0
248,1096,3,1.1
6095,2922,3,78.0
5414,929,3,0.4
16676,2195,3,4.2
4670,1690,3,2.4
16496,1515,3,0.1
17861,2876,3,12.9
768,1973,3,11.0
6358,2285,3,60.0
11303,2122,3,20.0
2846,1838,3,29.0
10912,1875,3,8.5
13925,1335,3,0.3
3311,2285,3,91.0
7196,2285,3,54.0
15537,2285,3,31.0
1992,237,3,649.0
13575,1307,3,0.5
12774,1681,3,62.0
4647,1776,3,7.8
7592,445,3,1.1
2809,100,3,97.0
10568,2631,3,134.0
626,1838,3,7.5
15066,1681,3,1.4
791,2922,3,88.0
8137,2922,3,161.0
13613,237,3,30.0
4242,2338,3,0.6
537,1876,3,31.0
6800,1066,3,6.5
13261,2922,3,37.0
5345,2285,3,35.0
4685,2850,3,1.7
10033,237,3,597.0
2617,1832,3,233.0
15819,725,3,0.0
16142,1827,3,30.0
16942,572,3,519.0
1642,1626,3,454.0
14002,1837,3,25.0
5924,74,3,0.0
5591,2285,3,16.0
3576,401,3,50.0
17313,1832,3,36.0
4238,182,3,0.2
6077,2922,3,224.0
16945,2654,3,0.3
13958,816,3,78.0
11622,1455,3,5.5
1652,1612,3,5.0
17989,2195,3,3.6
5898,2285,3,21.0
8152,1611,3,62.0
12713,572,3,72.0
3183,1790,3,0.1
16750,410,3,17.4
1726,811,3,103.0
15458,1611,3,135.0
3680,2654,3,3.3
17011,2195,3,0.6
1101,1304,3,315.0
7044,25,3,5.9
3831,467,3,26.0
7874,1451,3,0.9
6547,2285,3,31.0
3883,864,3,6.9
5128,1499,3,477.0
16000,2380,3,623.0
14332,1684,3,0.5
5325,2922,3,68.0
17624,1451,3,0.0
9932,2542,3,10.0
5215,31,3,326.0
8917,1612,3,0.7
3965,863,3,0.8
11184,1030,3,2.6
9203,537,3,24.0
338,1488,3,63.0
1282,292,3,336.0
1320,2285,3,42.0
15253,1838,3,0.7
59,2520,3,7.4
5893,962,3,0.7
12623,1488,3,156.0
12304,2623,3,0.1
16432,2631,3,156.0
7204,1776,3,3.3
7093,2441,3,47.0
10357,2630,3,202.0
17070,1788,3,28.0
11309,334,3,5.1
17052,237,3,2252.0
5613,2726,3,2.6
5201,302,3,14.1
2621,745,3,11.0
14668,2285,3,49.0
2013,1488,3,154.0
3104,2922,3,93.0
14554,2638,3,2.0
17258,2285,3,22.0
16427,725,3,3.7
17259,2911,3,186.0
10114,2285,3,47.0
833,1783,3,0.0
14532,1488,3,160.0
15680,283,3,5.4
11496,1911,3,2499.0
16149,1128,3,56.0
3437,800,3,3.2
3976,1596,3,3.2
11211,68,3,1094.0
17079,1228,3,141.0
5976,1488,3,133.0
2976,2922,3,33.0
515,944,3,391.0
15783,1781,3,705.0
14472,2489,3,17.0
16039,556,3,83.0
10702,272,3,9.2
2903,1832,3,34.0
4308,572,3,44.0
12843,1990,3,1.1
17556,1838,3,12.2
14861,376,3,13.2
7245,572,3,548.0
10563,2526,3,57.0
18020,811,3,58.0
292,237,3,8.3
2072,14,3,2080.0
5132,1004,3,13.8
5495,2285,3,57.0
15064,2172,3,0.9
18081,2285,3,35.0
3346,1189,3,4.8
10539,1228,3,164.0
2628,1488,3,100.0
7928,368,3,1063.0
13987,1189,3,212.0
11348,1407,3,6.4
4510,2936,3,3.6
11350,2285,3,10.4
1884,1594,3,1.5
13658,1201,3,0.3
17341,1016,3,21.0
11582,1492,3,112.0
14964,2580,3,11.6
6110,2000,3,17.2
10374,17,3,1.7
6026,2299,3,27.0
13769,1609,3,49.0
6281,272,3,620.0
2719,1407,3,7.8
10211,1128,3,100.0
6650,1985,3,30.0
4661,9,3,28.0
159,1473,3,0.4
6041,1711,3,16.8
1397,614,3,212.0
13702,1488,3,40.0
16396,2911,3,236.0
11079,2448,3,125.0
1015,1832,3,22.0
6940,25,3,8.9
9051,2285,3,13.3
3706,1077,3,0.1
5879,572,3,52.0
15169,1003,3,6.3
16887,753,3,0.6
2762,1611,3,490.0
16719,2285,3,26.0
7037,2285,3,2.2
4290,1488,3,26.0
18295,2285,3,70.0
18168,2886,3,9.8
10901,2732,3,0.5
7144,1488,3,138.0
7533,2285,3,41.0
12352,368,3,1471.0
17055,541,3,365.0
14556,572,3,137.0
8404,867,3,0.0
1360,1488,3,69.0
10721,1488,3,48.0
13579,368,3,4658.0
4226,572,3,288.0
690,2285,3,0.8
15785,2285,3,1.2
3418,1128,3,169.0
16528,2496,3,30.0
10621,1827,3,52.0
14456,1202,3,11.0
14088,272,3,88.0
7255,2285,3,14.4
8775,2195,3,8.9
10612,1655,3,141.0
5319,1612,3,0.0
7635,1617,3,71.0
16221,565,3,16.7
2699,2195,3,1.2
12687,864,3,1.0
4204,2922,3,180.0
12783,1197,3,34.0
18179,1876,3,16.4
17382,2111,3,1.5
13194,811,3,52.0
1119,811,3,125.0
10137,1208,3,326.0
2337,1610,3,17.0
4990,725,3,65.0
17637,1195,3,62.0
10530,1166,3,43.0
1685,2420,3,124.0
12508,1623,3,13.0
3841,1832,3,3.8
2638,1776,3,75.0
4789,1690,3,2.0
15472,1525,3,55.0
17883,1488,3,189.0
11681,1832,3,6.8
698,1488,3,276.0
9259,1832,3,78.0
8717,2630,3,4.4
4595,685,3,90.0
10218,2922,3,164.0
2838,2285,3,3.2
16596,1202,3,93.0
5151,255,3,314.0
4157,2285,3,30.0
1645,1947,3,510.0
5528,1037,3,102.0
16249,2922,3,86.0
10354,2195,3,6.5
8937,1838,3,8.0
4443,1785,3,582.0
4531,1610,3,1.8
16328,1628,3,0.6
46,2285,3,29.0
1466,1832,3,57.0
821,1568,3,2.5
6655,556,3,99.0
12712,725,3,52.0
6872,2922,3,95.0
3939,1721,3,43.0
4170,1128,3,77.0
7063,1612,3,0.3
8290,1304,3,116.0
15218,1841,3,10.6
16674,2843,3,37.0
3542,1610,3,5.2
6137,2631,3,110.0
9526,2922,3,68.0
6867,2116,3,115.0
16979,1389,3,63.0
14652,1576,3,14.1
4213,2444,3,15.7
10470,68,3,26.0
16194,2631,3,79.0
8572,546,3,128.0
18048,282,3,3.5
14008,2285,3,13.2
7568,2496,3,5.9
16093,2285,3,59.0
10951,815,3,19.3
18036,555,3,77.0
1836,1202,3,25.0
926,725,3,98.0
14874,281,3,22.0
9154,2285,3,49.0
290,2630,3,521.0
195,2546,3,23.0
14545,1937,3,0.3
874,1156,3,7.1
13300,1090,3,145.0
623,944,3,1.0
7643,1245,3,75.0
14739,1832,3,54.0
14112,572,3,221.0
17640,1488,3,46.0
10451,944,3,519.0
15977,588,3,6.0
6197,1832,3,77.0
18141,2780,3,215.0
2545,811,3,67.0
18091,1876,3,59.0
11485,2285,3,1.0
10183,1878,3,53.0
5540,2371,3,33.0
15573,2028,3,3.2
1317,100,3,83.0
15166,725,3,0.4
4476,2285,3,39.0
15524,1832,3,28.0
5246,1488,3,3.0
9600,1488,3,413.0
18075,2493,3,0.1
10336,2195,3,2.5
161,1488,3,438.0
10591,1488,3,323.0
16107,2285,3,35.0
11845,25,3,22.0
3618,2708,3,19.0
12189,1905,3,98.0
7732,2285,3,24.0
10295,1372,3,0.5
11617,113,3,57.0
3240,2884,3,0.9
10037,1014,3,1.5
3989,1240,3,15.1
85,1128,3,68.0
12562,2285,3,50.0
8891,1128,3,90.0
6211,2811,3,4.5
1177,897,3,22.0
10506,2285,3,36.0
4360,77,3,2.1
6263,2305,3,1.1
15768,1604,3,0.8
5103,444,3,95.0
5962,1287,3,28.0
5673,144,3,43.0
7708,1836,3,90.0
3797,2386,3,30.0
16780,2285,3,77.0
1286,1832,3,15.5
11446,2922,3,207.0
17245,2922,3,86.0
1897,946,3,125.0
2605,2285,3,32.0
3458,1471,3,542.0
699,1838,3,13.2
11364,1832,3,6.1
7094,904,3,0.9
9491,2638,3,70.0
3757,2285,3,37.0
2731,2710,3,0.8
5263,1832,3,27.0
13823,1030,3,134.0
7223,1876,3,18.0
17422,1300,3,7.7
4854,237,3,13.5
4052,919,3,0.5
14060,1690,3,4.0
1477,2098,3,1.6
14796,1553,3,3679.0
15398,2285,3,36.0
12318,2354,3,25.0
10071,718,3,0.2
8496,68,3,1058.0
2092,1610,3,18.2
7984,1937,3,70.0
13881,2630,3,225.0
4458,2850,3,13.7
16426,1937,3,0.3
17375,2856,3,8.7
7064,2842,3,1.5
3573,2922,3,1091.0
3066,2536,3,0.8
176,1647,3,188.0
12740,1488,3,49.0
4773,1612,3,0.0
12463,1617,3,37.0
778,1321,3,110.0
304,2285,3,10.0
16734,777,3,2.1
4392,1488,3,3.7
17232,2922,3,78.0
949,1716,3,1966.0
1121,368,3,1212.0
16243,1832,3,83.0
4515,1321,3,47.0
1142,913,3,9.1
8367,2536,3,1.9
15026,2780,3,163.0
4538,2285,3,0.5
15879,2371,3,3.8
6969,537,3,3.4
40,1488,3,800.0
973,1668,3,1.5
443,1832,3,45.0
10586,811,3,290.0
3564,2285,3,9.8
4986,1321,3,1.2
387,2409,3,27.0
14871,237,3,564.0
8126,2726,3,52.0
16329,2585,3,0.2
7365,1832,3,33.0
3380,25,3,4.2
6479,743,3,29.0
3555,376,3,7.2
1346,565,3,1.2
5193,368,3,1859.0
11001,2285,3,32.0
6989,2285,3,2.4
2676,1721,3,141.0
17252,725,3,27.0
16204,1342,3,36.0
4962,921,3,3.4
8899,1832,3,28.0
6248,1781,3,140.0
18183,2285,3,22.0
5912,255,3,549.0
17678,1533,3,336.0
13617,2285,3,5.5
2677,2285,3,0.6
4030,1155,3,3.4
14754,113,3,564.0
4210,1119,3,254.0
7097,1785,3,1617.0
4125,1321,3,84.0
13645,2922,3,269.0
12166,1651,3,215.0
17408,1832,3,4.8
8650,31,3,336.0
10197,1488,3,18.5
15495,2285,3,5.6
3147,2285,3,64.0
14583,1608,3,1100.0
13655,2726,3,33.0
15356,2546,3,0.8
11615,1488,3,266.0
5594,572,3,206.0
17390,2285,3,1.4
6219,670,3,0.0
3231,360,3,6.6
7041,1627,3,1.9
11959,2122,3,0.3
12671,237,3,35.0
1611,1982,3,0.4
1043,98,3,91.0
17750,1782,3,232.0
16622,1876,3,11.4
7961,1037,3,4.4
15607,1937,3,2.0
3694,2001,3,14.4
13125,2630,3,8.3
10168,1721,3,168.0
93,2710,3,1.8
16785,696,3,7.0
7281,2285,3,75.0
6948,1321,3,49.0
9186,670,3,504.0
8776,1166,3,8.5
12134,2195,3,3.5
12727,1464,3,897.0
7049,2285,3,44.0
11115,2285,3,49.0
10727,897,3,135.0
10189,2327,3,60.0
12384,572,3,133.0
7556,2726,3,193.0
3019,1488,3,22.0
6711,14,3,168.0
3231,1488,3,38.0
4384,1832,3,53.0
16849,1497,3,47.0
10681,1488,3,45.0
5779,1596,3,1.1
14734,1876,3,0.4
5744,2726,3,7.4
5019,2922,3,212.0
11963,2562,3,1.4
5610,1608,3,2724.0
14824,1662,3,271.0
15527,1538,3,10.4
4754,410,3,105.0
5234,2630,3,252.0
5608,2096,3,1571.0
9351,1488,3,177.0
13860,1612,3,0.1
18126,1488,3,3.6
9551,2631,3,99.0
3859,594,3,1555.0
15693,946,3,140.0
8629,272,3,95.0
11760,2106,3,0.1
7262,2831,3,30.0
2724,2929,3,1.3
643,2285,3,1.0
1443,674,3,3.5
11904,1471,3,122.0
4423,249,3,30.0
2667,2598,3,0.7
1959,2759,3,70.0
3471,2529,3,7.3
1470,237,3,659.0
402,1128,3,5.7
6912,1443,3,24.0
18194,2631,3,3.5
1524,1832,3,17.4
10891,1596,3,1.3
14971,2229,3,530.0
158,100,3,188.0
11813,2726,3,375.0
13028,1832,3,28.0
4433,2205,3,1.2
902,1832,3,132.0
876,2327,3,59.0
5322,1080,3,3597.0
12276,2831,3,42.0
2352,9,3,12.0
12525,481,3,46.0
3952,2844,3,25.0
12009,2161,3,137.0
4505,237,3,118.0
17935,556,3,63.0
16558,1488,3,169.0
5298,2198,3,0.8
11762,696,3,72.0
11091,1655,3,0.1
13074,1837,3,26.0
7162,1832,3,90.0
14803,2285,3,13.0
10322,1488,3,19.8
3073,2285,3,53.0
11734,2285,3,41.0
10309,54,3,0.6
9026,1136,3,1.5
6337,1488,3,129.0
7802,1832,3,20.0
1235,1272,3,122.0
7939,1864,3,31.0
5497,2056,3,1.9
13929,2285,3,1.1
9766,25,3,1.1
10384,1202,3,0.4
15132,2630,3,206.0
6619,2285,3,32.0
18003,1484,3,0.5
14461,2285,3,23.0
15567,1300,3,210.0
7980,572,3,25.0
8330,1611,3,81.0
8940,745,3,6.5
14990,572,3,210.0
8774,938,3,0.2
9235,2922,3,102.0
16156,2420,3,18.1
5106,725,3,20.0
3155,237,3,2224.0
9914,614,3,506.0
13391,1864,3,24.0
9887,1464,3,14060.0
17864,2496,3,27.0
12156,1714,3,14.4
860,2780,3,7.5
8261,2726,3,1.1
6107,1208,3,62.0
2107,1036,3,5.9
9147,68,3,70.0
17413,2822,3,41.0
1809,1611,3,104.0
3812,2371,3,14.1
3007,2285,3,39.0
8194,1488,3,319.0
14398,2285,3,3.0
2437,711,3,24.0
15096,426,3,3418.0
3581,425,3,54.0
6673,68,3,1015.0
14463,1596,3,1.9
16391,2285,3,33.0
16289,1609,3,146.0
1151,2285,3,1.7
14512,2205,3,22.0
13499,2285,3,37.0
12633,2922,3,182.0
14273,2780,3,0.1
7632,579,3,0.2
11816,68,3,688.0
1962,2639,3,40.0
16926,1488,3,72.0
6888,2298,3,14.3
7894,1596,3,4.2
10204,237,3,217.0
12571,1832,3,26.0
9543,2630,3,19.8
9570,68,3,381.0
17057,556,3,2.2
5220,1488,3,40.0
8703,614,3,66.0
15452,1128,3,66.0
13634,1758,3,10.2
17440,1776,3,60.0
8730,2630,3,56.0
11105,1785,3,137.0
10038,2639,3,1.0
4583,2294,3,7.5
14529,1488,3,57.0
5513,2298,3,44.0
11052,703,3,8.4
3431,1281,3,39.0
14792,2285,3,32.0
12363,2161,3,2462.0
2709,237,3,724.0
2897,1488,3,86.0
5133,1473,3,1.0
9020,1832,3,59.0
8001,343,3,2.6
15620,2447,3,66.0
13307,2205,3,9.6
541,1488,3,2676.0
636,2631,3,1.0
7800,1721,3,325.0
16056,1321,3,29.0
13526,142,3,330.0
5274,1488,3,4.4
18156,1838,3,21.0
9403,2285,3,3.2
3779,1696,3,8.8
2279,2145,3,0.4
7937,2536,3,0.1
1603,1776,3,4.3
1552,292,3,89.0
2131,272,3,5.3
8597,2922,3,17.7
7522,237,3,1292.0
8097,2285,3,3.8
5657,1832,3,25.0
5081,555,3,1318.0
13382,2285,3,25.0
10077,2285,3,0.8
828,2607,3,2331.0
15307,2922,3,196.0
2117,25,3,2.6
17059,1323,3,1647.0
15165,2176,3,34.0
10438,745,3,2.0
9510,1037,3,31.0
15401,1557,3,6.4
1086,2285,3,20.0
456,1349,3,0.0
671,2028,3,58.0
12457,2285,3,39.0
15340,2409,3,17.7
13708,1608,3,897.0
17963,31,3,707.0
14319,1488,3,793.0
5961,2853,3,1.1
8066,1655,3,20.0
3850,1248,3,5.5
14932,1072,3,5.6
3085,1755,3,5649.0
15836,2710,3,1.0
15884,1488,3,220.0
17425,1776,3,67.0
8912,237,3,2123.0
11589,778,3,7.1
14882,1562,3,1.3
2649,272,3,145.0
9494,594,3,521.0
4160,878,3,2.0
14059,1832,3,28.0
4697,1492,3,1.3
13763,811,3,85.0
3296,1488,3,986.0
10751,2273,3,1.8
4387,471,3,3.2
17297,933,3,2.0
6377,189,3,5.9
12871,1488,3,6.8
14483,1776,3,57.0
5139,68,3,5.2
9805,180,3,194.0
4356,2546,3,546.0
5417,2195,3,8.6
1323,282,3,60.0
8415,2615,3,28.0
13932,2631,3,1.8
17273,2631,3,79.0
4236,1488,3,699.0
9944,1155,3,31.0
8921,2195,3,0.7
7005,2285,3,39.0
14462,2639,3,11.6
5605,1245,3,41.0
3357,743,3,14.8
6306,1304,3,371.0
10770,2285,3,38.0
16390,814,3,2499.0
2647,523,3,179.0
17512,2365,3,0.0
6084,282,3,1.4
14773,921,3,0.4
2182,571,3,1.1
16517,2285,3,49.0
1567,1612,3,0.1
16965,854,3,140.0
4280,2339,3,120.0
49,376,3,38.0
812,237,3,892.0
463,1288,3,7.8
16170,2295,3,31.0
3309,237,3,2760.0
11951,1488,3,41.0
17634,1832,3,64.0
16040,1025,3,4.4
5788,1832,3,69.0
5707,1472,3,9.5
14371,1488,3,612.0
8788,1876,3,14.1
4089,2831,3,133.0
4645,2285,3,8.0
17416,2426,3,4.8
14278,281,3,13.2
8713,2243,3,1.4
3726,1832,3,47.0
10580,2285,3,25.0
12820,2498,3,13.3
15301,614,3,87.0
1216,2285,3,6.8
14531,1947,3,290.0
9608,1488,3,98.0
4831,572,3,116.0
3826,1488,3,68.0
2237,271,3,41.0
13371,670,3,91.0
5136,1488,3,170.0
10280,2911,3,1164.0
17483,1488,3,2.4
5297,274,3,41.0
78,161,3,1.3
5155,1937,3,18.3
8318,2285,3,30.0
16035,732,3,624.0
6802,1128,3,139.0
3657,1128,3,1.1
11939,2630,3,116.0
9796,946,3,51.0
5974,1488,3,15.5
7485,1491,3,438.0
3702,2285,3,9.4
12424,2285,3,50.0
14480,2922,3,71.0
10767,1655,3,45.0
17724,2476,3,4.7
3691,1642,3,9.6
15894,2112,3,226.0
8471,2923,3,0.4
4046,1488,3,579.0
6230,2332,3,3.5
1339,725,3,5.9
17284,2285,3,44.0
12494,2285,3,46.0
6056,2285,3,1.0
17804,965,3,481.0
17414,272,3,51.0
8505,478,3,144.0
1742,2630,3,82.0
5119,2001,3,74.0
628,1488,3,48.0
2969,2631,3,0.9
16548,25,3,14.8
11398,1937,3,1.6
8193,1832,3,82.0
10096,1488,3,128.0
2568,1720,3,8.6
16401,2876,3,253.0
3849,2285,3,48.0
7785,1832,3,118.0
11103,272,3,226.0
2448,2285,3,52.0
7286,2631,3,90.0
11255,1488,3,20.0
8585,728,3,5.1
7248,2922,3,78.0
14615,1170,3,16.2
14677,2285,3,48.0
18057,151,3,18.9
12710,1937,3,1.2
15519,897,3,52.0
4899,1128,3,335.0
15238,2285,3,43.0
11600,471,3,2.0
193,1488,3,1.6
17194,2339,3,38.0
6400,1488,3,111.0
10689,1596,3,0.9
869,2309,3,1.8
6440,2285,3,37.0
15046,2856,3,0.8
6172,2230,3,2.6
4935,723,3,1.9
1961,1488,3,258.0
8647,2435,3,0.9
7673,368,3,5256.0
9156,2638,3,3.2
14024,828,3,182.0
13027,1832,3,45.0
15158,1717,3,57.0
7731,2285,3,47.0
3637,2627,3,70.0
11946,2285,3,43.0
14959,1488,3,37.0
11362,1832,3,73.0
6132,2285,3,1.9
370,1321,3,23.0
13086,2285,3,13.4
9929,914,3,43.0
10793,1488,3,32.0
9851,1838,3,65.0
3930,1832,3,40.0
10011,1488,3,374.0
12754,2689,3,15.3
7285,2439,3,267.0
16086,2654,3,163.0
11910,1612,3,0.2
7305,2596,3,49.0
7699,1611,3,17.0
7043,41,3,167.0
15816,1832,3,19.8
11551,100,3,205.0
12944,399,3,13.1
4389,2285,3,43.0
1201,1488,3,4.4
10417,2285,3,29.0
2188,2113,3,0.9
4038,359,3,11.0
8158,1488,3,39.0
10688,1610,3,408.0
14161,897,3,240.0
4473,1292,3,40.0
8908,766,3,0.5
10465,1655,3,70.0
6173,1923,3,66.0
3649,732,3,1140.0
5341,2285,3,9.5
5583,2865,3,56.0
17537,1383,3,28.0
1536,1488,3,273.0
13682,2285,3,12.8
3953,2619,3,15.4
8538,1937,3,0.4
18220,946,3,332.0
171,1389,3,34.0
2591,237,3,4581.0
9331,2285,3,43.0
5011,1488,3,431.0
3161,574,3,6.0
16153,2631,3,65.0
13390,2285,3,15.1
16556,2285,3,33.0
12428,897,3,0.1
7829,25,3,22.0
11535,2489,3,24.0
5295,1776,3,78.0
17610,718,3,466.0
1694,2001,3,119.0
2772,98,3,66.0
11747,1228,3,127.0
11759,2285,3,65.0
10311,1177,3,63.0
246,580,3,15.4
12923,2285,3,17.6
9314,1977,3,7.0
12861,237,3,2091.0
20,1832,3,14.2
5034,1971,3,1.8
4126,2285,3,31.0
7088,2285,3,47.0
11822,1832,3,7.8
11860,1051,3,8.0
11235,2831,3,92.0
9985,2195,3,8.1
12996,410,3,0.4
11843,2285,3,46.0
7622,1608,3,397.0
4801,2922,3,11.0
17881,100,3,5.7
11878,343,3,0.4
884,113,3,243.0
2718,314,3,88.0
8995,1488,3,357.0
14815,549,3,8.1
3662,1832,3,48.0
10611,1037,3,76.0
5724,2001,3,44.0
2852,836,3,35.0
3159,1864,3,8.8
14056,1721,3,35.0
3974,371,3,3.4
17918,2635,3,3.8
12996,2285,3,15.2
4317,1890,3,1.9
15154,1832,3,40.0
10317,315,3,29.0
12596,1858,3,24.0
10830,2195,3,2.6
6289,1655,3,0.2
16954,1727,3,34.0
7487,2285,3,19.0
18265,10,3,12.2
12226,1831,3,2.9
8525,2205,3,7.0
12955,2299,3,66.0
2643,1488,3,116.0
6259,2922,3,169.0
9405,811,3,91.0
3537,1355,3,4.1
3920,1876,3,24.0
4761,2562,3,3.4
6896,1776,3,0.3
1950,2922,3,6.8
4441,732,3,3161.0
15277,2865,3,46.0
4524,2891,3,7.8
4826,1488,3,1222.0
11121,294,3,0.8
5426,897,3,66.0
14908,1608,3,137.0
2470,68,3,110.0
3070,1488,3,28.0
8890,1488,3,53.0
16667,572,3,192.0
1857,68,3,4242.0
6273,1721,3,169.0
7725,350,3,3.8
9205,636,3,0.1
14705,1488,3,53.0
2841,246,3,6.3
2057,2630,3,160.0
3147,1606,3,58.0
677,1721,3,113.0
4155,849,3,350.0
15464,1612,3,0.0
1789,1628,3,1.2
13991,1488,3,15.7
11558,1832,3,45.0
9417,2922,3,107.0
13611,2006,3,943.0
4012,1300,3,323.0
2419,237,3,831.0
15541,1530,3,1.8
10864,1492,3,2651.0
6206,2631,3,158.0
13968,1488,3,244.0
16796,864,3,0.8
10700,766,3,234.0
4333,2818,3,14.8
16119,1449,3,25.0
9407,2178,3,2.7
11361,2285,3,69.0
15359,2285,3,23.0
359,814,3,923.0
12192,247,3,0.3
11998,2285,3,60.0
2831,2780,3,206.0
12417,11,3,12.1
5560,1876,3,26.0
10106,2630,3,104.0
17772,2631,3,548.0
11976,2285,3,39.0
4347,2759,3,35.0
6574,1772,3,0.5
1616,1837,3,63.0
17263,2285,3,77.0
5277,1277,3,18.6
15142,255,3,365.0
15353,1488,3,200.0
3410,1488,3,66.0
15799,2922,3,56.0
3086,2639,3,16.0
8187,2526,3,31.0
2081,1277,3,9.4
488,237,3,1269.0
4548,1780,3,5.2
12256,1300,3,0.2
10428,1790,3,1.7
12763,2847,3,17.6
14538,1488,3,374.0
15660,1755,3,139.0
17444,312,3,5.1
17810,2285,3,48.0
16292,811,3,41.0
3642,864,3,6.1
10105,1838,3,2.5
2970,2028,3,93.0
16084,1488,3,48.0
5670,68,3,2120.0
18064,2831,3,304.0
13232,725,3,51.0
12636,1608,3,559.0
17800,1670,3,15.2
15033,1321,3,56.0
11195,1776,3,27.0
12910,2631,3,150.0
8599,1044,3,25.0
12423,2285,3,31.0
1276,2831,3,0.5
7132,1626,3,532.0
6938,100,3,7.2
16527,2285,3,3.0
8019,2631,3,6.0
4592,237,3,177.0
7455,404,3,25.0
17335,919,3,7.9
14247,747,3,5.5
731,1372,3,2503.0
15770,1488,3,54.0
7034,2420,3,38.0
2573,811,3,8.7
6631,897,3,0.0
5402,2631,3,25.0
12293,2122,3,187.0
1643,1612,3,0.0
13883,2285,3,47.0
5926,2516,3,0.0
222,913,3,3.2
4530,2365,3,13.2
13405,766,3,58.0
11241,1608,3,2879.0
17129,1654,3,4.7
9590,1128,3,23.0
10575,1557,3,854.0
17394,2285,3,21.0
4533,2842,3,3.9
14246,1832,3,46.0
811,1596,3,1.9
13031,2285,3,56.0
15456,2285,3,3.3
15833,1872,3,10.2
5369,1488,3,166.0
11442,2726,3,2.5
2401,2865,3,1.7
2284,1832,3,52.0
7076,1488,3,26.0
2397,2922,3,105.0
12089,2686,3,3.3
9141,1832,3,20.0
17779,2087,3,4.8
9164,682,3,25.0
15765,2635,3,2.2
16651,2285,3,35.0
1455,2562,3,5.0
9560,2261,3,0.4
16630,2285,3,7.0
12645,25,3,11.8
6687,2922,3,72.0
11637,2285,3,1.9
1013,1215,3,438.0
1166,2285,3,44.0
16312,1488,3,1202.0
890,2630,3,1040.0
15086,811,3,55.0
9314,2922,3,496.0
18114,1304,3,325.0
11084,1304,3,167.0
3843,2631,3,277.0
14949,811,3,102.0
16807,1846,3,45.0
16947,237,3,605.0
9122,44,3,1943.0
18061,2496,3,38.0
12450,2630,3,83.0
12637,1488,3,335.0
13924,816,3,41.0
12425,237,3,2576.0
15123,1432,3,1.3
4067,919,3,0.3
703,537,3,0.3
5658,2285,3,23.0
2657,1488,3,6.1
11695,435,3,35.0
14982,2922,3,171.0
13706,1128,3,45.0
6176,725,3,77.0
3372,2496,3,2.0
17787,2285,3,74.0
13262,944,3,2074.0
11500,915,3,6.8
9921,2001,3,6.2
6313,2285,3,11.6
12349,2780,3,94.0
13047,2409,3,39.0
7306,25,3,22.0
16069,2511,3,0.8
1795,1832,3,17.2
6584,2285,3,29.0
6457,929,3,15.1
8053,237,3,4.5
7501,743,3,0.7
1602,2922,3,32.0
13563,2285,3,21.0
14757,836,3,59.0
15268,2380,3,266.0
11694,897,3,379.0
12711,2639,3,26.0
3912,2285,3,0.9
6996,2580,3,0.4
14702,1122,3,0.5
4894,556,3,8.8
5255,2630,3,0.8
5961,2922,3,44.0
9621,2285,3,41.0
16109,944,3,784.0
18061,1832,3,30.0
4836,2285,3,58.0
8962,2922,3,99.0
10804,1721,3,110.0
3158,2285,3,1.6
558,2630,3,300.0
1762,1832,3,121.0
4218,2547,3,44.0
2458,572,3,29.0
7786,1533,3,1729.0
9722,2405,3,52.0
9335,2285,3,35.0
8172,594,3,36.0
668,1268,3,5.6
9956,368,3,4152.0
1503,2631,3,26.0
7209,1832,3,18.2
9586,2922,3,98.0
4752,2016,3,1.3
12319,2527,3,0.7
13587,2630,3,13.5
6020,1030,3,33.0
4924,1488,3,4.2
9753,1155,3,6.3
10481,2285,3,7.4
10499,68,3,1131.0
11995,2631,3,0.9
5865,811,3,80.0
7105,2285,3,3.8
6981,2850,3,50.0
28,1396,3,47.0
9893,2439,3,122.0
16010,1488,3,25.0
3630,1488,3,172.0
14054,2522,3,17.4
14055,944,3,1217.0
10171,1488,3,30.0
17169,2285,3,35.0
13683,913,3,1.1
4717,2831,3,73.0
2431,1202,3,22.0
660,1139,3,3.2
6661,1488,3,5.2
13299,445,3,35.0
4035,1776,3,30.0
15814,2922,3,204.0
11379,2340,3,198.0
16828,2285,3,0.7
503,2056,3,1.0
3312,732,3,54.0
1089,2027,3,5.9
11164,1608,3,1.0
7139,2285,3,34.0
1032,725,3,136.0
4769,2285,3,44.0
14844,2865,3,23.0
2713,564,3,195.0
7235,368,3,3606.0
10389,2631,3,173.0
17807,464,3,1.4
10337,1776,3,44.0
1172,272,3,64.0
1540,2403,3,102.0
9606,2285,3,0.4
6549,682,3,11.2
1440,811,3,45.0
5835,1202,3,69.0
2726,2161,3,109.0
3222,1301,3,17.8
3690,399,3,2.2
16101,2285,3,51.0
2960,1776,3,29.0
429,1155,3,494.0
4571,2726,3,12.0
1976,2285,3,19.1
5796,1795,3,28.0
7629,1488,3,62.0
6635,2285,3,11.0
4545,2285,3,3.0
7963,237,3,707.0
736,2922,3,105.0
13320,1838,3,3.0
3888,2285,3,45.0
15330,1721,3,0.8
7011,237,3,19.7
1570,1466,3,12.1
5726,1155,3,560.0
4190,2285,3,21.0
3196,2285,3,34.0
7574,2922,3,103.0
1617,1488,3,67.0
15975,25,3,52.0
2169,2630,3,40.0
17142,237,3,120.0
17330,1488,3,5.2
11847,2285,3,29.0
11425,2708,3,5.3
15696,2631,3,288.0
3113,2630,3,14.6
13131,2922,3,66.0
14482,2927,3,0.3
2600,2607,3,11.8
5833,864,3,0.2
12734,1720,3,50.0
13290,2285,3,10.8
14092,2922,3,31.0
3394,1177,3,3.0
8867,2631,3,141.0
1702,2339,3,22.0
2782,237,3,295.0
12941,2639,3,37.0
7200,2296,3,4.6
16914,465,3,1.0
12978,1776,3,1.7
5866,944,3,172.0
7754,1202,3,132.0
3301,2285,3,28.0
199,2285,3,83.0
496,2710,3,57.0
9060,2021,3,9.4
11834,2285,3,61.0
11007,2596,3,3.7
16891,2285,3,25.0
1295,2285,3,3.0
4119,279,3,25.0
6958,1488,3,1.1
12268,2900,3,240.0
1107,1051,3,39.0
6094,2285,3,13.5
7969,2338,3,0.5
3137,2285,3,21.0
13558,237,3,9.6
1301,2227,3,257.0
6866,1696,3,21.0
9750,272,3,1.2
18130,2379,3,13.9
14468,131,3,0.3
12196,944,3,2828.0
13699,2631,3,166.0
15211,1798,3,14.4
895,2844,3,2.1
6350,237,3,0.4
2029,1395,3,6.5
3044,1937,3,0.6
3968,2081,3,0.1
5776,572,3,1.2
9669,1488,3,11.0
11176,811,3,54.0
14577,2780,3,13.3
6459,725,3,56.0
5365,1492,3,830.0
12021,854,3,137.0
9865,2630,3,134.0
16076,2285,3,73.0
8954,2831,3,29.0
18238,2631,3,114.0
2034,2285,3,48.0
3389,1755,3,362.0
3685,2285,3,45.0
9614,2043,3,24.0
12048,2285,3,47.0
4183,2285,3,5.6
3817,237,3,7.2
16534,745,3,120.0
3853,1937,3,1.0
13795,828,3,178.0
16879,2780,3,94.0
5780,1612,3,2.4
661,1208,3,229.0
9765,711,3,57.0
17467,2922,3,226.0
17842,1300,3,291.0
10860,2195,3,13.9
2119,2850,3,48.0
1773,1284,3,4.3
1402,1229,3,0.5
9531,1655,3,3.5
7647,1557,3,149.0
18258,1488,3,19.2
8077,2631,3,26.0
1030,1000,3,1.1
6685,1488,3,109.0
1662,237,3,259.0
4665,1488,3,7.2
2067,1128,3,135.0
8705,1488,3,149.0
13478,2726,3,169.0
14095,2856,3,0.0
5556,1612,3,0.1
2451,1488,3,39.0
6783,68,3,1265.0
2376,1604,3,1.8
15509,1612,3,0.2
15157,2285,3,0.6
6276,2285,3,20.0
2858,2195,3,4.6
14708,2285,3,0.6
442,2285,3,50.0
18037,1277,3,1.0
15110,1876,3,51.0
7283,944,3,232.0
6625,1488,3,78.0
8980,1876,3,19.3
12386,1608,3,1674.0
11766,2841,3,2.1
3055,1610,3,164.0
16154,68,3,475.0
2375,2631,3,374.0
5841,2285,3,49.0
3720,572,3,351.0
8842,1488,3,97.0
14215,1488,3,83.0
4040,2922,3,111.0
5921,2224,3,1.1
15228,2340,3,22.0
3424,2285,3,86.0
12932,2865,3,30.0
11005,1557,3,181.0
15262,944,3,46.0
7948,2692,3,2.1
1022,2285,3,19.9
8462,2562,3,4.9
15848,2563,3,8.2
17331,1488,3,205.0
8789,1876,3,3.6
1103,32,3,0.3
8135,2526,3,186.0
7358,2285,3,11.0
1496,2831,3,66.0
10217,1321,3,17.4
12709,917,3,1.4
16678,1625,3,51.0
1929,1488,3,15.7
405,2865,3,235.0
13874,1584,3,0.2
7341,2631,3,73.0
16183,2285,3,33.0
1050,2285,3,83.0
15439,1832,3,1.9
9082,2630,3,60.0
7401,816,3,58.0
14155,811,3,171.0
3677,1876,3,39.0
3996,287,3,2.2
16585,1105,3,21.0
7557,2148,3,10.6
17628,2285,3,35.0
11854,2285,3,0.8
16545,1395,3,6.3
12149,2285,3,31.0
8131,2122,3,44.0
13335,685,3,5.2
9780,2631,3,191.0
4608,2285,3,58.0
16721,237,3,1214.0
1485,1606,3,0.7
16209,2630,3,88.0
16500,811,3,180.0
1470,2285,3,33.0
13976,2639,3,0.6
392,1608,3,692.0
3012,1202,3,0.4
13985,2285,3,10.7
8320,2922,3,117.0
7728,1707,3,1.6
11018,2922,3,15.6
3419,976,3,4.1
18061,1977,3,0.7
11947,2340,3,94.0
8332,2285,3,45.0
5681,2420,3,31.0
14315,1655,3,288.0
16370,2780,3,85.0
3387,2285,3,6.4
17039,2911,3,715.0
1636,2576,3,0.9
5951,766,3,470.0
4291,1300,3,18.4
13049,2922,3,126.0
17257,1721,3,21.0
12947,1875,3,11.8
30,100,3,396.0
13444,2285,3,19.6
13897,246,3,24.0
17123,2006,3,292.0
1630,2631,3,96.0
11159,1832,3,34.0
5709,1471,3,57.0
10471,2611,3,0.7
495,2630,3,288.0
12173,237,3,482.0
7421,1959,3,0.6
13015,2477,3,4.9
9482,1488,3,896.0
5462,237,3,79.0
12618,2631,3,231.0
9509,2298,3,16.4
5625,2285,3,9.7
12264,1488,3,65.0
4973,43,3,128.0
9041,944,3,196.0
1049,2338,3,5.6
6368,2591,3,37.0
17109,629,3,0.5
8442,2285,3,64.0
4205,1488,3,350.0
17342,2285,3,59.0
147,2639,3,2.9
8625,1215,3,265.0
489,2619,3,71.0
8297,2122,3,99.0
8608,1832,3,27.0
2313,1583,3,96.0
5370,68,3,594.0
12974,2096,3,0.1
3033,944,3,489.0
10257,2380,3,395.0
7282,1659,3,0.8
15011,718,3,11.7
580,2285,3,0.6
9198,944,3,88.0
4235,2285,3,42.0
7304,1128,3,119.0
2293,265,3,7.8
12315,1611,3,61.0
15171,1910,3,21.0
5538,2396,3,0.2
5964,2096,3,1671.0
15118,1574,3,96.0
5094,2285,3,27.0
9302,2285,3,32.0
13221,2340,3,5.0
12957,2285,3,31.0
2356,2298,3,0.1
17260,1776,3,107.0
2320,1096,3,0.0
17078,2441,3,92.0
13728,2199,3,0.1
4631,100,3,33.0
15986,2630,3,303.0
12148,68,3,550.0
8448,1686,3,37.0
10626,293,3,26.0
5527,1606,3,79.0
2912,1166,3,291.0
5015,368,3,52.0
5638,1838,3,3.4
17754,725,3,1.6
5016,368,3,848.0
12120,2285,3,40.0
6860,2285,3,32.0
13021,614,3,70.0
8459,2457,3,8.6
13736,2911,3,394.0
13142,2285,3,33.0
13283,2285,3,24.0
17569,2488,3,282.0
4335,1611,3,230.0
12375,944,3,51.0
12430,1838,3,50.0
9423,2587,3,5.2
14011,946,3,141.0
990,1488,3,258.0
11968,2526,3,23.0
15044,1128,3,62.0
15180,2670,3,53.0
5434,696,3,13.3
6260,1950,3,0.0
14141,1832,3,66.0
1274,1119,3,195.0
3134,444,3,5.5
16375,1128,3,8.9
16553,1488,3,58.0
5422,1499,3,0.6
12105,1757,3,8.4
11612,2285,3,57.0
6559,2841,3,81.0
12649,109,3,6.3
15915,2371,3,0.7
14333,1511,3,0.0
8230,2844,3,62.0
12657,2630,3,42.0
16271,2922,3,149.0
17100,2865,3,95.0
12179,1721,3,3.4
7938,2148,3,1.7
989,1937,3,0.1
12079,1488,3,157.0
12308,997,3,5.5
466,1488,3,185.0
11481,274,3,78.0
8091,2285,3,30.0
18015,2630,3,258.0
12697,2922,3,136.0
11609,1832,3,44.0
8114,1488,3,60.0
18005,1872,3,24.0
14973,2888,3,13.2
1256,1832,3,66.0
2088,2922,3,74.0
1871,2922,3,116.0
9411,1655,3,0.4
18162,1488,3,175.0
6395,1488,3,8.3
11173,2285,3,29.0
6122,461,3,71.0
16145,811,3,203.0
7036,1832,3,56.0
15562,1488,3,30.0
17204,2631,3,0.6
2822,2298,3,21.0
9393,545,3,30.0
18021,2380,3,455.0
12888,1488,3,109.0
4453,2922,3,54.0
12949,1696,3,7.4
339,1947,3,32.0
14967,237,3,768.0
8965,2156,3,1.3
3972,272,3,176.0
7610,1488,3,32.0
16294,100,3,30.0
13515,1617,3,91.0
17124,2122,3,23.0
15882,2380,3,1658.0
4821,1832,3,51.0
857,1488,3,2.4
15786,2285,3,30.0
3754,2098,3,17.3
9360,2780,3,4.0
8855,272,3,1423.0
16808,1937,3,0.2
6989,944,3,59.0
10564,2630,3,13.9
12232,2726,3,473.0
4315,2780,3,259.0
13816,1608,3,1147.0
1634,1609,3,48.0
10281,2489,3,1.1
11067,2526,3,24.0
8605,2205,3,0.3
13200,2285,3,49.0
2686,1721,3,11.1
6445,1488,3,17.3
14633,1832,3,64.0
7735,811,3,135.0
113,1189,3,5.6
4055,1208,3,3.8
10622,2842,3,1.0
7907,2922,3,55.0
4751,1320,3,3.4
11030,1937,3,1.2
110,1488,3,18.5
10732,1488,3,531.0
12404,1947,3,37.0
14691,1832,3,42.0
11165,2285,3,39.0
1459,1608,3,2593.0
12541,1155,3,816.0
3011,1488,3,45.0
10498,1488,3,63.0
6971,33,3,2.2
12749,1128,3,75.0
8679,2922,3,110.0
5611,897,3,285.0
15326,1037,3,18.4
6028,854,3,28.0
10759,766,3,5.0
7237,25,3,30.0
10949,2285,3,0.7
42,2630,3,224.0
1755,2922,3,154.0
7717,2285,3,51.0
9349,1814,3,32.0
2147,25,3,5.2
122,2922,3,29.0
13732,1449,3,0.4
13213,1488,3,339.0
17943,2922,3,53.0
12043,2285,3,28.0
7058,2843,3,39.0
893,1488,3,116.0
1093,1608,3,1619.0
3443,169,3,18.8
14929,1976,3,44.0
1326,745,3,2.3
15629,2285,3,2.6
9068,1832,3,3.2
9776,1030,3,3.2
7059,2285,3,48.0
13206,1617,3,208.0
2488,1832,3,30.0
11291,2736,3,2.1
9101,2831,3,88.0
2444,2922,3,224.0
9445,2710,3,52.0
12432,2161,3,159.0
185,2612,3,0.4
15627,2777,3,15.7
4695,2285,3,29.0
4276,718,3,122.0
18219,811,3,109.0
1872,203,3,15.9
12124,2285,3,33.0
5392,1189,3,20.0
5122,100,3,184.0
16603,2400,3,1.6
12737,2922,3,97.0
16326,272,3,111.0
15127,1298,3,0.0
13921,2334,3,0.0
9928,2285,3,6.4
8987,343,3,1.6
533,1166,3,632.0
18061,1488,3,23.0
14021,631,3,5.4
11580,1832,3,115.0
6280,2096,3,170.0
14415,1832,3,3.9
13381,2522,3,7.7
3383,2285,3,6.2
12380,2285,3,38.0
15290,2001,3,257.0
12631,2339,3,18.4
5848,1985,3,12.7
11609,408,3,1.7
1955,1596,3,0.8
10737,572,3,389.0
13572,2710,3,16.7
1038,2463,3,434.0
13039,2285,3,49.0
17763,2285,3,33.0
4217,377,3,1.6
746,1875,3,15.6
8455,1488,3,847.0
6080,718,3,2767.0
7820,2780,3,0.2
3747,2469,3,6.4
10600,614,3,34.0
10385,811,3,108.0
7133,1202,3,1.1
10306,1128,3,35.0
6156,1128,3,16.8
16344,1832,3,33.0
17152,1488,3,130.0
18007,2462,3,44.0
16285,545,3,60.0
249,1488,3,118.0
773,1802,3,43.0
8784,1525,3,21.0
865,946,3,40.0
16323,2515,3,40.0
13004,2631,3,55.0
14185,2865,3,567.0
4415,166,3,3.3
7394,2497,3,6.9
6049,2711,3,0.6
12866,732,3,500.0
6788,1947,3,41.0
12561,814,3,1394.0
16866,2285,3,15.5
10534,1128,3,167.0
1274,2270,3,25.0
11269,2462,3,9.6
5975,25,3,0.0
8495,1679,3,0.3
11624,2285,3,72.0
872,2510,3,51.0
5154,1982,3,6.1
8611,657,3,1.6
11047,1937,3,0.6
14873,1488,3,269.0
11023,1321,3,38.0
6882,1785,3,186.0
13038,2338,3,4.6
11788,1488,3,61.0
10611,572,3,79.0
8876,237,3,0.4
11120,2726,3,141.0
18180,2488,3,1687.0
5822,1875,3,13.3
15130,521,3,1130.0
1795,1785,3,651.0
7276,132,3,643.0
5993,132,3,18.5
3862,1832,3,108.0
242,1876,3,19.2
5374,294,3,0.7
8816,2638,3,2.2
8012,836,3,34.0
7593,2488,3,271.0
11925,2911,3,815.0
915,1832,3,3.9
6148,2285,3,44.0
6490,1781,3,828.0
7122,1488,3,166.0
4839,1488,3,118.0
5999,2285,3,57.0
10426,944,3,239.0
2733,400,3,37.0
549,2638,3,10.8
6503,854,3,71.0
7169,1802,3,10.2
221,2923,3,0.3
17841,2631,3,158.0
13620,262,3,2.2
15282,1137,3,13.6
15361,811,3,79.0
15967,2285,3,16.0
12972,579,3,2.9
4956,2096,3,833.0
14479,1983,3,79.0
17513,351,3,52.0
15822,2285,3,10.7
7492,1503,3,2.0
10283,1202,3,42.0
15639,425,3,72.0
12127,1488,3,155.0
17296,1720,3,12.5
6956,924,3,1.3
5148,92,3,1.5
4933,2489,3,7.0
7697,1488,3,43.0
8690,98,3,4.6
2771,1937,3,0.0
11302,1488,3,42.0
6234,1832,3,14.0
621,1832,3,30.0
15136,25,3,34.0
7695,1488,3,326.0
17183,2285,3,7.6
6835,2922,3,99.0
10713,2285,3,21.0
7796,2285,3,0.1
11478,2285,3,0.4
9267,2340,3,17.0
7978,725,3,49.0
16085,1030,3,83.0
11907,1827,3,113.0
12852,1488,3,17.0
18059,1611,3,21.0
1280,1611,3,122.0
14063,584,3,19.6
1208,1204,3,102.0
15909,556,3,11.5
11749,1776,3,2.0
9962,685,3,10.4
15108,1488,3,1341.0
9004,2536,3,4.2
499,2630,3,288.0
11400,1808,3,0.6
3003,2831,3,1.3
7751,368,3,54.0
14142,1802,3,3.6
7479,2922,3,170.0
13693,2285,3,26.0
851,1202,3,19.1
10725,2922,3,43.0
17557,1488,3,1046.0
5636,1202,3,73.0
15289,537,3,48.0
2350,1189,3,0.3
5934,976,3,0.3
15089,1488,3,68.0
17530,2285,3,35.0
13733,1100,3,4.6
7906,2809,3,9.3
12524,2285,3,82.0
10215,2001,3,1.4
17839,2522,3,9.7
8884,2338,3,0.3
6203,966,3,19.3
2521,25,3,17.9
3265,2726,3,687.0
7366,2631,3,120.0
605,854,3,239.0
15965,2285,3,1.9
9974,743,3,0.3
1794,1488,3,460.0
14100,2911,3,7.1
16188,2161,3,48.0
8355,1128,3,68.0
1848,2922,3,70.0
11264,1832,3,15.6
11231,1721,3,135.0
5832,371,3,46.0
1193,1488,3,44.0
6282,2001,3,60.0
17922,549,3,11.9
15022,2361,3,0.1
14251,1612,3,0.1
6384,1617,3,862.0
9050,1844,3,0.1
3540,1488,3,255.0
16788,2285,3,53.0
10092,1378,3,0.5
11390,1488,3,71.0
12902,1128,3,56.0
17311,725,3,120.0
1062,2272,3,22.0
180,1832,3,114.0
17343,2448,3,70.0
7962,1701,3,182.0
10399,1488,3,15.7
10972,1488,3,1.4
7029,1037,3,688.0
2712,2780,3,61.0
11718,1030,3,150.0
13731,2631,3,3.1
11204,343,3,0.7
10846,2922,3,271.0
16222,2285,3,51.0
17823,2526,3,1.8
15506,1750,3,9.2
9195,1054,3,9.2
13534,2285,3,0.2
14351,1937,3,0.8
17237,2195,3,0.7
6740,1027,3,12.8
5915,272,3,108.0
4860,2285,3,27.0
15704,137,3,45.0
7056,2631,3,69.0
16880,2285,3,18.2
14788,2195,3,0.5
7791,2786,3,3.2
8827,2285,3,20.0
10686,2922,3,13.6
2864,1166,3,11.7
6965,342,3,9.4
8676,2285,3,34.0
16181,25,3,24.0
15535,2922,3,179.0
15902,2285,3,18.2
8079,2442,3,29.0
5288,1713,3,4.1
1510,1937,3,36.0
3705,2780,3,141.0
8547,1488,3,150.0
3663,1832,3,11.3
786,1832,3,1.5
16858,579,3,14.8
13923,2285,3,18.3
14370,2347,3,1.9
12531,2285,3,35.0
3466,1203,3,49.0
5612,1488,3,95.0
317,1488,3,135.0
9239,2195,3,3.9
945,2006,3,492.0
8700,1488,3,158.0
10308,2639,3,0.3
14670,145,3,3.2
16748,2195,3,10.0
14550,2630,3,102.0
8670,113,3,463.0
8674,1488,3,138.0
7614,2163,3,52.0
9576,237,3,14.4
18085,2726,3,155.0
3215,1030,3,33.0
13517,1757,3,0.2
4186,1608,3,576.0
2805,2285,3,42.0
1389,972,3,40.0
9268,1488,3,157.0
14656,745,3,3.2
11405,725,3,16.4
947,1557,3,1151.0
14562,2285,3,55.0
12797,997,3,3.6
9066,272,3,41.0
11295,2922,3,53.0
1080,1499,3,16.3
10458,2285,3,37.0
13484,2285,3,26.0
15318,1488,3,18.5
3417,2285,3,0.4
268,290,3,0.4
18275,2285,3,43.0
10297,1488,3,6.2
4676,265,3,0.9
10397,2922,3,30.0
6187,2710,3,121.0
2063,1628,3,1.3
9697,2631,3,39.0
18118,972,3,51.0
13388,2866,3,11.5
17098,2536,3,6.0
9589,1832,3,28.0
8057,1321,3,37.0
2819,2285,3,49.0
2449,2285,3,119.0
9253,1534,3,3.6
2274,2498,3,0.1
12301,1937,3,0.3
15618,2784,3,97.0
14555,2285,3,50.0
2599,1128,3,57.0
571,1488,3,46.0
8481,1832,3,23.0
11104,1488,3,2.7
2922,2631,3,0.6
1875,1612,3,0.4
15631,2285,3,46.0
7915,2875,3,0.4
11975,589,3,4.3
534,2441,3,48.0
6275,572,3,479.0
14643,2743,3,9.6
3308,1832,3,31.0
16781,2630,3,183.0
11825,2630,3,64.0
16367,1488,3,110.0
14492,1030,3,63.0
11537,2285,3,40.0
9884,1610,3,9.7
3742,2285,3,52.0
2425,1612,3,0.2
13636,1758,3,524.0
7679,359,3,32.0
13866,1983,3,3.2
4746,1488,3,18.5
18137,2285,3,41.0
2824,743,3,47.0
6193,1054,3,4.4
1580,2562,3,27.0
1324,1401,3,102.0
10647,2832,3,346.0
14256,2136,3,11.6
17104,1876,3,29.0
13222,1488,3,992.0
17809,685,3,145.0
7718,2285,3,34.0
12675,271,3,690.0
14106,572,3,38.0
5876,944,3,938.0
7211,1030,3,65.0
153,2285,3,35.0
16197,1973,3,42.0
615,2639,3,41.0
9881,2161,3,201.0
12322,2285,3,17.8
6773,1876,3,26.0
15,2382,3,65.0
7549,1041,3,19.9
11229,1170,3,453.0
2173,1838,3,0.1
929,1030,3,806.0
1919,2922,3,25.0
17585,811,3,257.0
3371,2922,3,44.0
8968,1321,3,7.0
17112,2285,3,23.0
13462,1838,3,5.2
13778,237,3,184.0
15544,200,3,64.0
5569,2027,3,110.0
1312,2285,3,16.3
17717,2844,3,1.4
17600,1342,3,47.0
8376,2285,3,36.0
12968,555,3,380.0
16264,2285,3,3.0
10316,2210,3,38.0
10584,25,3,39.0
3622,2698,3,0.4
14552,1832,3,15.0
2252,745,3,3.0
12241,100,3,261.0
16930,1488,3,113.0
10752,1875,3,21.0
11618,2630,3,16.4
977,1737,3,0.7
4346,1832,3,21.0
11389,2630,3,36.0
13606,2488,3,1828.0
9070,2285,3,58.0
155,2285,3,23.0
5584,2630,3,469.0
4907,2366,3,51.0
9937,272,3,43.0
9579,2285,3,0.5
17468,1888,3,6.0
12705,1304,3,85.0
631,2122,3,0.7
11345,2285,3,7.0
988,2922,3,100.0
6806,2654,3,0.7
4908,1488,3,31.0
11493,2563,3,0.1
15539,823,3,113.0
2022,1987,3,7.9
5472,2285,3,1.6
14756,2496,3,0.2
13482,2285,3,8.1
4559,237,3,602.0
10885,1488,3,315.0
318,1488,3,48.0
13841,1917,3,55.0
16015,2630,3,0.2
6140,1876,3,0.0
5312,1603,3,30.0
9687,2285,3,59.0
4920,2844,3,32.0
896,1488,3,106.0
7617,1832,3,46.0
17534,1211,3,5.9
17840,1155,3,1336.0
3513,2630,3,385.0
14834,2300,3,18.9
17385,1492,3,2195.0
17224,1601,3,8.1
17077,2285,3,6.8
18040,2922,3,44.0
2420,368,3,1173.0
9493,1035,3,0.1
1398,2285,3,6.0
3793,2285,3,14.7
1026,1166,3,27.0
8289,2922,3,309.0
10995,2285,3,52.0
3911,972,3,11.6
12603,2285,3,38.0
15684,897,3,69.0
5631,1342,3,74.0
987,2527,3,1.6
10302,2285,3,15.2
11438,811,3,86.0
6868,1609,3,3.0
13591,1215,3,318.0
16519,302,3,27.0
5156,2496,3,1.9
13227,2631,3,339.0
4016,2285,3,66.0
14069,2922,3,61.0
8394,2285,3,5.2
14845,2630,3,355.0
3364,2285,3,31.0
9218,132,3,401.0
10405,2876,3,54.0
611,2285,3,60.0
15091,2285,3,25.0
1092,2285,3,26.0
4767,2630,3,94.0
17139,2096,3,20.0
8837,2285,3,3.4
2605,2611,3,4.2
4788,2922,3,82.0
10173,1087,3,0.9
5182,237,3,335.0
4150,1617,3,127.0
14160,98,3,15.7
15838,2285,3,36.0
3878,2726,3,0.0
9774,2285,3,41.0
10897,1776,3,3.9
8932,1488,3,14.7
13845,2195,3,12.0
8485,811,3,95.0
3385,2285,3,22.0
17934,1757,3,1.1
11278,2923,3,2.5
17058,1832,3,58.0
12741,1228,3,102.0
2275,2328,3,0.6
12214,1488,3,33.0
18140,1128,3,6.7
2001,1177,3,13.4
7198,2285,3,49.0
1394,2285,3,20.0
13072,2442,3,18.2
13758,2922,3,59.0
5301,2431,3,6.1
10709,2922,3,26.0
2596,614,3,79.0
16636,2019,3,0.1
5524,2285,3,13.3
10423,1603,3,3.3
12437,1488,3,147.0
6405,2380,3,1749.0
13738,2922,3,88.0
12418,1838,3,0.3
13937,2285,3,52.0
7729,1189,3,43.0
8875,1488,3,10.8
17181,1659,3,0.8
400,2726,3,58.0
4720,2922,3,167.0
12523,1876,3,21.0
589,814,3,156.0
15651,2285,3,1.4
15935,1488,3,50.0
8852,1488,3,509.0
15299,1640,3,4.7
9571,2195,3,17.2
3035,2285,3,3.8
12128,1128,3,4.1
4771,2685,3,622.0
9501,68,3,244.0
2467,1488,3,53.0
11821,2496,3,10.4
8065,2439,3,643.0
9700,580,3,55.0
16460,1030,3,27.0
15260,1811,3,1.4
11040,1628,3,0.8
5025,2318,3,9.2
17246,1832,3,60.0
17471,2922,3,72.0
6411,1875,3,12.9
15319,599,3,0.4
590,2922,3,272.0
8298,3,3,0.1
17267,2013,3,12.3
10690,718,3,30.0
13647,68,3,625.0
4692,237,3,4159.0
4555,2562,3,0.7
7903,725,3,53.0
6131,282,3,1.0
4840,1596,3,1.8
14182,2576,3,12.0
17915,2205,3,4.2
16476,2631,3,12.7
1370,2682,3,38.0
16434,2285,3,2.4
15868,2922,3,129.0
13673,2631,3,174.0
15753,1937,3,0.1
16756,2889,3,3.5
2639,1488,3,48.0
2811,1832,3,18.6
14234,2607,3,702.0
8619,2383,3,442.0
11888,2463,3,75.0
10994,1544,3,11.0
11565,596,3,0.5
8149,1321,3,20.0
10158,944,3,444.0
16661,1208,3,51.0
9557,2630,3,52.0
9045,237,3,994.0
206,1488,3,200.0
18162,2469,3,0.3
18249,2285,3,53.0
673,2285,3,93.0
4215,2285,3,49.0
1535,90,3,103.0
13593,1832,3,65.0
6387,2285,3,52.0
13994,2285,3,17.0
1812,2850,3,71.0
4562,1776,3,5.5
6346,2630,3,107.0
12216,1957,3,1.0
3132,68,3,11.2
7775,2562,3,14.8
12909,25,3,21.0
3500,1596,3,0.9
1046,1128,3,55.0
9459,1215,3,523.0
5052,2285,3,21.0
412,1609,3,55.0
11508,2285,3,26.0
1974,1288,3,31.0
5070,1300,3,271.0
13901,2423,3,0.5
15072,1832,3,70.0
14692,1499,3,210.0
6666,2922,3,116.0
6699,1655,3,4.7
12593,1937,3,4.1
808,1030,3,61.0
6763,2631,3,71.0
3461,98,3,7.2
14000,2726,3,2.4
12044,272,3,5.6
12130,1853,3,1.2
15092,1488,3,161.0
6179,946,3,0.1
17525,2285,3,9.5
8211,229,3,146.0
6766,1655,3,75.0
8724,745,3,42.0
7422,2780,3,43.0
16066,1983,3,36.0
11735,2285,3,22.0
3560,2922,3,143.0
13350,2285,3,29.0
13266,1982,3,0.3
1187,2865,3,0.1
1255,2195,3,6.2
5418,2631,3,31.0
289,1743,3,26.0
15057,1488,3,186.0
2506,1488,3,278.0
16576,2631,3,52.0
2404,1776,3,5.5
243,1832,3,127.0
17579,2285,3,10.6
7932,1488,3,336.0
9598,2285,3,45.0
4143,1737,3,3.0
15670,1128,3,177.0
8781,237,3,1166.0
13854,1488,3,173.0
550,1832,3,13.2
7625,2285,3,141.0
9739,1832,3,9.5
7779,1609,3,53.0
6785,2285,3,1.9
1747,1128,3,159.0
2585,556,3,33.0
903,2285,3,1.2
4944,1321,3,22.0
6765,2195,3,10.4
17617,944,3,10.7
16376,1488,3,159.0
6266,2570,3,0.6
3477,1701,3,712.0
165,281,3,7.2
13279,1488,3,39.0
7812,2496,3,0.2
11792,1832,3,24.0
14305,725,3,69.0
7352,1488,3,7.8
17575,2285,3,45.0
3929,1488,3,30.0
8265,2285,3,11.3
15847,2285,3,80.0
15842,237,3,1041.0
14080,1488,3,460.0
3442,2380,3,1151.0
17549,2404,3,2.1
15846,2911,3,603.0
12104,1599,3,122.0
7110,2285,3,30.0
6103,2285,3,23.0
15302,1825,3,16.9
11522,1488,3,71.0
9376,2285,3,27.0
4617,1156,3,7.3
4828,1776,3,2.6
11422,1142,3,20.0
15903,946,3,239.0
6311,237,3,2443.0
16131,1721,3,21.0
13931,1596,3,0.4
1413,231,3,0.9
6507,1829,3,78.0
15029,2285,3,12.2
185,1524,3,1.5
14086,2056,3,9.6
2138,2631,3,78.0
16657,1370,3,0.2
10522,418,3,0.0
16564,1937,3,1.0
11616,1776,3,3.6
18169,2922,3,202.0
2873,1488,3,58.0
8451,68,3,380.0
8901,1488,3,353.0
2316,2922,3,124.0
13774,1614,3,5.0
3327,1488,3,267.0
3718,745,3,0.8
9456,2285,3,33.0
12936,2285,3,52.0
8280,2285,3,21.0
13528,2195,3,13.2
4196,2343,3,379.0
4054,529,3,5.0
16474,2285,3,3.1
16163,2380,3,15.8
11274,271,3,103.0
329,1321,3,80.0
12184,2619,3,19.2
17178,1832,3,73.0
5641,811,3,75.0
15806,1937,3,1.6
313,272,3,219.0
1648,1128,3,15.2
14658,237,3,2624.0
8507,2285,3,4.0
3225,1989,3,3.0
4397,1189,3,28.0
3998,1037,3,21.0
12942,933,3,8.4
14914,2922,3,85.0
14846,1622,3,9.8
7450,2195,3,16.2
3633,113,3,4.2
13468,725,3,78.0
5484,2826,3,106.0
16078,766,3,27.0
10528,1832,3,55.0
11703,897,3,79.0
17505,2710,3,40.0
15802,2285,3,74.0
16884,25,3,22.0
873,1838,3,6.2
23,2441,3,6.2
17196,1776,3,77.0
16685,2285,3,11.5
8820,2611,3,0.0
1305,580,3,52.0
5074,2285,3,9.9
6829,1832,3,40.0
14540,1628,3,0.8
16241,743,3,3.8
16628,282,3,0.4
17463,2285,3,16.7
8058,213,3,643.0
12827,732,3,920.0
11151,1838,3,44.0
7753,237,3,524.0
799,1321,3,26.0
5931,2285,3,8.8
10292,1979,3,2.3
17601,1128,3,88.0
3348,2285,3,26.0
12768,2285,3,49.0
16110,151,3,2.3
11661,307,3,37.0
2883,1832,3,82.0
7653,2285,3,9.6
10270,1488,3,37.0
6159,1832,3,29.0
5052,274,3,31.0
1833,2098,3,13.0
6974,2111,3,0.2
7449,897,3,712.0
397,2285,3,11.0
9592,1838,3,27.0
14629,1832,3,55.0
538,1875,3,35.0
1185,2865,3,795.0
6558,1680,3,3.8
348,2285,3,15.6
11733,2888,3,160.0
14218,2349,3,2.1
4303,343,3,10.3
1528,368,3,1784.0
14939,1832,3,36.0
8096,1637,3,708.0
7514,1832,3,44.0
3767,2922,3,74.0
5,2285,3,3.3
10460,718,3,135.0
18099,2285,3,13.2
10590,1321,3,46.0
13622,1721,3,15.7
14213,2322,3,0.2
2843,1488,3,88.0
3379,2285,3,45.0
3532,2922,3,137.0
11136,2640,3,0.4
18253,2899,3,0.1
10318,1525,3,4.8
1040,1488,3,13.1
7427,2285,3,53.0
4972,2285,3,12.7
930,2285,3,26.0
12563,2731,3,5.8
7382,1335,3,0.2
16832,2285,3,35.0
8719,2639,3,30.0
6695,811,3,9.2
10260,2922,3,64.0
17407,2420,3,7.0
522,1488,3,353.0
10205,2285,3,51.0
5978,2631,3,3.0
17298,1349,3,126.0
12744,1628,3,0.9
1654,2644,3,0.4
16736,777,3,0.7
1102,1617,3,435.0
9086,2285,3,26.0
42,1947,3,34.0
7652,2001,3,49.0
9338,2922,3,60.0
17090,1169,3,1.3
3430,2710,3,119.0
2071,897,3,83.0
13324,1832,3,53.0
1079,2285,3,8.6
9303,2922,3,65.0
16609,1355,3,173.0
12408,2922,3,57.0
53,572,3,65.0
15476,2285,3,62.0
3877,2285,3,37.0
2623,2631,3,315.0
11696,2726,3,131.0
1534,2425,3,44.0
15957,1937,3,1.7
4748,1612,3,4.6
7181,2285,3,48.0
6541,2285,3,35.0
3936,237,3,1169.0
15144,1838,3,21.0
18019,1617,3,493.0
16690,2085,3,2.2
6335,2692,3,32.0
17837,2285,3,0.1
10728,1655,3,0.0
4940,1128,3,118.0
3763,725,3,67.0
11318,2001,3,36.0
17631,2630,3,323.0
13944,814,3,12.3
17675,1838,3,2.1
2996,1488,3,486.0
6831,237,3,1362.0
10198,68,3,452.0
17095,2285,3,35.0
5158,2408,3,4.7
11804,1488,3,2.2
12903,25,3,3.0
11104,399,3,37.0
14433,2285,3,25.0
15707,1488,3,89.0
11510,368,3,542.0
9012,1488,3,406.0
10491,2371,3,30.0
7062,2285,3,34.0
11311,2562,3,22.0
3288,580,3,53.0
6484,237,3,1288.0
16631,2922,3,12.5
2879,1473,3,0.4
1975,274,3,60.0
9418,2205,3,80.0
4860,736,3,8.2
6792,1488,3,273.0
9977,2467,3,3.7
10421,2489,3,2.1
4278,580,3,11.1
6703,2087,3,9.8
17948,183,3,504.0
16511,1832,3,62.0
10434,1827,3,4.7
6576,2842,3,7.0
17618,1608,3,596.0
14048,2285,3,62.0
13649,2546,3,15.4
1801,68,3,1513.0
7853,1488,3,130.0
10208,572,3,330.0
11658,2922,3,88.0
14377,1608,3,125.0
17220,1030,3,514.0
3261,836,3,45.0
17042,814,3,2.8
14406,2285,3,27.0
6786,946,3,5.4
4869,2285,3,67.0
9174,2285,3,13.0
7024,2922,3,272.0
6566,1827,3,2.5
11382,237,3,535.0
3290,2710,3,17.0
17486,1488,3,29.0
8154,2195,3,1.9
7934,1488,3,17.8
15420,2285,3,49.0
18196,1488,3,18.2
7324,2285,3,57.0
10889,2654,3,0.6
5423,1617,3,240.0
15985,2726,3,240.0
9561,1467,3,0.0
10450,2526,3,1.3
9809,1612,3,3.4
8532,1911,3,2558.0
8112,537,3,33.0
15740,2285,3,4.8
17551,1911,3,7391.0
11682,1488,3,210.0
4656,1310,3,511.0
9972,911,3,0.6
13544,2285,3,3.3
3923,2285,3,59.0
17517,2285,3,53.0
16487,2013,3,58.0
9657,2285,3,25.0
17084,2922,3,102.0
13091,2726,3,16.7
3408,1832,3,53.0
14822,1488,3,28.0
3945,2577,3,0.5
13460,132,3,58.0
5604,2017,3,64.0
8381,1166,3,32.0
12177,2205,3,8.6
969,2285,3,67.0
15591,2654,3,65.0
2366,255,3,358.0
931,2922,3,37.0
17236,2285,3,50.0
13475,2631,3,208.0
1468,2285,3,6.1
3547,1937,3,0.1
15274,811,3,94.0
16775,1323,3,402.0
12809,2096,3,45.0
14174,52,3,56.0
11678,594,3,0.8
848,2285,3,0.8
17170,2285,3,30.0
16653,1468,3,212.0
5347,743,3,4.8
14676,1782,3,123.0
6370,1578,3,93.0
3095,2759,3,282.0
14665,2630,3,1123.0
8045,1905,3,60.0
12342,2285,3,46.0
3820,209,3,2.2
17439,518,3,0.2
4348,2497,3,1.3
10408,1194,3,14.9
5623,2345,3,1.2
6186,1608,3,692.0
12654,1832,3,69.0
970,2610,3,20.0
4066,1166,3,19.7
9168,1937,3,0.5
2424,1832,3,10.5
12324,1027,3,7.4
391,2285,3,37.0
14452,399,3,2.8
8315,2285,3,55.0
18163,2122,3,3.7
11559,2285,3,47.0
17954,255,3,228.0
7917,2630,3,144.0
15866,2285,3,13.6
3092,2231,3,21.0
16433,237,3,651.0
15084,2841,3,5.3
894,508,3,15.3
5076,1166,3,12.8
7967,1488,3,112.0
543,2710,3,0.6
13078,1499,3,78.0
2012,1166,3,1770.0
2466,2285,3,48.0
3414,1166,3,2907.0
3487,1473,3,0.4
17985,1488,3,39.0
15761,274,3,125.0
17911,1956,3,72.0
11043,2285,3,38.0
185,1488,3,37.0
16269,2285,3,100.0
6224,2343,3,37.0
8830,2285,3,6.2
5809,113,3,310.0
3374,1079,3,17300.0
4618,2285,3,41.0
352,2317,3,276.0
4489,1051,3,10.5
17821,2285,3,22.0
11507,944,3,1026.0
11138,1853,3,3.6
13327,2884,3,32.0
15887,1832,3,58.0
2049,1832,3,44.0
1724,1832,3,1.2
1366,2285,3,53.0
18049,2213,3,4.4
18104,1488,3,60.0
15540,1035,3,8.0
4026,98,3,6.4
1122,2195,3,0.6
5458,2876,3,302.0
10212,237,3,554.0
13214,572,3,112.0
7800,2630,3,5.6
10432,2285,3,9.6
10111,1776,3,80.0
6623,2285,3,43.0
13223,2630,3,0.9
11183,1832,3,15.3
17745,9,3,78.0
12206,1488,3,34.0
6900,2802,3,138.0
17005,1925,3,6.0
17518,1156,3,2.9
14293,2285,3,32.0
14194,1827,3,143.0
285,1488,3,214.0
7719,1612,3,0.2
9052,1832,3,35.0
2238,1166,3,15.3
13755,854,3,191.0
14203,2195,3,8.0
18184,594,3,2333.0
4682,2344,3,0.1
15530,1488,3,45.0
7159,237,3,1330.0
13549,1488,3,0.6
11465,2015,3,0.8
12814,2285,3,36.0
6481,25,3,6.1
9911,123,3,930.0
8790,2250,3,42.0
1042,1937,3,0.1
11332,1725,3,2.1
10917,530,3,17.5
9344,2547,3,0.8
15626,1876,3,22.0
12221,2850,3,0.0
2161,2922,3,51.0
35,1203,3,9.6
16355,2547,3,35.0
13972,745,3,277.0
3169,2630,3,401.0
6394,2780,3,38.0
11065,2285,3,0.2
7476,1488,3,631.0
11230,2535,3,1.9
4994,1832,3,26.0
13113,1488,3,159.0
816,2285,3,36.0
12204,944,3,25.0
4410,1321,3,38.0
8951,2087,3,8.6
13850,2285,3,53.0
8701,2285,3,52.0
17952,1612,3,0.3
5562,811,3,155.0
260,1041,3,23.0
15478,2922,3,55.0
11871,1832,3,83.0
14457,1407,3,0.0
9209,573,3,0.1
13712,2710,3,22.0
10461,1488,3,21.0
17914,2001,3,8.4
145,1037,3,84.0
15385,2922,3,158.0
9152,1576,3,23.0
6637,2285,3,4.2
15831,2710,3,17.1
6090,1488,3,106.0
1001,811,3,122.0
8054,271,3,56.0
12600,1228,3,76.0
3873,1785,3,60.0
131,2922,3,75.0
16179,2726,3,3.9
17213,2285,3,13.0
1847,31,3,259.0
10574,997,3,44.0
10815,323,3,307.0
14207,1128,3,109.0
3640,1690,3,2.9
12047,237,3,48.0
337,2726,3,34.0
13913,25,3,6.4
16020,2285,3,33.0
9314,2122,3,119.0
452,2922,3,94.0
13366,2096,3,334.0
7480,2922,3,262.0
208,1468,3,57.0
13515,1030,3,535.0
16242,2285,3,45.0
5504,1947,3,316.0
578,1973,3,11.0
15784,1591,3,12.0
792,1284,3,0.4
1146,100,3,150.0
2243,1612,3,0.2
2950,962,3,9.5
96,1336,3,11.7
17851,31,3,13.4
15744,2630,3,27.0
17460,2562,3,12.0
635,2285,3,14.7
3789,2285,3,0.4
10585,814,3,505.0
14091,68,3,1107.0
12302,2710,3,3.4
7681,2581,3,0.4
15826,2375,3,0.4
16306,1063,3,0.7
4576,2631,3,135.0
58,2285,3,40.0
8437,1832,3,78.0
18203,2420,3,33.0
7665,944,3,497.0
4775,778,3,24.0
15435,2285,3,33.0
10904,271,3,16.5
15725,897,3,0.0
13402,2726,3,650.0
14171,1488,3,130.0
14473,2527,3,0.6
14549,2922,3,92.0
1222,237,3,704.0
3494,556,3,7.8
12490,2195,3,16.3
11095,282,3,8.8
15156,1525,3,49.0
2754,1321,3,24.0
9389,2195,3,12.0
5317,1947,3,428.0
14985,1488,3,89.0
12146,2122,3,185.0
11791,2285,3,13.9
7344,972,3,131.0
4279,2285,3,23.0
14515,1631,3,16.0
5749,2726,3,155.0
3569,1182,3,62.0
13090,100,3,294.0
1415,237,3,55.0
13886,718,3,179.0
2354,791,3,54.0
15713,2285,3,26.0
13008,2285,3,7.5
403,2285,3,12.4
602,2285,3,52.0
4431,250,3,0.0
13560,2285,3,41.0
12032,2710,3,1.9
12950,1775,3,1.8
9224,2285,3,22.0
415,1414,3,16.8
1044,2285,3,28.0
14862,1009,3,1.0
1671,572,3,17.8
15837,2285,3,35.0
11842,329,3,4.3
983,2748,3,3.0
10937,1488,3,290.0
16316,2831,3,211.0
13540,1533,3,281.0
14436,725,3,30.0
15675,1189,3,117.0
11385,2285,3,41.0
3712,1488,3,192.0
2381,1488,3,0.8
344,100,3,2.7
15551,2285,3,34.0
6679,2285,3,13.2
15121,2285,3,36.0
10320,1721,3,179.0
273,2087,3,1.8
8107,399,3,33.0
6739,2727,3,30.0
13567,1488,3,15.7
2112,2285,3,26.0
11896,946,3,80.0
16605,2922,3,100.0
15731,594,3,1653.0
10768,1488,3,1.8
10433,836,3,4.3
17426,2726,3,87.0
10485,1755,3,550.0
11693,2631,3,0.4
510,1832,3,26.0
16803,2710,3,0.4
355,1776,3,64.0
5138,237,3,1448.0
9386,2726,3,10.9
16629,2123,3,0.2
4169,2639,3,15.0
10520,796,3,24.0
16096,113,3,28.0
12087,2285,3,60.0
6213,2013,3,2.4
9256,2122,3,100.0
888,2285,3,13.4
9837,1612,3,0.1
13916,1825,3,0.4
17919,1932,3,321.0
7981,1832,3,18.2
9841,1596,3,0.1
4554,2754,3,2.3
314,1679,3,32.0
6003,98,3,35.0
10763,1488,3,29.0
11873,897,3,751.0
1388,2455,3,9.4
9439,2726,3,78.0
12217,725,3,73.0
17957,25,3,28.0
4580,282,3,4.6
2002,572,3,298.0
15396,2285,3,9.7
3360,2527,3,0.2
17828,1202,3,11.9
7558,237,3,492.0
4673,944,3,5.0
167,2195,3,8.6
7355,1609,3,104.0
5793,711,3,405.0
10947,2195,3,0.5
1514,2922,3,81.0
15533,2205,3,5.2
11545,797,3,3.1
7577,180,3,65.0
10321,1488,3,2096.0
7162,1827,3,8.4
7208,1875,3,0.0
12833,1937,3,4.4
3654,1606,3,0.0
7260,62,3,2.0
16302,2285,3,23.0
1274,933,3,0.9
9788,2285,3,39.0
16967,2285,3,23.0
15554,1488,3,560.0
8136,1488,3,229.0
10587,2016,3,0.2
796,1328,3,1.4
864,2285,3,4.6
16036,1500,3,162.0
6116,854,3,372.0
2200,2413,3,30.0
12566,2285,3,37.0
15769,2285,3,56.0
4447,282,3,2.7
1059,1612,3,0.2
13088,1660,3,0.4
2684,1156,3,0.2
3787,237,3,287.0
8885,2726,3,4.6
5489,2285,3,2.9
2241,816,3,207.0
10802,237,3,933.0
9679,811,3,43.0
17391,2639,3,4.4
1712,1832,3,36.0
13825,2285,3,28.0
10150,897,3,1466.0
7050,1488,3,38.0
4444,2166,3,6.6
845,814,3,126.0
15337,312,3,17.6
13899,1030,3,96.0
13633,2285,3,37.0
2268,745,3,8.2
10806,2631,3,219.0
10877,1594,3,0.2
7488,2285,3,43.0
7743,1488,3,47.0
6220,2831,3,145.0
12464,1488,3,38.0
5849,745,3,0.2
1297,2285,3,6.2
10240,2285,3,35.0
15920,2285,3,11.5
1435,1832,3,10.9
15101,2087,3,10.4
6852,237,3,669.0
11964,946,3,18.4
7249,139,3,19.0
7377,2254,3,0.8
5072,2922,3,66.0
17991,2285,3,38.0
15494,2285,3,11.7
9577,1720,3,2.5
14564,1488,3,185.0
4580,1669,3,27.0
3243,1488,3,12.9
14127,2285,3,33.0
11333,1832,3,41.0
15097,1832,3,28.0
5028,77,3,5.0
2720,1370,3,0.6
15828,1488,3,36.0
16062,1647,3,7.9
16765,1832,3,72.0
9449,2285,3,19.6
15017,1876,3,22.0
13136,2631,3,92.0
6733,2922,3,120.0
9003,2285,3,26.0
15797,914,3,17.9
1082,897,3,894.0
17786,2285,3,42.0
14501,1443,3,14.4
6812,2589,3,9.9
3177,1202,3,0.1
5682,2285,3,24.0
16805,1864,3,6.5
150,1036,3,17.6
8588,944,3,234.0
16268,1805,3,4.5
15170,1488,3,13.8
7362,1652,3,1.4
12018,2285,3,41.0
13309,2285,3,15.7
16351,2285,3,7.9
7460,2631,3,147.0
1696,1300,3,303.0
13016,1832,3,32.0
2158,614,3,101.0
3109,100,3,66.0
5630,2710,3,4.6
8120,1488,3,61.0
5223,1776,3,10.1
4596,2285,3,0.6
4727,685,3,41.0
2988,2285,3,26.0
946,2285,3,15.0
4192,944,3,1382.0
468,1064,3,1.3
16088,239,3,445.0
9645,1832,3,16.5
7360,1827,3,88.0
17851,2285,3,68.0
4674,572,3,221.0
13229,272,3,121.0
16398,2285,3,8.7
16524,2630,3,876.0
12679,1155,3,263.0
8452,2285,3,18.1
5405,1087,3,19.5
9398,2658,3,520.0
16392,2285,3,41.0
16608,2285,3,69.0
13680,2630,3,195.0
7993,1571,3,0.7
1889,2922,3,214.0
2963,1944,3,6.3
12107,2001,3,19.0
15408,2285,3,28.0
7926,1617,3,927.0
16873,944,3,1896.0
15334,2285,3,29.0
8200,1317,3,25.0
3459,100,3,344.0
11334,2285,3,36.0
6762,2285,3,15.4
11491,1832,3,64.0
7442,409,3,955.0
7183,2726,3,1046.0
10939,2285,3,40.0
18067,368,3,1367.0
3029,2285,3,4.0
16029,2285,3,40.0
8431,272,3,29.0
13145,1189,3,0.2
10090,2922,3,119.0
6463,1655,3,8.6
10398,1202,3,0.8
8882,237,3,320.0
162,579,3,81.0
5517,2631,3,111.0
12175,2270,3,392.0
4882,2285,3,34.0
12798,1776,3,14.2
6435,1832,3,26.0
13219,1596,3,1.5
5382,2285,3,11.7
16952,2844,3,9.5
4265,2285,3,28.0
5299,2488,3,324.0
13813,1004,3,0.2
2663,450,3,18.1
18235,2886,3,13.7
5503,2639,3,17.8
5428,2285,3,3.9
12557,2285,3,40.0
17411,2639,3,78.0
1164,2139,3,140.0
11859,902,3,13.8
8104,725,3,23.0
6188,2285,3,24.0
9904,1832,3,17.4
7804,2630,3,351.0
12325,853,3,113.0
2132,1832,3,13.8
15794,2922,3,55.0
6834,2285,3,27.0
4424,1982,3,3.6
1516,2285,3,37.0
11321,2285,3,11.1
7920,2285,3,47.0
13748,2631,3,132.0
6496,548,3,8.6
7752,368,3,497.0
6228,2631,3,137.0
15538,1608,3,1.1
399,2795,3,59.0
4589,836,3,37.0
2427,2285,3,26.0
6063,1263,3,35.0
6155,2489,3,18.2
10933,2285,3,26.0
7649,1721,3,125.0
169,1610,3,2.1
3610,2285,3,36.0
5043,2285,3,29.0
3496,237,3,160.0
1659,1488,3,37.0
6724,2403,3,30.0
16493,2631,3,25.0
16916,2205,3,5.0
12470,811,3,152.0
754,25,3,22.0
11198,343,3,4.3
493,1776,3,1.7
8718,1488,3,210.0
505,265,3,2.4
10779,2195,3,4.2
10243,1596,3,0.4
12570,2619,3,12.8
16978,2285,3,37.0
883,1755,3,183.0
554,2630,3,54.0
4958,1206,3,115.0
1127,933,3,0.8
18123,2285,3,71.0
11476,2285,3,37.0
7949,2922,3,36.0
3650,2285,3,38.0
4442,2285,3,27.0
6143,1923,3,2.7
3700,2087,3,0.0
5868,2285,3,56.0
11564,1578,3,59.0
168,1776,3,210.0
7745,2710,3,11.3
7308,2290,3,6.8
15952,2285,3,40.0
5831,2866,3,1.0
2683,2727,3,48.0
17048,745,3,13.6
10617,2922,3,51.0
16993,2058,3,4.7
16649,2630,3,284.0
6372,761,3,4.2
14816,2039,3,0.2
5329,1488,3,210.0
11967,572,3,51.0
16992,1837,3,0.1
9143,100,3,67.0
210,2630,3,369.0
16790,1488,3,7.0
8232,2726,3,63.0
2896,1515,3,2.2
2392,1588,3,13.1
17764,2496,3,35.0
16192,1905,3,35.0
17089,2285,3,48.0
4025,725,3,6.0
18115,1177,3,14.3
16749,2195,3,0.6
3525,167,3,0.6
10824,1321,3,49.0
4130,1703,3,0.4
13318,2195,3,16.9
17091,1488,3,24.0
6823,1488,3,589.0
8570,1781,3,616.0
5689,2726,3,35.0
8873,2285,3,42.0
13833,2285,3,82.0
2820,2285,3,30.0
13817,2562,3,1.4
7666,1998,3,0.5
2507,2285,3,49.0
11227,368,3,3710.0
7528,2285,3,13.3
14097,98,3,64.0
15377,2126,3,71.0
8361,2366,3,41.0
4007,2285,3,44.0
13696,1680,3,0.2
8695,1876,3,17.2
3904,1876,3,9.4
8801,2631,3,93.0
569,2285,3,29.0
10869,2067,3,0.0
14416,814,3,2484.0
16210,2631,3,114.0
15229,2285,3,4.8
7368,2013,3,18.1
9220,2380,3,747.0
12111,814,3,1842.0
7296,2398,3,14.4
7158,725,3,4.3
17322,237,3,1121.0
12662,2831,3,69.0
5944,2285,3,12.2
13739,569,3,6.5
8112,2547,3,4.6
5107,2272,3,339.0
3805,2798,3,1.0
13065,796,3,27.0
4837,68,3,397.0
10898,2922,3,71.0
2725,2888,3,14.3
3715,1488,3,703.0
17598,2631,3,63.0
1056,9,3,7.8
14684,1030,3,217.0
12512,1839,3,6.9
15309,2285,3,31.0
1566,2831,3,441.0
2833,272,3,103.0
544,2285,3,42.0
1555,237,3,454.0
15298,1189,3,3.5
4560,2285,3,22.0
15820,2027,3,7.9
10544,2285,3,32.0
6355,2842,3,1.6
7817,2285,3,43.0
7466,2630,3,245.0
9234,1488,3,49.0
16034,1690,3,0.2
7570,867,3,3.3
1431,732,3,66.0
17759,2285,3,24.0
6768,1208,3,0.0
3000,546,3,145.0
4326,142,3,1433.0
1371,1488,3,39.0
15686,2875,3,0.1
982,2229,3,79.0
14209,1917,3,29.0
897,100,3,154.0
974,1321,3,24.0
16233,1959,3,0.1
11256,2716,3,0.3
17791,1488,3,21.0
14835,814,3,1168.0
11000,1730,3,0.5
6098,2285,3,2.8
13252,2496,3,5.2
4625,862,3,7.3
11093,1832,3,83.0
3172,2285,3,51.0
12795,2496,3,3.7
9114,946,3,219.0
6585,2285,3,30.0
12664,2285,3,23.0
7977,1488,3,43.0
5511,2726,3,76.0
10757,1612,3,6.9
7505,1128,3,95.0
1738,2285,3,12.4
7436,1877,3,11.4
13508,2842,3,106.0
15685,910,3,3.0
13230,897,3,238.0
11314,811,3,101.0
15619,237,3,5.2
12680,2285,3,43.0
17025,14,3,359.0
3781,2285,3,42.0
17265,2922,3,73.0
1434,2869,3,9.9
10475,1488,3,66.0
10367,766,3,912.0
1111,766,3,3181.0
1181,2710,3,4.0
14614,2285,3,68.0
1410,1189,3,110.0
15491,1128,3,33.0
15719,1690,3,1.9
16126,2887,3,2.4
7127,2195,3,1.0
1612,2027,3,92.0
8008,2370,3,9.0
3981,2285,3,12.6
16562,2922,3,460.0
12359,1735,3,55.0
10780,718,3,23.0
11990,1800,3,0.8
16764,2031,3,408.0
6344,1832,3,121.0
11375,1488,3,230.0
9280,2869,3,3.0
916,1189,3,28.0
16701,687,3,18.7
15919,1821,3,81.0
10094,933,3,1.6
13185,2562,3,0.7
17381,2285,3,9.4
16404,25,3,45.0
2727,1488,3,341.0
17452,1617,3,656.0
2758,360,3,8.6
9368,1189,3,74.0
6005,1488,3,40.0
5884,944,3,628.0
7933,272,3,223.0
17701,2285,3,19.4
12186,2285,3,4.1
12597,1685,3,55.0
3061,98,3,8.5
1138,2285,3,8.3
9633,1832,3,21.0
904,2001,3,67.0
7660,2441,3,2.8
90,2285,3,13.1
3191,1414,3,0.6
15792,2285,3,46.0
7919,2430,3,0.8
12050,2526,3,40.0
9685,2922,3,112.0
5388,1987,3,1.3
932,1317,3,73.0
14197,2285,3,37.0
15256,2042,3,0.2
340,2229,3,3.3
3150,2285,3,112.0
6722,1166,3,20.0
10845,2726,3,0.4
198,1776,3,123.0
14626,206,3,60.0
13997,2285,3,15.7
8322,1147,3,0.6
1777,2631,3,107.0
6518,1228,3,15.4
2728,2631,3,152.0
3246,2285,3,10.0
7259,2285,3,6.2
7600,897,3,66.0
12555,1307,3,1.8
9197,2630,3,791.0
11514,2285,3,16.3
11058,1321,3,35.0
5719,1488,3,111.0
8753,1488,3,125.0
2513,25,3,22.0
2552,1304,3,1118.0
3078,282,3,18.2
13425,2285,3,20.0
2886,1488,3,12.9
11709,1612,3,0.3
2786,2285,3,33.0
16714,811,3,168.0
525,1947,3,16.2
4031,2576,3,5.9
8333,2285,3,20.0
5275,1250,3,1.0
5543,2441,3,0.8
17608,1956,3,139.0
10115,1128,3,0.4
12093,718,3,0.0
3762,343,3,4.3
12393,2350,3,533.0
5214,2285,3,25.0
10999,1612,3,0.3
12456,2340,3,24.0
3173,1875,3,7.3
7247,1202,3,36.0
12162,2631,3,70.0
6249,2285,3,18.6
10469,343,3,3.2
17808,2834,3,38.0
6312,1947,3,122.0
4753,2922,3,73.0
17315,376,3,76.0
14150,2195,3,2.9
8961,1578,3,346.0
9321,100,3,47.0
11780,1321,3,7.3
6721,2195,3,9.4
11133,1721,3,1.5
454,1927,3,0.0
2473,2441,3,14.6
12392,1035,3,2.4
8953,2497,3,0.2
14639,2340,3,2.0
9834,732,3,0.3
10327,2708,3,83.0
17965,1721,3,70.0
2159,1410,3,1.9
8592,1832,3,45.0
16072,2055,3,7.1
2784,682,3,1.8
17029,2922,3,32.0
16902,68,3,341.0
3776,1488,3,0.8
5863,68,3,151.0
1258,2780,3,168.0
16703,1488,3,40.0
3284,2922,3,51.0
7253,2631,3,11.9
5323,1465,3,136.0
17970,1488,3,34.0
16317,1488,3,162.0
7818,1409,3,2.3
4260,2759,3,297.0
2513,1917,3,6.7
14714,2285,3,58.0
10279,814,3,51.0
9871,2285,3,1.9
10472,2911,3,31.0
5482,2441,3,0.7
8904,2195,3,9.7
10473,2726,3,285.0
6437,1321,3,43.0
2517,836,3,45.0
5174,2639,3,12.2
16635,1655,3,35.0
326,100,3,326.0
2581,956,3,4.0
14582,2759,3,102.0
9212,1488,3,18.1
11387,573,3,2.8
3322,1819,3,632.0
8246,2285,3,33.0
12220,1317,3,3.4
3141,1609,3,29.0
16658,1488,3,56.0
15151,2285,3,8.5
12073,2802,3,15.8
2866,639,3,112.0
4367,2285,3,8.9
6568,944,3,39.0
8270,1832,3,47.0
13182,2496,3,15.9
9410,2726,3,471.0
17539,1832,3,33.0
7070,679,3,452.0
14329,1488,3,436.0
5551,2285,3,2.0
17024,2702,3,45.0
11953,1488,3,92.0
9391,572,3,0.8
8681,2429,3,1.7
15764,743,3,0.0
875,811,3,106.0
14860,2439,3,0.4
8745,1488,3,51.0
2576,1612,3,6.4
5968,868,3,0.9
15031,399,3,68.0
13561,1583,3,421.0
6615,1488,3,91.0
16935,1655,3,1.6
11578,1875,3,14.2
17762,98,3,22.0
8835,1715,3,6.2
16473,98,3,28.0
5493,1611,3,24.0
17651,2123,3,50.0
4393,9,3,3.2
4988,1300,3,9.3
2340,1202,3,2.0
5728,2285,3,52.0
6578,1937,3,1.7
5702,98,3,32.0
13333,1488,3,29.0
6462,1832,3,1.7
908,2285,3,4.0
4843,1612,3,6.7
1887,1277,3,8.8
15226,946,3,103.0
1405,2285,3,14.8
8766,1304,3,464.0
686,1128,3,21.0
11016,2639,3,16.6
5886,580,3,111.0
12551,2195,3,11.7
6323,1128,3,0.4
5024,1407,3,6.7
16660,71,3,4.0
480,2393,3,55.0
1002,1166,3,87.0
414,1832,3,9.2
13643,2922,3,50.0
10273,2285,3,42.0
12484,745,3,0.2
13347,1488,3,226.0
4234,1388,3,3.8
6647,100,3,184.0
639,213,3,6.9
7147,617,3,0.4
13833,2922,3,298.0
10813,237,3,277.0
9111,2205,3,17.7
11381,811,3,306.0
18054,901,3,83.0
1441,1596,3,6.4
2080,2631,3,3.0
14698,766,3,1.2
10294,68,3,644.0
3444,1228,3,84.0
156,854,3,1.9
1148,2583,3,4.6
3846,831,3,60.0
3335,2601,3,0.1
11895,1890,3,13.2
13943,2285,3,57.0
5946,2340,3,11.2
4041,2638,3,74.0
12569,1557,3,366.0
5737,1832,3,108.0
14464,1488,3,214.0
254,1266,3,4.4
15213,1488,3,7.4
9694,905,3,519.0
11012,1832,3,33.0
4011,1776,3,48.0
7863,745,3,1.9
17597,743,3,0.5
13829,2654,3,1.9
16459,1321,3,49.0
6058,1477,3,2.1
13297,1499,3,354.0
9677,1042,3,0.1
141,2285,3,45.0
17151,2726,3,1.9
4917,2285,3,18.0
18210,2195,3,3.1
12988,2285,3,21.0
933,2598,3,1.3
14225,128,3,2.5
15482,2285,3,23.0
13947,1488,3,33.0
13009,25,3,39.0
2538,100,3,27.0
15924,2285,3,9.3
224,1353,3,1.2
16288,2285,3,34.0
14619,272,3,89.0
11342,237,3,596.0
4666,1603,3,6.4
12233,1488,3,147.0
17226,745,3,7.6
14481,594,3,1333.0
4859,1721,3,4.9
11826,74,3,0.9
461,2420,3,54.0
5385,2285,3,2.1
1515,594,3,22.0
5340,2753,3,0.8
9226,1488,3,17.3
9941,2285,3,22.0
16494,2922,3,105.0
13433,2118,3,19.9
3832,2229,3,0.8
14571,2285,3,35.0
17602,946,3,63.0
3681,1776,3,25.0
99,2202,3,0.3
11056,2865,3,77.0
6062,2630,3,159.0
11308,2526,3,91.0
17067,2001,3,228.0
14527,1507,3,4.1
13376,823,3,14.0
3788,2781,3,1.4
13961,1695,3,3.2
14850,2611,3,8.7
17068,2576,3,13.6
17290,1655,3,36.0
9574,1776,3,44.0
7187,944,3,601.0
16588,2285,3,36.0
9506,579,3,9.5
9896,1105,3,3.6
16544,2922,3,144.0
15167,2285,3,34.0
2586,2631,3,136.0
11886,1300,3,211.0
3283,572,3,97.0
1224,2285,3,42.0
14881,2526,3,180.0
17697,2922,3,69.0
15958,1488,3,349.0
277,828,3,141.0
256,2285,3,12.3
3450,1937,3,0.8
5051,2922,3,172.0
15579,1488,3,240.0
9981,2577,3,0.7
13192,1525,3,25.0
7913,1391,3,2.7
557,1321,3,33.0
12999,1488,3,81.0
7815,579,3,4.2
18161,2285,3,26.0
15649,1488,3,3.5
1186,2815,3,11.6
14709,2195,3,20.0
14575,2298,3,105.0
5535,1488,3,301.0
4672,944,3,33.0
8737,2759,3,35.0
9964,2526,3,2.9
10036,2371,3,0.8
18147,2285,3,47.0
17163,944,3,4.0
8350,2439,3,132.0
9674,2285,3,107.0
9213,356,3,5.7
8253,745,3,83.0
16684,2098,3,36.0
281,1161,3,15.0
12778,2691,3,0.0
17257,1830,3,26.0
14680,2285,3,46.0
12316,1128,3,141.0
6569,1832,3,46.0
16638,1488,3,574.0
124,1128,3,288.0
1932,2285,3,9.2
13501,2865,3,22.0
2435,2285,3,33.0
295,2726,3,435.0
1028,1832,3,0.8
4276,237,3,1.9
3889,1612,3,0.4
14101,1030,3,37.0
10798,1488,3,9.2
14634,2622,3,11.8
13959,2285,3,18.0
6356,1488,3,50.0
10369,2017,3,6.0
852,21,3,1.7
5316,2285,3,37.0
6697,1733,3,186.0
4526,25,3,23.0
5752,1269,3,431.0
4073,2444,3,0.4
15322,2285,3,32.0
11604,1781,3,15.3
1360,2285,3,14.8
13301,2195,3,31.0
7112,1321,3,40.0
388,1557,3,2.0
14053,1488,3,78.0
15235,2631,3,85.0
10548,1341,3,2.0
13294,966,3,16.6
7379,1596,3,1.0
4099,518,3,0.6
6038,2285,3,6.4
5401,1875,3,28.0
8491,2285,3,26.0
8139,368,3,127.0
11631,2639,3,53.0
14486,1457,3,2.4
6419,2285,3,21.0
10934,2652,3,39.0
7349,2285,3,6.0
11598,1612,3,3.2
17359,811,3,84.0
12819,1655,3,16.4
3087,2638,3,181.0
11536,1655,3,55.0
16186,282,3,88.0
18297,462,3,729.0
3193,1827,3,3.5
565,1832,3,98.0
3772,685,3,9.0
5209,572,3,314.0
17456,2762,3,6.4
9301,1300,3,209.0
13490,908,3,6.8
14751,1488,3,34.0
13609,2065,3,0.3
382,2285,3,14.3
4537,1488,3,36.0
4849,2285,3,45.0
11102,944,3,113.0
9696,1128,3,49.0
3220,44,3,98.0
398,1488,3,14.8
14470,1488,3,0.7
1996,718,3,2.8
205,2285,3,52.0
5001,1655,3,3.4
7974,2639,3,31.0
10436,2285,3,12.8
5018,2080,3,0.0
2589,1737,3,5.0
8746,10,3,1.4
17649,1832,3,49.0
11727,2631,3,68.0
8813,2171,3,0.1
4070,2285,3,4.9
10662,1488,3,83.0
8034,732,3,244.0
3520,555,3,818.0
12690,2922,3,141.0
8147,2380,3,1371.0
4188,1612,3,0.0
4320,2630,3,13.8
7315,2285,3,68.0
11863,2285,3,18.9
15581,2285,3,51.0
6068,1035,3,1.5
14723,2122,3,6.6
10170,2439,3,1.0
8704,1022,3,201.0
7063,1342,3,43.0
5539,1228,3,880.0
9701,946,3,35.0
16251,2760,3,0.4
15732,2831,3,46.0
9830,1776,3,38.0
7856,2285,3,55.0
2084,1488,3,185.0
6290,1721,3,96.0
12975,1985,3,22.0
850,1992,3,67.0
3729,944,3,30.0
9529,2630,3,1042.0
8590,1458,3,12.8
9248,2285,3,28.0
15020,237,3,345.0
9014,2285,3,34.0
14627,351,3,1.4
8845,2922,3,246.0
2870,2536,3,10.3
2553,580,3,108.0
11021,1488,3,101.0
5563,2195,3,6.7
10430,2488,3,500.0
17165,128,3,78.0
9513,1776,3,50.0
11064,426,3,2030.0
7582,1655,3,0.1
7517,2195,3,1.5
17423,2380,3,691.0
12507,1166,3,176.0
8067,1212,3,0.4
12666,2263,3,0.6
9275,1488,3,54.0
2187,343,3,45.0
9656,2380,3,523.0
1666,776,3,1299.0
16083,1488,3,217.0
3482,1488,3,161.0
4708,2285,3,82.0
15856,237,3,532.0
2372,1128,3,136.0
10442,1488,3,137.0
14539,2285,3,43.0
16038,2285,3,11.8
14122,1139,3,0.3
7402,44,3,29.0
15013,2630,3,73.0
17728,1887,3,19.7
7709,434,3,67.0
14047,2285,3,39.0
15542,745,3,0.6
16739,2865,3,1435.0
2184,933,3,22.0
12212,125,3,23.0
341,1832,3,1.2
4614,745,3,176.0
17665,1080,3,2578.0
9886,2902,3,1.6
163,2285,3,1.8
10611,2285,3,34.0
15147,237,3,2606.0
5722,1314,3,0.2
785,1488,3,481.0
18251,1617,3,268.0
10673,1235,3,0.8
15102,828,3,292.0
17849,1228,3,424.0
15531,1488,3,189.0
13489,2234,3,64.0
13132,1832,3,40.0
11251,1316,3,10.6
10886,814,3,646.0
5321,1488,3,102.0
6180,2639,3,42.0
6638,2439,3,74.0
12091,1491,3,39.0
379,745,3,1.1
1308,142,3,182.0
18212,2270,3,81.0
17368,811,3,62.0
16411,2717,3,2.1
13268,1488,3,29.0
5696,1528,3,0.5
16462,2285,3,15.3
10200,1166,3,292.0
4966,1304,3,516.0
7495,2449,3,4.0
10097,2243,3,2.5
16425,1488,3,324.0
11610,68,3,936.0
17895,2285,3,10.8
7550,1876,3,17.3
16573,955,3,195.0
6486,1875,3,14.8
1576,25,3,2.9
4648,2056,3,23.0
5541,2195,3,1.4
2384,2195,3,4.2
12489,1737,3,2.8
11884,1679,3,37.0
15200,1409,3,8.8
13447,2380,3,664.0
6522,2474,3,14.1
5956,1776,3,28.0
17166,1473,3,0.3
1407,2285,3,46.0
9919,2711,3,0.0
10042,2639,3,72.0
14158,1321,3,57.0
6664,525,3,2.9
17904,2285,3,44.0
13259,2285,3,26.0
4379,1488,3,92.0
15230,1155,3,671.0
8312,2285,3,11.7
11844,1638,3,82.0
17293,2285,3,62.0
16691,2285,3,41.0
12873,1166,3,38.0
17449,1407,3,4.1
15602,1776,3,49.0
5391,302,3,40.0
5514,1380,3,78.0
8971,1488,3,100.0
17564,2285,3,5.0
10695,811,3,207.0
8399,1832,3,92.0
16892,2842,3,2.0
15271,1876,3,16.6
10522,1690,3,0.1
5859,302,3,3.4
10900,2285,3,36.0
11592,732,3,362.0
5189,113,3,130.0
6628,2769,3,2.1
13785,1119,3,46.0
6381,1913,3,9.3
15644,1488,3,35.0
1990,237,3,7.1
11175,2778,3,14.0
11901,100,3,91.0
17699,2285,3,34.0
9627,2285,3,46.0
17691,2285,3,14.9
12759,68,3,1797.0
16745,1983,3,71.0
15129,303,3,38.0
17523,2195,3,4.6
8432,1887,3,6.6
52,2140,3,5.4
11861,2158,3,0.2
10058,555,3,548.0
1757,2441,3,6.6
11889,1166,3,153.0
4466,1785,3,31.0
15588,1240,3,6.4
13077,2630,3,787.0
8389,2285,3,10.3
4019,1300,3,436.0
2064,2630,3,266.0
9821,323,3,4.5
8506,2285,3,4.6
19,100,3,218.0
1573,2654,3,71.0
15327,1557,3,886.0
2383,814,3,129.0
1178,2630,3,14.0
15560,828,3,97.0
820,394,3,10.7
7960,68,3,838.0
16867,843,3,53.0
5375,2285,3,30.0
5510,2630,3,4.2
1719,1492,3,1322.0
322,1488,3,561.0
11516,1397,3,4.8
12406,2710,3,6.1
4886,237,3,471.0
13922,944,3,5.9
14026,2285,3,48.0
9535,1488,3,7.0
11679,545,3,60.0
4264,2285,3,11.0
13488,946,3,131.0
16854,2850,3,59.0
6718,1617,3,5.0
17709,546,3,50.0
13081,997,3,63.0
17742,1488,3,561.0
9469,2285,3,13.8
9858,1757,3,2.6
9521,2647,3,132.0
11219,25,3,41.0
14600,1488,3,109.0
8094,2631,3,157.0
18031,1488,3,40.0
14038,2630,3,98.0
13043,1488,3,203.0
16369,1827,3,2.4
7716,2285,3,36.0
2285,1155,3,800.0
13940,2726,3,26.0
3386,1311,3,2.6
11283,2088,3,0.0
16598,1163,3,0.0
13908,1832,3,8.2
14851,766,3,212.0
17752,2631,3,126.0
11289,1488,3,5.4
14085,1721,3,145.0
12862,897,3,21.0
13150,1832,3,169.0
1251,368,3,2649.0
765,2285,3,11.4
14118,2922,3,220.0
5960,2562,3,21.0
9667,734,3,0.0
3390,811,3,140.0
17424,1488,3,273.0
18170,2292,3,14.8
278,2469,3,4.0
7787,1488,3,96.0
1749,2783,3,1.5
3543,2611,3,9.0
14389,2285,3,10.3
4437,878,3,18.3
11096,2631,3,46.0
5501,1219,3,1.3
2577,1753,3,3.6
5808,1663,3,1.0
10513,2922,3,118.0
18290,1113,3,1.0
8184,745,3,27.0
11935,2922,3,88.0
17992,745,3,6.3
997,690,3,22.0
13270,1488,3,17.7
4255,1443,3,4.9
16363,2285,3,55.0
540,915,3,33.0
4827,972,3,26.0
8693,2285,3,20.0
5390,761,3,0.0
713,461,3,101.0
3237,1488,3,22.0
11217,2001,3,19.0
9885,2831,3,97.0
11832,2423,3,372.0
12969,2285,3,32.0
14778,572,3,152.0
917,2630,3,2.5
4426,1179,3,282.0
724,2122,3,379.0
14411,2285,3,38.0
3760,2423,3,538.0
17588,944,3,10.6
10975,1202,3,1.7
13034,1890,3,0.4
4838,413,3,1.0
7953,1488,3,73.0
10639,1947,3,10.8
4507,760,3,23.0
362,417,3,22.0
3425,1128,3,47.0
16602,1389,3,227.0
13512,1855,3,1.4
105,2405,3,73.0
4495,924,3,0.0
9741,1488,3,232.0
17308,897,3,45.0
6691,68,3,848.0
9686,1321,3,240.0
4384,1832,3,45.0
13861,1937,3,6.4
14237,1832,3,11.7
13006,2339,3,5.1
13354,1311,3,10.4
556,100,3,234.0
1349,2619,3,60.0
4127,716,3,1.8
469,2922,3,56.0
2331,2285,3,6.5
14569,2922,3,103.0
251,690,3,49.0
13920,2111,3,6.3
13328,944,3,680.0
8204,2630,3,325.0
8163,2876,3,28.0
13652,2710,3,42.0
8808,1202,3,236.0
1358,2932,3,14.8
7167,2506,3,112.0
11919,2285,3,17.1
16158,100,3,297.0
3409,2726,3,56.0
4107,1473,3,1.0
12807,1568,3,14.7
14243,2780,3,54.0
12532,2075,3,1.8
16572,1317,3,919.0
657,272,3,3.3
17612,1488,3,5.2
7705,811,3,123.0
8726,445,3,14.5
2260,2340,3,15.8
16717,2562,3,2.6
10986,2096,3,88.0
16761,1488,3,33.0
9053,2631,3,49.0
866,1304,3,986.0
13586,2285,3,31.0
15382,1488,3,454.0
13580,2630,3,180.0
4902,2285,3,12.1
5628,2285,3,0.7
16513,2249,3,10.9
7042,2285,3,43.0
9810,1832,3,38.0
7519,2285,3,25.0
1354,1832,3,7.8
11468,272,3,45.0
9306,2195,3,15.2
6551,1610,3,175.0
13277,1488,3,69.0
5445,1170,3,1.3
9773,1488,3,9.5
4722,1202,3,29.0
9390,2285,3,37.0
3784,1037,3,7.7
3231,881,3,8.7
8196,1321,3,71.0
16281,2285,3,3.0
2276,1017,3,33.0
12613,572,3,143.0
1190,811,3,564.0
15714,2888,3,53.0
9058,2670,3,0.0
16554,1488,3,4.7
17007,2285,3,27.0
13044,2667,3,1.2
12415,1488,3,32.0
12850,1488,3,74.0
12806,1189,3,120.0
15221,1488,3,15.9
13562,2285,3,47.0
13407,2638,3,113.0
5873,2285,3,60.0
13094,2630,3,606.0
16610,2380,3,506.0
7823,1488,3,73.0
1096,2394,3,7.6
991,1473,3,33.0
15432,555,3,41.0
5838,2285,3,17.0
12732,2876,3,205.0
11435,2285,3,28.0
15808,2922,3,115.0
367,1776,3,36.0
15162,42,3,74.0
17207,2562,3,4.4
11200,2285,3,4.8
15682,1407,3,9.0
3728,1853,3,2.5
648,1609,3,8.0
5984,2630,3,88.0
12761,2285,3,38.0
15104,2547,3,29.0
10783,745,3,15.7
13725,1488,3,12.9
12396,1488,3,9.2
5701,237,3,390.0
10829,614,3,0.2
2025,2441,3,23.0
7563,279,3,85.0
6509,2285,3,22.0
14375,1721,3,0.6
8559,614,3,50.0
8843,2285,3,13.3
6319,1876,3,4.8
15499,1099,3,43.0
17278,2285,3,1.4
8219,271,3,42.0
4862,2285,3,59.0
843,1488,3,195.0
17160,946,3,28.0
3952,1825,3,1.6
4368,798,3,17.4
255,1876,3,57.0
13351,2285,3,39.0
14104,2087,3,0.1
7222,98,3,16.0
12836,2922,3,136.0
12803,2285,3,7.8
8877,2876,3,261.0
18046,1611,3,4.7
9263,1228,3,434.0
13108,1947,3,2.4
4971,359,3,90.0
4860,1548,3,0.1
11498,1488,3,640.0
11483,897,3,43.0
3684,2630,3,21.0
16783,1300,3,0.1
11003,25,3,10.4
11203,1488,3,903.0
15739,2195,3,0.7
7477,2611,3,0.0
8666,2285,3,25.0
8462,1832,3,18.6
9285,2610,3,3.5
15555,2922,3,332.0
8148,2842,3,6.1
9131,202,3,1.7
13314,2387,3,23.0
8252,1488,3,5.0
13918,246,3,26.0
16491,2285,3,36.0
11779,1612,3,1.8
17498,2681,3,22.0
14638,2122,3,62.0
2561,2285,3,42.0
10742,2285,3,0.2
7534,1407,3,0.2
8678,2496,3,61.0
9802,1937,3,1.8
11307,1604,3,72.0
6403,1202,3,1.5
13765,132,3,491.0
3880,1596,3,0.1
4919,2227,3,8.3
14294,2631,3,2.6
15927,2630,3,3.2
17126,1142,3,4.1
16752,2285,3,5.2
18133,2285,3,26.0
4109,2285,3,13.7
17085,1612,3,0.0
18292,1915,3,13.2
10445,1674,3,5.1
10741,1710,3,55.0
1718,2205,3,12.4
12284,1838,3,1.2
17912,1443,3,1.5
12123,1832,3,6.9
15475,1488,3,31.0
2079,2522,3,17.8
13638,811,3,147.0
14040,1128,3,11.7
9660,1827,3,78.0
8958,1488,3,62.0
15574,2726,3,117.0
15323,1612,3,0.0
13017,1300,3,3.8
2477,1937,3,0.1
6957,1319,3,200.0
13818,745,3,111.0
2180,237,3,1571.0
17495,1832,3,16.8
13867,2718,3,0.6
7530,1488,3,110.0
835,296,3,0.0
1192,2631,3,53.0
12735,2285,3,27.0
3539,2285,3,1.7
14277,2448,3,219.0
8660,1539,3,246.0
6317,946,3,37.0
2045,1755,3,113.0
3884,1155,3,1202.0
1505,1458,3,51.0
6865,2027,3,129.0
4287,1128,3,56.0
7498,867,3,2.1
11077,1671,3,8.3
8772,2922,3,124.0
12465,1832,3,24.0
11969,2285,3,33.0
11142,68,3,3.0
479,1488,3,111.0
9339,1488,3,38.0
2710,1044,3,19.8
9123,2780,3,123.0
319,1030,3,108.0
7951,580,3,86.0
421,670,3,1.4
207,1488,3,431.0
1873,24,3,27.0
14988,2922,3,4.7
12497,2639,3,64.0
8375,1832,3,34.0
6037,2833,3,19.4
14206,2285,3,10.2
9583,2631,3,362.0
11247,1277,3,3.5
7275,1488,3,58.0
7202,1655,3,142.0
7541,1488,3,12.6
12007,1321,3,40.0
11411,586,3,9.4
1793,1488,3,727.0
8070,1488,3,383.0
6351,2922,3,183.0
13914,897,3,2.1
11755,836,3,0.1
12488,1596,3,1.0
15835,2285,3,28.0
15387,1721,3,277.0
16910,1488,3,103.0
9945,1300,3,1046.0
5803,2630,3,517.0
10675,2760,3,120.0
10478,2285,3,56.0
7353,1838,3,0.5
12970,2285,3,13.7
6654,2285,3,24.0
13115,2285,3,24.0
17832,272,3,1.2
4484,1030,3,63.0
8281,1488,3,32.0
9771,1876,3,18.1
16479,811,3,80.0
17310,2329,3,3.9
3321,272,3,66.0
2001,2285,3,64.0
17950,1832,3,38.0
3251,2588,3,1.0
11270,2685,3,33.0
14608,946,3,40.0
1814,237,3,8.9
7025,2780,3,162.0
15212,718,3,1494.0
1351,1937,3,5.9
15007,1655,3,102.0
10046,2285,3,26.0
276,1621,3,6.6
4283,1488,3,2.6
10130,25,3,20.0
14571,2285,3,10.7
18231,2794,3,1.2
16821,1166,3,106.0
6587,2285,3,25.0
149,2285,3,33.0
7410,2340,3,50.0
2017,1488,3,32.0
5778,282,3,31.0
15316,132,3,622.0
8427,1721,3,29.0
16244,545,3,30.0
18158,594,3,378.0
10290,1611,3,34.0
3481,200,3,40.0
2894,1228,3,327.0
9629,1832,3,99.0
11932,2285,3,6.9
11686,2444,3,0.8
12100,2692,3,37.0
15001,2285,3,31.0
2791,2489,3,48.0
9056,1054,3,60.0
3337,2163,3,22.0
16632,1612,3,0.2
16515,2058,3,0.7
134,1985,3,63.0
11657,1612,3,0.0
14322,2423,3,131.0
17706,2220,3,13.0
12056,1017,3,44.0
15472,1776,3,4.4
17725,237,3,658.0
15782,2285,3,11.7
12655,98,3,15.4
9794,1488,3,573.0
6764,2285,3,36.0
15242,2631,3,149.0
10379,113,3,344.0
223,2842,3,9.5
8555,811,3,224.0
5721,2285,3,41.0
7999,1028,3,0.2
8825,1690,3,2.7
3145,2285,3,32.0
17475,2285,3,0.4
10861,2340,3,2109.0
9151,2475,3,70.0
200,343,3,6.1
266,2285,3,9.4
678,450,3,24.0
14942,1468,3,27.0
9231,2160,3,48.0
17838,2285,3,36.0
7640,2591,3,1.3
9740,1004,3,22.0
4734,1341,3,8.3
3566,312,3,26.0
10602,2285,3,13.7
8128,1832,3,92.0
8227,237,3,42.0
15791,2922,3,101.0
3164,1832,3,28.0
17771,1610,3,20.0
15085,1832,3,53.0
13608,2710,3,1.0
10663,897,3,113.0
17222,2922,3,77.0
323,2285,3,1.4
7821,1548,3,17.9
961,711,3,195.0
15987,2710,3,9.3
11157,1947,3,2.6
17268,555,3,153.0
88,1488,3,24.0
7513,836,3,87.0
509,1128,3,12.8
10160,2441,3,3.2
11985,237,3,491.0
3062,1488,3,8.1
13942,811,3,133.0
1253,814,3,3810.0
11746,1030,3,2.0
12420,2087,3,4.4
15117,2285,3,40.0
8898,2285,3,0.3
1632,2285,3,52.0
16199,725,3,12.3
16973,2285,3,2.7
17783,1612,3,0.1
11357,326,3,1.6
12887,2783,3,237.0
10372,2922,3,149.0
136,253,3,1.6
12127,2888,3,38.0
3952,1838,3,7.4
15968,2516,3,0.1
14298,2922,3,859.0
11486,2285,3,34.0
9165,946,3,301.0
9145,2064,3,3.1
9127,2922,3,106.0
7631,282,3,15.4
10262,1832,3,41.0
17814,946,3,285.0
5198,931,3,34.0
12004,2285,3,3.7
14928,1832,3,45.0
9654,1488,3,101.0
5449,854,3,61.0
6096,1832,3,87.0
12441,140,3,24.0
15950,2869,3,0.3
12775,1367,3,3.5
4471,1414,3,24.0
14469,2864,3,16.0
11669,461,3,4.3
1661,1155,3,344.0
9317,1488,3,17.8
16418,139,3,735.0
3048,814,3,196.0
8512,399,3,25.0
5850,1606,3,481.0
12361,2285,3,35.0
16224,1054,3,15.8
13062,1488,3,53.0
16940,2285,3,32.0
16140,1488,3,410.0
14407,1552,3,65.0
16005,1515,3,2.2
950,1321,3,52.0
3325,1039,3,25.0
7367,1321,3,31.0
6150,1321,3,23.0
11909,237,3,425.0
11132,1321,3,1.7
10858,2285,3,18.8
13573,745,3,5.4
2018,1044,3,3.2
13386,2780,3,56.0
16136,137,3,16.8
12921,965,3,87.0
8055,1611,3,240.0
12190,2285,3,1.7
15844,2285,3,6.0
2504,1041,3,60.0
12788,1690,3,1.9
13713,2865,3,57.0
2527,1832,3,41.0
3794,2195,3,1.5
413,901,3,2.1
16383,2831,3,8.1
14414,25,3,8.0
12202,490,3,1.9
8579,2285,3,7.0
9354,1488,3,57.0
5904,2285,3,3.7
1869,1425,3,0.0
12558,2285,3,22.0
6208,2726,3,136.0
15203,1128,3,100.0
427,811,3,110.0
13761,1300,3,265.0
432,2630,3,128.0
16019,2285,3,0.4
9831,1721,3,1.2
9550,1488,3,29.0
10312,2027,3,4.5
7748,2285,3,49.0
3391,921,3,4.1
8310,265,3,2.4
4558,2285,3,5.4
6589,723,3,0.6
17461,2611,3,0.1
17457,2285,3,6.8
11406,811,3,84.0
10715,2423,3,8.9
17646,2844,3,6.9
4191,2285,3,2.4
1813,2027,3,16.9
11606,1488,3,56.0
4730,68,3,1366.0
13281,2285,3,18.0
15036,2340,3,32.0
14003,2195,3,9.6
3682,2285,3,27.0
8614,132,3,0.0
9153,1208,3,68.0
3852,2285,3,43.0
10497,2285,3,21.0
12538,100,3,190.0
11892,25,3,22.0
10339,1838,3,0.5
1475,100,3,1241.0
5774,2285,3,24.0
3869,1286,3,0.4
13453,946,3,29.0
12882,1166,3,63.0
16498,2922,3,67.0
10753,670,3,139.0
12787,2922,3,124.0
12802,1040,3,15.9
8112,2285,3,16.1
17127,545,3,59.0
9869,2531,3,964.0
8577,272,3,1.6
5949,1013,3,0.4
10549,1525,3,24.0
10652,2285,3,42.0
10749,1776,3,1.5
934,2056,3,3.7
13551,68,3,524.0
9645,1488,3,110.0
1787,2285,3,9.9
11119,1323,3,131.0
1631,255,3,22.0
5088,237,3,3135.0
305,2285,3,26.0
13605,1490,3,0.0
2000,2380,3,3032.0
8084,272,3,60.0
7398,237,3,588.0
16027,1488,3,29.0
4128,1488,3,230.0
16361,2285,3,34.0
3416,944,3,2350.0
13296,1054,3,0.4
15060,944,3,206.0
7085,1832,3,47.0
6514,2630,3,212.0
15638,933,3,2.0
1261,1464,3,4527.0
15512,2835,3,8.2
16729,237,3,14.2
10651,2630,3,149.0
17538,2922,3,86.0
15489,272,3,1.9
17202,2298,3,4.8
17111,1128,3,26.0
15907,1681,3,0.4
2756,2232,3,2.5
2539,933,3,2.4
16440,1967,3,0.6
16166,2195,3,24.0
16967,2285,3,42.0
15117,683,3,0.9
14760,1491,3,1048.0
3149,1488,3,10.7
7456,2285,3,52.0
13422,237,3,579.0
1489,711,3,24.0
12281,2285,3,18.4
4643,2831,3,118.0
15942,2639,3,44.0
13952,68,3,864.0
7080,1905,3,7.9
18004,1304,3,449.0
3582,2285,3,24.0
2402,68,3,1223.0
4222,1690,3,3.9
9463,2831,3,148.0
16694,2285,3,2.6
3791,2922,3,74.0
8780,1488,3,159.0
5310,828,3,267.0
6012,1876,3,36.0
9648,1228,3,66.0
11025,2098,3,1.0
16187,1386,3,0.4
13893,68,3,1.4
4848,1321,3,37.0
18300,1488,3,1.3
15350,2631,3,120.0
17415,814,3,129.0
868,1643,3,379.0
2426,897,3,21.0
8464,1208,3,26.0
12881,2922,3,134.0
7943,2631,3,90.0
16195,1128,3,19.4
13664,2285,3,14.6
394,813,3,10.6
11460,2285,3,1.2
9640,944,3,1364.0
5662,1492,3,1136.0
14126,2710,3,3.1
2151,2285,3,19.0
4905,2922,3,79.0
5797,1037,3,444.0
6184,2494,3,6.6
1899,2195,3,0.4
1985,2006,3,331.0
11316,2630,3,314.0
14084,2285,3,52.0
4013,811,3,71.0
12366,1832,3,46.0
4794,1488,3,5.6
12917,2285,3,48.0
1901,2285,3,38.0
12659,100,3,49.0
721,1189,3,0.6
5096,2285,3,25.0
6046,2780,3,40.0
12573,1875,3,0.0
10185,2380,3,964.0
13083,2409,3,30.0
3398,1612,3,1.3
15930,1397,3,2.4
12468,1696,3,81.0
2338,1128,3,59.0
11064,1488,3,95.0
11161,2285,3,38.0
11716,1596,3,0.8
12282,2922,3,121.0
13358,1488,3,59.0
3639,2631,3,82.0
16850,551,3,145.0
10300,2922,3,227.0
10195,2195,3,4.6
3148,2439,3,55.0
3032,814,3,216.0
15145,1596,3,1.6
12572,1832,3,111.0
13777,814,3,698.0
2681,745,3,0.4
17700,1762,3,5.5
12823,2638,3,85.0
13698,2631,3,13.7
3227,966,3,44.0
8143,2285,3,35.0
14991,1612,3,0.5
216,1207,3,0.2
2065,2630,3,592.0
2516,1605,3,64.0
6334,1832,3,9.2
15052,2285,3,19.3
17988,1030,3,52.0
5816,237,3,1048.0
7321,1468,3,30.0
12996,1832,3,88.0
16129,740,3,16.8
7481,2285,3,36.0
14107,811,3,570.0
14400,944,3,845.0
3927,2522,3,3.9
17906,1166,3,65.0
5286,2055,3,4.6
17825,687,3,41.0
2248,368,3,3123.0
16695,12,3,2.2
17659,128,3,6.4
435,1832,3,31.0
562,2630,3,641.0
15947,1488,3,149.0
10711,1606,3,0.3
14727,200,3,12.5
7685,2285,3,34.0
1802,1054,3,2.0
15446,2285,3,26.0
6805,1488,3,14.5
13837,1612,3,0.2
16024,2780,3,126.0
15069,2285,3,3.5
13165,2630,3,31.0
1275,796,3,2.1
1074,1488,3,87.0
9838,1832,3,57.0
14502,237,3,401.0
15813,811,3,0.7
17481,2285,3,1.8
5248,718,3,128.0
14814,1488,3,48.0
3966,2007,3,1.1
9692,1488,3,22.0
8197,992,3,324.0
11908,2338,3,0.0
15233,1491,3,1118.0
7780,255,3,117.0
3557,1853,3,1.0
15390,2285,3,12.8
2716,1488,3,8.4
233,2842,3,9.0
5557,1596,3,0.6
1843,359,3,88.0
5013,897,3,22.0
10838,1488,3,91.0
14034,1004,3,0.2
13537,1300,3,479.0
7883,68,3,937.0
2803,1785,3,541.0
12389,2630,3,246.0
14850,2631,3,19.7
4985,2630,3,512.0
4139,271,3,83.0
4716,2843,3,14.5
15436,1628,3,0.8
6242,2630,3,409.0
13688,1407,3,1.2
9661,725,3,100.0
7671,1721,3,0.4
12872,1321,3,68.0
14010,1533,3,2694.0
12953,2122,3,17.2
17060,572,3,17.6
6870,302,3,180.0
13316,1696,3,27.0
12838,1189,3,0.0
6431,2195,3,12.0
16900,1687,3,13.5
14094,2285,3,36.0
2905,1488,3,2.6
14755,2285,3,1.6
737,1488,3,32.0
8180,2285,3,51.0
10871,2285,3,8.5
1016,1488,3,253.0
13618,2285,3,56.0
7091,2285,3,4.0
1911,68,3,204.0
5111,2285,3,29.0
11597,2285,3,1.0
3373,128,3,35.0
13792,854,3,150.0
15187,2922,3,59.0
4225,1832,3,6.9
16064,1832,3,2.2
5593,2630,3,276.0
956,2876,3,57.0
3917,68,3,958.0
11168,2631,3,172.0
17981,2285,3,27.0
14291,2285,3,34.0
10402,1617,3,8.5
14890,2056,3,1.0
12869,2631,3,112.0
7018,1321,3,17.6
5961,1142,3,1.8
1521,2136,3,0.2
8624,2285,3,22.0
15056,878,3,29.0
16820,1321,3,59.0
13244,2285,3,23.0
16797,1584,3,5.6
5145,1488,3,18.7
11156,1661,3,15.0
1099,2630,3,82.0
892,1803,3,52.0
3785,2576,3,6.4
17720,2087,3,16.0
7113,2285,3,18.9
17933,2285,3,33.0
15273,2029,3,14.0
5678,1976,3,1.1
17639,944,3,855.0
1973,1128,3,60.0
15643,745,3,0.2
17878,2285,3,1.8
17607,1655,3,151.0
13180,2285,3,43.0
960,100,3,116.0
6073,1776,3,14.4
16366,1488,3,366.0
15267,1998,3,83.0
7845,811,3,148.0
5450,2195,3,4.9
11865,237,3,497.0
1212,1449,3,53.0
2031,2586,3,3.4
2511,725,3,51.0
9415,2285,3,35.0
16443,1317,3,0.1
9559,1488,3,19.1
13857,2710,3,11.3
12198,2922,3,294.0
5479,1488,3,27.0
11994,2456,3,0.4
10412,2195,3,0.6
15901,2285,3,64.0
13545,2780,3,18.3
1260,2285,3,11.4
13317,2028,3,52.0
9157,997,3,31.0
16591,2285,3,68.0
16073,1488,3,88.0
8272,2001,3,129.0
11818,2285,3,19.8
15360,999,3,0.0
16241,2285,3,6.5
15455,1612,3,0.2
6684,25,3,2.0
18033,2285,3,37.0
16467,2345,3,0.8
2775,929,3,32.0
15246,1321,3,40.0
6167,2285,3,45.0
15200,1488,3,1774.0
13322,2922,3,82.0
6630,1596,3,0.1
17875,2285,3,32.0
8880,2922,3,207.0
1641,2285,3,44.0
4383,556,3,2.9
16507,2285,3,24.0
10657,2631,3,128.0
14142,1304,3,560.0
12577,1717,3,163.0
3560,2630,3,185.0
9011,811,3,183.0
3065,1202,3,21.0
15517,1488,3,81.0
345,1488,3,108.0
9898,2726,3,105.0
12038,2148,3,0.3
17723,556,3,6.1
3436,2638,3,87.0
10154,933,3,4.8
5260,2692,3,2.7
2613,2285,3,11.6
4358,2285,3,1.1
9500,237,3,517.0
12832,2922,3,149.0
14916,1304,3,617.0
5575,1776,3,33.0
17374,946,3,55.0
10373,1488,3,72.0
16097,1776,3,31.0
16438,1776,3,20.0
9986,100,3,392.0
128,1584,3,10.8
1281,1144,3,6321.0
4704,312,3,256.0
5925,1304,3,327.0
17106,1488,3,14.1
9524,2856,3,93.0
16953,2096,3,79.0
10117,2285,3,24.0
7523,897,3,204.0
13786,173,3,0.2
17623,2631,3,114.0
2417,371,3,35.0
15877,2876,3,90.0
2524,1612,3,0.2
6886,651,3,626.0
14904,2285,3,37.0
6164,272,3,73.0
14886,237,3,1386.0
10510,2922,3,142.0
905,1561,3,19.2
1574,1832,3,35.0
9946,1228,3,108.0
13251,2922,3,82.0
625,1488,3,253.0
13166,845,3,27.0
3969,2285,3,47.0
8504,2285,3,25.0
8617,362,3,0.2
610,213,3,0.2
17520,2285,3,1.0
13424,576,3,46.0
3005,2285,3,48.0
15496,272,3,60.0
11980,2285,3,28.0
2183,2871,3,107.0
17081,919,3,21.0
10539,1488,3,38.0
3960,2285,3,45.0
12142,2922,3,90.0
12327,818,3,1.6
7123,1208,3,686.0
9474,1228,3,30.0
6983,836,3,8.2
11325,271,3,68.0
14385,1189,3,2.4
11487,1382,3,19.6
8127,2056,3,6.8
15991,1228,3,14.3
2336,2285,3,28.0
15146,797,3,7.1
6811,1947,3,83.0
1595,1757,3,5.6
9939,944,3,392.0
5270,944,3,514.0
8440,237,3,100.0
3,1128,3,23.0
10920,1035,3,3.8
7956,944,3,70.0
3433,1488,3,178.0
15483,2285,3,33.0
4165,368,3,4633.0
13783,2726,3,24.0
16055,725,3,50.0
1425,2403,3,4.2
7922,2439,3,2.0
5429,897,3,16.1
10274,1407,3,9.3
4104,725,3,2.8
8540,2285,3,49.0
9281,2096,3,349.0
10449,1655,3,38.0
12014,2630,3,330.0
12801,1168,3,0.1
2224,2611,3,7.2
12487,203,3,6.8
14774,17,3,21.0
8686,1488,3,6.9
17824,2631,3,78.0
9208,2285,3,77.0
315,897,3,17.4
12670,1488,3,73.0
16755,1507,3,105.0
14439,2726,3,15.8
2853,1488,3,8.8
17567,1655,3,0.6
9874,2285,3,10.4
13695,480,3,16.3
8447,944,3,194.0
3034,2639,3,25.0
10607,1488,3,173.0
15245,1973,3,59.0
3042,814,3,1578.0
11625,2285,3,31.0
5086,1832,3,60.0
3340,811,3,62.0
8317,2831,3,351.0
81,579,3,10.3
1991,2344,3,0.4
13524,2661,3,0.7
1807,1317,3,55.0
2745,1488,3,65.0
15780,2398,3,2.0
11373,229,3,1.0
15098,2710,3,2.8
5735,237,3,879.0
13133,2922,3,197.0
10691,1317,3,1532.0
6070,1128,3,66.0
10606,25,3,22.0
12515,237,3,417.0
740,1488,3,46.0
11162,1488,3,13.6
10750,1832,3,10.1
14541,2097,3,0.2
16543,2285,3,10.3
8223,9,3,2.1
9814,854,3,295.0
2973,745,3,72.0
15849,2526,3,2.3
1430,371,3,42.0
13265,237,3,398.0
11140,2639,3,32.0
3606,2922,3,64.0
6754,1488,3,507.0
8036,1166,3,433.0
8813,2285,3,13.5
967,1827,3,121.0
12885,343,3,0.3
1438,424,3,16.9
10656,966,3,4.0
1383,2285,3,54.0
6899,2285,3,2.2
13264,2285,3,31.0
838,2285,3,84.0
955,1488,3,90.0
13248,1488,3,61.0
6727,237,3,641.0
6389,2710,3,1.0
11036,1923,3,0.7
9528,1606,3,681.0
12376,1488,3,231.0
7375,2828,3,12.8
17344,1838,3,18.5
1942,2881,3,20.0
8956,1471,3,1.9
863,68,3,3.9
6001,455,3,8.2
12686,2285,3,12.2
11519,2922,3,115.0
17891,2780,3,2.4
17479,2780,3,169.0
8983,2078,3,3.9
10476,1128,3,24.0
14641,2340,3,72.0
13847,1084,3,8.7
13663,1655,3,22.0
12848,2285,3,53.0
16277,1492,3,4232.0
7419,1300,3,168.0
11691,2285,3,2.4
13912,2380,3,1565.0
14426,2910,3,37.0
889,25,3,25.0
11775,2285,3,24.0
15933,2087,3,1.4
11170,2444,3,1.2
9442,2285,3,18.9
16448,1780,3,15.1
4553,2285,3,29.0
14396,2181,3,42.0
6960,1488,3,41.0
16032,1876,3,19.8
13909,2260,3,2.6
10616,2186,3,18.8
8460,1999,3,3.1
11371,274,3,53.0
14799,2285,3,18.9
12388,556,3,23.0
8457,2492,3,0.1
7864,1488,3,56.0
2136,919,3,1.0
10595,1832,3,126.0
16778,881,3,81.0
18195,1690,3,0.0
17512,2285,3,42.0
9435,1097,3,0.0
2379,98,3,46.0
14662,556,3,4.2
438,1776,3,0.3
14292,2285,3,26.0
14823,68,3,1849.0
1524,361,3,0.5
10726,1488,3,213.0
3139,1583,3,53.0
9819,2692,3,1.3
16563,2500,3,0.2
3507,2285,3,21.0
4680,1488,3,126.0
16971,946,3,69.0
16862,766,3,129.0
1375,1872,3,7.6
12904,9,3,3.0
6988,2865,3,685.0
8913,836,3,111.0
16589,1068,3,23.0
13776,1832,3,16.3
6449,2285,3,2.2
7891,274,3,3.3
5221,2610,3,0.8
1447,972,3,18.7
5050,2630,3,20.0
8282,1421,3,455.0
4984,1448,3,15.3
14852,1832,3,50.0
10649,100,3,143.0
1063,2922,3,48.0
12694,2285,3,28.0
2917,2702,3,1.5
4597,1832,3,5.2
4010,2562,3,2.7
739,1611,3,48.0
12462,2285,3,6.6
2636,2285,3,9.1
11997,2710,3,3.3
4528,811,3,51.0
11776,2285,3,5.2
3440,2285,3,39.0
13543,2285,3,22.0
4429,811,3,81.0
17409,25,3,2.2
15444,1558,3,1750.0
1457,2441,3,6.5
1470,25,3,32.0
15409,2631,3,49.0
139,2285,3,3.0
15989,1609,3,301.0
11122,2298,3,0.6
7952,2562,3,10.7
15825,1231,3,0.4
7301,2285,3,18.8
1998,1937,3,0.7
9763,1030,3,72.0
3735,2148,3,3.6
16258,1497,3,375.0
17820,1096,3,1.4
10518,1583,3,86.0
6665,52,3,61.0
11972,649,3,26.0
15673,2122,3,89.0
2752,1499,3,132.0
11233,1488,3,32.0
5615,897,3,326.0
11177,1177,3,2.8
18223,1166,3,207.0
13839,745,3,11.0
12894,725,3,2.1
17793,766,3,26.0
4603,25,3,41.0
5165,995,3,0.6
3891,2922,3,111.0
293,2445,3,0.7
12347,2338,3,1.3
8615,2285,3,6.6
16881,1108,3,2.5
3249,68,3,2379.0
17430,2635,3,29.0
1471,2285,3,26.0
10095,2630,3,209.0
9883,811,3,13.5
6690,1784,3,9.9
4977,2049,3,25.0
12119,1625,3,332.0
10640,2685,3,10.2
3077,1853,3,1.6
16912,1030,3,83.0
12101,580,3,72.0
9842,272,3,118.0
11495,2726,3,0.4
13124,2125,3,0.2
14381,2055,3,24.0
12355,2922,3,4.1
6921,2285,3,26.0
18097,2630,3,380.0
14453,1891,3,0.3
12052,2630,3,401.0
11,2338,3,1.4
8141,2900,3,4.7
1579,2285,3,30.0
16272,1721,3,5.9
14344,98,3,17.3
4229,2759,3,864.0
4532,2285,3,23.0
7472,237,3,579.0
8530,2340,3,82.0
10776,2751,3,1.7
2353,745,3,65.0
7678,946,3,70.0
978,2780,3,67.0
13599,2726,3,66.0
264,2247,3,1.6
1202,2285,3,7.6
6354,1947,3,26.0
1088,1491,3,905.0
7850,1832,3,17.2
17986,1721,3,1959.0
11540,237,3,1441.0
6833,1488,3,77.0
10822,2285,3,6.4
17837,1488,3,1.2
697,2922,3,185.0
12455,2630,3,58.0
15045,2285,3,22.0
12092,2856,3,0.8
13555,972,3,14.8
15514,2285,3,51.0
9680,2096,3,0.0
17201,823,3,1.0
10084,2844,3,23.0
7888,1030,3,5.5
10293,1488,3,170.0
14412,732,3,422.0
11800,2298,3,25.0
12805,2371,3,2.5
18186,2922,3,168.0
11827,206,3,99.0
16535,1890,3,5.5
13965,25,3,0.8
689,2340,3,2.7
5983,997,3,1.5
14028,1713,3,3.8
336,2285,3,50.0
6707,737,3,7.5
14655,1488,3,135.0
11725,312,3,16.5
10731,1832,3,38.0
15135,2340,3,48.0
5380,272,3,0.4
15672,1755,3,79.0
14401,1690,3,4.2
3342,614,3,41.0
10222,2285,3,76.0
17191,2056,3,0.8
330,1128,3,71.0
14352,2630,3,0.7
17069,2195,3,6.0
13412,2285,3,13.2
3764,1565,3,12.2
8473,556,3,2.5
12595,1596,3,4.4
10712,2285,3,8.3
14744,2056,3,14.3
434,556,3,32.0
10905,1888,3,0.0
10345,1488,3,109.0
9036,944,3,4868.0
7342,1605,3,0.2
13112,565,3,1.0
11593,2136,3,115.0
4755,2631,3,212.0
18177,68,3,578.0
3619,2285,3,55.0
1024,2060,3,36.0
274,2726,3,109.0
16261,1189,3,19.0
10976,745,3,26.0
2277,1488,3,3.5
5247,594,3,0.1
3901,1488,3,41.0
7035,1721,3,57.0
16508,152,3,0.0
14425,282,3,8.9
15124,1030,3,295.0
6265,100,3,768.0
8092,1030,3,182.0
14962,2685,3,5.3
15503,1202,3,13.2
12345,2285,3,39.0
798,2285,3,1.1
9777,2631,3,158.0
3172,2285,3,38.0
11532,1488,3,2.2
1750,9,3,0.7
5890,574,3,22.0
9315,811,3,76.0
8035,178,3,12.8
14984,1937,3,0.4
759,1885,3,1.2
6115,1488,3,23.0
10808,1492,3,1741.0
14802,2285,3,19.6
9508,2285,3,0.6
2127,265,3,0.0
1788,1488,3,171.0
1161,1304,3,372.0
797,1166,3,210.0
10835,2285,3,5.9
5958,2285,3,37.0
16089,2285,3,44.0
609,1937,3,0.8
1758,1488,3,305.0
10153,2630,3,139.0
240,2285,3,48.0
10010,1832,3,6.9
15864,572,3,341.0
123,2397,3,1275.0
6917,2773,3,9.4
3313,2285,3,1.1
3644,1342,3,34.0
5565,2285,3,67.0
13799,2285,3,38.0
2854,2027,3,10.2
12201,2630,3,24.0
10774,1499,3,202.0
4307,2027,3,79.0
13616,1832,3,4.1
7833,68,3,947.0
14704,2087,3,1.1
14706,2630,3,193.0
416,1832,3,68.0
15300,1030,3,1401.0
516,1488,3,544.0
4493,1488,3,567.0
9028,1321,3,8.2
13144,1488,3,24.0
4140,1832,3,51.0
10733,1128,3,89.0
12369,2148,3,18.0
13225,2922,3,118.0
12187,2285,3,25.0
8248,1443,3,30.0
16957,1488,3,142.0
178,556,3,5.1
5411,725,3,33.0
14489,2285,3,6.0
12333,1985,3,11.0
17852,1612,3,0.1
10439,2472,3,19.9
10993,1488,3,6.2
11712,2766,3,2.9
15113,2285,3,28.0
12169,1488,3,26.0
16732,2372,3,56.0
2979,2922,3,229.0
7261,2631,3,7.2
7414,368,3,1894.0
16245,1166,3,97.0
11731,1937,3,0.4
11506,966,3,20.0
10913,1168,3,0.0
14169,1488,3,8.5
13496,237,3,332.0
4232,1177,3,15.1
8926,946,3,112.0
10045,556,3,18.4
513,2444,3,0.2
1380,989,3,0.0
7424,2292,3,13.1
16933,843,3,28.0
7382,2285,3,18.3
11059,1177,3,37.0
4925,2607,3,77.0
16253,2285,3,36.0
14090,718,3,24.0
14661,814,3,965.0
7369,1488,3,14.2
1003,718,3,12.4
10075,2710,3,40.0
6235,237,3,808.0
11076,811,3,93.0
14033,2285,3,5.4
13147,1576,3,2.8
1944,1827,3,78.0
11708,2285,3,22.0
15345,881,3,2.7
4385,1832,3,21.0
5268,426,3,640.0
12980,2639,3,18.4
10363,828,3,117.0
12756,1202,3,186.0
10743,1354,3,2.4
7521,2783,3,23.0
695,2285,3,23.0
4164,2285,3,55.0
13884,2654,3,27.0
9032,1208,3,6.7
3122,1166,3,668.0
2287,1488,3,129.0
629,1252,3,0.0
15148,2526,3,0.4
17154,1321,3,56.0
4082,1875,3,32.0
3293,1198,3,9.4
3228,1608,3,193.0
263,1488,3,81.0
667,2339,3,0.3
10299,1690,3,0.0
16118,2760,3,4.2
17903,924,3,4.4
16311,68,3,1749.0
10739,412,3,591.0
2933,2285,3,1.5
11697,2285,3,60.0
1902,2562,3,0.6
6221,1472,3,3.1
2934,1832,3,48.0
6477,2922,3,237.0
6837,2639,3,37.0
13659,2639,3,47.0
10987,2922,3,35.0
10809,2630,3,327.0
11417,814,3,6.7
5389,2922,3,36.0
11660,1488,3,22.0
8410,2631,3,77.0
656,1832,3,52.0
16475,2496,3,10.5
2520,461,3,70.0
16004,449,3,0.0
16226,1228,3,115.0
6533,1488,3,2110.0
8521,237,3,2877.0
13267,2039,3,32.0
262,113,3,2.5
17158,2285,3,19.2
16848,2285,3,66.0
14437,897,3,402.0
15630,1947,3,31.0
3393,2285,3,36.0
11728,2076,3,61.0
9909,732,3,904.0
12224,2285,3,36.0
12816,811,3,70.0
10420,2285,3,10.2
17573,1752,3,126.0
17528,2710,3,3.3
17627,2229,3,12.2
10525,237,3,111.0
18181,2726,3,42.0
15272,1488,3,62.0
12344,241,3,35.0
2051,2285,3,47.0
12159,2285,3,40.0
8708,237,3,785.0
6257,2285,3,43.0
14505,2170,3,5.5
772,2208,3,0.3
5276,2285,3,57.0
11445,2285,3,5.0
1075,2509,3,10.4
13127,1300,3,404.0
10019,237,3,308.0
3276,1506,3,1.0
17879,1396,3,4.8
10719,237,3,238.0
1098,743,3,22.0
7271,1436,3,0.2
11930,2842,3,16.1
8033,586,3,6.4
14953,2922,3,19.9
10560,1488,3,89.0
6171,2106,3,17.4
5474,2285,3,15.5
16590,1596,3,1.1
10735,579,3,8.2
6329,1525,3,10.6
13532,1128,3,8.9
5466,2285,3,15.1
9620,2922,3,5.7
14137,2285,3,52.0
14070,2366,3,13.8
13907,1488,3,625.0
11810,2831,3,4.4
15789,2523,3,8.8
13135,1832,3,35.0
7834,1488,3,246.0
15722,2285,3,0.6
11359,2285,3,51.0
11232,1488,3,651.0
10555,14,3,1320.0
756,1858,3,21.0
7538,376,3,8.2
7168,745,3,39.0
11690,341,3,13.0
15960,1776,3,9.0
9251,2195,3,5.2
13269,2285,3,53.0
766,2285,3,45.0
5519,2285,3,64.0
13184,2615,3,8.3
6284,2922,3,39.0
17346,2285,3,19.1
14965,2726,3,0.2
11629,1228,3,6.2
17457,2865,3,478.0
17789,2340,3,11.8
10343,1596,3,2.0
8,1189,3,186.0
837,161,3,2.0
6633,2285,3,0.3
16033,2202,3,0.4
8561,2866,3,15.2
11363,2285,3,43.0
143,2285,3,42.0
6114,2285,3,1.0
17446,594,3,209.0
15667,814,3,251.0
14673,2844,3,6.0
11266,1578,3,98.0
5996,828,3,38.0
6071,1177,3,8.4
15931,2479,3,4.7
527,2285,3,54.0
15899,725,3,30.0
16429,2922,3,92.0
3041,237,3,976.0
1900,1115,3,32.0
342,2922,3,33.0
14089,2285,3,46.0
13513,1488,3,1459.0
15391,946,3,336.0
4134,35,3,4.6
17388,976,3,2.2
14571,2285,3,21.0
14999,1487,3,3.4
6362,2516,3,0.1
6937,2496,3,25.0
17150,1321,3,15.2
6871,1832,3,87.0
2193,237,3,758.0
9906,2285,3,49.0
4565,2028,3,2.6
1114,653,3,1.5
15424,1386,3,689.0
4811,2285,3,23.0
220,1414,3,10.9
9467,1128,3,0.0
14520,2372,3,14.0
11455,739,3,1.9
4585,237,3,1384.0
12112,1189,3,31.0
3670,2285,3,31.0
11064,1300,3,208.0
9808,2285,3,49.0
12608,2285,3,23.0
9719,271,3,68.0
16488,2028,3,7.8
1381,1488,3,45.0
8303,2631,3,1.9
16423,2380,3,745.0
13138,2366,3,1.6
7620,2285,3,11.0
853,1653,3,45.0
8345,25,3,3.5
9458,237,3,937.0
15063,2056,3,7.8
14956,2444,3,0.1
16247,2807,3,343.0
15284,55,3,14.5
12610,723,3,2.0
3469,1924,3,2.8
4976,2922,3,153.0
7372,1776,3,8.9
14226,1488,3,26.0
11523,1612,3,0.2
14153,2285,3,51.0
11344,2285,3,5.0
378,2002,3,1.3
5829,2285,3,36.0
6375,1189,3,35.0
14369,2726,3,0.8
597,2865,3,4.8
1055,579,3,66.0
897,944,3,568.0
2347,1039,3,13.4
11202,1488,3,18.0
12533,1690,3,2.5
2161,2562,3,21.0
3678,2285,3,4.7
13956,2630,3,181.0
15077,2285,3,60.0
13426,781,3,19.1
6217,2536,3,1.8
18014,2285,3,36.0
5791,2631,3,6.8
2895,2922,3,61.0
18011,68,3,916.0
6869,745,3,13.6
17176,944,3,393.0
13880,1488,3,18.7
10424,1876,3,14.5
10297,1832,3,17.6
9193,781,3,22.0
8249,2285,3,13.8
12010,986,3,0.9
15520,1464,3,162.0
6292,1488,3,82.0
12421,270,3,0.5
13173,2535,3,14.5
10401,1035,3,41.0
8029,657,3,15.9
9908,2285,3,16.3
8864,2842,3,3.0
1335,1488,3,264.0
2706,2605,3,66.0
18121,2922,3,84.0
2537,1737,3,13.8
15321,2208,3,3.1
1792,237,3,2786.0
11281,2285,3,5.1
16468,282,3,3.6
16469,113,3,304.0
17353,2742,3,3.2
14847,843,3,242.0
170,594,3,240.0
9223,723,3,7.6
7032,2842,3,9.2
4929,2726,3,161.0
1054,2285,3,58.0
16642,2680,3,1.9
6123,854,3,514.0
5464,1489,3,3314.0
12395,2380,3,2248.0
7846,2631,3,62.0
1651,1166,3,13.8
3766,1803,3,3.1
3125,1832,3,63.0
86,2876,3,126.0
500,1832,3,35.0
13812,430,3,1.3
15918,2631,3,154.0
2825,1189,3,180.0
1343,271,3,46.0
11337,2423,3,16.3
3612,2865,3,16.7
15047,1208,3,29.0
2033,100,3,246.0
3669,2630,3,27.0
10502,814,3,888.0
18070,1407,3,0.4
14144,2922,3,138.0
13326,1832,3,41.0
16202,68,3,218.0
2123,2630,3,276.0
10707,2285,3,5.3
17289,1488,3,0.8
12126,1832,3,46.0
16851,2922,3,68.0
10344,1525,3,0.8
11154,272,3,114.0
3708,1488,3,35.0
1010,1300,3,159.0
16682,255,3,284.0
7443,2285,3,45.0
13793,2922,3,250.0
9922,2922,3,121.0
9935,2630,3,375.0
12357,2028,3,37.0
9394,1492,3,11326.0
13805,1659,3,10.4
6055,343,3,22.0
15742,1488,3,69.0
11533,2339,3,12.0
2531,1488,3,182.0
11013,237,3,920.0
14664,237,3,549.0
9484,1832,3,31.0
17853,1603,3,11.6
11966,25,3,18.4
17083,1876,3,22.0
2635,2726,3,87.0
6941,2195,3,2.4
4002,538,3,62.0
13053,2285,3,3.1
6177,2639,3,20.0
9399,2922,3,96.0
9554,2195,3,4.3
11402,2285,3,22.0
11881,2574,3,19.2
6753,1041,3,29.0
10978,2630,3,109.0
15771,2195,3,3.5
17118,1838,3,2.2
15601,2631,3,3.3
18207,2285,3,41.0
9019,2246,3,18.8
17035,2328,3,1.8
7244,2087,3,7.0
14521,1488,3,18.9
12334,1228,3,382.0
10579,2922,3,104.0
8846,1030,3,6.1
478,2726,3,317.0
14199,272,3,110.0
17244,2922,3,105.0
18173,2285,3,50.0
7564,2631,3,95.0
18122,2631,3,96.0
15563,556,3,3.8
16898,2285,3,32.0
17107,2285,3,48.0
794,725,3,63.0
8725,2285,3,33.0
13243,2285,3,62.0
9185,572,3,234.0
553,2285,3,18.6
5037,272,3,155.0
5948,1145,3,0.0
10251,1228,3,131.0
508,255,3,323.0
1106,572,3,15.7
9421,1128,3,2.3
12847,2285,3,17.2
10915,2285,3,37.0
9211,1054,3,0.2
10671,303,3,14.9
10847,1612,3,4.1
4436,2488,3,875.0
13186,2726,3,38.0
11479,1139,3,0.5
13627,1776,3,37.0
9777,1488,3,74.0
14922,100,3,136.0
16259,1300,3,40.0
12150,312,3,2.1
5359,1488,3,268.0
4249,2338,3,1.4
8728,1776,3,30.0
16175,1488,3,161.0
8906,2876,3,158.0
7160,1832,3,57.0
11899,2380,3,36.0
2155,2285,3,2.8
1136,293,3,25.0
968,2876,3,1.6
15075,811,3,127.0
17254,2102,3,1.3
13662,1937,3,1.0
11112,399,3,4.9
3329,271,3,21.0
6223,376,3,19.3
17404,237,3,421.0
10482,572,3,60.0
11472,685,3,6.0
2282,1492,3,1698.0
10468,1785,3,358.0
3486,2285,3,11.3
11607,2285,3,80.0
995,237,3,170.0
16889,1832,3,38.0
1231,1488,3,259.0
15197,2409,3,10.1
6466,854,3,96.0
8489,2922,3,51.0
10552,1155,3,243.0
546,2087,3,10.5
1544,2096,3,0.0
14791,868,3,0.8
13885,1832,3,29.0
14348,811,3,79.0
807,1596,3,4.2
5281,1488,3,91.0
11462,2285,3,71.0
16115,302,3,33.0
11641,1612,3,0.0
17642,2630,3,7.8
9172,2922,3,64.0
1805,2726,3,299.0
17216,25,3,9.3
9135,811,3,24.0
16120,711,3,3.1
5069,1386,3,0.7
13681,1488,3,21.0
10302,1499,3,6.0
3907,564,3,32.0
6374,2511,3,2.9
12519,237,3,770.0
6318,549,3,42.0
718,25,3,28.0
9316,2285,3,31.0
2170,946,3,0.2
14339,725,3,30.0
10029,2639,3,4.5
15668,1304,3,48.0
7177,1030,3,2.5
13971,1488,3,22.0
5384,2423,3,4.3
15138,237,3,1023.0
4982,718,3,287.0
15916,2759,3,34.0
17994,2285,3,3.6
16600,2285,3,93.0
4023,1488,3,223.0
18071,1830,3,43.0
3043,2631,3,26.0
16712,1973,3,10.6
8167,1228,3,45.0
14548,237,3,125.0
9658,2922,3,85.0
2010,2631,3,40.0
8165,2285,3,34.0
1907,556,3,19.6
13946,1488,3,239.0
11806,1488,3,16.3
11894,915,3,23.0
11544,1321,3,44.0
1379,1488,3,1131.0
5023,1488,3,37.0
14366,68,3,325.0
10853,778,3,27.0
9148,1776,3,68.0
17324,44,3,1199.0
8351,1488,3,39.0
8111,2842,3,6.0
11228,572,3,187.0
559,778,3,35.0
839,2380,3,338.0
15642,1488,3,93.0
935,1362,3,28.0
15945,1488,3,93.0
11420,1073,3,3.4
9265,2678,3,6.2
17632,1472,3,6.4
17497,2726,3,22.0
10226,2526,3,232.0
959,1488,3,90.0
16842,760,3,0.4
4459,745,3,196.0
15934,1488,3,38.0
9279,1832,3,92.0
8730,399,3,62.0
17742,811,3,208.0
6145,1030,3,117.0
1607,751,3,4.8
10234,272,3,62.0
649,1832,3,45.0
2032,2285,3,47.0
14255,1752,3,3.1
17679,1838,3,0.5
12431,40,3,1.2
15195,1488,3,188.0
13772,2299,3,0.2
2620,2362,3,0.3
11722,2054,3,2.4
17062,745,3,0.5
10906,732,3,21.0
832,2056,3,5.8
11742,6,3,4.2
14078,766,3,2.9
5471,340,3,33.0
474,2336,3,8.4
13401,2285,3,1.5
126,2911,3,10.6
17045,944,3,108.0
17604,2285,3,18.7
5446,1304,3,144.0
8692,1488,3,170.0
7690,944,3,327.0
2077,1720,3,2.8
17962,1488,3,89.0
3552,2631,3,282.0
6101,2631,3,6.7
2498,44,3,89.0
13217,2285,3,38.0
16439,1832,3,60.0
14934,814,3,5.5
13600,1488,3,15.1
7686,2285,3,22.0
16485,1488,3,168.0
504,2195,3,9.3
13878,2762,3,12.4
17822,1776,3,119.0
9443,1832,3,5.9
17093,1659,3,11.6
16995,2209,3,2.4
14371,718,3,31.0
13951,2911,3,41.0
16909,2576,3,3.2
7263,237,3,93.0
6563,572,3,923.0
7409,1914,3,0.7
6544,2285,3,30.0
9454,2922,3,265.0
11588,1488,3,2.4
8354,1030,3,71.0
7231,455,3,1.1
1571,100,3,234.0
18105,1198,3,1.7
6949,1488,3,16.2
588,2630,3,270.0
6283,897,3,96.0
10209,1228,3,23.0
1821,1488,3,110.0
9006,2285,3,16.4
2823,1492,3,589.0
2039,271,3,0.1
3623,1488,3,155.0
11861,2285,3,36.0
12773,725,3,32.0
10969,2630,3,86.0
14526,1832,3,0.7
4923,282,3,105.0
1822,2780,3,13.2
17831,2488,3,2296.0
10938,2831,3,19.9
16792,878,3,0.1
16454,1488,3,827.0
4343,2522,3,5.0
8836,2922,3,106.0
720,2922,3,90.0
3046,2285,3,0.1
3822,745,3,39.0
16706,1488,3,13.6
4472,68,3,1598.0
16844,2285,3,93.0
6943,417,3,27.0
4810,685,3,4.1
14697,1321,3,71.0
11392,2663,3,0.3
16919,2285,3,24.0
2296,1832,3,64.0
2235,2285,3,62.0
3987,68,3,918.0
8928,1488,3,14.7
15190,1770,3,0.4
10441,1488,3,165.0
4020,2426,3,2.6
2861,2285,3,105.0
6555,2726,3,2.4
3636,1625,3,1257.0
2711,1166,3,162.0
13190,2668,3,74.0
12299,2492,3,3.9
2095,2630,3,18.4
13483,2285,3,0.8
16068,2726,3,5.2
5906,854,3,547.0
10985,997,3,9.7
13372,2630,3,127.0
8449,2823,3,71.0
6011,2195,3,14.0
8929,745,3,287.0
14072,2238,3,0.6
7242,828,3,212.0
9462,1755,3,203.0
8644,1612,3,3.1
18241,1608,3,988.0
16237,1488,3,62.0
8541,732,3,368.0
11413,745,3,0.1
10723,2285,3,37.0
10940,2371,3,0.6
10839,946,3,90.0
6016,2631,3,149.0
321,2630,3,91.0
11139,368,3,1.9
16901,696,3,4.3
12448,2380,3,412.0
16332,237,3,213.0
4860,2536,3,54.0
12391,2519,3,33.0
5550,2285,3,7.2
11401,1488,3,23.0
9353,2489,3,7.1
372,1781,3,23.0
4158,1776,3,15.7
3184,771,3,4.6
13891,2630,3,354.0
552,25,3,18.2
14364,2865,3,1127.0
13400,271,3,7.6
13898,1876,3,13.2
15087,237,3,1257.0
3583,237,3,687.0
7007,2285,3,13.7
12729,132,3,52.0
3803,2001,3,82.0
994,2179,3,4.6
7890,894,3,5.0
3339,2285,3,44.0
13775,836,3,27.0
13155,321,3,0.0
7014,2148,3,16.9
8979,2285,3,36.0
10034,2631,3,63.0
813,2285,3,33.0
5712,1612,3,1.7
12914,1488,3,27.0
2019,1849,3,0.5
10514,1721,3,972.0
6723,342,3,112.0
10524,1128,3,128.0
10375,2622,3,4.9
15610,1488,3,16.4
11492,2285,3,24.0
9366,538,3,6.1
11866,1488,3,46.0
15231,2285,3,3.7
5147,944,3,33.0
9489,1253,3,0.6
14017,2016,3,0.8
15239,1488,3,22.0
1470,237,3,587.0
13539,1876,3,19.5
455,1875,3,9.1
15286,2234,3,75.0
10946,2285,3,18.8
6920,154,3,0.2
228,1832,3,51.0
3609,789,3,7.6
715,2285,3,37.0
3464,1128,3,41.0
15100,2489,3,12.3
4411,2630,3,453.0
2258,914,3,11.3
16878,2630,3,1.8
3076,1612,3,0.1
7824,444,3,7.6
13879,98,3,7.8
14156,255,3,355.0
1598,2229,3,24.0
17115,25,3,38.0
6136,237,3,1244.0
9646,179,3,0.1
5762,1611,3,338.0
7996,2576,3,4.5
14598,1196,3,1221.0
17041,1911,3,3082.0
14944,1755,3,480.0
6286,1189,3,6.2
12560,272,3,58.0
14259,2922,3,116.0
6236,1488,3,23.0
3226,1776,3,32.0
12574,2195,3,0.2
13041,2285,3,13.3
9401,2285,3,15.8
16958,2285,3,7.8
10133,1776,3,48.0
9544,745,3,0.3
16308,1030,3,14.7
18154,1975,3,15.0
17276,2285,3,38.0
11277,1488,3,38.0
10377,2489,3,182.0
15296,2433,3,17.1
74,2285,3,63.0
4691,1342,3,32.0
11798,2692,3,1.7
16225,1832,3,50.0
11453,944,3,9.1
5693,1690,3,1.5
16457,1155,3,581.0
16813,745,3,193.0
6362,68,3,1208.0
14567,2639,3,29.0
3502,68,3,300.0
13208,237,3,839.0
6891,537,3,67.0
5212,734,3,4.5
16539,2285,3,70.0
11556,1832,3,30.0
10660,2922,3,16.0
11639,2013,3,49.0
13988,1654,3,14.9
5542,919,3,27.0
4781,25,3,7.3
5392,1615,3,4.2
14020,843,3,509.0
8259,2285,3,31.0
652,1488,3,45.0
5153,2523,3,1.9
3364,1488,3,20.0
9159,2631,3,90.0
10931,2285,3,46.0
14386,1488,3,632.0
14806,965,3,1.2
15374,2285,3,24.0
1332,814,3,214.0
13343,2859,3,0.0
18236,2488,3,177.0
11494,1137,3,1.3
11590,25,3,22.0
219,2285,3,60.0
1624,2630,3,232.0
16100,2339,3,43.0
14417,966,3,6.2
17939,732,3,1399.0
12929,1612,3,0.2
17117,2831,3,2211.0
15773,2331,3,19.5
16586,1488,3,69.0
6097,225,3,26.0
12908,368,3,337.0
936,1832,3,4.5
15176,237,3,558.0
7912,2285,3,25.0
761,2630,3,103.0
9895,2285,3,23.0
6130,2285,3,40.0
529,1028,3,1.6
6438,1838,3,15.0
14355,738,3,28.0
12854,1635,3,1.0
14925,2922,3,84.0
3921,237,3,3067.0
15258,271,3,29.0
10483,1202,3,1.3
16668,2339,3,8.6
2702,1096,3,0.1
6493,25,3,26.0
7084,1202,3,180.0
9580,2922,3,128.0
8288,1832,3,66.0
3935,1316,3,27.0
12205,1628,3,0.6
15257,2708,3,76.0
6592,368,3,0.6
12629,237,3,2445.0
4044,272,3,34.0
16713,2285,3,3.3
15208,383,3,2.4
3962,1612,3,6.6
16357,1721,3,100.0
7333,2630,3,170.0
15068,661,3,7.1
13511,572,3,23.0
9958,481,3,21.0
2999,1035,3,25.0
2265,1030,3,19.4
878,572,3,229.0
127,1488,3,21.0
15083,1177,3,44.0
7645,1838,3,0.1
3986,1456,3,7.5
1953,947,3,400.0
5226,2630,3,14.7
18073,2285,3,1.6
9447,288,3,57.0
10950,1703,3,1.5
9466,2285,3,0.8
8600,1124,3,6.1
4457,2630,3,821.0
230,2535,3,1.8
7239,1488,3,7.0
13950,1488,3,35.0
6709,1128,3,196.0
5002,2556,3,8.6
18271,515,3,1.0
215,1488,3,152.0
13612,2285,3,8.3
10957,1488,3,5125.0
15362,1937,3,22.0
937,2340,3,22.0
15737,1832,3,23.0
12884,1655,3,309.0
6170,2285,3,16.4
9166,972,3,6.4
17175,2456,3,73.0
15073,1832,3,19.2
11984,1,3,14.7
16580,2592,3,96.0
7194,2285,3,60.0
97,1321,3,2.1
7740,572,3,31.0
15645,2285,3,47.0
7575,2285,3,13.4
17743,1128,3,29.0
1134,1970,3,5.0
10651,1937,3,6.4
6120,2780,3,0.1
16584,1485,3,1.2
12844,2285,3,45.0
5955,745,3,20.0
9927,1612,3,0.0
7712,1488,3,1145.0
14445,237,3,317.0
1408,2922,3,8.0
5764,2832,3,0.0
10593,2898,3,3.4
11567,586,3,5.6
8712,2285,3,25.0
14499,1077,3,4.1
16026,1341,3,19.1
7868,1488,3,158.0
10729,2285,3,45.0
15523,2780,3,12.3
14184,2726,3,49.0
5362,1557,3,938.0
18061,1464,3,0.2
7361,1611,3,89.0
2678,2526,3,95.0
4161,1983,3,3.7
10948,2340,3,248.0
18138,1583,3,8.1
7339,2786,3,11.3
918,1628,3,1.4
9298,1488,3,56.0
5439,1488,3,17.1
13557,1755,3,767.0
5087,1617,3,740.0
9287,2710,3,3.8
10227,2285,3,1.9
9683,811,3,283.0
12926,44,3,10.1
15368,1811,3,0.9
3028,1820,3,5.0
16415,22,3,5.8
3568,2831,3,0.1
9824,1247,3,21.0
373,2285,3,25.0
5453,2001,3,98.0
11877,25,3,8.3
9662,1781,3,0.9
12865,2922,3,130.0
13455,2922,3,133.0
12568,1534,3,1.7
18240,1837,3,0.1
1019,1128,3,83.0
8260,1661,3,4.9
16566,1499,3,9.3
13238,272,3,36.0
14328,2630,3,333.0
666,2339,3,1.4
524,1832,3,52.0
7722,1488,3,75.0
15617,292,3,25.0
12793,1335,3,0.8
18260,1202,3,82.0
15592,1488,3,6.4
9283,1128,3,117.0
8110,2713,3,7.4
17687,2100,3,0.0
11312,1248,3,16.7
82,1488,3,24.0
7266,1488,3,64.0
12938,1778,3,3.2
8777,213,3,9.0
14390,2726,3,70.0
365,797,3,0.4
15896,1488,3,42.0
13001,1610,3,1.8
9426,1852,3,0.9
12303,237,3,16.5
4148,1557,3,392.0
4750,106,3,0.0
526,1876,3,33.0
7819,811,3,474.0
11912,1663,3,3.0
6162,2013,3,10.5
10066,2285,3,2.0
16229,1721,3,62.0
6612,725,3,23.0
6750,2285,3,5.1
9880,1832,3,43.0
17751,1608,3,160.0
846,1203,3,198.0
12263,1488,3,10.6
9537,2285,3,1.0
9678,1013,3,4.5
9245,965,3,91.0
8545,68,3,619.0
445,1488,3,11.3
7225,1488,3,39.0
7180,564,3,78.0
8406,2195,3,5.8
5343,100,3,0.9
18095,2865,3,96.0
12610,2526,3,102.0
2954,1578,3,295.0
12695,1612,3,2.3
12459,1355,3,35.0
8346,2285,3,23.0
13387,1832,3,2.0
17402,459,3,0.1
5587,368,3,817.0
17156,237,3,507.0
3435,992,3,139.0
7465,1785,3,414.0
4364,1488,3,698.0
17685,2488,3,427.0
3974,44,3,331.0
439,1802,3,32.0
10302,2285,3,0.3
13130,1776,3,54.0
4758,1488,3,42.0
10943,2285,3,38.0
1262,1319,3,6.7
11973,1875,3,4.4
7095,1488,3,103.0
2767,1156,3,2.2
12537,1177,3,7.0
11070,2285,3,2.2
13456,2630,3,129.0
13679,265,3,44.0
4112,1468,3,31.0
17896,100,3,273.0
12748,2639,3,48.0
16680,1215,3,245.0
9199,2285,3,13.6
5224,1832,3,4.1
13395,2922,3,122.0
12180,972,3,14.0
14877,2285,3,29.0
15140,2906,3,6.0
3804,1776,3,22.0
6617,399,3,46.0
11112,1776,3,61.0
16996,1155,3,189.0
10756,444,3,24.0
1525,2922,3,79.0
5396,2285,3,18.8
15252,2285,3,37.0
9294,1488,3,461.0
1838,1776,3,3.3
1945,1690,3,2.0
6378,2710,3,74.0
5957,2285,3,38.0
9167,2285,3,37.0
9878,804,3,7.0
4339,399,3,80.0
11471,1128,3,39.0
7793,1488,3,331.0
9889,614,3,46.0
14915,2285,3,52.0
9163,2536,3,4.4
9499,254,3,336.0
4875,1947,3,42.0
4277,2339,3,9.7
6165,1321,3,92.0
16417,2462,3,23.0
640,1827,3,0.1
9890,2631,3,143.0
15721,2285,3,29.0
14372,1858,3,5.4
4467,1565,3,1.4
14981,919,3,0.3
3783,1189,3,55.0
9822,2285,3,20.0
11239,1488,3,115.0
14892,1552,3,19.7
10648,2285,3,3.6
15647,1821,3,1.4
11539,2285,3,58.0
17599,2631,3,36.0
4354,2380,3,195.0
15614,2285,3,15.1
13589,995,3,35.0
11572,1030,3,63.0
16655,260,3,4.6
8203,1832,3,46.0
17014,2285,3,68.0
8279,818,3,1.2
11454,1321,3,49.0
13459,897,3,299.0
16362,2630,3,1.4
14839,854,3,4.3
16893,745,3,0.2
6608,1488,3,3.7
17645,68,3,145.0
12794,272,3,33.0
8151,1488,3,257.0
4866,1488,3,56.0
10103,1166,3,89.0
7510,113,3,356.0
8400,1319,3,20.0
14523,2285,3,39.0
17788,1304,3,446.0
3462,1937,3,1.9
15206,1488,3,1294.0
12799,1612,3,2.5
2865,1189,3,77.0
9206,2285,3,23.0
1901,52,3,25.0
15428,1755,3,217.0
17892,2481,3,46.0
13030,2631,3,56.0
5878,2285,3,57.0
8779,2926,3,2.5
6932,1544,3,149.0
3038,1488,3,157.0
3519,2285,3,40.0
3738,745,3,215.0
8804,1488,3,16.4
13585,2285,3,30.0
9427,2107,3,0.3
3604,1973,3,43.0
7711,25,3,24.0
3345,2445,3,13.4
938,2285,3,91.0
3601,9,3,0.4
14404,142,3,611.0
2945,955,3,173.0
2179,237,3,1401.0
9162,2566,3,13.8
73,2285,3,16.6
2582,2631,3,320.0
8902,1690,3,1.9
14506,1300,3,401.0
15200,376,3,9.0
4293,237,3,2008.0
11608,2285,3,36.0
11729,2285,3,45.0
15179,1488,3,89.0
5577,2285,3,22.0
15168,424,3,118.0
5766,828,3,0.1
11421,556,3,8.1
12139,2592,3,1.2
14429,946,3,244.0
8528,572,3,109.0
10256,1488,3,33.0
13417,2844,3,3.6
6339,2285,3,0.1
9043,1166,3,499.0
17514,2285,3,6.1
12020,2441,3,8.3
2167,2027,3,60.0
8696,2380,3,2176.0
5711,2630,3,234.0
14829,113,3,366.0
10716,1488,3,94.0
7063,1937,3,2.1
17009,272,3,52.0
16135,2285,3,9.3
7350,811,3,60.0
12867,1488,3,749.0
14897,2780,3,0.5
4509,2285,3,24.0
18055,272,3,2.4
6271,2630,3,413.0
3600,237,3,222.0
17951,1128,3,59.0
6642,1342,3,9.7
627,1027,3,32.0
1855,2922,3,281.0
10006,1300,3,218.0
3562,600,3,0.0
6818,2150,3,1.3
15227,1818,3,0.5
719,2630,3,262.0
7215,2195,3,15.0
7383,1737,3,2.4
8024,2285,3,37.0
13045,1139,3,2.4
5459,68,3,984.0
4602,1488,3,105.0
4432,1138,3,19.2
15126,2380,3,16.5
11304,2630,3,1026.0
5570,1128,3,11.6
7117,2865,3,7.5
1946,2285,3,78.0
14843,1488,3,80.0
6706,1583,3,95.0
815,1609,3,23.0
13273,1957,3,6.0
3241,1488,3,1.0
1785,811,3,134.0
8262,2285,3,0.9
1835,2389,3,16.8
14025,237,3,417.0
3683,1832,3,23.0
12946,1832,3,14.3
7461,1177,3,3.9
311,1832,3,0.6
4615,944,3,52.0
16250,1427,3,43.0
13628,1488,3,26.0
6382,2522,3,9.0
11340,1488,3,2.9
10176,804,3,26.0
11948,214,3,21.0
15781,2922,3,76.0
15546,1596,3,1.3
237,2195,3,0.4
15954,2285,3,44.0
13582,1128,3,89.0
14413,580,3,2.0
12676,2884,3,0.0
752,2791,3,0.6
14894,2726,3,82.0
1355,2229,3,0.9
10504,2631,3,9.0
13851,2223,3,7.5
1999,2285,3,2.4
7347,351,3,24.0
2232,576,3,35.0
6000,614,3,74.0
234,2692,3,0.6
10990,2285,3,57.0
12049,1194,3,0.9
2073,9,3,126.0
15720,1832,3,79.0
14578,1596,3,0.6
1157,68,3,1190.0
12031,301,3,1.8
3467,897,3,118.0
9171,2497,3,7.0
16241,2285,3,46.0
6244,1608,3,81.0
2330,2380,3,1076.0
4,1080,3,2849.0
1313,572,3,158.0
17457,2122,3,68.0
17337,1128,3,32.0
17769,2876,3,141.0
9098,1596,3,1.6
6828,1499,3,145.0
8417,2531,3,3.3
14477,2639,3,2.5
10746,1488,3,336.0
7141,98,3,0.3
10497,2630,3,125.0
1084,302,3,202.0
2834,972,3,90.0
9665,1488,3,34.0
7145,1095,3,2.8
8392,2285,3,35.0
2378,2726,3,0.8
608,2285,3,17.5
11092,2285,3,42.0
8029,2356,3,42.0
4629,766,3,207.0
5617,2922,3,163.0
17594,1488,3,68.0
12171,2380,3,1864.0
62,2285,3,13.9
13151,1317,3,1.2
13340,732,3,477.0
12099,282,3,43.0
12345,1310,3,38.0
15912,2285,3,27.0
13822,1832,3,76.0
12466,2345,3,11.1
8930,2285,3,13.9
1091,2285,3,19.2
14252,2922,3,145.0
2986,843,3,1.5
18190,1392,3,15.0
12210,2285,3,95.0
6826,1613,3,13.5
17285,2526,3,2.2
14398,2638,3,23.0
7677,1488,3,98.0
6002,811,3,29.0
8941,2371,3,1.6
3910,1488,3,44.0
4627,1876,3,12.4
3780,944,3,2.0
10287,914,3,13.3
16997,1300,3,218.0
12960,1499,3,10.0
8056,1488,3,91.0
5827,2195,3,12.7
15418,972,3,50.0
9440,1785,3,186.0
13737,1215,3,329.0
11271,2285,3,4.1
17132,1721,3,18.6
5026,1321,3,31.0
9522,1488,3,191.0
5477,2285,3,0.6
7723,1679,3,0.0
14188,1321,3,68.0
7240,2285,3,35.0
13984,1488,3,54.0
6738,237,3,177.0
9933,1977,3,8.1
10395,1488,3,83.0
6153,911,3,47.0
645,2630,3,0.7
9080,1488,3,1.0
3876,71,3,13.6
9192,1488,3,30.0
2399,2180,3,2.1
3144,2195,3,24.0
4131,1488,3,13.4
2020,1875,3,34.0
15996,2611,3,1.5
17071,2285,3,19.2
13367,1499,3,0.9
15076,1166,3,633.0
9717,1767,3,8.9
14418,468,3,5.7
15983,897,3,130.0
8998,1690,3,2.4
15406,68,3,217.0
12714,2631,3,134.0
7206,1505,3,5.3
7162,1596,3,1.7
12402,68,3,1834.0
16863,811,3,89.0
4573,1612,3,0.1
1254,2496,3,28.0
758,399,3,16.3
9475,274,3,20.0
11252,1557,3,2326.0
13506,811,3,138.0
10202,1832,3,114.0
9076,1488,3,16.7
17620,1345,3,34.0
3183,946,3,39.0
11754,2285,3,35.0
5940,2831,3,1.1
1541,2285,3,40.0
9460,1755,3,898.0
12841,2526,3,11.5
8500,2148,3,10.4
11719,1128,3,12.1
3631,2285,3,56.0
8680,1723,3,1.6
1289,2922,3,85.0
8989,711,3,22.0
12476,1488,3,10.5
125,579,3,4.5
6383,2726,3,102.0
13445,2087,3,0.3
2880,272,3,40.0
3090,2562,3,19.7
3319,2285,3,30.0
5176,237,3,570.0
12672,1583,3,313.0
2534,68,3,951.0
16381,2285,3,10.0
7597,580,3,13.9
17993,1488,3,50.0
8854,1937,3,0.6
4195,2413,3,0.6
15188,1037,3,2.6
7964,2398,3,6.9
1519,2780,3,67.0
16320,237,3,2206.0
17262,572,3,459.0
17307,1832,3,61.0
10553,2118,3,21.0
13667,2068,3,5.4
12906,2285,3,13.0
15059,1647,3,18.8
17426,1858,3,25.0
15430,1202,3,15.9
563,2285,3,12.6
7730,2223,3,1.1
10411,330,3,0.3
5939,98,3,4.4
2774,732,3,811.0
5213,2285,3,4.9
417,237,3,0.0
2941,2285,3,59.0
8640,2285,3,14.5
2828,2340,3,3.9
17223,2441,3,0.4
8109,556,3,420.0
16211,1488,3,50.0
14624,1166,3,18.6
14465,1488,3,60.0
2205,1488,3,125.0
776,1317,3,349.0
13110,2922,3,30.0
15048,495,3,4.4
8828,2630,3,385.0
17521,944,3,189.0
9436,2285,3,43.0
9731,2922,3,34.0
15964,2783,3,2.7
6474,2631,3,73.0
1966,1612,3,0.1
14341,449,3,7.3
10070,1488,3,65.0
2255,237,3,260.0
5685,745,3,80.0
7715,1832,3,40.0
11569,2865,3,139.0
11249,1525,3,7.6
8416,255,3,0.3
16138,2423,3,2.8
218,237,3,100.0
6447,1488,3,101.0
17768,2195,3,15.8
13197,1329,3,3.7
5887,25,3,2.3
4425,2831,3,1.6
9433,1832,3,14.2
5554,2033,3,0.0
11499,1491,3,1694.0
13152,537,3,7.0
14994,1609,3,8.9
12168,1488,3,206.0
7092,1488,3,31.0
5145,897,3,235.0
9825,895,3,4.5
4612,2285,3,7.2
13888,2922,3,96.0
5761,2922,3,92.0
1508,1612,3,4.0
2304,1488,3,42.0
16896,1635,3,169.0
16018,343,3,6.2
10444,1488,3,79.0
842,2630,3,288.0
2016,100,3,8.0
6209,2148,3,7.4
15641,2630,3,2.1
6914,1488,3,40.0
16461,1876,3,5.3
17092,1876,3,15.0
3534,237,3,29.0
5121,2856,3,11.4
2851,1321,3,114.0
1761,1832,3,63.0
2744,1611,3,10.5
5398,2001,3,0.4
6778,766,3,1.4
8986,1937,3,0.4
225,2630,3,69.0
2087,1832,3,20.0
15070,1548,3,15.8
15711,2036,3,4.2
8372,2020,3,3.4
7872,1155,3,248.0
6007,2285,3,74.0
1365,944,3,40.0
13604,2726,3,42.0
530,2166,3,5.1
7525,2194,3,511.0
17690,2285,3,23.0
1862,237,3,176.0
7151,14,3,4.3
658,2285,3,17.0
6500,1875,3,26.0
12183,1317,3,18.4
7002,1586,3,0.7
6636,1605,3,4.9
13768,2195,3,4.2
10918,365,3,1.3
9126,2285,3,23.0
10146,1525,3,0.6
5596,1300,3,3.8
5743,1488,3,94.0
8795,1488,3,345.0
817,1488,3,118.0
6801,2922,3,69.0
17028,573,3,0.0
15698,944,3,104.0
10182,2630,3,294.0
11004,1024,3,15.8
607,2285,3,73.0
7994,580,3,1.9
8677,933,3,6.4
11441,1202,3,27.0
371,2285,3,17.6
5836,2922,3,186.0
9333,1224,3,23.0
9240,1680,3,14.1
11707,2339,3,6.8
9307,560,3,0.4
12360,2855,3,10.0
10596,2466,3,6.1
6086,648,3,330.0
3578,725,3,0.9
14357,1321,3,122.0
14951,2339,3,3.6
592,2339,3,22.0
11949,1108,3,29.0
2446,2285,3,35.0
7186,560,3,0.0
5352,1096,3,15.7
7546,2339,3,0.4
1198,2922,3,62.0
16470,2285,3,28.0
1404,2340,3,72.0
15111,2285,3,3.0
12948,797,3,0.1
5023,537,3,6.2
3171,1488,3,56.0
17137,2876,3,42.0
2990,2148,3,0.6
11656,944,3,7.3
11378,811,3,50.0
5381,450,3,6.2
7701,745,3,142.0
5588,2285,3,14.8
154,1832,3,13.0
9618,901,3,41.0
13282,946,3,16.1
8950,2372,3,4.3
14082,1500,3,1527.0
16146,2496,3,30.0
13911,1488,3,276.0
2760,1488,3,436.0
16905,745,3,29.0
4884,2148,3,11.4
3479,1156,3,1.4
17386,2285,3,54.0
16275,100,3,1.4
1856,1724,3,9.8
13568,1488,3,67.0
3505,897,3,0.8
17726,1488,3,25.0
396,538,3,11.4
939,237,3,22.0
4272,2494,3,6.7
14123,2865,3,165.0
6102,1832,3,26.0
9413,2205,3,5.9
679,1832,3,56.0
6898,1177,3,0.0
3840,2195,3,8.6
2996,1832,3,53.0
2495,1832,3,74.0
5252,572,3,126.0
15125,2285,3,47.0
18090,572,3,570.0
18266,237,3,1752.0
15621,214,3,192.0
14119,2710,3,0.6
15202,237,3,150.0
1560,2340,3,62.0
4400,1737,3,14.7
13935,2285,3,1.7
9659,343,3,3.0
6444,1488,3,77.0
18107,98,3,79.0
10633,1832,3,11.0
14235,2218,3,1.6
15745,1488,3,45.0
11468,1488,3,83.0
18080,2285,3,21.0
507,282,3,49.0
2653,2195,3,9.8
3258,2285,3,1.0
16300,725,3,27.0
12045,1030,3,77.0
5547,1488,3,75.0
7727,2285,3,39.0
9408,1832,3,23.0
5913,2285,3,52.0
10331,25,3,48.0
18284,1492,3,1142.0
14466,2922,3,88.0
11284,2285,3,5.2
7234,1488,3,99.0
10855,2333,3,11.0
14301,2001,3,1.3
10328,1911,3,1883.0
5237,1488,3,24.0
9018,1488,3,33.0
16223,897,3,514.0
15325,25,3,0.9
15209,2508,3,3.2
14075,2631,3,61.0
10054,2166,3,0.2
3999,1596,3,1.3
467,1752,3,83.0
5609,1488,3,19.3
15623,2034,3,11.6
10165,1044,3,129.0
12436,1488,3,17.5
7371,1832,3,61.0
979,2380,3,2451.0
15339,2285,3,0.3
10486,1096,3,0.2
8414,811,3,57.0
13163,2631,3,1.2
17803,579,3,7.2
5225,1488,3,192.0
10744,944,3,20.0
15733,2195,3,2.2
9146,552,3,0.4
14528,1887,3,54.0
2288,555,3,2160.0
10736,1030,3,8.5
6542,113,3,4.0
13430,1488,3,1.0
6636,2285,3,23.0
4830,549,3,0.2
14006,1128,3,81.0
5775,1937,3,0.3
14519,1832,3,1.1
1279,2285,3,50.0
9237,1832,3,0.0
16877,2325,3,20.0
11916,2922,3,127.0
11557,2630,3,104.0
11971,1202,3,2.6
9682,2631,3,128.0
7990,444,3,10.4
4738,2441,3,8.5
7220,2619,3,56.0
801,1609,3,278.0
7003,1721,3,4.8
11080,2285,3,31.0
18299,1041,3,8.8
834,1937,3,9.0
5278,2285,3,38.0
11915,1128,3,130.0
2037,2630,3,28.0
9681,2922,3,5.5
17427,2285,3,5.4
1844,1876,3,11.3
14536,1488,3,53.0
2887,1832,3,16.0
11571,1832,3,56.0
13058,2285,3,54.0
7425,814,3,47.0
6588,1838,3,11.0
1221,2285,3,70.0
3298,444,3,3.0
8823,800,3,0.3
3117,2780,3,65.0
11954,2285,3,15.4
15656,1583,3,70.0
45,2087,3,5.4
4357,288,3,335.0
275,1166,3,92.0
7238,2096,3,1.0
13066,2285,3,46.0
1387,2285,3,10.4
2323,2611,3,0.0
13955,100,3,61.0
7526,1832,3,37.0
17607,1488,3,36.0
11768,647,3,3.2
16560,1156,3,10.6
8649,1488,3,383.0
2746,1610,3,21.0
14094,2285,3,3.4
3701,427,3,5.8
12846,2229,3,1.8
15505,1488,3,16.6
15232,946,3,252.0
14740,673,3,2.8
14807,1647,3,1.0
9330,2285,3,1.2
12528,2654,3,63.0
10479,2040,3,0.0
8195,1321,3,52.0
17469,2922,3,33.0
3318,791,3,275.0
17803,745,3,0.0
13954,1529,3,300.0
7021,1488,3,76.0
10799,1488,3,107.0
7734,1446,3,2.8
14517,2227,3,595.0
5062,2030,3,1.1
6233,766,3,349.0
12559,1656,3,0.1
14976,2285,3,32.0
2471,237,3,162.0
1577,2742,3,47.0
18157,237,3,771.0
15569,1488,3,77.0
18298,1128,3,584.0
1590,2536,3,3.1
6640,1721,3,19.6
9370,2285,3,0.3
11098,2195,3,32.0
11711,2285,3,8.3
5751,251,3,748.0
5979,25,3,52.0
10926,68,3,1386.0
14610,312,3,77.0
18024,2631,3,317.0
15632,1202,3,3.3
18242,1054,3,8.4
16276,2285,3,36.0
12919,2630,3,296.0
6662,1832,3,4.4
5564,1832,3,61.0
16421,2631,3,268.0
4039,2726,3,127.0
15730,1277,3,49.0
13461,2285,3,84.0
12628,2285,3,14.6
859,2922,3,105.0
6936,1177,3,38.0
11313,1473,3,2.4
3146,2630,3,256.0
7251,2922,3,14.4
17043,816,3,210.0
8794,1488,3,233.0
940,2726,3,637.0
16984,2285,3,12.6
17417,25,3,11.2
11107,2865,3,433.0
6126,2285,3,1.3
11790,1876,3,27.0
192,680,3,33.0
14938,1737,3,3.2
16795,274,3,23.0
13954,113,3,125.0
5786,1647,3,0.8
17477,977,3,3.1
16214,1054,3,0.5
2216,1180,3,0.0
1004,2195,3,1.3
17734,237,3,546.0
593,128,3,37.0
6342,2285,3,0.5
10980,1300,3,356.0
11803,2285,3,20.0
11225,2298,3,65.0
6261,1037,3,275.0
9938,1037,3,11.2
7881,556,3,295.0
9085,1533,3,326.0
7976,992,3,27.0
3511,1277,3,7.8
14975,1488,3,21.0
14490,2639,3,94.0
1265,2630,3,1418.0
12808,725,3,51.0
16671,1650,3,1.2
9498,814,3,255.0
12454,2096,3,4.2
10277,2786,3,21.0
3142,572,3,493.0
11753,2285,3,13.2
18269,25,3,4.0
8222,2630,3,452.0
15008,2285,3,0.7
16441,1947,3,10.5
14810,2631,3,35.0
7298,1832,3,25.0
14518,2854,3,10.9
291,2285,3,43.0
334,25,3,7.0
476,2340,3,1.3
9022,1837,3,15.0
5203,1488,3,10.1
8671,766,3,209.0
2556,2285,3,21.0
14186,31,3,36.0
13993,1801,3,15.4
518,2171,3,9.6
7602,2039,3,66.0
17663,1128,3,1980.0
6807,1321,3,39.0
8557,1872,3,8.2
5455,2423,3,144.0
10781,1488,3,178.0
9505,1690,3,1.5
1298,1488,3,1534.0
13743,2285,3,39.0
8028,1923,3,1.5
12480,1202,3,0.4
1831,1036,3,6.1
3005,1721,3,212.0
4832,1875,3,12.6
17966,298,3,1.0
13998,1645,3,78.0
9963,1832,3,7.0
7332,1863,3,4.2
6966,828,3,542.0
16194,1202,3,299.0
5089,828,3,97.0
7676,1488,3,260.0
7801,272,3,33.0
8142,1720,3,4.0
3008,2922,3,198.0
11301,2195,3,3.4
11467,2922,3,55.0
11856,2876,3,266.0
5861,1488,3,13.6
9746,1588,3,4.6
10188,1937,3,5.2
12845,1488,3,27.0
16581,2833,3,80.0
4334,1655,3,1.0
6134,666,3,31.0
4799,2780,3,18.6
9438,2285,3,19.9
9708,781,3,0.2
14748,2726,3,92.0
9023,2122,3,0.9
12295,572,3,74.0
13254,992,3,11.0
7108,2285,3,52.0
6425,1488,3,247.0
12579,1488,3,142.0
18208,274,3,66.0
14818,1832,3,56.0
6961,272,3,53.0
15014,2285,3,28.0
14347,1755,3,0.2
4710,2285,3,28.0
9940,2488,3,7.3
13153,2441,3,42.0
12429,444,3,6.0
6993,598,3,1.2
1528,2285,3,30.0
14167,2630,3,185.0
5672,897,3,3.3
1095,1488,3,40.0
11879,2726,3,22.0
9238,2285,3,28.0
5348,1488,3,192.0
15163,1709,3,27.0
6880,946,3,61.0
7529,778,3,21.0
14511,2285,3,26.0
16252,1915,3,10.4
17261,1488,3,19.5
12209,2441,3,16.1
15716,552,3,50.0
11781,1596,3,0.6
10698,426,3,170.0
2078,1202,3,91.0
9483,1128,3,1.2
4285,1625,3,21.0
6980,933,3,6.4
11153,1937,3,0.6
10334,2630,3,30.0
9738,2285,3,26.0
13842,725,3,62.0
12237,25,3,4.4
2943,2267,3,49.0
14491,1893,3,16.2
2439,572,3,30.0
7704,1488,3,21.0
6288,670,3,118.0
4176,546,3,32.0
9380,1414,3,8.8
4418,426,3,35.0
102,2922,3,65.0
12989,68,3,420.0
9397,100,3,210.0
3083,2340,3,5.3
16633,2195,3,16.7
8702,2886,3,2.8
15926,2630,3,189.0
8108,1488,3,3.6
1722,1246,3,68.0
4954,946,3,64.0
16416,1610,3,31.0
15746,237,3,70.0
14114,1488,3,50.0
2302,1488,3,49.0
913,2195,3,41.0
685,2865,3,659.0
3355,1628,3,0.4
16081,68,3,949.0
971,1488,3,0.4
13578,724,3,0.1
17818,718,3,18.8
3351,1326,3,54.0
14073,2380,3,984.0
15423,1721,3,3.4
6714,1721,3,271.0
12479,1534,3,15.7
17664,1488,3,30.0
15694,897,3,28.0
12726,738,3,4.0
5410,2285,3,2.9
18291,1488,3,74.0
1649,594,3,24.0
7870,1832,3,34.0
15312,1832,3,41.0
14128,2922,3,163.0
1717,145,3,0.6
5077,1488,3,6636.0
15889,2027,3,5.5
1115,1037,3,68.0
2346,2922,3,92.0
11902,2844,3,15.7
12163,237,3,1550.0
14270,1488,3,348.0
15372,2922,3,1.2
7351,889,3,65.0
10556,2195,3,2.8
919,2922,3,62.0
712,501,3,175.0
3231,2726,3,67.0
11782,1000,3,1.5
7601,2922,3,59.0
12008,766,3,154.0
7794,2813,3,0.6
10027,725,3,82.0
9859,2096,3,0.8
13205,1632,3,775.0
17406,1611,3,47.0
867,2285,3,1.8
12125,2431,3,0.8
14927,829,3,159.0
14785,1128,3,7.8
1470,800,3,1.3
17007,2285,3,38.0
502,2619,3,7.3
6963,1128,3,7.0
2592,2631,3,243.0
11339,1605,3,1.1
8170,1128,3,25.0
368,1785,3,807.0
13037,2027,3,3.4
6510,1033,3,11.0
11799,2922,3,78.0
16835,1300,3,116.0
711,312,3,20.0
5358,2195,3,4.1
15287,2380,3,861.0
15577,1488,3,1.2
730,1619,3,40.0
15370,703,3,0.6
16495,2708,3,201.0
184,357,3,13.6
5634,2285,3,11.4
2872,1608,3,5.0
14343,1488,3,23.0
11649,449,3,19.1
6227,2285,3,45.0
17656,1937,3,2.6
14214,1488,3,57.0
14654,2285,3,67.0
7023,2129,3,9.2
7867,1321,3,27.0
3750,572,3,572.0
10720,2340,3,38.0
9978,2285,3,21.0
10784,2876,3,109.0
11179,682,3,6.8
14131,2285,3,37.0
9477,696,3,21.0
862,1596,3,1.1
15427,2340,3,51.0
755,2087,3,0.0
13220,2922,3,143.0
9910,732,3,289.0
11393,1647,3,454.0
11207,2631,3,143.0
1799,2380,3,241.0
9588,1960,3,5.8
1065,2229,3,243.0
14640,1635,3,338.0
15293,2305,3,0.6
9046,2630,3,59.0
4146,274,3,199.0
7565,2285,3,15.2
12143,1832,3,31.0
2110,1525,3,67.0
10535,1300,3,565.0
946,1610,3,0.1
8395,745,3,1.2
11817,2642,3,1.4
993,1947,3,32.0
2824,2831,3,96.0
2704,2922,3,112.0
10789,2332,3,0.6
191,1488,3,5.2
17457,2285,3,0.6
15688,2029,3,48.0
16263,1721,3,45.0
15584,901,3,34.0
13128,1128,3,0.8
8119,2423,3,37.0
10630,2922,3,143.0
10265,2850,3,1.6
10305,359,3,2.2
12958,2489,3,4.8
15028,897,3,24.0
15460,2096,3,267.0
7830,1371,3,3.8
8348,525,3,7.7
7157,2607,3,402.0
13716,2285,3,4.0
9,1488,3,140.0
17731,800,3,3.4
4790,2922,3,104.0
1885,1776,3,59.0
7520,2922,3,57.0
13364,1342,3,57.0
14559,77,3,0.2
17064,781,3,4.5
11665,816,3,2.2
5742,1612,3,0.1
3658,1875,3,13.7
8543,2685,3,28.0
17334,811,3,28.0
920,2285,3,5.0
431,2409,3,73.0
16810,946,3,64.0
13882,2630,3,272.0
17535,1156,3,0.5
6321,2831,3,21.0
13856,2509,3,3.1
15304,2922,3,83.0
12338,2922,3,78.0
15788,2922,3,16.3
15594,2285,3,3.5
6106,2285,3,39.0
7657,2726,3,4.1
9297,2865,3,144.0
4152,1876,3,8.2
7827,1128,3,34.0
16611,1300,3,1.3
17543,1488,3,102.0
12730,1787,3,2.2
6466,1488,3,46.0
13505,2922,3,74.0
12332,2631,3,31.0
9952,2922,3,113.0
120,1488,3,2.1
100,1037,3,358.0
13172,2285,3,18.3
8368,1300,3,119.0
54,556,3,2.7
17454,2285,3,69.0
6218,1488,3,121.0
8967,1317,3,206.0
17714,2922,3,102.0
10055,2610,3,2.2
14397,282,3,1.3
6646,1166,3,10.6
11841,1040,3,1.2
18229,1179,3,587.0
16885,572,3,379.0
17509,640,3,6.2
6192,1057,3,103.0
6413,2630,3,7.2
15613,944,3,2592.0
8081,2285,3,0.1
3611,2285,3,38.0
13729,2280,3,0.8
4879,2285,3,66.0
13550,2027,3,7.1
16693,2630,3,265.0
17626,2285,3,12.3
12648,2611,3,1.9
1006,1488,3,22.0
18035,2630,3,6.2
6641,1596,3,2.0
8258,2631,3,36.0
12752,525,3,1.2
1265,2922,3,86.0
11306,25,3,32.0
4632,1915,3,21.0
6295,1937,3,10.8
13690,1488,3,153.0
7713,2726,3,69.0
11740,271,3,45.0
13437,1166,3,3.4
6663,1382,3,31.0
11358,2285,3,57.0
3741,274,3,23.0
11253,2285,3,13.1
9024,237,3,218.0
7384,1488,3,99.0
4065,2285,3,1.1
3842,2842,3,2.8
6530,2285,3,41.0
11758,1087,3,17.7
5545,1202,3,5.5
353,1166,3,18.6
10258,1283,3,28.0
11126,2630,3,512.0
10919,1166,3,219.0
17682,2285,3,32.0
11794,2006,3,230.0
598,2195,3,0.6
3620,2285,3,11.4
11416,1832,3,42.0
418,54,3,0.1
2028,2285,3,33.0
7876,2366,3,10.9
13782,944,3,232.0
2094,864,3,1.6
7755,2631,3,104.0
729,2380,3,901.0
14787,113,3,3.6
5600,1128,3,32.0
15971,25,3,1.3
11853,594,3,2195.0
4090,1030,3,88.0
13035,555,3,10.8
6556,2195,3,12.5
9806,820,3,1.9
3688,2884,3,6.7
3736,2285,3,26.0
17671,2285,3,5.4
4199,2576,3,0.0
13903,555,3,1013.0
7269,1300,3,48.0
177,312,3,1.8
16322,1811,3,1.9
1200,1166,3,22.0
5036,1040,3,26.0
12526,272,3,6.4
12564,237,3,360.0
15515,1300,3,392.0
3119,2285,3,5.4
1445,1037,3,2.0
5047,2285,3,22.0
7336,272,3,100.0
2104,2285,3,10.8
14334,2285,3,0.7
12368,237,3,888.0
17868,1108,3,51.0
17007,1884,3,4.6
8664,1610,3,2.4
294,1488,3,9.9
4593,992,3,0.1
9078,1840,3,1.3
6777,100,3,41.0
7957,376,3,1.4
16348,2630,3,122.0
3875,814,3,3.7
10134,1488,3,21.0
6341,2285,3,37.0
4422,2285,3,5.2
13231,946,3,2.1
14826,2122,3,52.0
12625,2708,3,65.0
10637,1300,3,518.0
16025,1166,3,108.0
13624,944,3,11.5
6908,555,3,90.0
14653,1030,3,16.8
882,1596,3,1.2
16400,1128,3,62.0
16152,2865,3,11.2
6652,2122,3,223.0
77,2285,3,10.7
14790,237,3,681.0
11783,2285,3,13.5
17377,2285,3,57.0
6567,2285,3,4.4
17185,1876,3,34.0
15712,1488,3,190.0
17511,2285,3,46.0
11970,1128,3,37.0
8919,2285,3,35.0
16477,2285,3,0.5
12413,1876,3,31.0
7114,1228,3,118.0
9802,2489,3,21.0
3130,944,3,17.7
18218,2195,3,0.0
8074,1612,3,0.0
3239,946,3,98.0
7904,271,3,42.0
15037,1488,3,139.0
15081,2285,3,56.0
1798,2366,3,71.0
15936,2710,3,3.9
10370,921,3,7.4
2040,1824,3,13.8
8992,100,3,174.0
10637,1300,3,120.0
3280,1832,3,51.0
8063,1793,3,18.7
1179,2536,3,8.0
7626,868,3,12.2
2748,1166,3,146.0
2267,1409,3,469.0
10603,25,3,27.0
3533,1833,3,2.5
5146,2056,3,0.7
486,2922,3,89.0
9274,77,3,17.1
16002,1321,3,7.6
2860,212,3,7.6
8909,2366,3,5.5
9553,2726,3,148.0
8699,1488,3,13.7
15938,2339,3,16.4
4286,1488,3,81.0
433,1488,3,56.0
6683,1800,3,21.0
3973,2630,3,611.0
17272,2070,3,0.1
13986,2285,3,15.1
15034,2630,3,902.0
10135,1166,3,25.0
14083,2631,3,286.0
15447,1875,3,41.0
16915,2631,3,5.6
6229,2285,3,40.0
15128,1947,3,32.0
9009,2865,3,98.0
12042,1606,3,16.6
12537,1304,3,46.0
2893,2859,3,5.6
14630,1439,3,4.6
884,1875,3,16.4
3985,2831,3,165.0
1993,725,3,27.0
18008,2285,3,17.5
9857,52,3,16.3
3331,1488,3,112.0
4025,2285,3,3.6
13596,2865,3,10.6
10049,2922,3,88.0
8059,2285,3,0.4
11594,1189,3,113.0
1878,424,3,10.0
14840,2630,3,219.0
2891,972,3,15.6
2849,1202,3,2.0
4915,2922,3,7.6
14647,2285,3,17.4
5451,2285,3,35.0
17836,237,3,2250.0
1492,2205,3,23.0
11671,2488,3,42.0
2889,2380,3,0.4
5911,2630,3,175.0
7474,237,3,9.4
15215,1321,3,40.0
2740,2285,3,59.0
7447,2922,3,90.0
14337,2285,3,1.9
15068,1832,3,26.0
8848,1596,3,2.5
15243,2285,3,43.0
1209,2780,3,11.7
9868,1829,3,86.0
17046,1884,3,6.8
1481,2312,3,0.2
7188,237,3,1706.0
10883,2285,3,43.0
1168,1488,3,264.0
13875,614,3,19.4
12962,814,3,752.0
4536,1300,3,0.0
10303,2065,3,26.0
7079,189,3,0.6
13809,1321,3,27.0
3126,811,3,258.0
7532,2638,3,52.0
16592,555,3,115.0
7669,1030,3,53.0
8685,1488,3,2041.0
2588,897,3,1.4
15454,2365,3,2.3
16257,68,3,405.0
3909,2285,3,25.0
5896,161,3,29.0
10455,1037,3,44.0
9387,113,3,761.0
2456,68,3,1401.0
4677,1876,3,39.0
6979,1937,3,0.4
8755,1703,3,0.1
8888,1030,3,2.6
8003,2441,3,53.0
10730,2371,3,7.3
8595,1608,3,1069.0
10582,1030,3,29.0
15559,237,3,93.0
11808,1488,3,78.0
7322,1896,3,0.2
15410,1647,3,7.3
17021,1755,3,52.0
3563,1189,3,10.9
6385,1695,3,0.5
10876,1247,3,1218.0
11292,1832,3,57.0
8250,1166,3,58.0
14268,1776,3,15.8
16144,732,3,1060.0
7603,1488,3,33.0
6181,612,3,0.7
11628,1887,3,0.4
15829,2630,3,86.0
411,2630,3,116.0
1467,271,3,37.0
2779,206,3,40.0
9840,1583,3,67.0
17590,1612,3,0.3
10219,2285,3,63.0
1124,1342,3,13.4
13216,423,3,2.2
3808,1488,3,28.0
381,1604,3,19.6
8773,555,3,27.0
15857,2285,3,76.0
5927,2631,3,0.4
3997,25,3,13.6
536,696,3,19.6
229,248,3,8.7
11429,2285,3,37.0
2749,1690,3,1.5
1826,745,3,0.4
11285,1506,3,4.5
430,2205,3,67.0
13178,405,3,3.3
17026,444,3,82.0
13167,2285,3,42.0
57,2726,3,598.0
7654,2285,3,41.0
6959,1488,3,287.0
13249,1300,3,65.0
1892,100,3,307.0
17999,229,3,717.0
13906,237,3,79.0
7646,2562,3,7.5
14427,538,3,0.2
9091,2285,3,2.8
8273,61,3,17.6
7503,1832,3,54.0
7403,1875,3,0.2
15913,2922,3,117.0
16353,1374,3,1.1
900,2726,3,4.8
13439,1876,3,8.4
9769,1610,3,1.0
6725,1128,3,80.0
16929,2285,3,13.2
1786,723,3,0.8
17056,572,3,187.0
15726,98,3,39.0
545,1128,3,9.5
1588,2285,3,0.4
4582,1680,3,1.8
10981,25,3,29.0
7965,2285,3,29.0
6492,403,3,82.0
16484,2285,3,35.0
13602,2272,3,14.2
13095,2285,3,37.0
152,1832,3,4.4
16113,1580,3,17.0
2227,2122,3,200.0
1736,1454,3,0.2
16830,2922,3,75.0
6858,1488,3,106.0
17615,2783,3,47.0
451,2195,3,19.4
16961,2630,3,283.0
1548,1876,3,19.0
672,1030,3,0.6
15359,2285,3,79.0
15002,2762,3,118.0
16999,1189,3,2.7
12025,2285,3,58.0
13982,2611,3,0.6
18131,2285,3,30.0
6325,237,3,531.0
11150,2627,3,25.0
13516,25,3,14.5
18259,2285,3,32.0
10051,1534,3,0.3
16220,2285,3,4.7
76,2886,3,33.0
10537,1829,3,2.0
14830,2842,3,3.6
11645,1350,3,13.5
91,670,3,424.0
613,2844,3,4.0
810,1832,3,166.0
15248,68,3,1592.0
11670,2607,3,142.0
9347,2780,3,64.0
15351,128,3,16.3
594,1977,3,2.2
11621,1041,3,4.4
5291,198,3,0.4
7210,1721,3,175.0
4163,2285,3,5.7
11642,1488,3,36.0
5851,2285,3,59.0
13403,2631,3,85.0
5810,1202,3,3.3
18262,2556,3,7.8
501,1156,3,1.6
16246,25,3,45.0
11426,1985,3,98.0
3257,1300,3,135.0
14342,274,3,26.0
15265,2710,3,18.9
13176,580,3,45.0
2332,855,3,0.4
13877,1635,3,190.0
7408,1838,3,0.5
4542,481,3,2.4
14979,614,3,353.0
8480,2122,3,2.3
4846,1488,3,81.0
8786,1838,3,34.0
10765,1488,3,24.0
819,2317,3,7.2
8049,2726,3,52.0
7199,1212,3,0.5
4772,2285,3,26.0
8205,2285,3,29.0
5286,2285,3,38.0
2721,2775,3,58.0
2319,811,3,140.0
16442,25,3,0.9
3235,2630,3,2526.0
17711,2922,3,53.0
980,2056,3,10.8
16331,1781,3,127.0
10632,1030,3,252.0
14682,2922,3,63.0
564,2522,3,9.7
15759,2285,3,2.4
7027,2285,3,51.0
16280,2762,3,10.3
8920,718,3,107.0
440,2285,3,26.0
7323,2726,3,81.0
16141,2285,3,61.0
9225,745,3,90.0
12983,255,3,15.6
5249,897,3,6.0
13346,2285,3,21.0
9548,9,3,1.2
12995,2285,3,22.0
13764,1096,3,1.0
17271,271,3,95.0
13815,1488,3,127.0
2514,2922,3,332.0
11926,2285,3,9.1
9329,2285,3,47.0
676,2285,3,46.0
12665,2122,3,81.0
680,1128,3,66.0
10812,2285,3,38.0
1345,2057,3,1.5
14328,1717,3,48.0
6433,946,3,135.0
12211,1488,3,4.4
4860,2922,3,50.0
13639,792,3,18.1
11180,2340,3,12.6
2327,1603,3,6.1
644,2712,3,2.6
14474,2911,3,45.0
13711,2285,3,3.2
12394,2285,3,25.0
6369,1832,3,41.0
10827,1578,3,484.0
9328,2298,3,24.0
3229,1611,3,116.0
15918,878,3,52.0
9968,2285,3,41.0
17638,745,3,4.1
10489,2285,3,10.2
11814,1488,3,6079.0
17924,2285,3,34.0
7789,2285,3,4.4
8324,301,3,0.0
11936,1612,3,0.1
8430,2285,3,5.5
4180,2096,3,1686.0
8826,2285,3,38.0
286,2726,3,0.5
4980,1037,3,34.0
10418,1937,3,11.6
9800,2865,3,303.0
10053,2285,3,76.0
7535,1228,3,125.0
2219,1916,3,0.3
2603,1202,3,1.6
15035,1876,3,15.9
458,2285,3,6.2
7313,1321,3,0.7
17683,1612,3,0.1
11449,68,3,1345.0
13203,2888,3,47.0
14346,2285,3,4.4
8748,1612,3,0.8
11862,1776,3,65.0
9325,1037,3,0.2
1779,1884,3,0.6
1815,25,3,14.8
3671,1638,3,18.6
5601,453,3,1.9
16704,2630,3,19.4
12399,2087,3,3.1
3069,1583,3,320.0
14700,1488,3,7.3
10124,98,3,110.0
16948,2380,3,879.0
12312,2285,3,40.0
395,2639,3,4.9
7931,1832,3,25.0
2572,2285,3,33.0
11248,2285,3,34.0
42,2922,3,231.0
3317,1520,3,2.0
1898,2285,3,34.0
3491,2922,3,77.0
17487,2922,3,160.0
9144,2028,3,3.2
6581,2631,3,39.0
7714,132,3,0.0
14178,1832,3,55.0
7648,811,3,66.0
16167,1471,3,21.0
3343,714,3,3.6
343,2694,3,18.6
10543,2619,3,9.5
1934,1832,3,17.7
6052,2380,3,1028.0
13114,1030,3,3.5
1315,594,3,222.0
13062,2922,3,93.0
17,2607,3,2.8
7590,2339,3,4.8
8474,2710,3,5.0
15735,2106,3,4.2
12195,2526,3,3.6
3396,1492,3,593.0
1030,31,3,1.8
11050,2285,3,24.0
14335,2285,3,12.9
7713,1776,3,32.0
11068,2285,3,50.0
5991,390,3,8429.0
4600,1139,3,7.3
10284,2619,3,120.0
6454,2285,3,40.0
9839,1488,3,7.4
12000,1937,3,0.0
10703,272,3,159.0
16568,25,3,11.2
14648,2630,3,373.0
16571,822,3,0.4
2295,766,3,771.0
10495,1492,3,1429.0
548,1177,3,21.0
11636,177,3,72.0
15352,343,3,1.6
6149,582,3,1.3
5116,556,3,89.0
7551,2223,3,1.9
9948,897,3,8.6
14898,1228,3,32.0
966,2230,3,1.7
15593,68,3,1135.0
4257,1947,3,11.3
14134,2285,3,35.0
11701,1776,3,11.8
10874,1721,3,21.0
8176,2285,3,12.1
6626,1578,3,48.0
8964,272,3,143.0
8461,1832,3,8.7
12966,274,3,78.0
15294,1612,3,5.6
15612,2536,3,7.4
15155,2285,3,60.0
14391,2285,3,46.0
11581,2285,3,11.0
17613,2876,3,27.0
8245,2285,3,20.0
14067,1488,3,413.0
18044,98,3,60.0
15355,1832,3,55.0
13819,496,3,8.2
8466,237,3,93.0
4521,1488,3,47.0
13187,2638,3,6.6
13336,2285,3,34.0
14649,19,3,2.9
10577,1128,3,99.0
12203,2285,3,1.2
9752,1044,3,1.1
9823,814,3,0.6
13553,2726,3,200.0
6564,2922,3,146.0
14264,2340,3,7.0
6696,1355,3,151.0
12770,725,3,56.0
11027,1858,3,12.5
9383,1488,3,1.0
13068,2285,3,7.1
9709,743,3,9.4
6845,1488,3,31.0
4116,725,3,4.7
17648,1189,3,189.0
2944,769,3,0.8
7380,2922,3,65.0
6366,2409,3,90.0
11828,2371,3,2.9
9632,718,3,138.0
1133,745,3,0.7
2385,1488,3,91.0
3273,164,3,6.2
1664,2285,3,10.2
67,564,3,20.0
10795,2285,3,56.0
13146,25,3,0.0
15695,2285,3,56.0
11713,1875,3,3.8
7612,1128,3,102.0
8294,1785,3,1163.0
231,766,3,43.0
13824,2285,3,34.0
5377,2726,3,258.0
14646,1821,3,0.4
4842,2922,3,107.0
16090,1488,3,122.0
7692,1679,3,0.1
12605,836,3,17.5
1470,1473,3,0.1
9954,2195,3,5.2
14368,2922,3,51.0
9169,2748,3,3.1
9119,1720,3,2.1
10433,237,3,1155.0
9799,2285,3,73.0
247,2285,3,59.0
944,2056,3,17.5
17844,1911,3,1.0
8764,397,3,40.0
11772,1583,3,18.4
5738,25,3,3.7
11488,1488,3,522.0
5977,2630,3,236.0
13802,1488,3,54.0
12977,1488,3,1.5
8839,265,3,25.0
9983,1321,3,11.2
3942,2285,3,6.0
7226,1805,3,1.6
18102,2726,3,24.0
1618,745,3,46.0
16031,1108,3,12.8
3057,2290,3,7.5
9252,1488,3,9.8
21,2621,3,0.6
6873,312,3,4.8
8694,2285,3,13.4
15112,2339,3,78.0
7232,2285,3,14.0
13711,1832,3,11.3
17578,272,3,70.0
10589,2726,3,4.4
17782,2354,3,3.0
12472,811,3,5.0
2642,98,3,33.0
12354,2285,3,25.0
12258,1145,3,282.0
280,1781,3,193.0
910,2252,3,2.5
10487,2526,3,12.8
11546,718,3,255.0
2708,1128,3,349.0
10837,166,3,8.5
1023,2122,3,123.0
16533,303,3,37.0
9689,2630,3,47.0
7057,258,3,9.5
17294,1488,3,31.0
1285,1118,3,4.8
4980,1492,3,2931.0
14690,2285,3,24.0
6743,944,3,702.0
108,2639,3,0.8
14157,2922,3,69.0
9507,2285,3,3.8
6955,2630,3,37.0
12954,2285,3,3.2
1077,2638,3,0.0
17874,237,3,406.0
870,1832,3,81.0
10705,1488,3,179.0
3156,2726,3,63.0
2003,2630,3,50.0
16497,688,3,8.7
2408,2285,3,17.9
13637,64,3,183.0
17850,1525,3,14.4
408,1776,3,40.0
10,2285,3,36.0
3036,1876,3,7.0
13794,1488,3,295.0
523,1488,3,177.0
7010,2298,3,7.8
542,1128,3,158.0
9227,1830,3,29.0
12682,2831,3,74.0
3429,1696,3,8.0
10724,1488,3,72.0
1097,343,3,3.0
16307,2638,3,57.0
17827,1155,3,28.0
8140,1837,3,106.0
9077,1634,3,5.8
16624,1056,3,0.3
6580,1832,3,118.0
7720,1128,3,60.0
9369,2285,3,2.7
1796,2922,3,88.0
17927,2285,3,63.0
16176,2285,3,2.1
8357,946,3,261.0
17803,2285,3,42.0
15549,2285,3,19.7
16453,725,3,53.0
8228,1143,3,0.3
15648,723,3,5.5
8853,25,3,0.8
11202,1674,3,0.6
12023,2831,3,31.0
10368,1606,3,755.0
11858,540,3,10.6
16354,1300,3,153.0
6216,1488,3,351.0
9655,2285,3,23.0
9637,42,3,10.0
5039,946,3,246.0
4736,2285,3,36.0
647,1037,3,64.0
8387,1300,3,0.1
3495,858,3,0.0
7030,1166,3,463.0
6191,2285,3,88.0
17705,1030,3,13.7
760,1023,3,0.1
9496,2285,3,7.5
741,2922,3,9.6
12803,1488,3,46.0
9486,1512,3,0.1
8752,237,3,27.0
17660,2285,3,8.4
17281,725,3,59.0
7527,237,3,129.0
5127,2631,3,35.0
14455,1488,3,17.1
664,2630,3,288.0
13577,2630,3,1.8
15415,2771,3,1.1
16182,162,3,0.0
12639,1832,3,17.0
4284,2285,3,18.1
4701,1737,3,3.4
15772,2087,3,0.4
10512,1937,3,1.2
17722,1580,3,11.6
111,1341,3,18.5
11148,1488,3,183.0
306,343,3,1.4
6848,25,3,23.0
18043,2783,3,53.0
197,762,3,33.0
18134,1947,3,1.6
16561,297,3,4.0
7687,906,3,0.5
6539,1609,3,11.8
15115,1228,3,7.2
55,376,3,1.7
653,1488,3,35.0
13118,2285,3,12.6
4486,766,3,95.0
10429,1030,3,60.0
4815,2383,3,192.0
2600,1875,3,1.1
1274,1830,3,15.5
5460,2439,3,402.0
14132,2922,3,7.5
12108,2922,3,48.0
11394,1876,3,25.0
8810,68,3,39.0
9850,2285,3,37.0
2101,1488,3,5.3
3338,1583,3,273.0
5553,100,3,162.0
8083,2922,3,179.0
1223,1128,3,0.1
15359,2001,3,107.0
17275,2340,3,49.0
482,2922,3,100.0
17161,2631,3,8.3
3499,2922,3,177.0
7579,2759,3,425.0
11752,1128,3,123.0
5083,237,3,450.0
11489,1612,3,0.0
13404,2122,3,6.5
8045,814,3,341.0
4479,1609,3,1.3
12811,2285,3,18.6
7256,1566,3,0.4
11796,2630,3,148.0
8857,2831,3,197.0
7744,282,3,71.0
11506,1966,3,2.1
4085,572,3,1198.0
3544,795,3,11.4
16552,1720,3,4.0
17429,725,3,51.0
15139,828,3,0.6
10916,2488,3,1124.0
7627,368,3,55.0
12565,2285,3,4.5
2231,2285,3,43.0
4523,1838,3,4.5
16740,2911,3,3.4
11041,1334,3,0.0
10355,1392,3,13.5
14878,944,3,5.6
16723,1937,3,16.9
8698,725,3,23.0
450,2922,3,62.0
1470,1488,3,109.0
4525,1488,3,54.0
14606,1087,3,16.8
1112,2285,3,54.0
6780,1755,3,741.0
15548,1488,3,181.0
11723,1690,3,1.2
15433,2409,3,17.6
4823,1321,3,1.6
9643,649,3,35.0
4829,237,3,95.0
9304,1596,3,1.3
14151,1937,3,0.8
10616,868,3,12.2
11213,1612,3,0.0
5259,1027,3,251.0
16155,718,3,293.0
17360,2240,3,11.3
14828,237,3,11.2
12419,2831,3,52.0
10758,1937,3,8.0
717,2285,3,7.9
7179,2865,3,3.0
17516,944,3,666.0
11078,690,3,48.0
245,425,3,3.6
16834,1832,3,166.0
17459,312,3,65.0
1964,1128,3,48.0
11525,915,3,23.0
5992,2380,3,296.0
742,1155,3,225.0
5626,1596,3,0.9
8514,2631,3,141.0
5985,2726,3,86.0
8321,2654,3,32.0
3223,2710,3,2.8
4251,957,3,35.0
16529,1488,3,28.0
6345,2285,3,12.6
6299,2087,3,0.9
4490,2630,3,94.0
14573,2710,3,44.0
7216,2866,3,1.8
3970,2285,3,45.0
9039,564,3,56.0
13919,1488,3,62.0
9768,1128,3,9.7
15628,2285,3,3.4
17499,1166,3,61.0
6970,2285,3,7.7
16478,237,3,770.0
1135,2631,3,236.0
42,274,3,39.0
15448,1281,3,128.0
12544,685,3,93.0
9727,814,3,6.8
11512,272,3,53.0
4418,1488,3,48.0
8050,1189,3,2.4
11672,811,3,386.0
16327,2630,3,5.2
17472,1488,3,15.7
11391,1304,3,284.0
16148,1496,3,17.1
13432,100,3,308.0
12563,237,3,73.0
16826,811,3,56.0
11627,2285,3,0.9
1500,572,3,7.9
2982,2285,3,50.0
15062,2285,3,21.0
15750,2285,3,1.6
15184,485,3,0.0
4034,546,3,134.0
3922,2285,3,6.8
972,2285,3,0.9
272,294,3,15.7
2881,2285,3,13.6
10406,1876,3,11.4
2530,901,3,110.0
11961,2631,3,124.0
11543,1610,3,4.1
14696,828,3,167.0
3701,2630,3,192.0
6583,1488,3,200.0
12137,2630,3,378.0
964,1304,3,229.0
3898,725,3,15.5
201,564,3,41.0
12176,2195,3,1.0
1219,1776,3,68.0
10140,2630,3,266.0
7451,2710,3,5.6
10052,753,3,1.5
12267,1655,3,361.0
1184,1905,3,2.2
5844,2639,3,12.0
393,1596,3,0.6
6884,2340,3,125.0
5476,2726,3,17.0
1861,1054,3,6.2
14963,745,3,0.4
3698,161,3,1.7
10638,1202,3,79.0
419,734,3,0.9
9664,2285,3,40.0
4807,1605,3,25.0
9266,1488,3,0.9
9461,1016,3,0.0
11831,2285,3,42.0
13446,1612,3,0.1
9737,2285,3,66.0
6946,237,3,129.0
14782,2489,3,5.4
18149,2922,3,54.0
9187,1488,3,131.0
6961,1398,3,33.0
2862,2922,3,118.0
4095,1488,3,41.0
13933,2726,3,101.0
15407,1985,3,51.0
9479,2285,3,1.1
519,2195,3,1.6
11655,2340,3,23.0
15071,732,3,293.0
14140,2452,3,1.2
17736,2922,3,220.0
2318,897,3,124.0
12635,1610,3,6.2
5171,1321,3,41.0
1288,237,3,1962.0
2144,1321,3,12.1
11166,823,3,4.1
781,1488,3,1.4
7741,2225,3,98.0
8150,1128,3,40.0
10302,1984,3,0.5
6238,312,3,14.4
17984,2922,3,62.0
12165,2285,3,9.9
426,2285,3,11.4
15674,1612,3,0.2
12022,854,3,907.0
14900,25,3,149.0
15186,2285,3,7.8
17776,545,3,6.8
13399,2205,3,0.5
8013,2092,3,3.2
17811,44,3,59.0
3231,2630,3,102.0
10000,1776,3,21.0
7012,42,3,22.0
734,2445,3,142.0
9790,2536,3,1.7
8336,237,3,49.0
14170,867,3,4.4
638,2285,3,4.6
10397,828,3,139.0
15867,2631,3,3.6
13804,952,3,0.0
2380,2285,3,19.4
8769,2087,3,0.2
6348,1937,3,0.7
8364,614,3,11.4
18202,811,3,215.0
17235,1488,3,0.4
6472,2087,3,0.1
642,1488,3,32.0
12818,294,3,41.0
17882,2095,3,40.0
11505,302,3,0.9
17813,2016,3,0.1
7663,2195,3,8.7
11570,1037,3,24.0
6545,1488,3,3.2
16330,1488,3,42.0
11864,1612,3,2.2
270,1832,3,55.0
16413,2922,3,126.0
12323,897,3,8.0
9326,2285,3,17.8
10364,109,3,41.0
9374,2583,3,0.6
5812,1717,3,8.8
7471,1128,3,16.6
5845,574,3,4.0
12892,1937,3,1.2
10570,2285,3,61.0
18293,2285,3,50.0
3786,1030,3,18.7
9310,1488,3,28.0
12422,2195,3,10.3
11412,725,3,155.0
9828,2922,3,150.0
16405,1030,3,17.2
15921,2338,3,2.0
10927,963,3,12.0
4797,572,3,147.0
11480,2380,3,74.0
3614,2285,3,54.0
2038,2285,3,2.6
17312,1876,3,17.3
1176,2285,3,22.0
1732,2409,3,98.0
11376,1953,3,0.0
6506,2285,3,0.6
12080,2285,3,34.0
1514,2831,3,63.0
15384,1488,3,60.0
16117,988,3,0.0
3212,282,3,2.2
1940,1714,3,26.0
6590,2285,3,49.0
7189,1617,3,439.0
1064,725,3,0.2
1730,229,3,3.8
10532,1832,3,0.4
6231,1832,3,32.0
7426,1612,3,2.0
9673,1612,3,0.1
617,1636,3,0.2
16345,2630,3,60.0
6669,944,3,684.0
8060,811,3,117.0
15943,1336,3,3.5
8305,2285,3,89.0
5202,2630,3,163.0
12098,293,3,0.1
10359,718,3,264.0
1970,2058,3,0.0
17215,2056,3,9.7
16824,104,3,928.0
1409,1884,3,2.2
17847,166,3,7.1
17960,725,3,70.0
15809,2285,3,32.0
8041,2562,3,0.0
2877,1128,3,51.0
4711,237,3,421.0
16888,814,3,407.0
3234,100,3,266.0
16324,1321,3,1.8
16799,1875,3,66.0
12500,98,3,21.0
17507,1525,3,43.0
7991,271,3,1.5
5864,725,3,42.0
8420,2631,3,149.0
2837,2056,3,4.8
4814,897,3,4.1
17314,52,3,0.6
10569,1776,3,101.0
1756,1776,3,56.0
7482,1128,3,16.1
16853,591,3,0.3
7589,1300,3,1.2
11037,1843,3,3.3
11407,745,3,1.2
1591,237,3,42.0
16,2285,3,2.3
16087,2369,3,2.3
16702,2922,3,107.0
12410,2780,3,268.0
11432,100,3,95.0
13565,2922,3,118.0
9118,724,3,226.0
1564,237,3,425.0
14565,1488,3,60.0
3465,1499,3,114.0
13814,2888,3,33.0
3009,2922,3,94.0
14276,2285,3,46.0
17901,1655,3,341.0
14062,1409,3,131.0
11141,1755,3,95.0
11268,1655,3,253.0
10619,1321,3,68.0
2874,1635,3,4.1
6543,1832,3,30.0
1270,814,3,11.8
17075,2922,3,89.0
547,2489,3,25.0
204,1488,3,47.0
15870,2056,3,3.1
15587,1488,3,111.0
14148,1277,3,12.3
5500,237,3,537.0
14106,98,3,10.1
12118,1488,3,66.0
17753,614,3,29.0
15109,2576,3,7.5
4928,1827,3,74.0
4783,237,3,770.0
2665,274,3,37.0
14177,2380,3,572.0
17017,2285,3,23.0
16297,1612,3,1.0
11538,2536,3,2.4
13224,2227,3,15.6
10437,2195,3,4.3
17780,2285,3,36.0
11503,972,3,1.3
4841,944,3,140.0
12642,354,3,1.1
10642,743,3,2.9
16105,100,3,1.4
2491,1832,3,13.7
8618,1488,3,59.0
9756,25,3,23.0
879,2285,3,58.0
12194,2148,3,5.6
444,1488,3,252.0
10282,2001,3,4.6
4420,594,3,3.3
11679,2547,3,3.0
7137,1488,3,20.0
2870,1215,3,3.3
7224,725,3,4.2
16352,778,3,53.0
3183,2285,3,1.2
13385,1825,3,9.2
12,1987,3,10.4
3949,1776,3,79.0
12132,2496,3,1.5
8792,2710,3,5.1
14039,549,3,6.3
46,2639,3,3.2
5160,2285,3,49.0
11797,614,3,95.0
6648,1832,3,34.0
12013,2630,3,0.6
12234,237,3,45.0
16836,2285,3,35.0
4483,2204,3,37.0
14012,823,3,9.0
17395,2922,3,150.0
7644,2922,3,218.0
5242,1488,3,289.0
8240,1403,3,20.0
12786,2922,3,46.0
11761,944,3,0.2
1650,1488,3,817.0
12733,410,3,5.2
83,2631,3,102.0
5412,745,3,14.4
5267,2488,3,76.0
14136,237,3,1049.0
8644,811,3,454.0
17755,2831,3,32.0
12708,2380,3,132.0
7086,2141,3,6.9
12201,2285,3,37.0
5167,2285,3,58.0
2878,2285,3,38.0
18151,1000,3,0.9
18006,2285,3,46.0
12053,1488,3,123.0
6939,1875,3,88.0
8198,1128,3,2.1
14447,2552,3,6.1
13880,1030,3,15.9
9947,2488,3,660.0
9134,2685,3,3.7
17466,1947,3,57.0
8832,2488,3,38.0
15173,1488,3,11.0
11795,2056,3,10.4
16913,2922,3,47.0
8007,2285,3,14.1
11903,2726,3,44.0
7767,1661,3,5.8
18174,1776,3,3.2
10484,2285,3,9.9
1511,1937,3,0.8
12383,1696,3,7.4
2330,766,3,6.2
595,1875,3,6.8
16982,2357,3,7.1
700,302,3,0.0
16928,2876,3,61.0
5473,2842,3,18.6
2830,556,3,24.0
422,1488,3,9.8
1891,2137,3,25.0
16998,2146,3,3.0
6926,1202,3,100.0
17956,2285,3,5.8
15661,545,3,5.6
12837,1488,3,23.0
8558,2764,3,0.1
5640,1983,3,4.6
10701,237,3,634.0
16298,1776,3,62.0
2926,1832,3,47.0
13051,425,3,31.0
16342,104,3,5.0
16419,1493,3,0.7
7277,2685,3,4474.0
12439,2285,3,13.6
6901,1755,3,1996.0
4762,1208,3,141.0
6121,2911,3,525.0
1764,2285,3,28.0
8362,1776,3,2.9
14296,271,3,0.6
16296,1473,3,7.0
17455,2285,3,10.8
5245,897,3,78.0
1014,2195,3,10.0
9402,725,3,38.0
5740,2285,3,5.9
15049,305,3,0.9
92,2122,3,13.8
10201,68,3,429.0
16675,2285,3,29.0
14428,2285,3,55.0
14454,25,3,1.5
8221,2285,3,18.7
5578,416,3,3.2
15804,836,3,57.0
6698,283,3,29.0
13757,1488,3,110.0
4022,814,3,504.0
10881,1181,3,0.1
8603,2340,3,142.0
196,2922,3,38.0
17795,573,3,20.0
10416,2285,3,76.0
18073,2685,3,2133.0
2915,1321,3,160.0
16557,2285,3,26.0
14422,2619,3,14.3
7295,100,3,68.0
7164,2922,3,110.0
3995,1837,3,102.0
8754,1628,3,0.2
17973,2630,3,4.1
1480,2865,3,421.0
14223,933,3,7.3
2056,25,3,12.4
13069,376,3,34.0
10627,1913,3,6.1
15598,100,3,110.0
2957,2886,3,11.2
9959,1488,3,236.0
15341,572,3,9.9
10872,725,3,78.0
9907,1488,3,73.0
11528,2272,3,37.0
312,1488,3,279.0
6668,2630,3,100.0
10241,1155,3,1.0
12893,1519,3,0.2
1841,1128,3,4.7
6950,2211,3,6.2
17193,2630,3,791.0
14116,2630,3,180.0
160,2339,3,51.0
13750,2927,3,0.1
2161,1128,3,17.4
11595,594,3,1215.0
15572,814,3,633.0
2566,2630,3,402.0
727,2285,3,66.0
9843,548,3,92.0
16726,1179,3,9.0
9241,1488,3,111.0
9862,237,3,332.0
4793,1037,3,16.6
2052,2285,3,50.0
4178,376,3,49.0
282,1876,3,18.3
6087,2285,3,11.3
1914,1488,3,110.0
14423,1875,3,49.0
10740,2285,3,0.2
17527,1443,3,6.0
16274,2726,3,13.0
3030,725,3,42.0
16073,2285,3,31.0
3984,1832,3,6.6
13368,1488,3,68.0
17947,2285,3,80.0
3004,1612,3,2.7
10952,2285,3,6.0
13393,1937,3,2.1
9258,2285,3,2.1
7862,1155,3,143.0
3075,745,3,2.0
14596,142,3,724.0
6010,1776,3,17.2
10558,1304,3,103.0
12736,237,3,49.0
17662,1832,3,67.0
3834,2631,3,61.0
13161,1488,3,39.0
725,2922,3,48.0
4586,2285,3,7.5
5191,2154,3,2.6
8975,2431,3,0.1
18155,685,3,1.1
11293,2327,3,3.3
16895,1612,3,0.1
604,1087,3,23.0
17667,1832,3,24.0
3855,2631,3,148.0
14133,30,3,1.5
14263,1488,3,700.0
8044,2610,3,2.2
13473,2285,3,60.0
1066,2285,3,12.4
12477,2630,3,198.0
771,2001,3,102.0
6111,530,3,0.6
2011,572,3,107.0
3147,2285,3,18.5
5981,594,3,174.0
4860,725,3,6.1
17995,1321,3,24.0
13423,52,3,125.0
15557,2285,3,34.0
5769,2366,3,0.1
11913,1853,3,0.2
8870,249,3,27.0
8030,1046,3,0.9
14181,2285,3,19.8
17897,2285,3,43.0
149,1189,3,7.6
16516,2780,3,99.0
11933,2639,3,53.0
6670,2380,3,0.7
13184,1539,3,94.0
6489,2285,3,35.0
7738,1611,3,4.1
11336,1488,3,32.0
15956,1304,3,3.1
8423,2922,3,492.0
16646,1323,3,66.0
18205,1156,3,1.2
7069,1814,3,3.3
11653,1800,3,0.5
6781,2441,3,5.7
6962,1488,3,128.0
3067,1488,3,51.0
13306,2285,3,45.0
6693,897,3,8.7
11509,1035,3,11.7
10710,933,3,5.7
8434,1488,3,9.2
17149,113,3,7.6
7507,2876,3,109.0
7038,114,3,5.8
11517,1101,3,1.7
5490,953,3,38.0
5870,2710,3,101.0
4888,1606,3,0.3
16169,272,3,108.0
4241,1488,3,292.0
15678,2922,3,128.0
12379,1488,3,254.0
1511,2630,3,67.0
10766,2441,3,0.7
3175,1611,3,9.1
1860,271,3,51.0
16818,2211,3,0.8
659,2630,3,201.0
17953,25,3,77.0
10492,1202,3,124.0
2152,2631,3,430.0
16579,2922,3,57.0
13492,579,3,26.0
2902,1832,3,45.0
16325,100,3,354.0
135,2285,3,2.0
13431,2654,3,100.0
14717,2028,3,105.0
4491,2630,3,285.0
10392,2380,3,824.0
4050,1488,3,25.0
9293,2001,3,0.9
11351,2922,3,269.0
8478,1832,3,2.7
14618,1937,3,3.1
7560,98,3,41.0
11890,1228,3,3.9
287,2631,3,89.0
3460,1690,3,2.6
12378,2285,3,1.0
14766,2922,3,79.0
7588,811,3,54.0
16619,2726,3,66.0
11473,972,3,56.0
14049,2630,3,168.0
14307,2285,3,0.2
1322,743,3,2.2
12440,368,3,0.1
9969,2285,3,78.0
9069,2122,3,95.0
2353,2196,3,0.2
6726,745,3,4.4
15013,1156,3,3.3
12692,2285,3,48.0
17119,2235,3,0.7
7038,614,3,119.0
14592,915,3,24.0
9639,2770,3,4.6
13450,745,3,0.6
1246,2285,3,13.8
14761,104,3,1.1
10175,2285,3,31.0
17250,1030,3,31.0
16012,2285,3,37.0
14811,1488,3,128.0
9121,2630,3,55.0
10351,811,3,116.0
7783,4,3,15.8
17217,1488,3,49.0
1759,1202,3,0.0
5010,2285,3,28.0
5118,25,3,37.0
11736,2398,3,4.0
984,814,3,1.4
10960,1937,3,4.2
7544,2285,3,3.4
7822,96,3,6.7
17319,745,3,0.6
2611,1614,3,3.3
459,1876,3,21.0
10221,811,3,158.0
13481,2285,3,0.1
17053,444,3,33.0
10661,137,3,5.6
7478,766,3,13.3
18093,1321,3,68.0
10527,1166,3,146.0
9705,1499,3,12.1
8896,2285,3,63.0
8384,836,3,0.2
1281,2285,3,5.1
14217,1873,3,0.9
6195,614,3,33.0
14784,2285,3,49.0
10850,1142,3,39.0
8927,1337,3,2.9
5244,743,3,22.0
14746,1166,3,126.0
9545,2285,3,40.0
8475,1628,3,1.0
17177,2095,3,351.0
6310,1655,3,3.4
15728,2285,3,26.0
6129,2488,3,195.0
11133,1636,3,0.3
15191,1832,3,86.0
462,100,3,19.1
5123,221,3,8.6
17105,2532,3,3.1
7399,803,3,17.3
11869,1488,3,88.0
13629,2630,3,208.0
16070,2285,3,50.0
14508,2444,3,16.0
4419,2285,3,1.7
3675,2285,3,11.2
12971,2630,3,485.0
16147,2726,3,36.0
8560,2285,3,17.4
10457,2285,3,6.6
13020,1876,3,11.5
1306,933,3,5.2
17329,2742,3,15.2
9305,1300,3,471.0
4852,272,3,13.6
13356,2285,3,4.1
10717,2195,3,4.1
13106,2285,3,0.6
11267,1596,3,4.9
6893,1720,3,1.6
11739,2013,3,34.0
15576,1228,3,47.0
12218,1557,3,329.0
2637,2631,3,225.0
1665,2522,3,6.0
17646,43,3,54.0
2452,2726,3,96.0
4808,828,3,112.0
3524,745,3,149.0
6761,2285,3,1.5
6667,282,3,1.7
14029,2630,3,1.5
14625,1875,3,33.0
16643,2783,3,4.4
16825,2638,3,90.0
7074,2922,3,145.0
11137,2285,3,5.8
15344,2285,3,44.0
1314,2630,3,846.0
11250,2865,3,70.0
5444,1166,3,368.0
9517,274,3,91.0
12575,1632,3,96.0
12289,1612,3,0.7
11451,2285,3,23.0
14804,980,3,1.0
11726,10,3,0.0
2658,1876,3,6.4
12085,946,3,105.0
16122,739,3,6.7
10035,1721,3,0.1
2764,2842,3,2.8
12889,556,3,3.8
11335,1937,3,7.4
17593,2219,3,51.0
15095,2285,3,0.4
17033,2285,3,13.0
11977,1488,3,43.0
13406,274,3,34.0
14405,2148,3,12.9
6992,1488,3,49.0
2557,237,3,21.0
4122,1488,3,141.0
3879,1655,3,1139.0
1030,2630,3,123.0
15504,1128,3,21.0
17630,2298,3,76.0
18092,579,3,35.0
17531,1395,3,1.9
13666,1488,3,328.0
8793,387,3,2.5
42,1685,3,1.0
1745,137,3,0.4
11922,2285,3,65.0
12403,2285,3,3.0
7548,1341,3,4.8
3792,1858,3,1.8
10157,2142,3,2.7
2968,2526,3,4.9
6770,685,3,4.1
579,723,3,1.3
14331,1128,3,95.0
16604,1596,3,3.0
619,1432,3,3.6
2565,762,3,46.0
8396,1939,3,0.4
10378,272,3,73.0
10554,1606,3,0.3
13174,2430,3,5.5
16234,1156,3,2.9
823,2527,3,13.4
10041,2547,3,69.0
1368,1832,3,0.8
363,1202,3,0.0
2176,2607,3,26.0
10230,2922,3,88.0
14605,781,3,18.9
16738,2285,3,12.8
2364,1488,3,33.0
13140,2710,3,42.0
9775,2922,3,178.0
10561,1488,3,6.2
12841,1628,3,0.4
16121,1937,3,2.5
1191,696,3,187.0
10958,2631,3,7.4
9897,1118,3,3.4
17002,1596,3,2.8
6851,1681,3,2.4
7975,2285,3,42.0
3367,1832,3,0.9
17450,2380,3,850.0
1226,1443,3,5.8
5537,1488,3,7.6
9888,2922,3,109.0
1620,1785,3,89.0
16960,2285,3,1.0
9892,1875,3,46.0
8166,1114,3,0.0
14731,1937,3,0.6
2827,2285,3,49.0
15500,685,3,4.9
14855,1647,3,30.0
11430,1832,3,18.5
14930,237,3,402.0
364,237,3,92.0
7067,404,3,10.8
7561,1488,3,56.0
13720,572,3,130.0
17815,814,3,348.0
6607,1937,3,17.2
214,738,3,22.0
11129,1488,3,246.0
15283,2285,3,39.0
457,1128,3,27.0
15635,68,3,74.0
13840,1128,3,47.0
16305,2710,3,40.0
15381,1189,3,134.0
6498,946,3,12.8
641,2922,3,958.0
5929,2468,3,3.1
6710,1488,3,9.9
7852,2285,3,48.0
14805,2922,3,170.0
704,1054,3,21.0
12685,734,3,0.4
7605,1832,3,23.0
9853,1128,3,1.5
8960,1488,3,94.0
5853,2638,3,180.0
17147,1030,3,4.8
13980,1488,3,37.0
17657,2338,3,0.8
3811,1206,3,0.5
4408,1612,3,0.8
259,1128,3,21.0
16670,1300,3,190.0
2700,1752,3,14.1
11338,1596,3,1.4
17629,2285,3,24.0
5205,1300,3,191.0
9713,2630,3,191.0
7207,552,3,0.5
17336,2922,3,208.0
12510,2630,3,352.0
4947,2726,3,153.0
4740,237,3,96.0
9732,867,3,6.6
804,2339,3,6.5
2688,2901,3,27.0
10125,2380,3,1077.0
10956,1488,3,4.8
10921,2285,3,0.5
8294,1583,3,179.0
8819,2865,3,151.0
3221,2285,3,33.0
8803,2371,3,19.8
213,237,3,130.0
6582,2056,3,7.9
13359,2677,3,7.0
13120,68,3,809.0
15379,1716,3,187.0
4768,2285,3,0.2
10448,2285,3,2.6
3204,2340,3,69.0
14143,2342,3,1.4
3684,1864,3,1.6
13665,1189,3,63.0
6933,1300,3,224.0
8072,1473,3,0.0
14814,1618,3,10.8
15752,2423,3,42.0
11526,1488,3,22.0
10454,2285,3,32.0
6353,2285,3,9.3
16458,2285,3,14.8
2162,293,3,1.9
8931,2285,3,21.0
14611,100,3,43.0
4898,1488,3,348.0
941,2285,3,2.1
1890,2285,3,179.0
7153,471,3,8.0
581,1182,3,6.4
7511,725,3,74.0
17758,725,3,162.0
885,2526,3,17.5
2654,572,3,241.0
1784,1937,3,0.3
16215,537,3,50.0
616,2285,3,42.0
13293,1832,3,22.0
8627,2631,3,166.0
18110,1827,3,191.0
1364,237,3,346.0
4613,1488,3,125.0
1289,1628,3,0.6
3489,2710,3,7.8
16486,1721,3,734.0
16793,887,3,2.2
6152,2285,3,17.4
6854,944,3,151.0
5022,814,3,1429.0
18165,946,3,182.0
13547,272,3,189.0
7197,1875,3,0.9
10942,1876,3,19.1
7293,1355,3,5.5
7973,445,3,46.0
16944,1488,3,278.0
5820,343,3,14.9
5399,1838,3,2.8
10007,2285,3,32.0
13441,745,3,22.0
584,1937,3,0.1
942,1609,3,94.0
9610,2631,3,163.0
11501,1488,3,86.0
15578,2098,3,27.0
8366,2547,3,29.0
943,1488,3,59.0
2916,1837,3,28.0
16098,556,3,2.8
16772,745,3,0.2
10653,237,3,478.0
10546,944,3,0.2
13435,1189,3,242.0
283,2285,3,36.0
5985,2285,3,46.0
5178,2842,3,1.5
17367,1488,3,203.0
8045,2380,3,152.0
12051,1610,3,52.0
8426,1596,3,1.6
9384,2122,3,134.0
13855,113,3,192.0
12940,521,3,309.0
7228,2285,3,19.7
11805,1488,3,660.0
7733,1189,3,37.0
3176,302,3,779.0
15633,1507,3,209.0
2455,1832,3,80.0
2271,2285,3,36.0
2515,1027,3,4.1
15013,2317,3,62.0
12012,272,3,66.0
14395,2285,3,10.8
2884,1655,3,0.6
827,1189,3,79.0
4655,2028,3,5.3
5530,1036,3,1.8
7756,2922,3,3.8
15425,1488,3,38.0
3441,670,3,12.3
2783,1488,3,5.1
4311,2285,3,5.7
13533,1609,3,0.9
8476,2631,3,67.0
2121,1534,3,220.0
9619,1608,3,1.2
6897,1488,3,56.0
16217,2423,3,1.0
15636,2285,3,76.0
15827,1488,3,30.0
10474,1717,3,0.5
3938,2631,3,175.0
16768,944,3,518.0
5918,2496,3,3.8
2501,1832,3,41.0
11575,2340,3,21.0
15192,2922,3,41.0
6767,2423,3,1.0
15796,237,3,6.8
6906,1488,3,0.6
8675,2630,3,139.0
8116,2285,3,54.0
11206,2398,3,0.1
13749,1128,3,1.5
13660,944,3,195.0
10646,2039,3,9.1
1497,2285,3,22.0
7331,814,3,44.0
6713,25,3,12.0
4563,1040,3,6.3
13463,2630,3,98.0
1384,237,3,410.0
18026,31,3,3.3
16666,2285,3,42.0
16501,1128,3,63.0
12181,1757,3,1.3
16150,2285,3,15.8
15453,68,3,3999.0
7013,2366,3,0.0
10358,2285,3,7.8
16741,1488,3,17.5
464,2922,3,109.0
8073,1958,3,1.6
7836,1616,3,5.5
14711,2285,3,31.0
8620,2692,3,2.6
15023,1737,3,0.9
6604,2285,3,16.0
9008,1410,3,2.7
16003,1488,3,27.0
9875,2285,3,80.0
7087,2285,3,13.5
15734,2285,3,5.7
13235,546,3,120.0
8858,1876,3,5.4
12556,2631,3,145.0
7376,1578,3,39.0
1604,2376,3,5.6
560,1944,3,0.2
9634,2285,3,47.0
2992,1202,3,283.0
10775,2285,3,1.5
11702,867,3,3.3
7330,25,3,3.7
7054,2783,3,12.9
6596,2285,3,10.7
5555,811,3,2.3
15511,1802,3,7.8
13859,1128,3,34.0
15687,1721,3,39.0
12275,22,3,10.1
2014,2631,3,11.8
1297,2285,3,82.0
2971,2285,3,41.0
12992,594,3,0.0
16864,272,3,23.0
425,1488,3,25.0
449,1827,3,22.0
655,1832,3,52.0
16865,1488,3,158.0
7694,2285,3,22.0
14924,2285,3,27.0
4076,1488,3,292.0
320,1117,3,57.0
13168,2285,3,16.8
2462,1832,3,39.0
7955,1827,3,10.5
6634,2285,3,35.0
9982,2225,3,519.0
12003,725,3,34.0
2141,1341,3,39.0
6453,2195,3,6.6
9762,1128,3,33.0
11433,1564,3,15.1
389,2922,3,225.0
6614,2285,3,48.0
10289,1721,3,14.9
12170,2726,3,80.0
16216,1985,3,366.0
15141,2285,3,53.0
12287,2285,3,1.1
3510,617,3,20.0
13945,2922,3,102.0
16969,237,3,428.0
14295,2865,3,302.0
1703,2285,3,30.0
13338,718,3,9.3
3362,175,3,0.8
16811,2726,3,13.0
9414,68,3,397.0
11989,1202,3,92.0
6798,2285,3,26.0
573,2285,3,49.0
7923,823,3,2.4
976,2630,3,120.0
4760,1605,3,6.9
17694,1721,3,147.0
9336,237,3,466.0
4204,2285,3,3.1
12326,2773,3,2.5
8082,1655,3,70.0
13098,265,3,6.2
11579,1054,3,3.4
16007,718,3,10.7
9170,2285,3,44.0
596,2865,3,11.9
7724,2630,3,106.0
15528,1832,3,18.7
5337,1409,3,5.1
497,2922,3,112.0
14783,237,3,213.0
8263,2227,3,1431.0
11777,2630,3,109.0
14617,2726,3,12.2
9901,1488,3,25.0
5164,854,3,169.0
5406,1776,3,59.0
5526,1488,3,168.0
307,1937,3,18.2
357,2922,3,181.0
15508,1609,3,31.0
7468,344,3,9.3
7703,2285,3,28.0
15284,1488,3,52.0
17113,1488,3,128.0
4398,559,3,2.2
5666,885,3,1.5
6877,1488,3,104.0
17636,2654,3,61.0
3084,2285,3,29.0
3451,1488,3,86.0
2299,944,3,9.4
1903,272,3,10.0
18206,2876,3,387.0
3586,944,3,457.0
7585,2099,3,0.5
12131,2285,3,0.4
7493,854,3,16.1
665,1128,3,31.0
696,2285,3,7.0
15812,2285,3,83.0
11644,1832,3,115.0
10936,2630,3,411.0
10494,1776,3,0.2
8155,2285,3,22.0
13378,2285,3,1.9
133,2274,3,40.0
10629,1166,3,78.0
574,1488,3,1794.0
17748,25,3,20.0
2272,997,3,2.2
8470,469,3,15.1
6183,2557,3,0.5
16886,1488,3,10.7
7807,2923,3,0.3
7060,2922,3,165.0
7965,1036,3,33.0
10955,1155,3,584.0
4169,2285,3,55.0
17306,1041,3,5.1
7942,1341,3,25.0
18017,2922,3,93.0
6469,2285,3,54.0
16647,1096,3,6.0
11638,2096,3,2.0
6846,2204,3,6.6
2502,1584,3,3.3
17893,1488,3,63.0
15793,1776,3,25.0
14304,2298,3,27.0
17619,2631,3,51.0
8598,2865,3,13.2
3744,2285,3,27.0
6268,2489,3,1.5
2301,100,3,75.0
18224,2278,3,4.6
8623,1556,3,3.2
5492,1607,3,4.6
7214,1937,3,0.6
2181,2780,3,0.4
17873,200,3,31.0
10493,2285,3,15.3
11511,2285,3,0.2
4961,2195,3,7.3
16436,921,3,0.7
9272,2285,3,15.8
10699,1628,3,1.4
7116,1937,3,8.8
7015,2285,3,11.6
675,2922,3,63.0
13497,1524,3,0.3
6105,2630,3,19.2
12057,237,3,243.0
17833,1128,3,139.0
7092,1488,3,62.0
13948,212,3,0.2
3895,1611,3,75.0
2766,1488,3,154.0
17733,1832,3,0.6
7766,2285,3,34.0
14524,1838,3,1.5
11983,2285,3,13.3
6931,2285,3,1.6
13780,286,3,1.7
11613,1947,3,0.1
17015,1488,3,15.2
9079,1202,3,9.2
17592,1610,3,2.1
13329,100,3,3.2
7621,1409,3,17.2
7832,2536,3,4.2
15466,2922,3,66.0
6135,2710,3,1.6
2114,1488,3,119.0
11409,2911,3,961.0
12641,965,3,0.1
3112,2285,3,13.8
16872,2028,3,88.0
331,2195,3,0.8
7914,2291,3,13.3
15254,1876,3,14.3
12952,1488,3,35.0
12987,368,3,209.0
11469,2285,3,29.0
8296,1832,3,16.2
13474,2922,3,273.0
2929,2148,3,6.4
6376,1838,3,10.0
17550,2285,3,87.0
132,1353,3,1.2
15223,25,3,0.2
15888,237,3,51.0
14593,530,3,1.6
11061,2285,3,174.0
16904,2630,3,85.0
15880,555,3,0.8
3326,745,3,1.7
4337,343,3,160.0
6644,2285,3,29.0
14496,2630,3,316.0
13119,1128,3,78.0
11767,2285,3,44.0
16235,2205,3,24.0
13416,1832,3,43.0
8328,1189,3,1.2
8018,237,3,110.0
10651,2780,3,0.4
18185,282,3,3.6
4254,1155,3,172.0
3710,1488,3,38.0
407,1208,3,17.4
6874,854,3,313.0
15250,2230,3,8.2
13042,2496,3,17.7
14856,1492,3,127.0
16735,1596,3,4.6
6442,1832,3,19.6
10961,881,3,138.0
10693,2630,3,232.0
2629,68,3,257.0
14035,614,3,9.8
12696,2285,3,25.0
15702,2630,3,165.0
2413,1610,3,1061.0
10814,734,3,9.9
9760,2392,3,12.8
3925,1608,3,2252.0
8905,2285,3,51.0
18193,1054,3,24.0
10431,1577,3,0.0
5346,1612,3,0.1
10854,732,3,188.0
8976,732,3,417.0
13245,811,3,231.0
3926,1323,3,856.0
16941,2122,3,71.0
16335,1128,3,79.0
7082,2285,3,49.0
447,2876,3,145.0
16510,1189,3,45.0
17968,2409,3,8.9
13535,2865,3,53.0
17212,1202,3,8.6
16720,2285,3,38.0
10139,200,3,19.6
11366,1774,3,0.5
404,823,3,253.0
6015,830,3,12.6
7039,68,3,1255.0
7193,1647,3,137.0
12516,1488,3,51.0
12930,1488,3,28.0
13033,1617,3,54.0
12924,814,3,1011.0
11226,1832,3,14.8
7217,1488,3,11.4
8304,743,3,26.0
17187,1876,3,25.0
14152,1488,3,1.9
5852,1488,3,20.0
654,332,3,1.0
8477,2285,3,31.0
14601,237,3,216.0
2165,2001,3,5.8
4780,2285,3,17.4
17485,2630,3,375.0
8191,1578,3,75.0
9002,725,3,42.0
446,2922,3,176.0
8482,2710,3,30.0
16447,1776,3,24.0
6279,1156,3,1.6
3696,2285,3,58.0
7916,1832,3,69.0
576,1488,3,9.6
18199,1166,3,83.0
2195,2285,3,71.0
16922,161,3,44.0
15419,1304,3,140.0
14403,1488,3,25.0
692,1832,3,6.4
8379,1827,3,183.0
11885,1179,3,15.5
8886,1128,3,54.0
14262,282,3,0.2
1517,2285,3,30.0
6045,1488,3,124.0
16575,2096,3,322.0
705,1578,3,49.0
2546,1300,3,339.0
8123,2285,3,6.9
16856,1488,3,2.8
12731,1811,3,0.5
17504,1189,3,58.0
15305,928,3,1.0
9010,1030,3,309.0
15405,2285,3,42.0
11410,1488,3,11.6
17264,556,3,0.8
12584,237,3,197.0
7810,2630,3,124.0
521,813,3,3.2
4516,2055,3,2.8
6432,2001,3,0.4
10945,2285,3,60.0
8997,1832,3,57.0
10611,2639,3,22.0
6104,795,3,1.8
15030,1830,3,1.1
5767,2468,3,11.9
14780,2285,3,43.0
14149,2922,3,85.0
14117,1202,3,4.7
8134,878,3,24.0
11957,2001,3,40.0
9200,312,3,54.0
2797,594,3,362.0
9219,237,3,382.0
12207,1578,3,246.0
5240,23,3,2.0
17060,2630,3,215.0
17251,2606,3,2.5
5643,237,3,406.0
4591,1776,3,6.6
11025,1488,3,74.0
8269,237,3,807.0
14561,2607,3,29.0
18139,1721,3,175.0
13383,1132,3,0.5
11246,237,3,51.0
10687,2630,3,208.0
1763,743,3,1.2
12874,2285,3,43.0
14888,972,3,0.1
12409,68,3,711.0
13770,1166,3,364.0
16207,1156,3,0.8
6840,1488,3,17.2
13718,1832,3,41.0
3059,1166,3,133.0
17554,1166,3,154.0
11450,1488,3,10.4
12208,2865,3,82.0
10147,2285,3,25.0
4586,2001,3,85.0
18029,1036,3,19.7
14108,995,3,0.2
15948,2726,3,86.0
8443,2726,3,30.0
7001,2630,3,476.0
1034,919,3,3.6
7774,2726,3,21.0
10391,2285,3,37.0
1027,1488,3,4.5
1386,2508,3,4.6
670,2285,3,37.0
13005,2285,3,0.3
10032,2726,3,39.0
15526,814,3,484.0
1039,2285,3,47.0
5020,2340,3,20.0
12769,1488,3,45.0
18076,1488,3,24.0
15583,745,3,0.2
18089,1488,3,2.9
16103,725,3,33.0
8847,2391,3,12.5
328,2285,3,54.0
3118,796,3,43.0
10610,1754,3,1.0
2995,2095,3,8.2
3470,1030,3,5.5
9541,282,3,4.1
1160,965,3,1.7
2496,444,3,11.0
14271,2922,3,77.0
16194,1832,3,88.0
14449,1156,3,7.4
3428,1662,3,21.0
3482,2285,3,6.1
5908,1488,3,451.0
8386,2780,3,55.0
3147,1488,3,22.0
14312,2122,3,76.0
14497,2865,3,0.6
16648,1488,3,11.8
12381,2087,3,2.2
16082,2922,3,51.0
2908,1832,3,4.7
17462,2526,3,0.4
4965,272,3,26.0
2234,2285,3,68.0
7278,2285,3,42.0
5222,1488,3,19.8
9721,2380,3,709.0
7857,2631,3,31.0
13394,811,3,55.0
6742,25,3,32.0
8812,272,3,43.0
555,944,3,9.4
13257,25,3,34.0
9549,1305,3,5.7
7452,2380,3,461.0
4684,1300,3,164.0
8767,878,3,21.0
9181,2285,3,44.0
1290,1606,3,676.0
15241,1166,3,62.0
7312,946,3,109.0
16512,2285,3,65.0
13184,2122,3,31.0
17785,901,3,16.6
17942,980,3,2.0
17716,237,3,22.0
11999,2285,3,16.3
777,2285,3,77.0
17781,1488,3,7.0
1830,1973,3,65.0
8271,2730,3,49.0
10216,2523,3,16.4
17803,1776,3,65.0
7538,2630,3,518.0
380,2285,3,44.0
13675,2631,3,8.6
7407,2285,3,30.0
14996,1037,3,25.0
114,1054,3,19.0
14361,2726,3,11.6
10996,1832,3,0.6
5892,1581,3,6.0
16240,1488,3,29.0
8922,2694,3,5.3
17730,2205,3,5.2
8251,1832,3,9.8
9296,2179,3,4.1
8826,933,3,6.5
5765,2285,3,19.0
8068,2340,3,39.0
5126,2638,3,46.0
10833,814,3,168.0
18150,800,3,0.6
1674,685,3,52.0
9324,2205,3,65.0
8934,915,3,35.0
14771,2726,3,16.2
13552,2630,3,76.0
15196,98,3,13.7
8173,2380,3,477.0
15875,2630,3,228.0
16899,889,3,10.8
10907,1488,3,21.0
15634,399,3,26.0
17542,2922,3,54.0
1391,1876,3,38.0
11599,1471,3,8.7
17231,946,3,67.0
10908,2523,3,2.0
6141,1228,3,158.0
16890,1128,3,126.0
15677,1304,3,61.0
15234,2488,3,1193.0
12762,1832,3,0.1
470,2285,3,17.9
4006,1488,3,106.0
8192,1947,3,40.0
17061,1488,3,42.0
795,1937,3,0.4
13411,2285,3,52.0
11573,1139,3,15.0
1152,1492,3,1.6
757,1835,3,0.1
18211,1655,3,169.0
13310,1485,3,6.6
14689,913,3,11.9
50,2526,3,80.0
10677,556,3,28.0
17540,2111,3,0.1
7178,2285,3,10.3
2486,915,3,41.0
18039,2285,3,21.0
1073,2285,3,1.2
13451,1144,3,7.3
10166,1488,3,16.4
5683,1128,3,102.0
3202,2285,3,19.2
688,100,3,188.0
2230,1638,3,9.4
16456,1035,3,55.0
14716,25,3,17.2
4664,2607,3,0.0
9675,2285,3,58.0
16191,1177,3,27.0
10722,2285,3,16.4
16092,1833,3,1.0
16378,2142,3,95.0
17357,343,3,47.0
4063,2285,3,36.0
12314,1128,3,77.0
512,2630,3,269.0
9960,1488,3,38.0
10974,2292,3,16.4
11045,2630,3,0.4
11060,2285,3,36.0
6013,1300,3,480.0
12434,1832,3,17.7
6525,1876,3,24.0
4021,660,3,10.2
8411,556,3,16.8
9855,1488,3,55.0
8401,1832,3,5.7
6352,425,3,50.0
5114,98,3,48.0
517,725,3,41.0
17729,2285,3,66.0
13298,1858,3,46.0
10366,274,3,50.0
9943,2519,3,6.2
14280,811,3,2.2
14570,2536,3,6.7
3933,1832,3,84.0
14586,1962,3,2.6
2594,1930,3,13.2
9726,405,3,3.4
3825,1832,3,110.0
9123,2526,3,98.0
4009,2285,3,37.0
164,1030,3,53.0
8822,784,3,0.0
2358,100,3,78.0
18200,1044,3,2.2
18087,2285,3,22.0
16043,2630,3,937.0
1701,282,3,4.0
5651,1596,3,1.2
6680,1488,3,89.0
5084,1578,3,135.0
18063,814,3,240.0
298,2922,3,115.0
12199,1876,3,17.0
6471,766,3,58.0
358,1488,3,28.0
10480,1832,3,4.3
11477,2285,3,64.0
6616,1932,3,0.5
13154,1030,3,53.0
10964,2285,3,13.4
10060,572,3,238.0
7174,2630,3,331.0
2133,946,3,1.3
774,1611,3,80.0
2048,2285,3,15.8
8201,237,3,59.0
16398,811,3,115.0
14902,2027,3,262.0
18027,2285,3,15.0
3915,725,3,83.0
13566,1832,3,34.0
15237,2225,3,833.0
4818,546,3,3.0
15050,1832,3,5.7
11331,2195,3,5.8
11849,2285,3,39.0
13280,1488,3,44.0
5880,2285,3,0.4
4003,2630,3,9.8
5819,2285,3,49.0
3256,743,3,179.0
13171,2922,3,10.8
12068,2922,3,58.0
6154,1391,3,10.2
1311,1488,3,36.0
15553,594,3,15.9
16022,1320,3,22.0
4513,2285,3,70.0
13934,2027,3,0.5
17393,13,3,0.5
8274,68,3,80.0
9955,2630,3,108.0
15845,2285,3,53.0
11654,1612,3,0.1
15219,282,3,8.8
2554,25,3,0.8
6751,237,3,134.0
15961,2285,3,13.4
16008,2285,3,42.0
14266,1488,3,62.0
7662,2631,3,381.0
8509,1044,3,30.0
9299,921,3,7.8
10659,1937,3,0.7
12724,614,3,4.7
2737,2630,3,161.0
361,2726,3,24.0
11205,2285,3,26.0
17384,272,3,2.7
8802,2784,3,0.4
12445,2726,3,323.0
17858,1030,3,457.0
7326,1604,3,7.9
669,745,3,0.4
13571,2631,3,17.5
10818,1838,3,4.7
6168,946,3,11.6
301,1414,3,2.2
10923,2285,3,48.0
16625,2285,3,34.0
11614,1488,3,47.0
17233,797,3,14.5
7131,2195,3,0.7
316,1832,3,62.0
17666,1611,3,140.0
374,2888,3,10.2
7073,100,3,525.0
7440,1030,3,66.0
10348,368,3,1.2
17798,2630,3,297.0
13139,2285,3,31.0
15364,343,3,2.5
13692,237,3,120.0
17323,2488,3,135.0
8308,1937,3,4.1
6215,867,3,11.6
6759,1853,3,0.4
1070,1382,3,1.3
5296,1488,3,63.0
14729,2922,3,114.0
17001,2328,3,0.8
2339,2922,3,148.0
15507,1128,3,27.0
6410,1488,3,23.0
15949,2340,3,17.2
662,745,3,2.2
14848,2488,3,293.0
18103,1832,3,34.0
6821,1030,3,78.0
16343,1128,3,60.0
16273,2420,3,80.0
11236,913,3,0.7
6415,1177,3,2.1
2294,2340,3,7.2
5311,2285,3,29.0
8866,1488,3,2.6
13719,2922,3,159.0
257,2285,3,7.1
14632,331,3,0.2
17923,1610,3,1629.0
17355,1128,3,97.0
6815,2743,3,8.5
6537,237,3,6.0
2981,2285,3,37.0
11118,2630,3,2.3
9001,1488,3,13.7
7726,2585,3,44.0
15939,2876,3,687.0
7065,2631,3,133.0
11851,426,3,74.0
511,1491,3,7.1
11085,766,3,1688.0
15655,1832,3,69.0
10316,1488,3,35.0
8973,113,3,12.3
2790,820,3,1.6
386,98,3,22.0
14978,2500,3,0.2
346,1647,3,867.0
7135,2592,3,35.0
15876,1202,3,0.9
377,343,3,0.2
1969,2726,3,35.0
15395,77,3,57.0
13541,1488,3,34.0
8343,594,3,933.0
9015,2285,3,61.0
948,8,3,0.0
532,343,3,1.9
14637,1300,3,8.4
18030,312,3,18.0
14772,556,3,2.1
6247,1128,3,59.0
16737,1757,3,0.8
8963,814,3,356.0
15041,1875,3,18.8
9183,2285,3,19.6
11286,2922,3,67.0
4399,2922,3,47.0
8900,1937,3,0.0
2298,1044,3,34.0
14318,1377,3,2.6
12140,1488,3,16.4
13123,1488,3,53.0
8974,1488,3,27.0
16987,376,3,10.3
7173,1655,3,1075.0
12248,2122,3,156.0
7419,572,3,192.0
2612,814,3,0.5
10082,2685,3,1365.0
5044,745,3,15.2
3994,237,3,1369.0
9106,1475,3,18.6
212,797,3,3.1
12307,1832,3,43.0
9181,2630,3,32.0
10954,1610,3,88.0
13117,1342,3,72.0
1553,2103,3,0.1
17484,2285,3,3.9
591,1488,3,13.1
11464,25,3,51.0
10177,1612,3,2.7
2149,2842,3,27.0
14384,2630,3,186.0
6272,2285,3,1.1
14287,25,3,41.0
15976,2285,3,47.0
12236,774,3,27.0
17392,2205,3,0.1
2512,2285,3,2.4
104,2285,3,67.0
5192,137,3,0.8
13308,272,3,3.5
663,2843,3,0.7
5993,1128,3,81.0
12901,1488,3,2.7
137,1202,3,16.1
599,1776,3,73.0
14872,1939,3,4.9
15928,1304,3,216.0
2500,371,3,36.0
15200,2922,3,196.0
5732,1096,3,2.6
14833,1202,3,77.0
4604,1228,3,691.0
13523,2285,3,31.0
16618,745,3,45.0
10214,594,3,387.0
13457,2630,3,115.0
175,237,3,69.0
2541,2630,3,473.0
15394,1096,3,0.3
877,2122,3,124.0
14066,25,3,76.0
14733,2285,3,14.9
16014,2285,3,59.0
8633,811,3,21.0
7866,1721,3,26.0
16782,1488,3,8.0
6314,2922,3,188.0
2289,1832,3,67.0
8516,1832,3,44.0
5552,2096,3,55.0
10050,2630,3,113.0
5568,311,3,64.0
6794,1838,3,8.8
6603,2562,3,13.7
722,1596,3,0.3
6138,1488,3,4.0
13556,1037,3,37.0
2622,1030,3,133.0
16386,2922,3,231.0
2604,2285,3,33.0
7950,2281,3,11.5
4305,743,3,6.3
1543,274,3,69.0
166,282,3,5.5
9191,1128,3,60.0
16779,2157,3,26.0
3081,2122,3,84.0
12416,25,3,2.2
12943,2027,3,110.0
16673,1737,3,0.2
9184,2922,3,80.0
17812,368,3,291.0
16278,1721,3,0.3
6986,1690,3,1.2
1128,265,3,0.6
2389,1838,3,1.0
9471,1431,3,3.0
2601,271,3,40.0
5645,2195,3,24.0
296,1488,3,55.0
17120,1982,3,1.6
1690,237,3,513.0
16219,2285,3,24.0
15222,2285,3,26.0
17292,1277,3,8.9
14597,1612,3,0.0
15589,2285,3,15.9
15953,2831,3,19.8
13655,1488,3,9.3
9542,2588,3,2.3
8403,2489,3,76.0
2770,1875,3,8.8
2835,1029,3,0.2
10817,2881,3,0.2
633,2726,3,144.0
7420,237,3,6.7
10676,1832,3,18.6
606,25,3,0.6
14936,1832,3,31.0
17888,1156,3,16.2
15536,2336,3,9.9
11174,434,3,2.2
17277,1565,3,0.6
14120,1875,3,10.8
14580,785,3,1.7
15487,2865,3,20.0
5790,1341,3,0.7
5644,2285,3,32.0
12751,2922,3,765.0
914,2285,3,23.0
575,1680,3,13.6
12630,237,3,500.0
10983,718,3,7.0
11677,1937,3,0.8
10893,2285,3,35.0
2221,1609,3,76.0
17036,2285,3,89.0
11576,2285,3,19.5
2066,1488,3,11.3
716,2285,3,0.4
17532,1473,3,14.0
586,946,3,330.0
8405,2631,3,76.0
9270,2285,3,12.8
7847,1128,3,581.0
10390,814,3,108.0
11717,2922,3,88.0
10665,2285,3,108.0
151,2710,3,13.2
14533,1202,3,137.0
13584,2630,3,30.0
17412,2630,3,66.0
16986,237,3,485.0
6008,1496,3,48.0
2311,2726,3,508.0
14284,2339,3,108.0
10371,1832,3,4.4
9448,1578,3,3.3
6399,1596,3,1.6
7998,685,3,70.0
7772,812,3,0.4
12956,379,3,0.0
8497,2469,3,2.4
7924,2431,3,2.3
17692,368,3,0.6
18230,2710,3,6.5
12825,2285,3,39.0
2438,2285,3,21.0
16777,718,3,9.6
15998,944,3,0.4
109,1439,3,2.5
4494,2285,3,0.1
9518,2285,3,32.0
4552,1467,3,1.8
10307,276,3,17.7
11243,811,3,66.0
14249,854,3,443.0
14961,2710,3,7.5
7280,1488,3,104.0
4575,1832,3,6.1
203,2142,3,40.0
12167,2759,3,61.0
7374,2285,3,14.6
16333,1488,3,292.0
15570,2865,3,10.6
11459,2922,3,1229.0
9284,1488,3,6.0
1804,614,3,29.0
6407,1800,3,0.4
14620,2631,3,29.0
9142,745,3,0.2
1606,2923,3,0.2
12760,1609,3,175.0
118,2118,3,0.2
473,25,3,21.0
17006,2922,3,22.0
5954,949,3,0.5
12994,1128,3,0.5
16048,2631,3,87.0
16964,1488,3,18.2
3988,272,3,5.6
13595,1054,3,24.0
269,1488,3,9.2
6515,461,3,2.3
749,1832,3,96.0
15181,538,3,3.4
17681,1717,3,1.8
8948,237,3,650.0
15061,1737,3,3.2
10330,1881,3,281.0
7311,1177,3,13.3
7658,2285,3,33.0
10081,2285,3,16.8
7674,9,3,71.0
13477,2096,3,49.0
6853,1578,3,412.0
3463,2922,3,62.0
10557,2285,3,15.8
17398,2922,3,88.0
11549,1335,3,0.0
10207,2922,3,39.0
8216,1202,3,426.0
8182,1937,3,0.6
8736,1655,3,2.9
6348,2285,3,13.2
7453,924,3,2.3
4111,1780,3,17.4
8463,2195,3,0.2
16075,1616,3,9.8
8313,2285,3,5.7
14863,1832,3,25.0
14694,1488,3,77.0
14968,2922,3,277.0
3947,2285,3,10.7
6967,2630,3,124.0
726,68,3,28.0
491,1832,3,58.0
17595,1609,3,129.0
8363,1488,3,32.0
14969,1155,3,4.4
10673,2792,3,0.0
7103,2246,3,7.6
16346,2444,3,34.0
18261,1505,3,128.0
5980,854,3,204.0
13975,1269,3,61.0
4688,1832,3,73.0
805,1832,3,42.0
11395,2922,3,83.0
9540,1488,3,7.6
18222,920,3,0.1
1490,2922,3,8.5
6758,400,3,3.6
7966,2888,3,34.0
6985,2285,3,1.4
10734,1947,3,249.0
13070,1876,3,16.1
6478,2919,3,3.2
6420,2922,3,53.0
15449,2327,3,4.4
14509,2630,3,119.0
16406,2922,3,101.0
7855,1039,3,5.6
620,1488,3,18.6
16974,2630,3,212.0
11684,1610,3,0.0
4114,1611,3,14.5
826,2933,3,0.9
3414,2285,3,19.8
11534,1313,3,3.0
14679,343,3,153.0
42,2285,3,8.0
603,1488,3,6.1
15313,2630,3,47.0
16641,2285,3,38.0
17197,2340,3,9.0
10112,2630,3,212.0
18148,2409,3,33.0
822,2527,3,0.1
13507,1488,3,7.6
15692,2285,3,5.8
17547,2526,3,5.0
747,2631,3,5.6
87,2285,3,17.9
16373,237,3,675.0
6128,1128,3,98.0
6734,2692,3,13.0
6653,1832,3,33.0
17905,2285,3,7.5
570,897,3,0.8
572,2367,3,0.7
13389,745,3,0.6
5603,2338,3,15.8
17133,2285,3,54.0
13465,1488,3,1.8
18132,1793,3,6.7
2575,696,3,0.1
2755,2195,3,0.1
3557,272,3,43.0
11116,2122,3,121.0
13000,1832,3,1.9
16241,2726,3,1.6
15862,2285,3,37.0
6910,2285,3,36.0
16985,1411,3,1.3
14162,2338,3,1.9
10884,1128,3,6.6
13939,734,3,6.4
5772,660,3,0.5
9728,1596,3,1.0
9725,2922,3,843.0
10985,237,3,38.0
702,1488,3,0.6
14781,718,3,91.0
14530,2339,3,82.0
16664,1628,3,0.5
441,2079,3,18.3
5798,944,3,199.0
7161,2285,3,46.0
891,1412,3,15.4
12547,2639,3,3.6
11212,1030,3,0.7
7489,184,3,0.3
16099,1676,3,0.0
10048,2448,3,7.9
16715,343,3,4.4
8164,1875,3,0.0
5066,612,3,7.1
567,1596,3,1.3
182,556,3,78.0
906,1488,3,16.6
11440,650,3,7.2
7587,2285,3,30.0
5515,1128,3,248.0
15571,881,3,12.7
17846,1977,3,0.2
8266,2923,3,2.0
6862,2285,3,35.0
7284,1832,3,72.0
11802,2611,3,6.1
3185,237,3,12.3
2526,1488,3,26.0
3518,1027,3,7.3
2911,2285,3,30.0
10108,2285,3,34.0
15937,1488,3,2.8
7385,745,3,0.3
753,1355,3,36.0
12160,1128,3,42.0
13930,1256,3,0.2
261,2285,3,35.0
17829,2285,3,45.0
1175,2136,3,20.0
490,2285,3,63.0
10697,1488,3,34.0
7784,1717,3,1.4
7813,2285,3,41.0
7397,1488,3,6091.0
849,1830,3,20.0
506,745,3,0.2
2964,425,3,98.0
4474,343,3,0.7
6660,1488,3,2.7
1740,1876,3,13.1
16860,1189,3,31.0
10004,1612,3,0.6
13830,2098,3,6.3
7166,718,3,233.0
13285,870,3,5.7
15946,2148,3,11.4
5286,1776,3,57.0
14205,1488,3,12.4
9035,1832,3,25.0
9049,556,3,21.0
10184,2769,3,2.4
16435,897,3,36.0
15329,1612,3,2.9
10191,556,3,1.6
3236,1534,3,4.6
31,2148,3,10.2
9745,946,3,135.0
16546,237,3,24.0
3232,2270,3,138.0
9818,2285,3,57.0
10435,237,3,47.0
11006,2028,3,45.0
2330,481,3,1.4
7257,2195,3,8.2
12219,1488,3,108.0
1414,1753,3,0.1
2055,2285,3,35.0
6363,1156,3,0.0
1214,552,3,9.8
14007,555,3,6.9
15094,1832,3,104.0
13767,2492,3,11.7
12383,1035,3,45.0
728,2285,3,14.6
6550,1776,3,74.0
11128,2029,3,1.6
9422,2285,3,15.2
12911,2285,3,19.6
12997,1488,3,17.4
8444,556,3,108.0
3641,2285,3,6.5
13710,946,3,54.0
5480,98,3,28.0
12054,1875,3,18.6
11769,1128,3,87.0
299,2922,3,390.0
14997,1832,3,7.5
12492,2644,3,11.2
2602,1389,3,66.0
16918,1019,3,5.3
7581,1228,3,82.0
15162,2285,3,0.9
5272,213,3,23.0
12164,1832,3,14.9
13408,1000,3,0.8
3050,1300,3,12.5
10069,92,3,0.4
9688,1488,3,18.8
369,924,3,3.7
13228,2489,3,8.1
16402,471,3,0.7
2213,1611,3,22.0
13355,2496,3,21.0
6495,1300,3,13.7
9348,1937,3,0.4
6909,1166,3,37.0
3018,2285,3,32.0
15107,1488,3,159.0
1937,100,3,224.0
15646,725,3,21.0
10264,2340,3,21.0
15565,2285,3,27.0
12083,1832,3,58.0
10022,1406,3,9.8
10536,237,3,818.0
149,552,3,61.0
16309,1410,3,0.1
6207,1139,3,1.4
4557,2630,3,4.3
11878,725,3,7.3
16382,1202,3,621.0
11525,237,3,2.4
6771,1128,3,30.0
9989,1128,3,96.0
2348,2285,3,26.0
6813,1292,3,4879.0
3597,1610,3,10.1
11396,2285,3,30.0
4784,1128,3,88.0
17097,556,3,815.0
9492,1669,3,18.1
10419,2631,3,168.0
9201,944,3,356.0
7580,237,3,132.0
7650,2481,3,37.0
6675,2726,3,79.0
14591,237,3,111.0
238,2922,3,67.0
6863,2285,3,1.2
9453,2488,3,184.0
190,2726,3,85.0
16165,2148,3,9.0
14190,1721,3,0.4
8117,1488,3,7.8
11221,1978,3,0.7
17229,1488,3,10.1
4628,237,3,113.0
13195,2208,3,1.1
17529,237,3,253.0
2194,946,3,143.0
10326,282,3,8.6
11917,2292,3,450.0
5830,2692,3,0.4
17208,2285,3,88.0
1264,2223,3,1.6
7335,2285,3,49.0
8006,1876,3,26.0
16659,2630,3,476.0
14165,272,3,8.6
10807,2922,3,54.0
11287,2056,3,2.5
3027,25,3,7.4
13669,2285,3,47.0
5857,1128,3,5.3
16185,2685,3,220.0
8831,312,3,228.0
17522,1128,3,6.4
17974,2285,3,50.0
4331,2285,3,6.9
632,2285,3,2.6
6430,2285,3,21.0
7831,2726,3,2.3
14770,2526,3,83.0
738,2316,3,5.6
17766,2726,3,331.0
12182,1128,3,35.0
7299,1341,3,37.0
10605,2285,3,36.0
15450,1128,3,184.0
4062,1488,3,25.0
651,272,3,52.0
9378,725,3,67.0
3538,1937,3,1.0
6954,1506,3,68.0
11770,2285,3,36.0
3434,1832,3,88.0
14950,1202,3,0.1
9112,2285,3,23.0
13420,2285,3,50.0
14124,1304,3,2.2
769,1596,3,6.4
8907,1488,3,59.0
11875,1625,3,233.0
13413,1947,3,81.0
15498,1776,3,0.4
6253,2285,3,38.0
17862,1776,3,58.0
8501,1488,3,16.6
4865,1832,3,61.0
7150,1030,3,41.0
10192,2786,3,6.9
2283,1596,3,1.3
5046,2630,3,212.0
17708,1612,3,0.0
12728,2146,3,2.2
7841,1044,3,52.0
17000,2489,3,270.0
13018,476,3,2.0
15434,1655,3,1.3
3955,1488,3,17.3
18146,399,3,3.7
16679,1471,3,207.0
836,1661,3,6.7
6267,1716,3,80.0
11350,1128,3,37.0
11656,1128,3,74.0
13502,2285,3,6.2
7201,1202,3,58.0
15843,1128,3,99.0
17108,2285,3,5.4
10690,2922,3,61.0
11648,2630,3,97.0
10107,2285,3,7.4
1031,1875,3,13.1
18100,1488,3,7.8
13671,2827,3,12.4
17186,921,3,0.3
13590,2630,3,17.8
637,2922,3,108.0
10790,1776,3,7.5
1494,1937,3,5.9
481,2285,3,20.0
423,2285,3,55.0
5620,2922,3,39.0
12255,2285,3,46.0
8409,1030,3,72.0
733,1488,3,21.0
9117,1982,3,0.6
3201,2339,3,17.7
682,2922,3,189.0
7364,177,3,6.0
13312,2380,3,114.0
5967,1372,3,0.0
9520,2856,3,0.4
3068,1304,3,328.0
3599,2285,3,18.9
2852,274,3,24.0
16537,2285,3,14.8
8178,1875,3,7.9
9161,2285,3,28.0
15966,745,3,77.0
707,1054,3,1.4
327,1875,3,5.4
10628,2023,3,13.2
17644,2285,3,1.0
782,2821,3,0.2
13788,2639,3,83.0
11088,992,3,9.3
4087,1776,3,62.0
7930,2431,3,7.4
17587,142,3,852.0
13726,1488,3,11.4
7338,1488,3,3.8
8783,2056,3,11.2
7203,2285,3,31.0
17589,1776,3,20.0
13601,1037,3,51.0
10576,1875,3,8.2
15416,1875,3,10.3
13653,1832,3,27.0
996,1270,3,1.9
17790,2285,3,31.0
17689,2510,3,0.4
11343,2285,3,9.9
3941,1488,3,31.0
5216,1488,3,9.2
7107,913,3,13.1
13915,2540,3,0.1
14880,1832,3,13.6
7189,966,3,14.7
17146,1409,3,9.4
17794,944,3,1.4
10564,1500,3,87.0
528,406,3,2.0
15932,946,3,180.0
5512,1189,3,27.0
1340,2726,3,54.0
390,2285,3,8.8
7229,897,3,99.0
11265,2380,3,512.0
12138,2630,3,153.0
1041,1177,3,13.0
3455,2922,3,176.0
14801,2623,3,11.0
15969,272,3,36.0
7936,2005,3,13.9
13226,1488,3,2.0
9953,1776,3,54.0
116,2285,3,18.0
10017,2285,3,18.3
13797,2195,3,0.1
10687,725,3,14.2
8234,2630,3,452.0
17561,2285,3,22.0
10750,2639,3,0.7
10383,1832,3,27.0
17870,1128,3,14.3
16962,2536,3,49.0
8002,1488,3,10.4
15467,237,3,445.0
732,2922,3,73.0
7698,2630,3,110.0
9371,1776,3,31.0
15193,2394,3,1.0
409,1937,3,0.6
7004,2285,3,61.0
2627,1317,3,39.0
6501,1606,3,0.3
12738,2922,3,47.0
11063,1128,3,53.0
11484,1128,3,10.2
5840,1488,3,63.0
11835,2373,3,0.3
912,2726,3,0.9
7619,1610,3,28.0
14242,2630,3,0.2
841,745,3,6.2
16766,2192,3,0.3
17209,2285,3,6.7
15025,237,3,483.0
1189,572,3,111.0
8750,2631,3,71.0
9803,2195,3,5.0
13286,1300,3,1.3
17916,1317,3,0.4
3364,2864,3,37.0
11317,2285,3,1.6
8407,1832,3,47.0
436,725,3,24.0
7438,1776,3,22.0
15817,2027,3,142.0
8499,1776,3,211.0
1012,1407,3,13.4
15397,1738,3,17.2
16340,2285,3,21.0
14176,1655,3,53.0
1499,241,3,22.0
5254,2630,3,31.0
15898,2831,3,2.5
6849,1679,3,1.6
8337,612,3,13.8
14952,1488,3,83.0
1436,2285,3,100.0
12153,1488,3,7.0
6025,1776,3,91.0
10670,2631,3,29.0
157,1488,3,3.3
13156,2285,3,35.0
4885,2195,3,14.5
17881,2285,3,1.0
9490,1605,3,4.7
15890,1610,3,21.0
14933,1202,3,1.2
7578,237,3,195.0
10714,2327,3,4.2
1008,2195,3,14.4
13704,2285,3,42.0
13977,1947,3,89.0
15403,1054,3,3.9
735,2285,3,66.0
5834,1166,3,81.0
9327,2285,3,25.0
8687,2122,3,5.2
6406,2922,3,133.0
709,2631,3,150.0
17182,1956,3,62.0
9054,1128,3,4.1
420,778,3,35.0
14442,2338,3,5.2
17996,2285,3,6.4
14113,2285,3,6.8
583,2726,3,45.0
708,1832,3,33.0
6825,2285,3,7.4
8490,2340,3,169.0
8435,2865,3,3.0
14510,1030,3,100.0
14196,1821,3,3.8
6712,2122,3,11.4
10718,2277,3,9.9
6118,2527,3,0.2
8329,1488,3,15.2
17372,1030,3,22.0
8894,2630,3,296.0
14589,1189,3,0.5
13011,2195,3,3.0
7195,1372,3,228.0
5734,2339,3,14.3
10181,2285,3,56.0
8218,800,3,8.3
684,1508,3,0.1
7618,1374,3,7.6
17442,1179,3,98.0
79,1488,3,3.3
11521,1202,3,32.0
8349,1488,3,5.8
2733,2285,3,18.0
13519,2001,3,1.6
1266,489,3,0.0
12446,2922,3,58.0
2138,1776,3,12.6
3577,2285,3,45.0
13661,897,3,31.0
6746,2122,3,55.0
14173,399,3,0.8
907,2285,3,3.4
17122,2630,3,89.0
11950,1488,3,7.9
376,924,3,1.4
13061,2087,3,10.3
12857,1937,3,0.2
7828,2285,3,58.0
6791,1827,3,52.0
7381,2285,3,0.5
16395,282,3,7.3
410,2710,3,0.2
824,2469,3,7.4
3863,1832,3,60.0
9194,1488,3,70.0
2664,811,3,261.0
10870,2285,3,0.6
17677,2630,3,139.0
600,2922,3,176.0
14220,2285,3,10.5
12330,1488,3,0.8
12984,2139,3,171.0
15161,2726,3,4.0
350,1875,3,10.9
17437,2167,3,1.1
7739,1488,3,1.0
17775,1785,3,77.0
7446,614,3,8.9
855,2285,3,1.4
265,108,3,31.0
12075,2285,3,62.0
582,247,3,0.1
13748,2630,3,227.0
12478,1832,3,60.0
9254,1972,3,3.8
14899,282,3,28.0
15653,2285,3,19.7
11257,1578,3,79.0
17672,312,3,31.0
10823,1827,3,80.0
6464,2285,3,20.0
14460,2285,3,18.0
12563,279,3,0.5
9055,1832,3,9.1
12611,2536,3,2.6
6598,2770,3,0.4
17339,2285,3,0.9
4635,25,3,67.0
383,2336,3,2.6
13569,1488,3,48.0
15823,811,3,28.0
9993,2477,3,162.0
1294,1647,3,4.0
179,1128,3,8.8
614,1443,3,8.0
15000,399,3,0.0
7536,718,3,79.0
13844,2339,3,6.2
6809,1832,3,62.0
17465,2285,3,11.0
8161,1488,3,1.9
14588,1696,3,24.0
13689,1128,3,21.0
14688,1488,3,6.7
13080,1488,3,3.7
12412,1596,3,1.8
8472,2813,3,0.9
9243,2338,3,0.7
7432,1488,3,5.4
10301,1284,3,2.1
1895,2630,3,11.6
16597,2285,3,7.9
16977,2922,3,53.0
743,1155,3,4.5
7760,9,3,1.9
17735,2285,3,3.8
13806,2922,3,77.0
693,2285,3,66.0
12348,2018,3,3.1
2278,1030,3,61.0
11290,1832,3,38.0
3218,2764,3,1.0
14535,272,3,1.2
13377,2630,3,14.5
14349,1926,3,1.4
14387,823,3,1.0
17876,2743,3,28.0
5815,2285,3,68.0
9318,1832,3,63.0
701,2922,3,47.0
16536,1044,3,1.1
10342,2011,3,0.0
4312,1225,3,0.0
14019,1128,3,27.0
16444,1030,3,79.0
13332,2285,3,4.9
12095,14,3,32.0
6688,725,3,36.0
6538,237,3,46.0
14581,469,3,70.0
10152,2285,3,16.8
10061,2195,3,34.0
9623,1729,3,1.1
14879,1937,3,0.7
3558,1776,3,2.7
129,52,3,52.0
103,2329,3,3.6
7327,1937,3,1.2
6573,1202,3,27.0
7769,2148,3,4.4
14690,2285,3,4.9
14908,1054,3,11.0
1018,1128,3,51.0
13415,2195,3,0.0
674,2922,3,4.0
14498,1007,3,1.0
14302,1875,3,13.6
11763,1488,3,14.2
8933,2423,3,49.0
8099,1177,3,31.0
9593,1451,3,8.4
11981,2285,3,22.0
437,1414,3,0.8
2036,1217,3,1.2
10396,2285,3,91.0
5336,1521,3,4.6
16991,1937,3,2.7
585,2726,3,18.3
13339,1832,3,8.8
6397,2726,3,57.0
15747,2726,3,56.0
6414,2285,3,53.0
492,1625,3,60.0
356,979,3,1.0
15801,2285,3,41.0
15103,735,3,1.6
9949,2638,3,7.9
9057,946,3,5.8
18032,723,3,2.0
14812,1189,3,0.8
15343,2285,3,23.0
6978,2922,3,10.8
