user_id,用户名
14109,汐汐月
15414,社畜王
17978,高手不复盘
14625,火鸡味锅巴
1811,CaraSumat
9437,仵方我的仵方呜呜呜
7109,l92kami
5085,Snowpromise
16023,聆听
10678,哟-写bug呢
5373,TheEnd
9652,侥幸而已
1952,Costanzo
18302,󠀡󠀡󠀡󠀡󠀡󠀡  󠀡
13063,日落龙舌兰
9340,人体描边dark♂师
15474,神锋敛彩
1055,< blank >
7357,mengyu
4207,Ninth_sun
2630,GYOO7
3399,Kurumi
7274,luclky
12297,忽忽
17134,遥淼
95,1019568948
8103,weitaming
6485,dante must die
6047,Zero。
1167,AStolfo
13880,椎名真白
4175,Nephrite
18106,鸿运齐天马鸿运
3798,Macmillan
17802,颾浪剑客
16617,蝶
1978,Ctskyer2333
18286,🌱小雨不加糖🌱
12113,异常
7693,rosedemon4
3420,L1n
13410,月落枝梢掠红颜
2741,HANKE
16771,请叫我小林子
6482,daling
1677,Blatt
6190,aomo
15297,盒烧灰
12529,我就是你的意大利炮
16212,花开富贵
2091,Dark弱
335,16dora
4211,Niubility
9158,久久
2145,Devil Blues
2059,Dakkkooo##
5618,V丶Skadi
8865,三羌塘
12328,怪异克服丰川祥子
18228,龙王
16555,藏兔座
8652,カタオモイ
6540,dieft
7882,stars
9957,凛冬白夜
3313,Kevin
1958,Crace
10466,各務原なでしこ
10159,十六夜咲夜
3819,Mahiro kawaii
4897,Satanichia
194,1240444172
11192,天命人
15324,看见我的ID两秒视为自动加入绝地潜兵！
15093,璐璐子
1698,Booker
3468,LUCA
2867,Holleaf
14891,独幽
18083,鸡蛋葱油饼=
7499,ntryyds
16203,花与剑
5637,WHOBOB2333
10203,半月&松鸦羽
10414,可控核聚变大女巫
3596,Lightting
1526,Azuna Kii
146,1141123611
7,$0γγφμακηr
10762,喜欢吃烧鸡
8648,エミリー・コールドウ
4873,SameOl
12305,怎么都是炸鱼哥
15871,绿之藻头
4652,Return
6557,doom  dou
1118,AIM
3174,Junchnzy
10843,四是四十是十
6790,hanser
11074,大きいボス
11444,孤狼武神
1967,Cris.
4578,RaKeet
14441,深海魔男
6797,happy213
11019,多尔衮
10811,嘤嘤怪包酱
2068,Danierso
5078,SnYee
9179,乌鸦坐飞机
14585,潘哥
9485,传奇双刀天才千早爱音
10285,卿羽
9044,世羽
1304,AllureLove
1904,Ciao amore
2931,ID
11397,姬云白
4981,Sherry哀
14747,熙哥
1036,969937516
7142,lavendy
7668,reol和PP猪
189,123456qewret
3474,LV99
8169,wujiao
13107,明
4683,RinC_Razgriz
16770,请加入我的战队
1951,Cosmic Dream
13459,朝武丛雨
14954,玄溯
11100,大大大大大鸡腿（赤石中）
8566,⎛⎝余下的瞬间⎠⎞
13207,春节十二响
11664,小岛秀夫专治电子ED
1416,ArrayList
10174,千咲
13452,望月
13776,格温不受影响
706,3378333944
12400,想要成为人类！
13515,朱元璋
1678,Blazar
17548,陪你满目疮痍
8944,不如宇宙机器人
9782,全给我端上来
13865,棋弟.送分子
11185,天使降临到我身边
310,16000
11561,寒寒妹
11403,娃哈哈AB钙奶
16482,董家大爷
12776,拔刀斋
4997,Shinomiya
12229,御宅理论及其周边
227,131YF
7163,lerche
18288,🍞❤🍞❤🍞❤
17695,青 章
691,33
1737,B之主宰
11713,小白
4481,Puriamoto
14622,火羽
17099,逐光
4564,ROSE
9350,人民群众
7373,milet
9761,克sam
8628,つ原味奶茶◇
9538,余挐
15718,素质调查
236,1345737307
5392,Thunder
12451,懒成一团的不明生命体
8813,七海千秋
8691,一只勤快的猫
17448,阿尔塞拉
18109,鹅鹅鹅
15004,王肖小明
13642,板栗子
4540,RA-rabb!t
17401,队长别开枪，自己人！
3893,Mbomen
4032,Mr Boring
15426,祝绪祝绪丹丹祝绪祝绪
10067,剑君
5427,To clap.
14909,猛龙不过江👾
13175,星海回流
9345,人拙语劣迹不堪
9492,传说
16047,肥宅壹号
9998,出音棍来
17834,风真
10851,回流
1538,BABAYAGA
8771,一路向北是why
7052,kinpumk
12585,我有明珠照破蒙尘
4228,NoobGlaz
2958,Icarus
6639,fallenrain
2930,ICETREE
10508,吕布
4883,Sankalea
8553,ℎℳ
11244,太乙真人
10021,刘皇叔
4498,QJFUD
7788,shocker233
4906,Say_U
11958,帅气的痞子
14701,热心市民 王先生
18178,黑白熊ღ
6476,d_Meta
4252,Null Zwei
13064,日龙骑士07
1130,AKSU
11732,小肥丁
11188,天博海徐
4294,Old Driver
10225,单狗
3902,Megumi
14325,流光心陨
267,1436678094
8415,zero
4574,RVP
14064,水果篮子
17474,阿泰
17110,逢坂琪
5261,TEMPEST
12753,抱头蹲防的小萌新
2236,Du.Du.Lu~
1587,Badwoman
14645,灵丘
9277,云城
4909,Sayo
3336,King
15774,红糖豆沙馅馄饨
12103,开水煮豆芽
3493,La Pucelle
10747,啊？
4485,Pz
16201,芭芭拉扒拉啥玩意儿扒拉
15717,素质不详 越战越强
9150,丿灬第六感
11456,孩子们，我回来了
12058,幽总
11026,夜0135
9450,伊吹Ibuki
15461,神楽 七奈
13177,星潆
13105,昊
1727,Buster
1110,AGT
9564,你们的课
9062,东方巡礼cc
3255,Kaia
10773,喝芬达的曹操
9136,为了这盘醋去包饺子
2239,Duduru☆
15049,理塘丁真
5687,Welkin
16455,萨芬克里夫
5598,Violris
2528,FlowerBurn
9228,买了十条鱼九条都死了
16341,草莓啾啾QAQ
8751,一生懸命
12619,我的大招呢
10613,咕咕嘎嘎
13992,武汉知识分子
2005,D.D-T.T
11809,尝尝我的小鸟伏特加
11852,山東最速伝說と疾走の猛虎！貴物丁太郎です
13442,服啦鸡米耳·屋里羊懦夫
4088,My 西班牙 Boss
2842,Hey
4404,PenoLG
14388,海狸今天吃神么
2847,Hgg
6348,cc
5590,Viktor激活
7521,one day
8923,不動 明
2924,I'm down but alive eeeenemy here
12780,拟态baby辣
15336,真理之谬
1670,Black_Scroll_
12896,文明观球
8503,zzaazz
15266,百灵希
14130,江畔何人初见月
4646,Rena
12200,影魔王呼炮
5920,YmSqG
16256,芳民从未被秀
13686,枪之聖骑
3058,JaX1096
6856,how_to_say
7552,pashaBiceps
16654,装弹导管狞猛龙
15886,缘来有期
15473,神邈
1839,Chalili
4682,Rin
16716,言言宝宝
5874,YZI
14841,牛马鹿
4004,Monday。
17972,高地第一突破手—水人
16193,芝士雪糕
15585,空気力学学家
7273,lucky
10310,又是密客会玩密客吗
12615,我癫癫又祷祷
11851,山有扶苏
14809,爱音
927,76561198420066804
2757,HISTIM
4895,Sasha
2691,GoodLuck
4288,Obsidian
3651,Long May the Sun Shine
13181,星痕
6296,blonde光猫
17536,陌以森
5883,Yamero
15824,绘星若
3796,MaTianBad--
13531,机器猫
2021,DAWMS
10922,坚定的尼哥追猎者
4250,Nuit
15923,美团外卖·fintal
13067,旧梦
9343,人参果
11051,夜猫子先生
16153,艺术就是派大星
10087,努力
9142,为菈妮我变成狼人模样
6241,badbase19
2089,Darkmoon47
3413,KA
9916,冲浪小郭
4024,Mors malediceret
9707,傑
2157,Die Job Mon Die Night
4151,NanayaArc
18056,鲜血的战争少女
13727,柚子
4166,Nelo Angelo
9801,八神
8711,一尘子
16578,虹数
13895,概念型范冰冰
18225,龙岗马保国
475,2352014900
3806,Mafia
2398,EverChosen
5372,TheBorn
1421,Arthas
33,-58℃
15917,羊刀
4727,Rusty
5177,Strong
2177,Divine
14179,沐若星华1lluminaa
16127,舅舅我啊！
4078,Muicha
15159,界徐盛
3535,LeHuan
5969,Yun
4317,Ori
14409,涅槃2012翼
5273,THIN RED
2503,Fiend
17944,马走日先生
3448,LJunx
2436,FAFAbiubiu
8981,不知所云
6889,i can
17143,那么，就到此为止吧
16372,莫尘
17596,雨木木
2550,FranK.Y
14644,灰色烟花
9903,冰封幻
3687,Luciyo
5442,Tomori
17605,雨诗樱霞丶
2562,Freeze
4445,Player1
15758,红中老大好耍!
6716,g5idff7u
13853,梦魇狂三
2580,Fusenn.
9712,傲娇牛战士
9899,冰冻罗非鱼
16074,胡竹菌
3049,JOKER
8153,woodziwaves
12979,无忧
14581,潇潇
2390,Eunoia
1644,BigBoss
9797,八月不染枫叶城
11214,天才神修林二小姐
4624,ReaperScytGCPD_HelpMeErinnnnn!-C
4948,Seth Freakin Rollins
6561,douzhiyang
12890,文Joy
8721,一拳打死夏思源的妈
1800,Camellia
66,0595
12739,折棘
14602,火已渐熄
12062,幽蝶「Ghost Spot」
8358,ypb0320
7783,shiki
15310,目白愛昆
1057,<BLANK>
4309,OnlyPunch
13858,梳潼shutong
4060,MrKKKing
37,-Wolf-XQQ
11367,如初
3449,LK XiaoGe
11730,小羽毛
4871,Salty_Fish
13623,杰洛特
15811,细沙砾
2949,INnoVation
472,233Isaac
477,2356778782
3758,MGZC
7405,monkey
13211,春风若有怜花意
16200,芬妮_戈尔登
17732,青霄
14718,無敵小馬
6935,isir
12039,幻想乡饭团大神の子染
5067,Slim Shady
4150,Nanami Chiaki
8639,ぼっちちゃん
16318,茂陵滞骨
17352,长歌陌谨
3302,Keanussance.
9594,你快乐吗？
12055,幽冥夜兮
11155,大英警察进萝莉小学
15371,知了
14334,流沙
15883,缘初
9447,仿身泪滴
2345,Engineering！
9013,不语
13010,无明业火
1204,Ada钙奶
9424,代码
7543,p p g
18053,鲒野
11812,尧尧乐
11075,大丈夫生于天地之间 岂能郁郁久居人下
18,(⊙﹏⊙)
13440,服了
551,2675892007
4316,Ord1nary
17255,金枝枯叶
8778,一醉解千愁
9934,冻鹿诚心
17076,迷路是人生中最大障碍
9638,佩可拉老先生
5461,ToyoKoyo
17877,飞翔的荷兰人
10529,听疯客
9999,刀先生
1605,Bayberry
1072,@磁暴魔王@特斯拉
12401,想要成为猿神高手
587,28232655
12742,抚子大魔王
8739,一染
10692,哦，苏韶
5777,XXXXXL
9132,丶鬼姬Destiny
3648,LoneYUN
16823,败者食尘
12656,我说白了
15172,疏影远映暗香长陪
4714,Rua!Rua!Rua!
3944,Mick
8238,xiaoxuanshen
7909,super_ybw
7871,ssss
10967,墩墩
12059,幽灵系宝可梦大师
4698,Rofie
7006,jw
3021,JAM
8371,yuebaibia1
9650,依迟ovo
1292,Aliiiiice
6857,hsdaws
16841,赛博大胃袋
18120,麻了个蛋蛋
9125,临轩林楦
13116,明小明-official
15922,美咕噜天下第一
3933,Mi Manchi
16883,超级大鹰京
650,3112110
4991,Shimo_L
4001,Momo
3839,MandarinDK
1104,ADSK
15951,翻斗花园突破手牛爷爷
2798,Han
3961,Milanor
13040,"无语,典型的哈基屠思维,聊不来一点"
14121,江子川
9396,今天该谁休息了
17568,隐空ono
15518,秋月野穹AkitsukinoSora
14376,浮黎元始天尊
5675,Wave_ovo
12651,我见青山多妩媚
3266,Kanade
5939,Yoshino
681,3264759378
12076,库勒
14827,牛子梆硬
14410,消失的夏东
14763,爱你9年
17890,饭后水君
11945,巷子里的猫
15552,称本座为魔君大人
9723,僵格列夫尸基
2273,ELYSIAN
7945,tazuna
8897,下次一定
2406,Evil丶Ryu
9089,丧心病狂的小白兔
7897,sugarplay
8356,yoyoko
16769,请先补我队友
8850,三只
7445,nameless
12343,恕
12064,幽默爆笑流地平线大于玉玉流
16663,西伯利亚的银狼
14832,牛的，发牌员
744,369
6059,Zoewings
9300,云间五月
12821,排到你两算我倒霉。
2212,Dr.bobo - Twistzz 1/2
6373,cheng372817884
10142,区区一两寸，完全小儿科
17300,银喉长尾山雀
13242,是黑池呦
4583,Raiden
14195,没拖鞋
4546,RAYOU
4043,Mr.Hang
4108,NAMELESS11
3829,Makoto
6082,[Dong]
4891,Sard-
6953,jazy_chen
6034,Zel6a
14603,火影考试
14345,浅仓唯是最棒的
11934,巫玥
11646,小夜TT
4142,NaiShuaiWangKOBE
8467,znuioe
7750,sekiro
16583,虾仁
11427,孙笑川258
7805,sisterTAO
5040,Sinken
7911,supereggrolls
13179,星燚
17661,雾与陈
9249,二喵
17458,阿巴阿巴阿巴
12109,开飞机的贝塔
15543,科瑞几
6577,duskdawndead
18251,？
13981,此生定要除魔卫道
3349,Kirsi
3096,JellyChaos
12998,无敌大糕手
6124,aazaa
4289,Octopus
4212,No Way
4097,Mystery_Kang
10509,吕清尘
10516,君戏当年醉
4940,Serein
13744,柰然
16677,西瓜破坏者
14544,湖中心
1653,Bilibili_薛功灿
13521,朱重八
17082,退伍老兵周震虎
4622,Reality
7623,qi
13654,枕套
13325,暴敛天物
1565,BOLIBOLI
10941,塔尔塔洛斯
5052,Sky
13910,樱满绘
4169,Neo
6560,douk
16981,辉辉辉
5965,Yukino.gif
9813,六丁六甲吃牛排
2595,GAI
2006,D.ice
7538,ovo
13722,染柒
11216,天才美少女艾希
13887,楠声
9246,二十四號磁場
16266,苍山子
16744,诗
10422,可能是只鸽子灬
5187,SuiFeng
18022,魔鬼的教诲
7746,seele
15599,窃格瓦拉
6304,bluesky
1754,CFA_44
9715,傲笑红尘
1472,AsunaYuuk
2717,GuanyuzZ
4153,Nanika
3782,MR.Crab
7009,kYee
8369,yubikiri
4983,Shido
9444,仿生泪滴
7860,splendor
1356,Anon Tokyo
3896,MeatBacteria
9173,之子于归
12549,我是いじち にじか的狗
14884,狛枝凪斗
1915,Climax_Ninja
10637,咸鱼
12121,式微
5558,VP的Buster本人
11305,奢侈品*
1183,Abandon0_o
5239,Sylar
4567,RR
5279,TINTIN
5505,Tychus
428,20岁了还没去过星巴克
10997,夏沫冰璃
2806,HaoZzzSy
4918,ScourgeJackal
10101,勇者衍生物
1171,ATME!
9229,买活不送
8101,weicaosheng
3094,JeffJeff
12084,康大仙
14495,清风微凉
3942,Michael
6599,eeeee
2393,EvaTrans
15192,白
1155,APGhost
4547,RC
11279,奇变偶不变
2743,HARU
3527,Lavan Deng
10247,南條米五
11943,巴赫
16743,词余
17438,阿咕
13998,歪比巴卜
5531,Unbelievable penis
4729,Ruvik
2225,Dreamer
5521,UUZmua
10272,卢卡库
7363,miao~
1406,Aresunna
9221,习惯近身平砍
4662,Rhul
13846,梦瞳瞳瞳瞳瞳
4266,O.o
3040,JK脱离裤腿 细品澄澈之水
11603,小X最美
4964,Shandelzare
14208,没钱买游戏
17421,阿 杜、
4381,Paprika
1213,Aeterlis
15807,练*时长2年半
14786,爱新觉罗·难说
12594,我比风还冷
15691,精神病人
11986,带上我心爱的宝石牛牛
11874,岁月不关情
5622,WAAAGH
6705,fuze救人质
9504,伴月长歌
3216,KENSIN
9815,六十六游航
14500,渊兮
11360,好次的梨子
10821,噗!
18246,NothingImmortal
17103,通关怪猎荒野的我是赤石大王
18010,魔法少女张天师
17031,这把我乱杀
4776,SHENLESS.
4974,ShawnSamson
9539,余昨
7279,lukamagic1977
13487,木瓜
4461,PouSka_Zero
2050,DYhhh
1348,Angus
16994,辻烟
5470,Trial
5262,TESLATROOPERBT
1610,BeDlamite
5966,Yukinoshita Yukino
13960,欲买桂花同载酒
14752,燃烧的小强
15818,结城 理
8046,viroo
9118,中！
7328,manchester
6245,baipintravel
14285,洁妮的大熊
8160,wsjdd
13554,李十七
6708,fw弟弟蔡伯舜
4975,Shay_IZK
18074,鸡儿被灌醉
1687,Bloodychalk
13751,柿子，
8352,youlin
6483,damonchugs
14289,洋葱剑士zhy
5303,TWOB
15065,理查德·泰森
13085,时刻保持警戒
16403,菜的扣脚杨某人
9573,你可以永远相信FZK
5143,StThomas
5236,Sweetblackpig
4910,Sayu
1863,Chenlegy
4544,RANX2333
12019,年轻人.杰尼杰尼
4047,Mr.Mbaphǎ
6422,cmjmu
5231,Swamp
8283,xyz1090
3717,Lviwm
7509,oOLzYOo
11992,带投大哥
5105,Sonny11
5654,WTF
3414,L
9876,农转刀新手勿喷
3115,Jih
2137,DestIniEr
14068,水玉
284,151
4365,Paff
6031,Zeek
8645,イレイナ
14374,浮生六记誰与书
7118,lalalabiubiu
3697,Lumen.J
13409,月落乌啼
12416,愚者
2485,Fa♂王 沙力♂Van
16727,让我找找你在哪儿
14138,池田瑛纱小姐的狗
13559,李定国
922,76561198300113779
217,128GSSD
2344,Endorphin
2171,Dis
12504,我只会拉完队友的大电
9581,你好哈哈
7246,loki
7512,oceanY
1169,ATLiAKT
15214,白柃
13957,欧阳鸿
3206,KAZE
4051,Mr.White
15080,瑞仔
9092,丨无衣
8518,· 好机会，小渡！
15308,盛夏光年
4056,Mr.⑥
2156,Dididelicious
14935,猫鸽喝假酒
5144,Stalin
4033,Mr Kai
3269,Kanapii
13419,有K
3388,KuKu
15189,瘦不了的大橘426
12041,幻想大少爷
2317,Elementary_mu
10235,南吕
15314,相山地锅鸡
2100,DayDayDream
9497,伦敦电棍圣爱音
9636,佥都御史
2421,Exusiai00
11463,宅在家的蜗牛
15897,网友李忠克
12097,开摆
10062,前列县县长
3476,LXTDDD
5703,WiFighter63
8654,シ宅゛懒乀
16030,聪明无敌小帅哥
4805,SPIPI
10636,咸蛋超人
3928,Metaifans
3365,KnightZhang
17188,酈Leslie
10026,刚做完新手教程就来了
12606,我滴MA呀！
12781,拥抱是刚需
8637,ぺこマリ
7494,nothing
13013,无机咸鱼
4913,ScarletMAS
14703,热心网友阿轩
17938,马桶商人
9703,偷你拼好饭
16804,豆豆子喔
4386,Park Cho Rong
15767,红点Kar98k
15895,罐罐老爹
14543,湉湉脑
5271,THENOONEK
12036,幻影哈气大师
10111,包子
7337,mark-H
9352,人活着就是为了
8742,一次别离
16757,语风流
2906,Hurrilame
9695,停电断网小凶许
2856,Hinata
15013,玛卡巴卡
12443,憨憨豆
2518,Fish_fIllet
5383,ThinklessDomore
4941,Serendipity
17171,郁闷的猫咪
3341,Kingsly丶
9105,中国南方电网
6439,copharvest
3733,M.A.Y.Hiki
8583,♿Snappyyy
5487,TsukiyamaSh1ro
1713,Brook
13872,棠梨煎雪丶醍醐赏樱
6446,crazy joey
12993,无敌了
16950,躺会
9572,你可以不急但我很急
8509,zzz
2047,DS禄存
3182,Justwe
958,7LTd3su
12684,房石陽明
5314,Tak1ng
16917,跟我走吧我偷小电养你
6460,cubu cub
9392,今天你喜加一了没
3684,Lucifer
16854,赤石大王
9175,乌尔苏拉
10979,复读菊
2669,Gissimo
7165,lethe
12863,攻菊人
17094,逆蝶
14955,玄祁
4124,NINTH
1047,9LaTiao
5713,Windsong
15729,紫杉醇.
7875,stalin
1377,AotuLol
5586,Vienna
4686,Rion Akao
13798,桑桑子
5430,Todge
10503,向法兰西国宣战
1199,Achilles Guo
16859,赵↗迪奥 · 赵→斯达
13048,无非就是动刀切肉
10452,吃猫鼠舅舅
18280,𝘼𝘾𝙋𝘾𝙍𝙏
2324,Elof1
2102,Dbug
1483,Atri
7537,oversky2012
1684,BloodOrchid
14159,沉寂淡定
1218,Agent_7274
17500,阿铭Ming`
1227,AhtyDark
14797,爱理 不理
6144,aim扩散力场
6819,hema01
1237,Aircy
1238,Airpunch
2043,DOTA已死
11069,夜雨声烦叶知秋
1242,Aixin-you
18219,龙
2070,Dante sun
3180,JusticeFiiist
2303,Eeisse
12367,您与『地球OL』失去連接
6189,anzh203
6157,alanleng
1273,Alethu
1274,Alex
10988,夏天窗外微风和你
1532,A◇IM
11673,小心轻放
9260,二次元的野望
1450,Ashu
17478,阿猫丶丶
1328,AmierBear
6169,amtoaer
1334,An_stapa
17980,高斯定律 Gauss's Law
17756,面包虫
17445,阿妮娅 俺の嫁
11354,好姐妹Mortis Official
4502,QQNeNe好喝到咩噗茶
6175,andyfantasy
3203,KARSA77
3594,Lightning Rider
9975,凤凰
16464,落叶的残念
4942,Sergio
1359,Anonymous
1363,Anrola😉
15652,答案案案
14257,波比再也不熬夜了
11905,川建国
10245,南柯一梦
1153,AOO
4816,SSSS4U
2046,DRykK4
8292,yagami_takuya
16063,胖虎不挑食
16681,西行
1849,Charlie Dai
6526,derc
17256,金枪鱼生鱼片盖饭
5339,Tearlaments Rulkallos
9781,全球变冷
1419,Arseric
15609,竹子
1433,Arya Yang
1729,Butterfly
1446,Ashium
11173,大鸟转转转
8673,一个*****玩家
14484,清茶
9464,伍声卜败丶
12693,扎不多得勒
1463,Asterly
6214,atom_china
1487,August3Zzus
1491,Ausl
1501,Avin seville
5907,Yi
6061,ZoneTan
9289,云海蟹奶油土豆饼
17801,風雨の鴉文
6225,ayl123321
17482,阿祖
7055,kira
8391,yuyuyh
6298,blouy
1582,Baaatguy
1583,Babayaga
11940,巴布巴布呼噗噗
17676,霒蚀君
1584,BackG
11929,巨鸟不多
844,551661700
18164,黑曼波：科比
4370,PaladinCream
15269,百首知日
16205,花专武士
3483,LYNN
15149,电脑玩家宝盖于
17770,韩飞雨
11524,宝木
6125,abandoned
12703,打啥呢
9787,八云白菜
6258,bear_zj
3823,Maka_Baka
1615,BeginiagA
6262,beiai
10787,喷射小火焰
6050,ZhaL
6264,beitian_
1735,Bz
15863,维克哥夺冠一月不录day20/30
1623,BeneX^x
1828,Cccc
1746,CATFOOTS
12986,无意识的地灵殿少女
8488,zx
1637,BieFan
6277,big777
14594,瀛鹤
14022,毁天灭地大狸子
1439,Ashelia
14779,爱在西厢第几折
18084,鸡蛋面
8085,warcity
6287,biuuboom
3278,Kanzaki H. Miu💙
4718,Rudy_
14180,沐雨橙风
1668,BlackZ
3381,Kris Wu
1679,Blaze
10496,吐吐吐血
1683,BloodBaker
8145,wly
1693,Boa_zlato
12102,开水烫雕
16688,西里西亚大公
13963,歌未竟东方白
2198,Dooooooooom!
953,791251396
15204,白嫖王子金胖
1568,BQQQQQQQQQQ
3844,Mankiw
1708,BrightMoon
1658,BioNeko
1714,BrotherGa
16502,蒙古上单
14707,热臭菇
4786,SIDE-IDE
14419,涵小松
8939,不器
11474,宇宙超级无敌暴龙战士
6255,bbu
1731,Bveacska
9017,不香的鱼干
1734,Byule
13592,来呀，互相伤害呀
3297,KbiK
16397,菜
15411,社会主义好
69,0Zone
14115,汝行，请汝上之
3167,Julius Emery
16060,胖胖的胚芽鞘
16773,请叫我皮村霸
4550,RELIC
9552,佝偻虫
1619,Beif♡ng77
15399,碳酸根不反应
2376,Esther
13263,晚安玛卡巴卡
10462,吃醋的酱油
16816,贞德氏泥鸭
2357,Eren Jaeger
8535,Путин
11996,常常喜乐
15545,秒我中子
8646,エイミ一
17044,这都不是事儿
12469,我一定不会受苦的
12110,开高达的男人
6357,celtyang
51,._.Angel's._. Guardian Knight
9262,二次元虎哥
18239,꧁༺Vïñçï༻꧂
6360,cffootball
9048,业火
11552,寄寄复寄寄
2694,GoodbyeSonGOKU
5058,Slayvegas
6056,Zireael
11944,巴黎倍儿甜
17325,镇魇蝶
16011,者庸哐哐哐
12185,彩子
9033,世一嘻
13936,橙柚柚
16037,肉肉
12973,无常的追随者
13007,无敌蛆蛆人
9783,全能动作玩家镜瞳
9441,仿生op会梦见电子原石吗
4570,RTX5090Ti天下第一
4668,Ricardo辉
17746,非技术不宅
7475,nik
27,-
5068,Sloane
6380,chenssy
8911,不会中和三！谢谢队友
1797,Calendula
16869,趁夜晚
1859,ChenYi
9966,几近期待
10875,圆环之理
2799,Handj0bs
2409,Evolve
6392,chiqingsan
1879,ChisatoAya
1880,Chiya
5597,Violinista
5008,Shit!Bro
1888,ChrJINN
13974,正在越塔的大肉面
10547,吹梦西洲
13625,杰瑞的表哥
9854,内个我是ropz
17584,雛田菲雪
11437,孤末
4406,Percy.Jackson
10852,回锅照烧丸子头
5115,Soulknight夜
1910,Cjer
17136,遨游战神
1766,CK_coldking
13821,梅老坎二
2218,Dragon_born
6417,cloudshen
6421,cmilkhaku
10533,听风吟
14321,派蒙
1771,CNBLUE
5378,Theodore
18127,黃警司
1772,CNJACK
1680,BlinK
12188,彩虹海狗
1933,ColdMachineGun
6427,coldwind676
4302,Oligay
4588,Rainbamboo
1778,COSMIC MIND
4281,OSLSHITC
1957,CrabRoyal
16980,辉月
13357,曾被称神之龟
6451,crleo7
9178,乌鸦。
1977,CrystalM
17063,迪奥大大
17162,邪恶银渐层
4069,Msensei钦点大专生
16908,越关山
11619,小仙女甜甜圈Fairy doughnut
22,*^ω^*
6081,[Culibuk]サヨナラの意味
1210,Aeolian
11272,头好痒要变成辉石法师
14798,爱生气
11872,岁己SUI
8970,不正经的魔术讲师
2229,DriftingSN
2640,Gasai Yuno
1989,CyberFish
2821,Heart to the milky way
17496,阿透
3024,JCRLY
8524,ƙαɳαɱσɱσɳσɠι
16532,蔡宗霖打莱莱带雷霆
17784,顾屿
18025,鱼
9931,冷酷无情的造粪机器
3802,Made In Heaven
11082,大兵100号
4572,RUA!
11135,大河大河大河
10892,圣娅的小山雀
7320,magnus++
6659,feng
2061,Damille
8918,不关橙猫猫的事
2888,Hu3h
2075,Dark Coming
12849,摸鱼怪
1252,Akari
11974,帕吉@ToBeAMan
2093,DartRose
2732,H man
2099,Dawnleaf
12514,我太帅了
4451,Polaris_Day
2257,E=mc^2
14993,王德发
2106,Deabe
6512,deak
1803,CanariyaQAQ
767,404NotFound
3111,Jiangmuze
15748,綾波 レイ
2111,DeathMoon
4118,NERO
8596,、有珠
138,1127
3002,IshowOfflane
1052,:)
5581,Vic
2130,Derek Lowe
7184,lichuanglai8
14353,浅醉微风
366,1817609100
6535,dghost147
7323,makabaka
8285,xzxl153663
4499,QK
2154,DianZhu
4561,RME
2139,Destiny.
3824,Makaka
6426,coco沪上阿姨蜜雪，尝尝波霸双皮奶红豆
4468,Prisma☆Splash Rainbow!
2172,DisLower
2174,DistantCall
5056,Skyrim
8895,下头男
13046,无量蝠你带我走吧T T
2244,Durant_Lee
8936,不周山大妖
6091,^8SMart*
11741,小董哥8848
1971,Cruciatus Curse
16705,观战企鹅
8709,一头方便面
2201,Doub1eDr!nk
6562,douzi128
2207,Downey_Cheung
2206,DowNxDawN
2208,Dr.Antebellum
5098,Solastella
11009,夕立空
2215,DrFlee
13588,条野太郎
10023,刘觉觉
6572,dtfwe
714,343 Guilty Spark
2242,Duncan--21
8993,不能空记树中环
3052,JOker丶
5676,WayJamLee
4765,SCP基金会~41435
10298,原！
17269,钓语
17206,酸萝卜必吃
15566,稻垣千夏
15982,老板来份无糖冰淇淋
1824,CatalysT
2290,Eason4869
1585,BadApple
928,76561198422028802
17200,酱油型高松灯
2921,I AM YOUR FATHER(Farming Cards)
5269,THE R
6597,eebqq
2305,Eiden Ritto
2306,Eielssmn
10909,地沟油原产地
6605,elfWally
2334,EmcYH
2335,Emengzhishen001
5782,X_Stars
2341,EnderAvaritia
10031,初衔白
2269,EL Psy Congroo
5784,Xavier.Nexus
2369,Errrrrrik
2370,Es5515
6622,eshtaer
5463,Tracyxxx
2363,Erica Estrelina Hill
4732,Ryan Gosling(Parody)
2391,Eurkea_
13964,歐皇界的歐姆蛋
13467,木卫二超人
2394,Eva_H
5027,Silhouette、
2281,ETerna1N19hT
6624,evilark
15249,白衣卿相
2410,EwdAger
13055,日天
2270,ELB
2739,H2OReckless
6075,Zzzlatan
12550,我是上等马给我田忌吧
1470,Asuka
5649,WNBBGCY
11355,好姐妹千早爱音
4414,Pete
9116,中野一花
16931,路过的JOJO
1429,Artoria  Pendragon
1765,CIKF
8609,あいぜん
2443,FEARsmt
2490,Feavzd
17855,风颜枫雨
1850,Check210208
14762,爱休水小千
6657,feiyingxie
2593,G33T4HY33
3079,Jarvis
2035,DICHEN
17857,风鱼
9232,乱步LB
17817,风君子吖
15177,疯狂猫
6671,fic
6418,cloudy
6676,firefromme
7068,kkskfc
16809,貓小樂
18111,鹤舞鱼游却人散
9320,亚当
2454,FLseal
4352,PLAY AGAIN
2525,Floki
18268,𝓕𝓵𝓾𝓰𝓮𝓵
2535,FoldingP
18060,鲨鱼会飞
4806,SPQR
5196,Sun of 22 o'clock
2919,HλLF-MAN
6686,fox_hyx
13089,时钟塔·Lord
7314,mMrS9fXF9Y
14660,炎飞
8031,vAn
18267,𝓕𝓡𝓣𝓩
5580,Vettel
10505,吔橙啦你
13670,林花谢了春红，太匆匆，无奈朝来寒雨晚来风
14360,浪漫米线
2697,Gorden
10507,吔？
12460,成熟稳重可靠
2578,Funnimax
13321,暮雨メ楠枫
4274,OMG They killed Kenny
15205,白子
3800,Madania
18188,黑衣社靓坤
1512,Ayakashi
9290,云游狸Raven
14612,火火火
2246,Dx0sec
2396,Eveningstars
2292,Easterlynight
12238,微笑
2652,General_SSO
15492,福福
14820,牌佬不取对象
18243,ySoSerious
10769,喝了变怨种的红茶
15705,糖豆是只柴
1158,ARE YOU OK？
14621,火红的桑葚
4703,Rommel-可汗の阁下
6719,gaintKillerMGA
6735,gigue1234
2609,GKLovegood
6741,gmy771810930
11238,天退星-插翅虎
4342,PAPADUCK
11160,大虎比
2615,GOKURAKU
3692,LudWiz
15469,神秘面具男（红夜之刃）
15663,米庫
2703,GrayWolf
6757,grox133
4687,RipperKiE
6523,dem0n
16483,董小宛
2626,GUIYUN
12599,我永远喜欢森蚺
8856,三思
13870,棍猫
13677,果核哒哒哒
12700,打个芽儿哟
13678,果然坑
16236,花田妖精
16614,蝗虫抓虾米
13820,梅琳娜的锋刃
17633,雪银星月
2682,GoSeI
11918,巧乐兹
9130,丶朝光
6548,diviescala
16549,薛定谔的锤子
16227,花江 ちずみ
11667,小师妹的梦
10196,午餐你没带是吧
6787,handsomepi
5448,Toothless
17799,颢影
2805,Hao
13075,早间闪耀Shine
1963,CrazyQAQHappy
11172,大鲨愚harkfool
7101,kya
4324,Outing
6799,haveto2046
11560,寒冰清玉洁_
16173,节操君
17004,过期啤酒
10138,北落 师门
12812,捣蛋喵突突突
2662,Giant
2848,Hhhhhhhc
4556,RICK
1547,BDOneKnf
9693,做客猫
15074,琴殇
14050,氦
7230,llililililililil
6820,hennnykun
6336,cao
17431,阿切尔
2753,HHH吃我一记重拳
12298,忽略
4173,Nep
11323,奶红的粉头
6760,gugugaga
5754,XBBCam
14525,港郊日出时
14058,水怪
6839,hjz
181,1221up
11346,好味大番茄
43,..
6841,hoDery
6842,hollowshRINe
10862,困倦的 尼可刹米
6810,heavenly7
11833,局外人
6850,hooke007
2549,Foxce
6855,houzeshuai
9096,中三边肥
17008,还不快去洗碗
2773,HPZ
9569,你先别急让我先急
14587,潸然落雪
6861,htl241
16067,胡九十七
3292,Kazahana
16231,花灌
11688,小栗帽
2890,HuaHuaDGZ
17562,随风旅行的尘
12154,"弹弹杖,我们走!"
9355,人生一场戏丶
18078,鸡汤来咯
8544,ღ黑蔷薇の天使わ
13362,最勇敢的贝极星
32,-404 Not Found-
16786,谎雨还在下
634,301cAr
13800,桓司音
8039,vanity
2899,Hugh
4577,Ra1nFin
7120,lamb
2904,Hurous
6347,cbm
6327,c^c
16577,虫骑士
2802,Hanke
1753,CEDAR
965,80aoteman
15708,紅玉P
1676,Blancneige
3554,Lenangorz
16061,胖胖茶壶
14430,深吟
1283,Alexstrasza
250,1376683689
3931,Metrotown Station
11330,她只是我的妹妹
9451,伊吹西瓜籽
2962,IceeUnique
16492,葬鹿兰
2548,Fox
3590,LieEasy
2967,Igasu
12905,斑鳩
6907,iki1096
2463,F_I_L_O
12280,快乐星球
7562,phenylalanine_isoleucine
3887,Maxwhitebai
6913,imagist
13527,朴朴超市
2978,Imperfect1ife
2987,Inkron
15582,空之音Sora no Woto
11482,守一
6927,intotherain920
6928,intruderz
8765,一般
2993,Io
16787,谏山黄泉
1981,Cvminside
13464,木之本一樹
9357,人生何处不青山
5559,VVatson_33
14911,猥瑣欲為
10634,咲夜的假日
901,719418643
6942,j_haven
1091,ABC
11458,宁小远Jace
9589,你将如闪电般归来
8770,一袋米要扛几楼
18276,𝔀𝓪𝓷𝔃𝓲
3020,JAKET
13479,木村拓麻歌子
6951,jay3
6952,jaythemadao
11876,岂因祸福避趋之
6610,emmmm
3089,Jean_Chiu
3105,JesusEatCheese
13904,横沟野史
3099,JemeryWong
8952,不怎么神奇的飞鸟
3102,JerryHawk
3103,JerrySakura
12116,弃小鹤而练虎形
11550,寄个信封
14885,狡猾的师爷
11014,多嘴的麻雀
13926,橘寄手
17074,迷糊老湿呀
5159,Stella!!
12253,心渡
17721,青花
5366,The Fool
11399,姬大德
14300,洛海长
3707,Lupin III
9104,中国万岁
13097,旺仔牛奶糖
11201,天天困
17848,风遐
3123,JingHun
14229,油門踩死鴨
15012,玖玖玖0710
9165,久远
3129,Jiuyou666
16595,蛋汤不是淡汤
3108,Jial
2314,Elden
1810,CaptainPlank
10231,卖炭翁
3160,Js
3136,JoeyL
17767,韩红被我抱着操
15650,等我有大 你忍一下
8515,~IO~
18282,🅹🅸🅽🆇
3152,Jormin
7573,pingu
2008,D1nneR
3157,JoyEGameTour
1236,Aircrack-ng
5877,Yabier
6458,csscc
13656,林一
3080,Javelin
17428,阿仁
3162,Ju3tGu11
3711,Luv letter
15018,玦
6999,juermyy
12607,我爱一条柴
11848,山己
3056,JULQAQ
7000,juliy
2189,DonK
9031,且趣当生
4361,PS5UCG
3181,Justus
17871,飞天大水牛
16774,请尊敬的称我一声伟哥
15881,编号9527
11676,小时不学好长大修电脑
952,791188377
6715,g2的j00NAS本人
15477,神鹰黑手
3366,Knightmare
3213,KELLAND
16698,要是能再准一点就好了
3263,Kamishiro Alice
10929,城_
7790,shoujia72
3916,MeltryLilith
9138,为什么要吃康师傅
3271,KangKang
11633,小叶子
12385,惡鬼殺滅
1333,Amunes
16938,踮起脚尖
7019,kaorimiyazono
10129,北条加莲
1310,Aluneth
5195,Sun
3291,Kaylee
15006,王賊希
15852,绫色荧光
5710,Windows 7  Cursor
11262,太陽と向日葵
6627,exitzera
3306,"Kelainas(^, ^)YS89"
8667,ヨイツの賢狼
7040,kevan20031979
13953,欧玛·基利曼·波
7152,le20
16506,蒲思青兰
7047,kin
5113,Soul
3224,KINGShid
16722,讨厌君
13530,机动战士郭达
14960,玉桂卡比
3350,Kirsi-哦麻吉里曼波
3354,KissDeer
3358,KiwiForly
7061,kjfiu
4949,Setsuna-
7066,kkkkyue
2442,FC2-PPV-1048324
13742,柯林
1444,Ashes of Ariandel
2567,Frost Prime
3286,Kashuu_Kiyomitsu
7078,koerriva
4877,Samosa
9121,丰川祥子
15736,紫英
7083,kotori
14272,泪暮111
3245,KTimeless
12071,庆丰废宅
1303,Allons-y
13104,昆西昆西昆OvO
2551,Francisco
1791,C_Kur0t0ri
17580,雅喵Y'shtola
17941,马莱第一突破手 莱纳·
16260,芹菜蝦仁
3402,Kuzou
1870,Chicken
7098,kwofuski
16196,芝麻酱和红糖
12081,庚 夕子
8985,不科学boy。
3404,KyleCo
1688,Blue devils
6904,ignis
4253,Null_Pointer
10080,加班生不如死
3497,LacrimosaQ-12th Bravery
9236,乾坤一掷
3506,Lamimi
11236,天行健
14245,泛银河系全息量子玫瑰
3247,KUO™
3512,Lansheng Fang
15295,盐水鸡是您们的爹
2457,FPS_Future's Burning
15357,睡在屋顶
3523,Lasu
4248,Nuggetz In Paris
3528,Lavaria
3529,LawBin09
15501,离黯丶
6875,hugh
15568,穆羽临风丶初七
11423,孔南飞
3427,LBHUYDEVB
12791,拿铁拌饭
13019,无畏刀锋
2985,InkMood
8542,༺๑ポ宁檬味蘇dā氺๑
5656,WTaCancer♿69
9924,冷心Lengxin
3556,LengBaby
3565,Leonardo
3719,Lx
9861,再买预购我是SB（黑神话
2412,Excalibur.
3559,LeoNo3r
3971,Miosuki
9061,东方
7241,localhost
1943,Constantine
14750,熬夜没头发
15697,糕糕
9860,再买一瓶
7288,luyu
7329,mandp
3584,Liberta
8520,¿
14507,渡口行舟DK
18002,魔力艾米
7190,lightingwand
7170,lh
14730,煌辰
16599,蜂蜜抽子
2125,Demonalex
7319,magicyang
3607,Lin
9951,凌晨的雨
10865,国区黄油外送员
16894,超级火星
11470,宇宙球棒侠
5692,WhatCanISay
3608,LinWater
18068,鳞雪鱼
13735,柠檬苏打水
7591,popopopopotato
11900,嵐如雨落丶
11099,大块灵魂沉淀物
11466,宇宙伊卡
10782,喵星人
5691,Wh1t3Night
14211,没鼻子没耳朵先生
13746,柳无趣
1132,AL
3628,Liumu
7218,liusha5201314
3254,Kahoku
7219,liuyp123
2938,IIIIII
6303,blueblueblue
7221,liwy1024
14574,漂岛离飞鸟
3836,Mamith_zz
12387,惯踩凌波微步
818,5-methylthiophene-2-thiol
7227,lizhenyi
4590,Rainbow_sea
6645,fange777
12702,打你脑壳
1100,ACG花生米
3451,LL
18281,🅰🅻🅃🆁🄸🄰
13520,朱由检（已腐化）
7236,lmh360782
13703,柊木梢
11223,天王星涡芽①
3643,Lofu
7243,logan
4506,QQ农场打电话说我菜死了
5110,Sora翼w
4295,Old Hunter
3656,LoongMa
18215,龍神里多
5436,Tokiha Misa
1522,AziNana7mi
5057,Skyros.
14299,洛洛
3660,Lothakim
3661,Lotus
18303,󠀡󠀡󠀡󠀡󠀡󠀡󠀡󠀡
14330,流星呓语
1215,Afterlife
16875,超凶的咸鱼
5582,Victor
3587,Lice
10841,四季慕雪
1248,AkaSHA
14327,流川鸣
2153,Diamond.L
7264,lry1997726
7265,lsa_1987
16349,荒芜兮
3613,Linger
5440,TomaTo
16798,豆沙包
16095,脚踢幼儿园
14362,浪神
17571,隔壁老王
12842,摘云
7270,lucas
11370,如果巅峰留不住，那就
16924,路德维兮
3695,LugiaElros
16850,赞美太阳
11923,巨大宝箱爱好者
3454,LLdisappear
4911,Sa糖
5824,Y
2256,E.coli on Strike
3714,Luziyi
8809,七月初七
3716,Lv9
16384,莲叶舟中太乙仙丶
7089,kukoo
9613,你爹我
13476,木岂几
10404,可口L乐
18094,鸭鸭神
2532,FlytoCloud9
17887,食花
13029,无聊的荔枝棋手
9286,云朵有点甜吖
3721,Lying1017
3485,LYNNNN
7415,moretz
3727,Lyu Chip‘o
9793,八奈见杏菜
3332,Kim Jong-un
3731,Lzoe
4012,Moon
3871,Mask
4853,Saint Majima
10333,发条橙
11134,大梦 /dʌ mŋ/
3821,Mahoo
11931,巫山守山人
4014,Moonslight
8868,三角初华
3833,Malfurion0
17949,马鹿大王
2108,Deadman
12277,快乐咸鱼
9666,修理仙人
14504,渎神之音
13721,染岳
3848,Maplum L
13111,明天不散步了
4929,Seele Vollerei
3858,Margin
5379,Thermite
3865,Mars
185,123
1296,All in awe
17816,风凛
10340,取名字真难
3882,MawkishTREX~Sondheimite~
18278,𝕴𝖈𝖞-𝕾𝖍𝖊𝖗𝖇𝖊𝖙
3890,MayGodMolestYou
7346,maypigfox
16616,蝴蝶剑
10631,咯咯哒
6745,gogogo
3897,MeatBall
14920,猫儿神
3903,MegumiHz
13079,旮旯给木高手
3913,MelodyDS™
7356,memoforward
3918,MemoryPage_L
5971,Yuri
4777,SHHis
10910,地獄天使 Meowky
9536,余华作品全集（收录《
17087,送一血的小菜鸡
5747,X
3759,MG_1
11855,山河
2794,Halpern
16623,蟲棍
1559,BLANKDEER
15869,绵羊不咩咩
4193,NightHitomi
16710,解酒狐
2418,Explotion！
3956,Mikon
5523,Uesugi Tatsuya
1250,Akai Minato
63,02才是永远的神
17066,迷你化
9795,八岐大蛇vs少林方丈，你们知道吗
7378,mio
2974,Imba_guang
3285,Kasara_001
6649,fate
3734,M0n1k4
4927,See you
3978,Mist_misty
1518,AyiM
3937,MiYu
7388,mizhigerr
16696,要乐奈
7389,mizukisaki
11515,官方提示
3771,MK丶 wang
3990,Mlaiv
16430,萌萌Baby
5695,White Sheep
7441,m酱
13209,春野樱
8638,ほむら
12864,放工喝茶happy哈
2788,Hadir
11072,夢江離
3992,MoChen
6747,gongyi工艺
3774,MODCUTE
7396,moe_96
16708,觅瑶
1244,Aizc蝎
4079,Muj1ca的Umi0本人
9567,你会等待还是离开
7404,monk
4005,Monkeplayer
14937,猴子扳包谷
10745,啊破茨啊破茨
3097,JellyFish
18289,🎮695丶
13253,晒月光的猪
3659,Losion
4017,Moral
4018,MordamiaX
624,2Envd
7417,mosheng_ren
17303,银枪小帅
4896,Sasso Lure
7418,mousebomb
17102,逗逗逗
16843,赛博精神病V3.1415926版
15978,老慕墨一个
2937,III
7423,mrainbowwj
11562,寒心灬恨雪丨
17670,需要双涡轮增压器
13149,星之彩
12813,捧玉钟
9558,你为什么开挂
3668,LoveMe
9064,东条希
10896,在一刀毙命的电子游戏里尸积如山
4081,Muroki
4080,Mur_Zi
13315,暮云之翼
18213,龍柒對
7435,myearsh
4094,Myiming
14175,沐杍
9472,优月
5485,Tsuenwoon
17342,长崎素世
4110,NANHUA
14308,活刑
4159,Natself
18052,鲁蛇王
8291,yachiloufeng
12027,幸运星
1883,Chocola
7459,nekosang
11829,尼禄明日奈
5595,Viol
1150,ANON TOKYO 售后小祥
7462,nene
14905,猛犸不上BAN
4181,Neytsomh
7464,ngc1987
16232,花火
15194,白中雾
6226,ayo
8938,不喝茶
9836,关于Nietzschr简称NieR还是Nie呢
17946,马金路德丁
4197,Nightmare丨Zafkil
11046,夜沧月，黑猫
12509,我喜欢早濑优香的大腿
8286,x纸伞❥(^_-)
9758,光速不变
4202,NinECorvus
9215,九醉
18042,鱼虾一整碗
10500,向日葵
13574,李自成
1818,Castiel.
14830,牛牛
2608,GK Vegest Powder
14972,王八蛋老板黄鹤楼
1182,Aaron Bushnell
1094,ABORN
17921,香蕉子
8122,wind
14210,没麦的Nomo
4230,Nook
4233,NoraH1to
4904,Sawyer Wang
10120,北冥冥冥
1321,Amateur clown
5875,YaDan
11158,大葱·小黄瓜君
4244,Npigeons
12309,怒达尔迪斯·GPK杰哥
2939,IIIIIIIIIIIIII
15666,米浴，我的天使！
4174,NepNep
4261,NyawV
11443,孤独的海怪，屌丝之王
8453,zisepatient
4713,Rua
9716,傲纪
15905,罗一
8733,一条小龙
14201,没有治的中二病
8229,xiaoge
14358,浩然㊣气
4323,Oukai
15988,老男人
4329,OverloadedCAT
7545,p0tato
4382,Parad1se
7547,paiyuan
4371,Palakis
4372,Palico
3737,M1STP.Scarlet
4374,Panddo
9779,全丸辣
16829,贰万Two
11097,大唐不良帅
4470,Professor Yang
9984,凯申物流
5806,Xploxion
2098,DawnXT
7554,pdcxs
8659,チャッピー
4409,Perjisa.
4344,PFLS_HANA
2742,HAOSHEN
4416,Phantom
4417,PhilNing
12719,扮猪吃饲料
4045,Mr.Lucky Pants
4350,PIGBEANX
2349,Envy
12222,得闲饮茶🏀
8526,Μαέλλα
4428,PinGo233
14317,派出所办案
4439,Pizzy.J
1180,Aachen
9377,亻尔 女子
10365,古林
2826,Helium flash
4456,Poor Neko
16689,西铁大鲈鱼
17248,金子er
7599,ppscan
4465,President.YUE
4803,SOU
7571,piggg
17616,雪暖晴岚（Ptempest）
7670,repuzzle
18072,鸡
4480,Purec1oud
4482,PuringAs
4129,NOMAD
6324,c.cat
14568,满命塞尔达
385,1904675821
2850,HiNanawi
16594,蛋不肉
4514,QianAn
17533,陈长安
16177,芊里于华
10187,千语
9129,丶巧克力大叔
9309,亓大侠
10679,哟哟丶切克闹
18204,鼻毛酋长
4605,Raven
4518,Qing.
17727,青衫兮qingshanxi
347,1763833591
899,717299745
7634,qiyinyao
3192,K.A
8815,七裕
5014,ShuTong
9109,中国收音机
12266,忘川
13374,最爱炮姐
17253,金木研
16976,轻音永不毕业！
4434,Pinkie Pie
14393,海绵
7639,qqpp007.student
11850,山月空
13471,木头人
3045,JOEstarONE
981,844302797
17741,静名
1986,Cyanwings
12658,我超 滋崩
4511,Q_Q
2322,ElliotYoung
3777,MOMOFISH
3001,Ishmael
16613,蝎子莱莱
5400,Tiefseeschmerz
4855,Sakamodo
8551,†漾人心†
13752,栀骨瓷
6269,beradin
4594,RakouCN
2674,Glitter
4541,RAAMEN-YA
17655,雷老虎
7655,raner
13723,染灬墨
4598,RanXC
11112,大帅比
11439,孤灯、明月、大腿
7656,raslin
7611,pupupupupu
4607,Ravihey
4610,Ray1212
4608,Ray
4611,RayRoad
2951,ISCO
1131,AKa-Chan
6194,ar$en4k
16080,能和我组一辈子乐队吗
15605,章~~~~
3570,Let me wander in a barren dream
9930,冷血无情鸽布零
15174,疯狂击败，狠狠得分
2480,Fat Tony
226,1311912031
7667,ren
16763,说出吾名，逗汝一笑
2468,Faith Taeyeon
14560,溯时的沙
15412,社工作收入
7675,rhc-dj
13480,木柯
12279,快乐小零件
5230,Suzumiya
4678,Rihyo
12580,我曰你马戈老西笔
4566,ROWLET
7539,ovo_owo
14336,流灬逝
4535,R0b3rt
15992,老胡在游戏
9767,兔兔的romA
11502,安玛莉·艾奎玛琳
11090,大只Van
5179,Stupid Bot[IPX-232]
15236,白羽苏桦
9811,公羊羽
2947,INVINCIBLE
16359,荷包香销寒衾
10025,刚下客户端
2687,GokouRuri
4725,RushingRabbit
4724,RushKeiji
8594,ⱣᵾɌɆ FXȻꝀƗN ɆVƗŁ
4863,Sakurajima
2115,DecAyedDevas 1n DawnTemplE
4747,S.a
4970,Shark
2645,Ge71sang
7707,s8106
13188,星茧
3674,Lovely_him
17574,隼
7771,shayu
3248,KURO
10113,包衣奴才不救我
14940,猿神悟空
4858,Saki_03045
2948,INdeed
4856,Sakana
10086,动感虾仁
15386,破晓·流砂
4881,Sandwichee
14163,沉迷摸鱼
9585,你好，龙仔
7022,kat
16013,耐测王黑塔
1987,Cyber hentai要艹纸片人
17488,阿织织织
4759,SCLEEN
5930,Yolk
1894,Chronicles
4930,Segue
11240,天锁星耀
4932,SekiHusky
17869,飞呀飞呀飞
15710,紅蓮の救世主
8587,✟
5172,Stoetry
15815,终焉、
6609,emcer[☯]
5407,TimeToCalm
7759,sffdgfhgf
10380,只猫大人
2007,D1SING
5534,Uncle_Wang
8990,不胜人间一场醉
12151,弱喑
10001,刀口君
6911,ilmiku
646,3094791136
8190,wwwwwww
2076,Dark Knight
15392,硬核老喵
7781,shicunmu
14014,残雪灬
4987,Shikkaku
12587,我本匆匆一过客
17704,青春的九局下半。
4998,Shinowing
12634,我睡不着觉
8052,vkey
5007,Shisaryu_[O]1
4782,SHIZIKI
17027,这位小朋友推余额宝
15137,电子少女淑小明
17609,雪之下
1913,ClearYA
12883,敢追我就敢秒倒
1037,97
17453,阿尔特留斯
1229,AiM
5021,Sicily
5661,WaNash
5529,Umico
5031,SimZD
7797,siming
7798,simoncfl168-主
15603,立直断幺朵拉一
5033,SimonS12138
17712,青玉司南
7803,sinena7
5041,SinonAyane
10911,地雷女杀手
5045,Sisuphos
8879,上头男
15990,老白
1331,Amos
16399,菜就多练纟
6737,giogio
9754,光芒万丈
10100,勇者
7811,skgame
7508,o.O?
5049,SkLamD
11322,奶白大学子
5053,SkyEast
14471,清欢不渡⭐
15470,神裂
1374,Aojia
5071,SmallFork
5075,Sn1per13itch
5079,Snake
8727,一旁冷笑
5080,SnivellusCh
12223,徜徉的乐章
16626,蠢萌呆
5097,Solaric
7835,sobeit
2333,Emberwind
12407,想躺平的我只能佛系
5100,SoloDagger
8715,一把老骨头
9605,你是谁？请支持碟中谍8
7842,somoppom
3615,Link
2192,DonkOcm
14438,深海NEET姬
16387,菈妮的暗月
9990,凶残的小喵喵
5109,SoraTenko
13966,止痛707
7848,soulitachi
12660,我身旁清冷拥挤
5207,Super666。
14239,法修
11408,媒介野
7869,ssodeeth
15766,红温扎古
5860,YUDOUA
10443,司汤达症
15751,繁星
2793,HakureiReimu
13189,星落化尘
13193,星錂
7873,sstarsssss
11738,小花Akira
4945,Serpico
10490,后来菊
18018,魔物猎人
5166,Stevensen
13509,本地审查官
4833,SUTH
2251,Dʌst
12764,拉二狗
5330,Tassel9
1205,Adios
7895,sufanst
7899,suiro
1249,Akagy_Sul
16287,苏洛
16295,苏默依
5902,Yelizaveta
5200,Sungkl
14721,無理
5218,Superfluid-He
3153,Josh
4820,ST.L
16279,苏坡赛亚金噶德
17737,靓仔总是孤独的
15955,翼影之狼
11942,巴瓦鲁海峡冬景色
13717,柒柒泗十氿
4488,Q1nYan
7898,sugio
17674,震旦永世神选习格玛
5308,Tachiya
1329,Amita
12689,手把再锁也锁不住她
1440,Ashen
7935,tangkun
6079,[ACCESS DENIED]
10598,咋看啥比赛就输啥呢？
1117,AIAY
9409,他人即地狱
13657,林克
5334,Tchern_Chang
15755,红*远端
17141,那个男人
5342,Tendays
5350,TennoD
8584,♿Tequila♿Sunset♿
6014,ZZAM
5856,YR
2494,Fellow
2026,DDF
5266,THE ANSWER™
15122,用戶
16754,该问
8806,七尺尘
4641,Remedy_c
10393,召饭师
7749,seiun
5741,Wuli悠悠
4325,Outofmana
17464,阿拭
15388,破碎
16882,超级大包子
8760,一等情事
2892,Huang Shaotian
1085,AAA全国可飞加我看小男娘
5394,TianQi
7859,spider
5395,TianTong
9835,兲
5397,TiarosKana
5403,TigerSong
14212,沧弈
5408,Timeless熙羽
5415,TioPlato
15790,约翰毛
7972,tititi12345
5280,TJoe
7702,s.Shelter4Time
11229,天空
15855,绮罗
5433,Tohka
3828,Makki
5441,TommmmmyW
5313,Tairitsu
7979,tongkara0
15850,绫小路清隆
5452,Toria-V
1061,=ToTheMoon=
9891,冬馬  かずさ
13834,梦以成殇
5250,T99GX
7997,tsnakevin
15306,盗我号的人必死
4332,Ozymandias
4634,Regret
1129,AKNH
16388,菊傲天
8014,unHappy1
5509,Tzuriel
6618,erDu0
5516,ULTDIC3
12718,执此一念入尘嚣，叩遍仙凡无真窍。
5525,Ultra-Seventy
5533,UncleHe
9802,八级大狂风
2351,Eobard_Rain
8021,urdgi
8022,urlangce
8025,utakata441
5520,UUD
12716,打的不错
15865,维吉特
10079,加把劲骑士
8042,vempx
4475,Publius Vergilius Maro
17361,长腿任性
5120,Soyo
9222,乡毋宁老卵额
12831,插秧能手
5502,Two-Water
5606,VivusVv
8051,vkd
13762,栗子长山
12588,我来抓杰瑞
1896,Chtholly
4939,Seranata
13674,果子狸炖水鱼鞭
5621,WA
1558,BLADE
10764,喜欢山田凉
5665,Waley
5624,WALL
16337,草むしり三級-537
1170,ATM
1622,Belly拍拍肚皮晒太阳
4551,RESIDENT•DOC
5739,Wukong
14998,王滚滚
1113,AH001
2824,Heisenberg
384,1902167838
1451,Ashun
6887,hym 或将白给
8086,warcraft97
16313,英雄可不能临阵脱逃啊
8088,wataya
5627,WCDZD
7289,lvovl
2118,Deep♂Dark♂Fantasy
2328,Elue
5677,Wayne
8098,weatherpop
4145,Name!
2991,Into_the_Fantasia
8100,weeplove
2928,ICANTBREATH
13493,未来永劫
16669,西格玛骑士
15925,美竹蘭
12928,新手尚无名
6895,icedknife
2312,ElPsyKongroo
11634,小叶子爱吃肉
5688,WelkinCruz
683,3266601880
17379,问离
14283,泽泽永不认输
6388,chillin
13902,模法师_NOVYI
16827,贫乳社の社长
8113,white_pillow
7905,sunsungunnGFUS.
5059,SleepPuppy
10635,咸因
14265,波风水门YellowFlash⚡
2632,Gabriel.
4313,Oosa
3133,JoEy95
5723,Wlanxww
8946,不媚男不厌女纯恨人
3652,Long may the sun shine
8656,ジラーチ
5729,Wong MQ
5648,WMsnow
8064,wR_David
11022,多数例外规则
8892,下包啊，哥哥们
17309,锅包肉肉爱吃肉
7020,kapuqiqi
5009,ShoGun
17378,问君几何
17964,骞越
7736,scathacha
1207,Adobe Premiere
8115,whole Lotta Blue
17366,關於我
14036,比格沃斯—Bigglesworth
5768,XLK.DogDogKa.崩坏星穹铁道
16570,虚幻者
3967,Mingframe
17992,鬼谷子
8157,woushill
9319,井岡 山上
5655,WTXM
5671,Watch out Limar
4864,Sakurajima Mai
5936,YorHa2B
8168,wuhaokun
80,1.wh_wx
1058,<Monkey
11086,大力王WuMei
8276,xxx
17669,雾飘渺
14669,炮姐的烦恼
13032,无衣
8183,wuzhimieye
10329,反补30刀
8185,wwh
1149,ANON
10109,勿忘随风
8208,wzyu
1660,Bkuidf yah
6964,jiejie(clearlove)
2465,Faaate
11815,就像喝了很烈的酒
7395,modules
16480,葛温德林
5745,Wyccc
8199,wyl219
8811,七步之内我又马又快
9533,何臧
18273,𝓢𝓽𝓲𝓷𝓰𝓮𝓻
5117,Soundwave
13838,梦想还是富婆养我
7624,qiaip
1776,CN冠军 我是A批
8213,xDaaaaaa[QAQ]
2478,Fardream
13073,早睡早起的憨憨乖
14710,热血的奋斗
9622,你看我是人是鬼？
7886,stormer
14931,猫的报酬保险金
13687,枪软了？快使用桃花仙
5789,Xiang11
16897,超级霸王小龙虾
17227,重斤求子
14893,独断万古荒天帝
10088,努力的小墨
12310,怕下火看王老菊
5660,Wa!
2696,Googler
11750,小蹲さん
17546,除膜慰道
11898,崤枫
13256,晓怪
14219,河北墨麒麟
8235,xiaomonkeyhou
3347,Kirin
16697,要打起精神来呀，新之丞！
11605,小Z
16801,豆浆火腿肠
17889,饭不是结束
1848,Charles
4162,Ne t'en va pas
2610,GNAIXEIX
8242,xiexi
1912,Cleaire_
5891,Yanse
8550,“黑刀”狄希
5787,XiLuo
7146,lcfr
12034,幻听
15994,老菜了
13103,昆虫记
11675,小敢熊`
75,0r1oniiiiii
9992,凹刮波
12482,我与赌毒不共戴天
12784,拱火大师
9093,丨烟吻叼情丶堃哥
5802,Xkilpoty_UwU
5150,StarWatch
4653,Return to the Stars
6089,[无名若水]性冷淡克星
8255,xllzzzz
8256,xloger
5805,Xpeng
14831,牛牛带球撞我
4979,Sher.X.Hol
5496,Turkey
4996,Shinobu
14859,犯大吴疆土者
15240,白色喧嚣
10515,君子无争
8267,xurobert
9555,你不要过来啊
12951,无业の游魂
1341,Anemone
7910,superboy
10003,刃下心
2024,DDBB
5773,XXHDD
6731,ghost
4586,Rain
1196,Acexqz
10748,啥也玩
17715,青白锦狸
5942,Yota二号机
13766,校长同学
8284,xzx117
7433,mxyr
5914,Yicyc
9973,凡瑶唯愛
2765,HMPJJJ
9189,乐意游戏
15608,端木侍其
8293,yakute
5882,Yalding
10797,嗨秀秀还上班呢
17370,闪光昊昊Bingo！
15471,神说往事
8295,yangbo66558
11002,夏花儿
1562,BOBOQIU
15756,红中全价四万了
11089,大又鸟儿邦硬
8047,virtual
9744,先瞄准再空枪
4096,Myst.Yan
7310,m15502772615
12239,微风吹拂
8539,симв
7689,ronsherlockyu
7664,regaj
5680,We are all trying to live
11049,夜無恨#0725
5900,Year_Liu
14093,永雏叶叶
5903,Yellowbigbong
5483,Tsinc
9030,且行且高歌
8319,yggdrasill
2738,H2
3135,Joe Yeo
14957,玉弓芒
5801,Xiyan
17515,陈信宏的男人
5839,YINGHAI
8326,yingwei1990
1865,Cherry Koooo
8179,wuya
8334,yjds
8335,yjftalent
14057,水墨ng
10521,君莫呵呵笑
4527,Quito.
6293,blankfire
10332,发条君QAQ
5932,Yomi
13849,梦见GBFR更新了
5933,Yonghuizhan
2445,FF
10610,咕咕
4679,Rikka's Knight
12916,斯卡里茨神人
11171,大魔王花花花花花花
8359,yrc878
8360,yrenaissance
9609,你比帕鲁好抓
11699,小清新
11965,希
2816,Have Bear
5818,Xyp9x
8972,不爱洗澡鱼
18086,鸢渡THH
16951,躺赢型选手
8567,⎝⧹终极团团⧸⎠
5953,Yucklys
7927,syrex
11897,崖角听风
8378,yujizhu
17553,階上から降りオナニー
8382,yukiasukaq
5963,Yukie_汐儿
4237,NotANo_
13201,春嵐，
8383,yukisssss
6629,ey
14288,洋芋芽
8385,yun
8621,さくら
3553,Lemonchoko
5972,Yuri-Scarlet
18287,🍃ΚαθαρέςΣκέψεις
17116,遇事慌毛线
15404,磷叶石
14230,油饼饼儿
14168,沉默寡言的猫
4351,PILIN
17591,雨夜白羊
5847,YLB
7839,sol.love
5869,YYBOfficial
5664,WaiwaiXiii
3761,MILABO
4497,QInnnnng
12106,开车注意丶
16412,菠萝のメモ帳
11674,小扎oVo
8402,yzzqwd
12453,懿南
14693,烧烤团子
8860,三木木355
8257,xn
6022,Zanry
10848,回忆寄予山鬼
4214,NoSolution
8413,zcr214
12273,忧郁之鱿鱼
4388,Pasta Sempai
8418,zerone
6044,ZeroQsin风见
15430,神乐
5995,ZEX
14316,活着的艺术
8682,一伍一什
14487,清言
9591,你干嘛
9647,依旧苦逼的宅太
8422,zhaixiaobai
14227,河道先锋
4691,Ro
10232,南京小晗晗
1656,BinSaRG
12133,张有志
15054,理塘大学士 尼古丁真
11692,小歪
6297,blood
3010,ItisJoeChou24
9042,世界级卡神　！
15779,红茶烈酒
6051,Zher
5344,Tender_Rain
13973,正在被领导GANK
15805,纸炊烟
9730,元气满满的抓根宝
3531,LawyZZ
6349,ccc1
1972,Cry Babe
1361,Another丶Demon
15611,竹林烟雨
10220,卓卓哥哥
5004,Shireen
4068,MsYY
11563,寒星逐月
6048,Zetto
11276,头顶为什么尖尖的因为尖尖哇甘乃
8871,三轮车夫司机
7795,silent gun
2907,Husband
15724,紫丶落夕
16817,贞德自闭寥
1569,BRO!save  me！！
16016,耘湮敝农
5315,Taka
10169,十里坡剑神
17739,靖易
10141,匹配到我说明你进鱼塘?
6252,bank of china
8469,zoooozoo
6004,ZOROMIKO
13237,是纸片哟：）
11146,大白菜
6006,ZRI零教授
5353,Terminator
2263,EDMCHZ
17214,醉月雨街
8484,zunbaggio
6065,Zunyu
2882,HoshinoAsh
14015,残霜钩雪
8529,δ
17593,雨宫莲
8747,一潭
15383,砚书
1819,CastleVania丶
10583,周可儿
8833,丈育的我
9611,你滴盐我滴醋
12320,思觉失调
6553,dogVictory
16989,辣王刘师傅
9113,中立生物
11033,夜城
8669,ヴェルドラ
4053,Mr.Zhou
8408,zZzZZRB
13379,月③
11083,大刀
2574,FulStreet
7742,seadog
17365,閉ザサレシ世界ノ冥神
6575,duang! duang! duang!
13852,梦里都有
5536,Unico
11028,夜丶屠苏
5055,SkyWStar
15830,给你大姨夫打电话吧
5219,Superigc
3722,Lyman
8268,xuyi
3645,LonG
8146,wm548
7737,scbei
5326,Tarak's Descent of Fire!
18079,鸡窝头超人
5093,Sola0400
15885,缘来晨光
2618,GPlink
7553,pawormz
6532,df8582
6502,dd1940
8762,一管混阳就抬走
2297,EdenHan
8129,wingkindy
10682,哥也不想送的
1234,AirRazor17
5092,Sogeking
15699,糖小圆
8130,wingsF
14434,深层罪恶RDZ
9734,兄弟打派吗我导管贼溜
7071,kmglwz
14051,氯雷他定
12945,旋转跳跃我闭着眼
2440,FAYEA
1424,Arthur
16806,豪哥神勇
11765,小霸王
2625,GTvie
5888,Yang Zeyu
18143,黄闎殺手
5188,Suigintou
3430,LD
17958,骑着嫦娥看姑娘
6748,gongzeben
16360,荷蘭人都是神
6859,hsky2007
1832,Cellina
4168,NemoAeon
16505,蒜香咖啡
4889,Sara wenslo
18167,黑桃没有k
7559,perfect-Chaos
8735,一条龙
13756,树懒爸爸
10172,千华
11531,宫崎英高出血源2了吗
12244,徽号
1935,Colulu
7045,killlllllllll
3110,JiangYeYe
6316,budabuda
16707,规则就是用来打破
4421,PiGuO
16028,聚精会神证明自己的机
10899,在下脚杆耙
2228,DriNk2020
14759,爪机
7683,rock988918
3304,Keissy
5705,WilliamDGH
12918,斯密嘛噻
6816,heirel
8744,一步三锁步步为营防偷
2355,Eradicator
12745,抛瓦大寶劍
4273,OLERPHUS-CHINA
9341,人体描边夕阳红
8910,不会6246的铁憨憨
8225,xiaoYi
17526,陈洛韩
4198,Nights.R
8037,van_yung
8634,ひみつ の FAN
6756,greyroyal
6586,dyz_87521
5989,Z1me
11840,屑尔曼M114514
14674,烂不烂问厨房
8502,zzHunter
5679,Wbzlolsky
10604,和谐小秋
8032,valkyriefan
14275,泪眼煞星
6732,ghost90-_-
13370,最有价值的暗母为匹
2956,Ian
4649,ReonSaku
5355,TerrenceLo
12880,教练我想学三分
1145,AMM
6789,hannibal
72,0ein
4880,Sandshrew
15300,盗号死全家
2800,Hanfei
18077,鸡机基积姬激妮太美
10816,嘻嘻我一定要活下去呀
1542,BBBYmBYYY
7768,shapi001
9791,八坂音悦
3905,Mei
4269,OJBK
15703,糖果
5324,Tapeng
12502,我又不是许仙
3866,Mars Aeternum
6511,deadmua5
10261,卡其脱离太
12624,我的朋友不多
1105,AD左桑HD
8323,yhy4188
6402,chuenfan123
13345,曹小操
5283,TMAC-CELTIC
16452,萨拉小天使
4728,Rusty-Leo-F ASSTRO BOT
6929,iorikyolou
16503,蒙面大丝袜
8023,urscha
9416,仙丹的忧伤
4657,Rex.W
4893,Sasaki
12985,无情的白给机器
12475,我不是抖M
10164,十年魔一剑
14503,渎
5753,X66
1657,Binbin
1293,Aliveqi
7661,redbolt
12240,微风轻语Lz7
9950,凌晨画师与梦
13341,曦父
16540,薄幕之国的希里斯
7291,lwhhi
6678,flameyjf
3725,Lynx
1767,CLASSICAL
14557,溪
17476,阿灭
1905,Cinbar
1842,ChangX
12898,文殊院
9362,人类极限
4220,Nocturne_09
309,15th
6240,backtoplaysomegame
7658,real
2679,Go on egg
12521,我家天依美如画
3188,K-KEVIN
8124,winddevil_1
8188,wwwaap
1601,Barlthor
14671,点点
3667,LoveAnran
14912,猩猩点灯
3740,M4SOPMODII
2464,FaSinatInG
11259,太阳能猫猫
16184,芙蓉王？不如抽喜之郎
16662,西伯利亚大乃牛
4330,Overridden
15999,老衲的手枪
15997,老菜鸡
11163,大运，来！
3963,Minato
14672,為你加冕
1733,Byron
16520,蓝胖强吻双头龙
13518,朱棣快乐曲
7294,ly24680
14421,淘惠儿
14383,海棠依旧
9100,中军以下我无敌
10005,分割师
4194,Nightingale
5393,Tian
17583,雕爆
5175,Strawberry_Will
2998,Iron Castle
9792,八天雨
6379,chenne
5982,Yyiskey
26,+u
1347,Angel奏
11988,带妹狂魔殷少
5690,Weven
7757,sevensven
4503,QQQ________~
3810,Magi
5265,TG
5694,White Scholar
3899,Mega Chen
7861,spllppy123
7763,shadow
12677,战场原澪
3813,Magician
3407,Kyou
4149,Nan-God
17086,退避三舍
4449,Po1son
13594,来局昆特牌
13873,棠落染孤影
16180,芒果超人
11436,孤月Moon
8206,wzwz
7944,taurus511
7777,sherlock555
2785,Haaa_Q
16972,轻悠狐舞
16410,菜鸡的支配
101,103411180
6270,bergkampwenbo
1979,Curtain
6844,holyjonryan
11680,小星星的祈愿
6497,dawnweaver0522
1502,Avogado6
9817,六扇门
13905,樱井俊树
13060,日落了却没人写诗 就像成盒了却没有武器
5686,Weiyi
1247,AkJoeng
13641,松鼠citic
4201,Niko1st
9635,你，我的朋友，你才是真正的英雄
11215,天才素素
4394,Payon
10244,南枫
17405,防风小火柴
3072,JahnasonLau
2326,Elsanna
5163,Steve Gray
5800,Xiu Night
9863,再别说了
3253,Kaguya（伏龙芝肄业）
16665,西北望长安
2801,HangedSinner
1672,Blade
7721,samdamu
4543,RAGna
13542,杀气疼疼
6517,deepevil
13538,杀我队友不要杀我
9832,兰羽蔷薇
10935,埜
11298,奏华
14250,泡泡泡泡泡面
17088,送你朵八月的花
14198,没有感情的上分机器人
7608,psychopath
1692,BoBo
10167,十里八乡俊后生
8966,不是国产游戏我不玩
3060,JackHandsome
15479,神黎之芒
18294,💗KarlChief⭐
1243,Aiyilu
6021,Zacs👑🆉🅰🅲🆂♎
15097,瓜皮
3546,Legion
687,328672771
8573,★g18★
3143,Johnny Silverhand
6505,dddddddcH
2813,Haruna
4058,MrAlexfck
3814,Magicianslin
17576,隼龙
14044,毛泽东
16645,被心人
4937,Sephiroth
15442,神奇海螺
13199,春夏秋冬
6322,byC
3845,Mao
825,514402862
5736,Wu Liao
1707,Brian Han
3406,Kyong
2523,FlameJake
1782,CSY0410
13353,曾拒绝富婆和跑车
2482,Faust
11548,寂寞的方敏华
8580,♥♥♥♥♥♥
8683,一位训练有素的医生
8785,一骨碌贼！
5770,XP.昂哔哩吧啵
11220,天河街浪子
1506,Axian
13101,昆仑三圣很厚道
8641,んiang
3403,Kwmagic
5420,Tiyomi
12088,廣東陳奕迅
5102,Something for Nothing
3979,Mister9
5843,YJ
2329,Elync
2377,Estus Flask
17389,闹闹
10259,博麗霊夢
16644,被干掉的鬼子机枪手
4075,MuZzLee
15207,白小包和睿睿大王
9833,兰萍Queen
1256,Akira
6613,enb小罚
3303,Keikoku
4306,Only my railgun can shoot it
10914,坏女人
1460,Assassins.33
1781,CSGO周年庆#菜菜獒
8874,三高高
10278,卯之花八千流
16622,蟑螂恶霸
42,.
10791,嗝屁朝凉见太阳
1551,BIGDADY
17283,铁块
2789,Hakase
17982,高槻泉
14513,渣渣
12765,拉姐请给我一拳
6036,ZengFanyu
9250,二宮飛鳥
10267,卡桑旅勇士辛瓦尔
15493,离为火
14511,渡鸦
10572,呐喊的星空
4986,Shiki
18247,Wu Huaguo
1628,BestSunnyDay
6009,ZWEI
4742,S U i S E i
10381,只看不打
13740,查理哥
13868,棋渣.明梦子
1476,At mon
98,1026930302
4072,MuAuLuEuI
16943,身为一个刀客刀不离身
2309,Einstein
3799,MadQHawk
14281,泽
2631,GYRO
115,1065831957
56,0.37%
18189,黑镜
12877,救爷爷的葫芦
13701,枯井克星
4890,Saratoga
4812,SS--1219
12001,幕后煮屎者
15490,福报
17658,雷霆嘎巴
11824,尼克
1411,Armed Panda
6775,haiya—lulu
9346,人无永生
17684,霧荼
2940,IIIIIlllllllIIIl
9425,令狐冲
12493,我们三指定嘎嘎乱杀
5567,Values
18062,鲨鱼辣椒OvO
15975,老张
17282,铁匠小年
4690,River west old list
3709,Lureo
6396,chjunyu
16490,葬送的芙莉蓮
3954,MikodoHoshikawa
11687,小柴
16621,蟑螂恶爸
9757,光速下班
8217,xgusne
7046,kimuyo
4650,Resin spurge
11630,小卡宝宝
4297,OldBu
9074,丢雷楼谋
7297,lyf007168
10407,可喜可乐
16437,萝卜
4106,N3komatA
14431,深吸猫
2226,Dreamfire
8017,unkeeer its
6147,aiyin
7515,ogfun
2607,GIN
16338,草台班子
15133,电击驴碧池
13978,正道的光
11242,天鹅绒之吻
18173,黑猫
9047,业毕大熊
3071,Jaeon黄前
11497,安心ya
2564,Friday
2560,Freeman
2082,DarkSiv
7134,laowong.cn
2475,Fang.
6461,curtaincalls
14896,独浊
12341,恐龙扛狼
15743,終結機器人
8254,xld
2168,Diors终有逆袭日
9649,依然暗殇
15840,绝对不行了
15244,白色花祭
2185,DogUI-2000
8797,七 实
16270,苍蜣登阶
12350,恰似一条咸鱼向东游
748,376821772
6040,Zeratul
10925,坤坤怎么你了？！
7806,sivanlaai
12681,战绩如国足
1600,Bargello
14202,没有理想的人不伤心
16776,请问货拉拉拉拉布拉多
12481,我与米游不共戴天
1700,Booo
5730,Woody
3138,Johann PeterGustav  Dirichlet
2633,GaiusluilusCaesar
16988,辣油白菜
7921,swond
17703,青春猪头尼古丁不会梦到兔女郎芙蓉王
1994,CyrusBlue
13498,未熟
9075,两仪式
12851,摸鱼的小熊先生
10076,功夫怕熊猫
8174,wushuo25
15690,精灵正将马国成
8388,yuwenyanting
12072,庆丰烂尾帝
12886,数字人
4405,Peppa Pig
8005,tw21_kg
9584,你好靓仔
11837,届不到的暗月
16970,轻信
6694,frozenright
8716,一拳一个小撒比
2202,Double House
1307,Alsen
16077,能井
11296,奎爷天下第一
1353,Anna F.
4693,Robin
9601,你拉着我说你有些鱿鱼
15331,真实猛男乌冬面[WDM]
13619,杰克儿霜精
1194,AceKmN0t
10040,别刁难我胖虎
14726,然然你带我走吧
10760,喜欢你是我独家的记忆
8331,yiyu_tingyu
8243,xiieex
11209,天意传说
2307,Eiki
6109,a296259112
2479,Farewell
7548,panda
8175,wuw
8635,びんちょうタン
16054,肯尼迪
11705,小狼同学
5289,TONZENN
10180,千木
1845,Chaos Priest
7776,shere
14232,治疗队友低血压
10694,哪里来的底气丶
8522,Ĝ҉ Ǻ҉ Ӎ҉ Ế҉ Ʀ
14324,流云拽拽
10894,圣火降魔
6730,ghghgkjgjk
16975,轻语小鹿
17037,这波我无敌
12096,开心食客
17936,马格纳斯
7968,tianluo
5095,Solaire
13025,无糖可乐甜不甜
14323,流云如溪
4209,Nirvana_mh
17396,队友享大福
8563,⎛⎝Rick⎠⎞
12245,心一
15859,绰布冢·衮布岛剑士
17238,野比饭
3545,Legal Damn
16111,自己吓自己
10073,剑铸师
4219,Nocturne
1926,CoCo
11254,太阳到底有用没
4263,Nyx
12858,操作什么？肌肉！
9388,今夜月色真好
187,12345
16731,训狗大师
5635,WHAT HAPPEN
14867,狂狼老姨夫
13989,武力解放台湾
14607,火星挖土豆
12589,我来挖甜菜的
3198,KAKA‘
12067,广智
15015,玛德法克
10252,南皋妙影
2980,ImyDaD
12913,斯卡佛
14767,爱吃松饼の18酱
9604,你是来做饭的吧？
8999,不要抱我上树
6032,ZekaMashi
12358,恶魔五月哭
13218,是云子大小姐啊
9562,你们优势很大哟!!!
13691,枫叶Ly
1437,Ashbringer
11431,季风
12082,废鱼
17686,露娜喵
8527,Πνευμα
14945,獭獭开
12959,无可厚非吧
4770,SEVEN
1474,Asuryan
6239,back
2730,G姥爷贵安
3572,Level7
7638,qmayufeng_0
1513,Ayalahula
17926,馨愿
7156,legendofhero
4328,OverWind
17332,长乐街萌神
18285,🌟满穗🌟
9359,人生很短尽可能多赢
8887,上班如上坟
2423,EzPis
9381,仁义无双汤姆猫
15131,申奥
1257,Akira501
2533,Focus_口口
3447,LJY
15900,网特绍犅
9527,何以忘忧
15625,笑颜
10118,北京热
17843,风见幽香
11591,寻找好基友
6998,juemingzi
13428,有女初长成
12260,忍野忍野忍
14821,牌臭人菜瘾又大
2459,FSwiftSword
11260,太阳骑士
3827,Makka Pakka
1752,CC和4个倒霉蛋
11428,季夏第三月
9065,东条路漫漫其修远希
4208,Nioh
9202,九三零
9845,兴情中人
4764,SCP426
5435,TokidoSaya
5572,Vec.Dominator.L
2253,Dの沙豆龙
10592,呵呵姑凉别杀我
9149,丿渲染丶小雨
10151,十三
8377,yugione
5947,Yourhamata
3900,MegaOTTO
11010,夕阳傍云
2807,Haoe
2129,Deperture
17929,马哥拉斯皮
16045,肥嘟嘟左卫门
16315,英雄小朋友联盟
1509,AxuO
11867,山青花欲燃
15662,米兰小铁酱
10991,夏思源你妈死山里了
12779,拟态BABY辣！
4298,OldSan
14970,王休闲
9120,丰川白子
1710,Bro--XMY
5181,Su_Metal
1007,8Kiq
1682,Blood Evil
13272,晨曦之星
2509,FireFour
13581,李默白
3749,MARS
10078,加塞拉里
3063,JackieWhite
8508,zzx的无敌男神
2736,H.R.WARES
14399,海边的猫普洛夫
6878,huihui5074
1770,CM的魔法
15328,真·冥王
1949,Corvol
8300,yanx329
4999,Shinryu
1051,:(){ :|:& };:
7213,little2rabbit
15974,老年人打游戏
3475,LX GAMING
130,111
18153,黑丝大腿
998,876682145
4959,Shadow_Crow
9095,丫丁丁
1621,Bellerophon
11324,奶龙
12438,慢慢来ying
12876,敌羞吾去脱她衣
6205,ashen-one
10882,土块
10313,又菜又爱玩
12426,愤怒的肉包子
8731,一条大祥脚
9997,出神入化
11419,子音
9099,中关村村长
9582,你好啊！
6885,hyak52
7985,topgunan94
6593,easy is coming
9364,人类马枪精华
3885,MaxWell.
2583,Fxxk Dong
10447,吃我一记二向箔
4733,RyanGoblin
15851,绫濑小天使
9021,与卿笑嫣然
11993,带球过人
2249,Dystopia
8949,不开心来宰猪
12967,无名王者
11169,大马哈鱼
1230,Aicemia
14722,無證行騙鮑半仙
2264,EEEmose
1864,Chenm0
11586,对面一群天线宝宝
8493,zxxlaw
10047,别掉线啊
8043,venividivici_d
3770,MKK217CHN
11911,左右
17023,这不送了么
3282,Karo1
3498,Ladio Strickland
8026,uuu
3914,Melody牛牛
17899,饱读诗书理塘王
7518,old ash
12331,总有刁民要害朕
17180,郭敬明卡兵被踩死
2387,Et黑白
15292,皮影戏木偶
5162,Step-V-First
15019,玩不了一点
11199,天堂已满
15810,绅士·阿风
303,158GG
7473,nightyuya
1817,Caster
1053,:-O<。)#)))≦
13449,望帝春心托杜鹃
13640,松阴凉
3230,KJV
4599,RandomGuy
6803,hbsycxw1986
2729,Gvirus
3047,JOJO
2898,Hugeball
1108,AFK四年自闭选手
13052,既定之天命
16939,踹门白给小姐姐
9743,先生，您也不想让您儿子在学校难堪吧
8556,←汁
188,123456
16407,菜雞勇者
6332,calm down
4132,NOT DEAD YET
17654,雷盔丘丘王
12721,扶我起来，我还能干
7457,neko
11071,夢幻転生
16310,英儿
8668,ロードZJS
14910,猥瑣冠希哥
211,1282031466
119,1080=0
10194,午夜老台灯
9059,东在哪
9942,凉薄
3521,Last Dance
11714,小白兔兽性大发
14105,汉斯鲁德尔咖啡
13143,易川
7393,mmy1209
17435,阿司匹林asprin
16526,蓝黑斗士
17327,镜花秋水月
1504,Awaydc
10013,刘三刀
4623,Reaper
5715,Winkie
9710,傲天
622,2E
9190,乐正绫
4430,PineapplePulse
13635,松开w是要我的命啊
1263,Aky3u9
11258,太阳爆破指挥官
4258,Nvidiablo
8562,⎛⎝Hentai⎠⎞
802,48507540
14424,淡定种田
3361,Klarity
11415,子安
16822,败公子！
5099,Solo Wing
235,1340089958
11404,娘の 不对不对
4969,SharK
15021,玩坏的阿卡林
17898,饮酒赏寒酥
10531,听说我你先别急
3977,Misilver
5211,SuperKach
12259,忍野忍
1481,Atlas
13469,木吉
10542,吸欧大法
10388,叫我森夏大人
3151,Jordan Luce
2300,Edwardluyu
17945,马里奥NO1
1067,?¿?¿?¿?¿?¿?¿?¿?¿
17190,酋长吃不饱
8236,xiaosiiMa
16838,贼帅的阿欣
18142,黄金体验
5881,YakumoPhantom
8397,yyddefmy
11893,崇祯皇帝
6067,Zwild
3624,Little A
951,790756382
8393,ywy
1156,APM10000+
8743,一次性消毒面纸
5173,Stoney
11891,峰绘の琴师
4912,ScalpelMaru
2959,Ice Rain
17326,镜花水月
4245,Nqna7m11
3205,KATSUKI
9455,伊戈达拉
17013,还是做不到吗
12691,手汗怪
5585,Vic丶
16472,落羽
2124,Demon Hunter
5361,Thanks MooN
12804,挽留
18175,黑琴
4887,San无
4669,Richacha
6465,cwy3009
8038,vandark
10654,哈基米哈基
15944,翩翩舞翩翩 年年复年年
10403,可以教，不要吵
8061,w
17050,进击的兵库北
16171,艾辛
18301,󠀡󠀡
13491,未来
4440,PlEiAdES
12673,战5渣
16966,软又湿
12927,新手别杀
1458,Asmlta
1217,Ageha
3147,Joker
14946,獭獭開
14087,永梅吹
17983,高橋
14837,牛豆酱
11261,太阳黑子
4362,PT___
12583,我有大宝贝
17295,铭
4817,SSS级牢犯
6470,cykcat
6338,capu
9994,出件漆甲吧
9530,何处惹尘埃
3689,LuckyFoot
18221,龙之战灬天青
6204,ashen
12620,我的天老爷
17650,零飘雪
2946,INVICTUS
2965,Idrila
10353,古天乐家的亲戚
788,454575721
8606,【     】
10664,响指爱好者灭霸
13466,木偶
10143,医生
18034,鱼大脑袋
12925,新年快乐
6398,chop
16569,虚娱
10162,十年扬州梦
10210,半鱼人
13862,棋人、神算子
16523,蓝调SKY
1995,Cytus
15481,神龟化蛆一念间
17969,高健
16162,艾格赫尔特
9735,兄贵的姿势
18257,𝐬𝐩𝐢𝐫𝐚𝐥
4705,Ror4chach
5012,Shredding guitarist
7747,seele_vaan
11811,尤尼
16509,蓝
14450,混
232,1335789097
8991,不能从这一侧打开
14191,没头脑
5425,To The Moon
3165,Judgelight
8487,zwyhuan
6185,answer42
17502,阿飘·奥古斯都·凯撒
897,7
3279,KarasuHunter
8720,一拳打死你妈
8849,三叉神经细胞
5017,Shuten Doji
12414,意大利手抓饼
1372,Aoiakuma
2069,Danta
12251,心愿大魔王
3795,MaBush11
16946,身在无间，心在桃源
5994,ZETJK
11771,小骷髅Snk
4743,S!ris
16876,超威蓝猫君
16272,苏
14858,犇犇kyo
1163,ASD
9628,你若归隐不离不弃
8597,。
9182,乐乐君
13071,早睡先锋
15185,疾速SD
12060,幽灵绅士
18234,龙骑躺赢狗
8441,zhiheng
16587,蚊香蝌蚪
9523,何EE
1561,BMO
4914,Scary`
13741,柯基不理柯西
15413,社畜不死于加班
12706,打工战士
17508,陆南亭的茶话会
14728,然而你并没有朋友
14303,洛阳
2247,DyingG
7250,long
8969,不服勺滑
14817,爻爻
6987,johnjo
11447,孤骑独行
881,654-2
8456,zjhzaccheus
12853,撑蓝出大根
1751,CCOC
10867,国庆特别献礼会有吗
2685,God phoeniX
15119,生日蛋糕就是青春的墓碑
2953,IV.orce！
13999,死亡蝴蝶
15679,粒粒粒球
13270,晨曦
12725,批判诗人袁华
4626,Rebel-Angel
8314,yevangel
12129,张大彪
7502,nuo
13369,最強冠軍と紅溫の自豪
8436,zhengxuanwei43
4048,Mr.NEVERDIE
1367,Anubarack
4951,Sh1V
1639,Big Orange Cat
11327,她不一样
17886,食我引燃啦
1681,BlindDeafBotNoodle
13990,武大艺
7893,stupidtan
5795,XierbotZAnjoy
6064,ZuiKeAiDeXiaoDouBi
8955,不想赢
5813,Xuuu.
13807,梁山好汉全伙在此
1378,Aoyama Nanami
16132,舒服了嗷
11057,夜见川
10801,嘉心糖屁用没有
3262,KamenCavalier
10239,南小鸟
14777,爱因斯坦
14493,清风97
10347,口口哒
12647,我要喝橙汁
5180,SuSheng
13864,棋师丶狠薆妳
5544,UwU
7651,rainmandcy
3395,Kumua:)
15908,罗兰
15800,纳兰铭御
16172,节宝
14819,片翼之鹫
1633,Biao
8071,wan
10792,嗦两口
11554,寅
12026,幸运K
10102,勘破无常
15079,瑕
1452,Ash布林克曼
2646,Geass
16160,艾尔登dua郎
29,-1000
4774,SHELL.CC
751,37岁想打职业
10755,喜多川海梦
9699,偶然怕
5602,Virginian
3432,LEGOLAS
12982,无念之尘
3294,Kazihura
10538,吴小群
10614,咕咕鸡
10545,吸血鬼酱Relk
7318,magicain86
14769,爱吃羊
10223,单ber我吃蜜
2839,HexQuarter
7691,ropz
18038,鱼生
5003,ShireCN
9603,你是414，我是413
8093,wdcgfj
17558,随花四散
15973,老年人  不打C
13773,格拉摩根伯爵
15803,纵马山川
5228,Suuu
6602,egene911
7947,techin
4921,Se \/
14563,滅罪「正直者の死」
9642,佯睡丶
1162,AS.我爱楠楠一万年
7887,stqin
12920,新东方厨神~
6600,eets
12193,影之心
4900,SauceChicken
6651,fatimakk
11178,天上有月亮
15342,真穷小包
8672,一下子
11787,少帅
949,777
9495,伤心天琊
12069,庄汁蝶
8636,ぶ佩奇是只猫ぶ
16504,蒜苗蛋圈
6689,fr0stw01f
15832,给你马一刀
17032,这把没我这个人！！！
3397,Kur0sawa
1686,Bloodmoon
15303,盗号狗死全家
13650,极限梦想
16760,说什么呢叽里咕噜
14866,狂小旭
4036,Mr. Raindrop
10863,困惑的三文鱼
2750,HELP ME
6326,c4rrot
15798,纯郁少女攀中单
4256,Nurgle's Splat-tlecry
5444,Tomoyo
1527,Azura
15513,秋天的呆毛
7412,moonwalker
11774,小鱼鱼鱼鱼鱼鱼鱼
4407,Perfect、world
3264,Kamyyk
15795,纯白乐章
14485,清蒸花鲢
4809,SR
4960,Shadow_UH
60,001
18187,黑虎阿福
7843,sonico
6945,jackpot
3548,LeitheLucky
18041,鱼苗α
13212,昨夜夜游
17047,这锅我背了
15443,神奇猪猪侠
1924,Clover for U
10519,君若归
4268,OGC
14745,熊的爪爪叫熊掌
3281,Karlmeister
10394,叮叮车
9932,冷锋
6200,asaki
12030,幺幺幺
5659,WYTiMN
1968,Crowes.
6990,jostar
7370,mikasa
2416,Exiler
4345,PG
2670,Glacier
16627,血之灬挽歌
5825,Y'shtola
13158,星城公子
13240,是谁主宰深海大波萝莉
9094,丨罒x罒丨
3588,Lich_WEI
4319,Origami
14516,温昌辉
3561,Leon707
13494,未来科技优秀员工
12397,想得开，挺得住
8651,カスガノ ソラ
15367,瞎想
13694,枫尘
18000,魏武青虹
1774,CNXXXyp6X
6371,chenareyou
18245,惨惨惨
65,055大驱荡平四海
13373,最爱恐怖游戏
5599,VirC
2337,Emiria
1139,ALL_P***
13570,李火旺
11237,天语
1081,A9n3
16934,跳进鱼缸的企鹅
6467,cxr023
10859,团结一致-共同奋战！
12790,拿枪的蚊子
3128,JiuxinRen
10623,咛叮月歌
6701,funpeanut
12750,抢百万
9870,再见孙悟空
6161,along
7992,tralalero tralala
15349,眼神交流
14651,灵清
4239,NovemberRain
11721,小福叠
10819,嘿嘿嘿
3270,Kaneki
8575,☆☆☆
9846,兵者轨道也，近而↑→↓→，远而↑→↓↓↓
1392,Arain
1126,AKITA
13889,楼
5746,Wzsen
3508,Lancelot.Yip
16041,肖战他舅
16812,贝吉塔
4659,Rex_DAI
15106,甘蔗大王刘闪
840,546317316
3958,MikuLing
4504,QQQ啊
17130,遗憾丨
7838,sodoi
9037,世界で一番可爱の高酱
2400,Everett
13607,杨哒哒
8207,wzy
14363,浪花不知归海
8015,uncle驴
12178,彡无双灬战神
401,1nk-
7827,smh
5409,Timon
11887,岱玄
12801,挤你胎没
12640,我行我素
17274,钢铁直男超哥哥
10236,南国旧梦丶
14789,爱民如子大西王
10440,叶空飘
5335,Tea tea tea
15659,简单的缘分
5351,TequilaSunset
10704,唐吉可德王者回归
16692,西风不漂流
17967,骷髅没拉裤链
11017,多够鱼
10686,哦
18254,？？？
3519,Larry
10072,剑说真相丶
12434,慕
1876,Chilam
15160,界青
12473,我不忙
6552,dlswc
7017,kamisama
18069,鳳凰凪
17494,阿萨谢尔
7814,sky blue
17451,阿尔托莉雅·SaberAlter
12270,忠诚VS恩情
5287,TOM7
2913,Hydemdg
9108,中国古拳法第二代
2648,Geerbanging
17239,野狗道人
13836,梦幻小沙包
18209,齐天大圣
12581,我最多陪你玩七分钟
6755,green lantern got this
1357,AnonTokyo
15457,神机军师小末原
14775,爱吸的小浩浩
12215,徐小侠
17019,还没睡醒吗
1589,Baidu Valuablest Employee-LYH
13781,桂子
14103,汉尼插
7576,pkaq
7185,lichyi
4619,Reachter
15700,糖小白是我的菜
15775,红色三倍速
16450,萨尔茨堡的树枝-shuzhi
7302,lyyql321
12505,我只是一个憨憨
11518,定春
12747,抠门老弟
17205,酸萝卜别吃
4383,Paradise
9917,冲浪达人凉先生
12830,插很多个猪猪旗
2727,Guts
10144,匿名玩家
14354,浅陌凉汐
2041,DKnight
14907,猛踢瘸子那条好腿
10977,复古小清新
9412,他要吃人了
12321,性感老八
2135,Desperad0
11388,委屈别人也别委屈自己
8657,セックスはゼロです
2876,Hopeless
18166,黑桃J.♠
11234,天绫绫❀地宁宁
17316,锋利的戟霸矛
1116,AI-killer
8177,wuxin
1287,AlfredPeck
10376,只会送的6号位
18051,鱿鱼
9936,凉丫茶
15486,福利多
13349,曼曼
5065,Slender
11109,大就是好 好就是大
8610,あこ
9996,出神
11380,妖精的翎羽
5938,Yosakura Fubuki
15910,罗巨鱼
13789,桃花再临恍若隔世
16640,被套
12688,手冷依旧
10902,在吗🍋
17866,飞俩
10291,压力男同高手
7300,lysf
12496,我剑也未尝不利
4694,Robot
4892,SarielSamle
16906,超高校级的游戏玩家
16134,舔脚要配蒜
10998,夏沫流年花似水乄
1938,ComeY
4763,SCP2295
14314,活着
15005,王芒果
7616,p！
3315,KevinGrant21
1908,Cirnoob
1109,AFLuo
16339,草田狮
13160,星屑xX
5748,X!!
12122,弗朗明戈舞步
9404,从来不压枪
8800,七十五
12094,开局屏蔽就对了
14043,毛毛的大企鹅
14719,無欲
12722,扶我起来，我还能送
15995,老菜狗
3950,Midnight Butcher
13705,某不知名人士
4845,Sage13
8798,七七
3064,Jackpot
2763,HL_xg
4377,Panoyuh
7896,sugarMummycome2m3
11585,对线对不过实在是很正常
10039,别再胖了球球了
6359,cfdvcvfgvg
14306,洪总是赢不了
17698,青剑
1327,Ame先锋分e
14200,没有沟通了
13784,桃园领主
1596,Banana King
7609,pua168
10581,周六一
10178,千年禁
12243,德斯米娜
16267,苍山无井本为空
10866,国家反诈中心APP提醒您，警惕队友大残骗局
15468,神秘男子
3272,Kanna Hashimoto
789,457223419
8486,zwhstc
3127,Jiohe
5000,Shintaro
8202,wyydsjz
17338,长大我要COS上海人
10082,加藤惠
15970,老实憨厚的红鸟君
10895,圣熊肝帝
15216,白洞
6529,devil.qq
3088,Jealee
2190,DonQuixote
13276,普京
16968,软萌奶糖甜喵酱
6752,governor
3924,Merl1n
4926,Sedum
13941,次心
2569,Frozenhhh
11748,小赤
1706,Bread＆Scarecrow
9478,会说话的树
7794,silent
16336,草
15040,珍珠翡翠白展堂
12377,惊世智慧のman
14004,死鱼
1403,Are You OK
15706,糖醋圆明清
9468,休比
9786,八云橙
14041,毛头豆豆
1539,BADMORRISON
6315,btvalue
9067,东海帝皇三次重伤倒地
15182,疯脸小丑
11187,天公将军
1048,9S
2492,Fei
17179,郭大宝
17287,铁血
5652,WQY
1482,AtreuZ
1011,908568615
4375,Panhaima
3014,J
16291,苏苏林林霸
11596,封灵教主
17501,阿霄阿ovo
5733,Wrdd
5990,ZARD
1498,Avalon_CC
3377,Kosmischer Künstler
11743,小虾°
16174,节点
577,277743504
10242,南方姑娘
847,565034274
15431,神仙
11042,夜月下的螟蛉
17925,馥栗叶QAQ
14542,游龙是你的谎言
17192,酒心奶糖
15964,老夏
5817,Xy
6995,jty2005
11372,如果我能回头
1566,BOT
11659,小小的也很可爱
4903,Sawahiro
1350,Ankh
11143,大王派我来炒酱
5945,Young
5338,Teamou
10014,刘农-dev1ce
14715,無心
7792,shueitaDragon
18197,默默的年
18013,魔法少女蔡徐坤
10331,发呆
7682,robinkua1994
15963,老塞普
2315,Eledore
288,152350686
12306,怒上心头
2510,FireFox
16733,记得你的微笑
13724,柔らかいクソ丸
16699,要来点兔子吗
3398,Kurisu
3025,JCjoke
6093,^^
18136,黄泉
5699,WhitelYcris
1488,Auir
16949,躲在墙角的喷子
17582,雏草姬
15640,第九号男子
6085,[PN]vc
241,1362152022
10685,哥特式、低调
8565,⎛⎝≽> ⩊ <≼⎠⎞っ✄8
17856,风风风
14659,炎火村工具人
15078,瑔白
4938,Sera
17819,风吹叶子
9382,仁文义武俊德成功高皇帝朱元璋
10127,北方大区新手营运输船
17321,错过的烟火
4141,Nahema
12002,幕末浪漫
12771,拉格朗日有话说
2661,Ghost丶runner
6127,abcd
9000,不要温驯地走入那良夜
9230,买的cdkey无法退款，已差
12895,文明人
3320,Khazan
7700,rushingbird
3484,LYNN3K
6340,careless note聋瞎
17773,頼三賓
7491,noob1918
11744,小表弟
11368,如星
148,1144036045
18274,𝓥𝓮𝓻𝓶𝓸𝓾𝓽𝓱
17959,骑空士不能睡觉
13059,日比山小钢炮
11106,大姑娘抓几把
15580,空
17049,进击の坑货
17979,高手坟墓
12250,心态超好der
13697,枫梓
11666,小峻峻
10517,君梦尘
12513,我大招好了
10501,向晚归
14683,烟头烫外星人屁股
4989,Shimakaze
8465,zmxxxx
4086,Muvluvate
7345,mayo
1068,@-@
7672,reventon
10008,切克切克闹
6302,blue.box
10778,喵喵喵丶
17859,飘渺仙
18101,鸽某
5293,TPboys
9988,凶兽
3107,Jia
5548,V
8549,“莫测的狂徒”封不觉
15914,罪人无名
9295,云端の青鸟
3330,Killswitch
12249,心态摆正稳定上分
16286,苏沫的祈愿娃娃
9083,严格
4819,ST
3023,JCNero
5186,Sugiso
8011,uCantRedo
12540,我所向往的世界
8601,《活 着》
17524,陈欣如
8419,zerosakura
2680,GoEasyOnMe
1563,BOK3H
1137,ALLAHU AKBAR
17173,郑佳效的义父(已认证）
12506,我叫大轮子
44,...
2796,Hammurabi
11383,妳的煙熏到我也沒關係
1302,Alligator
14402,海鲜过敏的犹格索托斯
11288,奈何情深。
4706,Rorschach
7542,o橙子味的橘子o
2101,Daydream
16955,车厘子7号
3886,Max_Pain
14274,泪眼明媚忆无双
12174,当我打出？的时候不是
6822,hentai绅士
6285,bismillah123
1982,Cx330.
17266,鎏雲
10064,前面右转第二排架子上
17510,陆月十一
9034,世外仙姝寂寞林
8994,不能说的秘密
1931,Coke
11583,寸哥
6894,ibuki_my
2105,DeWorldzLastPunk666
1889,Chris
10163,十年煤矿投资血本无归
14736,照世明灯
8342,yooooo~
3368,Kobayashi
7500,ntw
1417,Arrebol
11574,寒霜_Frost
10944,墟里烟上
14895,独步danna
1391,Aragorn
15338,真的一滴都没了
9706,偽りの笑い
15288,皮卡丘
2975,Imbrium
3179,JustWan0
9395,今天的仇，明天报
11222,天王
16143,良凉凉
12372,悲欢楼门客
14494,清风徐来。
16819,负卿
11087,大千世界
5771,XP23333
2955,Iamqingge
3344,Kinoko87
17420,阴险的哲学家
11724,小秘密
10832,四叶丶
13892,楼离
13137,明镜止水之心
10410,可惜不是LOLI控
3627,Little tree丶
17621,雪浸苍漠
7212,little funky
14378,海山了
12878,教导有方
15738,紫衣服
2693,GoodRabbitBall
4462,Powel
11035,夜夜笙歌、
1744,C18H23NO3Frog
6166,ame
13361,最佳导演
14061,水星逆转の圣诞节
7125,lancelot
11704,小狮子
11987,带剪刀
16650,裂开公子
7598,pps41
15658,简单人机
1453,Asian
4262,Nymphetamine
1783,CSZG
13811,梅C库里RNG
17490,阿良良木历
9849,典狱长
13707,某教主大人
4171,NeoGranzon
1369,Ao Ao
1219,Aghanim
16408,菜鸟CaiNiao
8841,三体
9877,冥
15556,程子爱喝橙汁
17219,醉生梦死の猫
15502,禾急
13274,晨瑜chenyu
8749,一片の悔い无し
16314,英雄吸英雄
7808,sizoud
16840,赈早见琥珀主
6074,Zzui
12037,幻影小馒头
3655,Loong2333333
7390,mm
5332,Taylor
1284,Alex‘‘
7126,lancer00
4696,Rocky
15380,石景山游乐园园长
3753,MC子龙
4427,Pillow
2203,Double♠Ace_
10968,壕无人性
2062,Damn使龙城free将在
406,20%
12755,抱着吉他打dota
9137,为什么呀
1629,BestSwainCN
4741,S
2923,I wanna
6905,ihatetheworld
10566,呆唯
6393,chironly
17198,酬勤DOTA
2109,Dearjohn
3100,Jericho
4282,OTznOOb
1009,907484404
9312,五块黄
4189,Nighcat
7033,kekexili
14204,没有麻里的明天
17172,郅曦
9873,冒充人类
17907,馄饨
9040,世界的重量
142,1134391827
13546,杀马特耀
10625,咩咩咩
4071,MssF
3629,Liuyuxi
9103,中单提款机
5633,WFI
3473,LV
3316,Key之King
12029,幸运遇见最好的你
3022,JB11
6092,^O^
14286,洋洋哥哥很酷
12286,快乐酱油
4296,OldBeach
4327,OverDriver
8552,℃
16254,花鳥風月丶
17570,隔壁家的潘达
7758,seventy seven
539,2607432216
10122,北境
5238,Sworddancer
6571,dsadqda
5367,The Imposter
16091,脆米提督YuuDachi
2083,DarkSky
10093,劳资真A
5469,Trhee
18283,🅻🅸🅾🅽
9866,再盗我号我必杀你
12390,想不到叫什么那就叫
17854,风青烟
4616,ReGan
10083,加贺老师
2735,H.FLY
8903,下载速度太慢了
12435,慕影随风
5169,Still_Remains
8758,一笑
17519,陈少
11053,夜航星
3140,John Wrick
4721,Rukawa
10286,卿言之
8534,Пойти в атаку
13334,暴食的小c包
16839,资深鉴黄师
1980,Cuz Nothing
6504,dddddd
7102,kylin
7400,moli
13454,望舒暮云
13808,梁福贵
921,76561198114316919
15906,罗伊德
11751,小软不软
6305,boawxt
6088,[实战太极] 物管
14260,波罗波罗哒
5905,Yemo
17286,铁柱
5889,Yanght
18255,～哦尼酱~suki
16983,辛巴
9166,久远寺有珠
1941,Congroo
1245,Ai~Yaaaaa
9971,凡心
4907,Saya
10932,城南鸽子王
17418,阴暗潮湿蠕动的小红帽
9798,八月廿五
10446,吃我一猫编
2781,HYYH
2367,Eromaxx
1655,Billy_Grylls
17805,风の谷のナウシカ
13278,普普通通的异邦人
7762,sh1437229877
11452,学习不好老师逼太紧
13869,棋疯.清扬子
12520,我嫩叠
7901,sumo
12017,年轮
12678,战场原荡漾
17242,野獣先輩
10315,叉烧喵
14164,沉香
14849,牧已成周
2250,DzRrrr
70,0_o
3114,Jigogo
11542,家电维修（暂停营业）
9976,凤凰城爆头王
6977,jisaknight
2023,DD sth
884,666
4147,Nameless黑猫
8479,zsw155
7316,madT
3016,J'ai envie de parler avec toi
15365,瞎哥
2542,ForgeIronPlayerSukiro
10145,匿迹
10338,取名好麻烦
8189,wwwroit
14065,水游鱼
15595,穿林北腿将中正
17668,雾间风唳
15681,粗茶淡饭EMMMM
15891,缺舟一帆渡
5185,Sugar以蓝
15201,白嫖天王
9672,倒反天罡
3541,Leeon
3991,Mmmm
13787,桃子牡礪027
5168,StillAlive039
279,1486331046
1852,CheeseBurger
11110,大屌插屄
7031,keephungry
5376,ThePromise
8878,上天入地罗汉果
5060,Sleepwalker
13734,柠檬精
514,24尖
18152,黑丝万岁
14492,清风
8020,unlimiteddrown
1240,Aitaino
12467,我·年度最佳
10059,刹那芳华
13100,昂比里夫卜
8630,なんで春日影やったの
5807,Xpunk
14238,泉落渊洄
17961,骑驴砍电线
3724,Lynkeus'
2918,HyoHyo
15637,第一屁股
36,-RyougiShiki-
17955,骇人鲸
13759,栓Q了
13621,杰哥不要啦杰哥我不勇
8277,xxxmz
15665,米斯特松
783,448646056
12290,快睡了
1154,AP dai
14435,深山中包治百病的板蓝根
7348,mcryed
14236,泉兜部诗人
6772,hachi
11647,小妖妖
13418,月黩
15090,瑾瑜
8138,wjf_008
7851,spacedog
12498,我单三路尔等钻野
3422,L2w
2472,False Prophet of Buttered Bread
12870,故事岂止于夏
2086,Dark_Sider
5704,WiksongKim
6391,chips
12365,悦刻雪豹
9631,你说的对，但是我是一只哥布林
4584,Railgun501
13995,武装直升KUN
16114,自燃卷O_o
3492,La M0rt
5243,Symbol
6174,andy_zw88
8494,zyf446251921
4224,Nomore
3646,LoneDigger
9925,冷泉院桐香
15281,皇浦云
11064,夜雨
5878,Yae
10562,呀，别上啊
8224,xiao-ttx
13198,春哥威武
3974,Misaka Mikoto
7124,lance145283
9970,凡居
9027,专心致志
6019,Z_Element_Wake
13598,来栖暁
12782,拯救僵哥
16565,虎喵
16104,自  由  人
12626,我的游击像主席
15252,白露
6508,dddstan
11921,巨剑勇猛狮子斩！
8978,不瘦十斤不改名
5756,XD
5674,WavErIng7
1507,AxisE
3307,Kelive Rick
2395,Evagelion
2374,Essca
4115,NEMURUBAKA
6976,jioiuojoi
4950,Seven
11868,山风微凉
1846,Char
2668,Girafface
6700,funnyqiy
3801,Madao
3120,JinSaKai
9714,傲竹
11623,小儿夜中笑
2196,Donny
8763,一缐天
2261,EDF!!!
7940,tank
17565,隐忍
4363,PUNCH
18250,）（
8653,ゴキブリ角煮
5386,ThomasVan
4469,Professional Team
9597,你怎么知道我过了9禁3虎
5229,Suzuha
15376,石元素！！
5986,Z.E.T
13323,暴打虎先锋
2812,Haruka
17606,雨里云里雾里
10834,四四四四
16846,赛博高达美浦波旁
4922,Se7en1KIng
6274,be儿your儿self
14379,海底蕉
10361,古明地 こいし
11039,夜尽天明°
15484,祸坏.
16550,薛寿鱼
770,409974261
4993,Shining Oguri Cap
6729,ggbond
6163,altoriarany
10148,十一月的語
10825,噢耶噢耶
15762,红小豆
8438,zhf1987910
7902,sunhd
1704,BrazilTortoise
4867,Sakuya
15981,老李爱喝茶
2769,HOLO
4824,STARRYc
15438,神区化龙一念间！
12800,挣脱一切
16925,路易希尔德
6519,dejavuddd
4850,Sail
12155,弹簧象
5508,Tyreal司空
2875,Hooligan
16051,肥鱼好蠢
3116,Jiheona1
4539,R99.wei
16006,老鸽子
531,2564153384
5467,TravellerL
5837,YIDA
17323,锦瑟
6902,ifucaan
5928,Yoko
784,450411441
17917,香草无尝
5421,Tjololo
8374,yueqing
5170,StinsGate
11643,小喇叭
1720,Buggy Prophet
11300,奔雷手
2675,Glonlpre
15488,福尔摩Neal
1608,Bbbbxx
14110,汐湲是小考拉❤
11297,奏
7613,putang ina mo
16802,豆瓣酱评分9.8
13968,正义的伙伴
11883,岛主
14825,牛头人酋长
800,479357009
8121,willows
1640,Big Rang
15853,续命真人
1030,9527
8162,wssgvv
10325,反方向的因只
16791,谦谦君子 温如玉
9216,九里堤摆烂仔
12035,幻妖言惑
14254,波力知道该怎么做
12527,我将以高达形态出击
1881,Chjinhuu
7799,simonlyh
89,100kg
9630,你说是你的上面写你名了吗
13331,暴雪的亲妈跑的没我快
9547,作永きみ
17765,韩
12826,描边大师
2343,Endless.End
9273,云兮
7809,sjh_alex
16178,芋泥啵啵
3170,JulyNearby
1529,Azure Knight
5416,Tirniepores
7143,lazike
12161,归一
3857,Marcus Dong
1790,CYP
2001,D
9566,你会放我走的，对吗？
4834,SUgar
7596,ppp
16198,芥子怪兽！✝升天✝
8299,yangyang
16017,耳朵停机了
1174,AVAYAVA
12535,我很有花招
17937,马格纳斯的犄角（复健
8536,Я китаец🎄
14980,王大锤
2660,Ghost Song
2148,Devisage
2150,Dexter
10386,叫我小胖
4737,RyoRyoKo
10044,别扭
8564,⎛⎝Samuel⎠⎞
975,839021347
13378,月
3746,MAO
7292,lxd
17010,还在嘴硬
3635,Lluull
16683,西西莉亚
18116,麦克阿瑟MacArthur
1401,Arcobaleno
6591,easthex
4395,Pbear
16814,贝特鲁吉乌斯罗曼尼康帝
13099,昂
4639,Rei✿
14793,爱潜水的猫
12663,我避他锋芒？！！
6779,hamr
9915,冲动是天使
9107,中国古拳法传人
5910,YiFFFan
6423,cncgun
4318,Orianna
7090,kukumo
6057,Zizhao
8883,上帝之手
2113,Debu King
3860,Marida
12553,我是人类
10696,哮天喵
1422,Arthas Menethil
3401,KuzaiYH
2321,Elliot
258,1403784579
3983,MitiScc
7430,musicvs
9747,光与热是希望的麦片
17436,阿呆aii
3277,Kanzaki H. Aria  单挑啊？
7111,lEň.
12061,幽灵骑士宁采臣
7053,kioy
1456,Asirogimuto
9385,今夕何夕兮
12746,抠脚Jo太郎
3037,JJ
6018,ZZ鳕鱼桑
6975,jinzhifeng2008
11055,夜行灯火
5574,VenaTOR
5897,Ye Men
11662,小少~
12828,提权后再格式化
17860,飘荡的小五
16747,诚烽
2388,Eucalyptus
15220,白白了您
9534,余党
11218,天梯惩罚者
15010,玖夏
16319,范式
5901,Yee
12757,抹茶芭↑菲↓
9400,今晚打老虎丶
5491,TuDou
3405,Kyogoku Rin
1725,BurningGU love
7454,neRoWoO
11927,巨馍蘸酱creeper
11978,帕西法尔
5292,TOmaTO POT
14313,活憋波
3514,Lanzer
16847,赛文
520,253050718
4314,OpenFindMiddle
5328,Tarro
15116,生命不过恍惚刹那
10463,吃饭大师
1921,Cloud Strife
880,649234618
3259,Kakarot
12433,慎虛真人
9375,人间精品稀豆粉
6078,[12THGGR]_LongGe
2429,F.
3605,LimDOS
7865,sqy
1,"""师师师师师"
5591,Vincent
1195,Acesses
2383,Ethan
5909,YiDieMing
2223,DreamTrip
1923,Clove
16218,花朝月夕丶
4186,Nidhogg
6736,ginshizuka
886,666BG
14732,煎饼曲奇
16514,蓝染月
8519,·Joker灬
15534,种壶野郎⛄
4376,Panorama
4373,PandapandaQYP
2027,DDOTA
3026,JD
13289,晴空仙人
8661,トウカイテイオー
12254,心远
8568,⑨
6814,heiheihuihei
5142,St.孤松夜影
17318,锐克丁一郎
12191,彬泣
9827,六花不被吊打
13443,朔北
7072,knero
13304,暗影之尘
5327,Tarnished
10594,呼噜呼噜
13292,晴雯
14467,清明雨时
5757,XDE
9311,五号位路人
7149,ld123ld321ld
10161,十年了
17016,还有高手o.0?
1760,CHERST
17400,队长别开枪
15009,玖世
11823,尼伯龙根
2074,Dark Angel
16133,舔包怪
16956,轩了个轩
3536,Leaving
7583,pobasde
5872,YYYYWWWQQQ
5642,WILL
16751,诡迹
7540,owengoal
1586,Badd Iddea
8156,woudy
12145,张连起
12066,广州市一级啫啫煲总厨
17350,长梦
17977,高手
7307,lzwbbb
17096,逍遥游
16238,花祈
8144,wljhpjay
1387,Aqua
6232,b27
1557,BK201
4000,Momizi
4667,Ricardo_Nomi
17038,这破号吃枣药丸
6749,good
13790,桃花影落飞神剑
2004,D.C
11167,大飞哥666
7531,ori
8791,丁真
1900,Ciallo～(∠・ω< )⌒★
15038,玲珑
12261,忒洛斯
5302,TUIJAO
9233,乱空
5368,The Last Ace
13288,晴栀
15183,疯船祥子nothingtosay
8881,上将蒙
11870,岁城
4520,Qinghe a sigh
18227,龙猫
15333,真就白给呗
18065,鲲の回魂夜
14576,漆黑之翼
8576,☣俊儒
15669,米老头
9991,凸 (ᗜ дᗜ)
12835,搭快艇的咖啡机
5061,SleepyFish
10591,呵呵
17760,面部代偿
18216,龍翔
4874,Samer
1917,Clockwork
4630,RedJoey
12723,扶摇HsL (老许)
10667,哎吆不错哦
16724,让伯伯 cat cat
11273,头戴胖次的Sun酱
4568,RSMinBamGro
12934,方在心里
13014,无毛水多美羊羊
7469,nidehaobaba
6984,joe
5923,Yo0mu
9816,六娃看不见
10597,咋不叫同难客栈呢
8875,三鹰朝
15178,疯狂的石头
6536,dialogue
10772,喝奶吸烟
8309,yearner
17203,酸奶黄嘉奇
4133,NOT FOUND: 404
6401,chtholly
17346,长期素食
16046,肥天德
2166,Dio King
1268,Alchemist
12817,掉线战士
3295,Kazuyakujo
3439,LIKE ZYT
775,43268
12336,恋愛脳
18233,龙骑王
7154,leekloni
15878,缄默。。。
16711,解风
7892,stupidSugar
3516,Laomao
18012,魔法少女芙兰
11757,小镇憨匪艾斯欧
14392,海盗船长🏴‍☠
14534,游戏体面人
5140,SsIXeven
2966,Idyller
17121,道家无产阶级老无机盐
11820,就要涩涩
16321,范阳卢氏
5233,Sweet Dream
5307,TachibanaTaki
13438,朋
5064,Sleeve sword
6076,Z。
13700,枫谷川
13685,枣子姐你带我走吧
12046,幻海真君
4304,One
621,2B
3617,LintonAdeliae
4702,Romeo
14340,流素
17738,靓坤
5566,Valkyrie
779,444281462
16085,能源城第一高手
3252,Kagura䘝 神樂☂
16065,胜天半子
11495,安巴尼莱蒙
2952,ISeeDeadPeople
13747,柳琴蔚
8212,xD
3580,Liang
7268,ltri
2165,Dio
16255,芳心纵火犯
2254,E-HERO Neos
15604,站在此地别动
2178,DoDo
9247,二十面骰
2090,Darkside
10099,勇猛狮子斩！
11299,奔跑的游侠
7826,smallpoxwmx
16489,葬送的芙莉莲
4057,Mr.丁真
3951,Miho(Tank AI)
16228,花沐荣
7096,kuyoli
10992,夏日的娜抹灼炎
8889,上钩啦
6997,judasaber
11620,小佐内由纪
16112,自恋使人落后
18172,黑狗黑狗
9820,六月的失眠
11801,尘海Dulyox
9532,何方知
6494,dasrfew
3638,Lobozumy
3154,Josher
14282,泽子
2747,HDR、
15547,秘境里飞翔的绵羊
9563,你们在家我单三路
8311,yene
10238,南宁林俊杰
2371,Esc
10275,卧室添材
17920,香蕉君
8087,warfarin
14408,涂鸦
4587,Rain_ST
11384,姊妹饭店
1461,Aster
7254,lord of mysteries
9546,作家
5922,Yns0yNA
9599,你愤怒吗？
11689,小样套
13949,欧富贵
6918,include_dark
15278,皇家之胸器篇
8533,КЯÏζsV泽ёяδ
13831,梦了个浪QAQ
14459,混！！！
8233,xiaolezi
13576,李通涯
14906,猛男王
11982,帝國の絶兇虎
15979,老是瞌睡。
18191,黑霸王
6404,chx131
12006,干杯
10669,哎洗吧
11527,审判
12653,我评分3.0
18128,黄东来
12622,我的小鱼你醒了
3940,MiaoMiao
12486,我也是一把剑的回忆
3328,KillKi11
4359,PPPPPink
6843,hollycally
5698,WhiteRobe
8589,✪A
7130,lanklarde
13109,明前リリ
10754,喜多川
16350,荒野尹志平
9653,侦测到在途的巨便打鸡
5708,WindForce
4176,Nero
3959,Miku❤
1546,BBSSS
11424,孔哥仁且义，孟哥义且仁
3219,KICKOUT
16794,谷-704
1854,Chelly
5042,Sion*
14623,火葱大酋长
12652,我觉得你是出道偶像即使现在
11031,夜刀神灵凛
10012,划过夜空的板砖
8306,ycen666
16168,艾莉的冷笑话时间
17340,长宁炮王
13148,星之坏比
2655,Gethin
2386,EtherH
9363,人类英雄斯奎拉
2814,Hasakisa
6390,chippedyolk
12157,强劲型野人
14667,炫彩
9644,佳佳真可爱～
17369,闪光
8818,万华瑛
13843,梦烟水月
9602,你拿这个考验干部？
9419,仙子请自重
8040,vecna
1960,Crazy
14713,無名Untitled
2857,Hins
9607,你有套装了不起啊
17210,醉卧杀场笑
14977,王国之泪高手
2536,Footprints
1395,Arcadio
7128,lang
14522,渭城朝雨Roger
1820,Castorice
4042,Mr.Fixer
9102,中华大鸡
4804,SPASPAMASSAGE
1376,Aorliget666
6475,d4c
15032,环印城第一糕手
16123,至尊天堂舞者
5629,WELDON
11745,小袭
3867,MarsBiuBiuBiu
11784,少冰无糖谢谢
15959,老倒霉蛋了
17399,队长不是我
9160,久居妒海的猫が
1716,Bruce
5949,Yu
9313,五更瑠璃
5727,Wolf
2832,Hentai John
16559,藤原妹红
17635,雲岸0v0
17559,随蝴蝶一起消散吧旧日
11846,山山而川
11038,夜尽
8370,yud
17243,野蛮人嘉然
13084,时光撒谎iG
12543,我换个肯定能被找到的名字
9515,低眉哭泣
9188,乐意如多
13260,晚安
13429,有我咱们是赢不了的
4037,Mr. Sorry
8824,万物偷生
1635,Bibliomania
4847,Saihate
10559,吾问无为谓
4136,NSFC-amines
14231,治好了也流口水
9110,中岛由贵
5759,XF
957,7L
13397,月晚眠
15053,理塘兴丁真王
2493,FeiJin
18009,魔法少女妖妖子
117,1070158425
15962,老吴来了
8220,xiaer
6330,caipeng19
6531,devilmaycry
5632,WENDY
11547,寂寞害死人
2672,Glamorgan
15596,穿衣风格违反国际法
7840,somedieyoung
10857,团三郎狸
4123,NILES
7878,staray
14547,湖畔镇信使
11906,川赤子ccz
4579,Rab.J
11189,天呐
3592,Light Chasers
4675,RicoTheD
10953,墨烬
4179,Neverland
16837,费莲诺尔
12351,恶人
15088,瑟蕾娜
17018,还没想好
8239,xiaozhai
12785,拼好象
6112,aLIEz
15279,皇家窑子胡德号
9025,专业咬猫
2245,Durian Pie
5125,Spartan
16050,肥皂王子
9334,京都林正英
1069,@_@
106,1050105224
17125,道简要吃栗子糕
13529,机制的小伙伴
15393,碌CARD
12990,无效击杀，有效死亡
9406,从百草园到三味书屋
7524,onuc
9005,不要逼我使用六脉神剑
17302,银月
3273,Kano
13760,栖晓
5775,XXX
1597,Bang！
1572,BT-7274
7877,star
9724,儀落
12598,我永远喜欢星白闲
17491,阿良良木火怜
9651,依韵
7463,newbie
8000,ttfxz
17159,邪恶的小猫咪
10609,咔咔
14320,派派的回首掏
183,1226183533
2701,Grave
6968,jingdai的小伙伴儿
16053,肥鲨死个木
15606,章大蒙子
7516,okerxxy
12491,我从来没觉得玩szb开心
11928,巨魔蘸酱蔡徐坤
16936,踏马的磁场转动
6307,bobfan
5522,UbuntuKylin** 真不错
13303,暗夜魔王露米娅
15320,看不见的辉夜姬
3980,Misty丶飘渺
16284,苏格拉底没有底
5124,Spark1e
17473,阿毛
1352,Ann
6202,asdfsu
12499,我压抑
3526,Laughing_J
17625,雪糕
17022,这下逆天了
6246,baiyu
2325,Elopia
1493,Austro
8294,yang
12356,恶霸贝尔
6774,hailvoid
5091,Sodayo
15993,老菊花
17228,重案组之虎
12265,忘尘寰
3517,Lapisia
2434,F4U5T
8363,yu
13630,東雪蓮
1554,BILI_814964
15217,白焰
10415,可控核聚变工程师
13154,星云
2983,Infinity516
16593,蛋丁馒头
11263,夫妻肺片
3851,Maracendo
12086,康缇纽子
790,460800159
4340,P3k0.1
2656,GevJon
14613,火灾fire
2673,Glasky
10271,卢卡东契奇
18264,𝒍𝒆𝒆𝒎𝒆𝒅𝒐
9332,享马马
13056,日天二五仔
6847,hongrunluo
3861,Mario.W
3664,LouisWSA
12011,平成風俗
2484,FazeMajor冠军
11117,大建出扶桑！
13421,有三条腿
8851,三喵
10253,南辕北辙
16358,荷兰猪
9503,伯符且看我这一手
10149,十一维
5309,Taeyeon
15521,秋水
13284,景雪
5650,WNGhost
5486,TsukiokaHoro
8643,゛夏忧゛
14221,河北神木香水枫
17230,重生之开局九阳神功
15210,白开水干杯
15389,砸瓦鲁多
3982,Mita
7287,luyeaa
3713,Luxury Disease
14290,洒酷辣
6029,ZedZZ
10989,夏季
3275,Kanye
10873,圆头老吴胖宝宝背棘龙哈气米小白手套耄耋
16815,贞子姐姐凉凉的也不是不行
14869,狂野大团子
5616,VvvV
16831,贰拾壹
17164,邪猫残
4275,OMIKUO
10382,只蛆
9261,二次元真恶心
112,106
16746,诗穹
11181,天下无剑
16767,诶嘿嘿嘿嘿嘿
9514,但是我拒绝
3214,KEN
12136,张海棠
9434,仰光
4184,NicholasX
8105,wek_deng
16371,莫哈维第一深情
6160,aloneyu8
13305,暗影之龙#540374
9729,元气满满的亚龙人女仆
17363,长腿蓝胖子
10708,唐太宗
4391,Paulone
17383,闲云野鹤
13832,梦仁春平
17691,露露缇雅
15664,米拉，你带我走吧
12609,我爱洗澡
17174,郑居中
13969,正人君子朱大帅
6827,hhhhhhhhhh
9088,丧心病狂大白牙
9115,中郎将
5607,Vobranie
2146,Devil-恶魔
12228,御宅大神明
9128,丶僞君z1
14553,源来如此
12452,懵懵懂懂的天命人
1396,Arcane_Crystal
4240,Novykh
8706,一夜枫华
4353,PMA
16052,肥鱼（增肌版）
3031,JIMMYKINGS
1520,Ayinem
12077,库洛德
1000,877925833
2116,Deep
2859,Hito
3310,Ken
11601,尊尼获加
3267,Kaname Madoka
1925,Co2制造机
3452,LLL
7483,no face
13894,楽颜True
5700,White·X
12114,异界奏鸣曲
15715,素晴
16730,让这一切随风吧丶
3522,Last One
17054,远在天国的节操
15134,电子ED克星
34,-90%
11880,岚岚龟
3751,MAX&CHLOE
10618,咖啡是豆浆
13503,末夏之秋
9308,云鬼月半
5282,TLmoss121
10880,圕
9778,內向尼特魔術師
6199,arther
13348,曹莓可爱多
1291,Alicxya
18112,鹤鹤鹤
9671,俺是耕田滴
9016,不遇
4049,Mr.S
803,490674078
7989,toutol
12796,指引冥路的猫饭王
2368,ErrorCode118
3376,Konpaku Youmu
18117,麦兜没兜
3384,KrulTepes
13184,星空
7958,thelastshadow
14,(: DOG :)
17796,额滴个神呐
1454,Asiko
7051,kingkeyshe
6769,gy
1627,Berserk
8048,virtualchris1024
38,-仙草鲜草-
8741,一梦镜花影
5096,Solaire of Astora
13890,楼下老王
12225,御冷弥迦
39,-克多
14875,狗修金撒麻
15575,究极马枪怪
2191,DongChen
3589,Lidalian
17493,阿莫阿莫
5208,SuperBrain
8612,あんなの嘘だよ
2361,EricLV94
8957,不想起名字
14071,水良
2925,I'm your god_我是你的上帝
4203,NinJa
9516,低端画师fiiiiish
7497,now kill me
6876,huh
6069,Zye
14590,澄澄儿
360,17@12083
9894,冰★灿
7900,summk
10229,卖 乐 送
12147,弥天敕梦
5842,YIWWW
6030,Zeddd
8740,一树梨花
8893,下北泽の大天使
14948,玄冰万丈
6923,instagdhr
10749,啦啦啦
15417,祈____
7572,pineappletea
10551,吼姆拉
8987,不笑猫
15550,秦淮六法王
8730,一条咸鱼
3647,LoneRanger.
172,1193772630
1203,AdaDa
4681,Rillas
6838,hjhbb612
4100,MyÆblare-Street
7303,lyys_ze
10738,啊土
6620,es
12340,恐怖直立猿
7844,sora
4813,SS86C级黑悟空
15263,百分百被暴击
7854,sparks
12117,弃武从文
8458,zkyo
16431,萌萌哒波波
13828,梦中的风铃
15904,网络连接断开
6601,effy
4756,SANCliff
3244,KTHH
4464,PrejudiceJ
8231,xiaohu
12291,快跑吧小姑娘
3835,Malps
16615,蝦米米蝦
14687,烟火染弦
12033,幻冰盟主
7659,rebel7990
7849,soulonly
12701,打什么啊
14794,爱爱爱不完
16128,舅舅爱侄女
4723,Rush byh
11386,姐是个男的
14901,狮子堂
3098,Jellyfish
12144,张辰轩
3412,K·D
9595,你快回火星吧！地球是很危险滴！
8569,▷帮帮我
9663,"俩年没打DOTA,哥们真没办法"
13129,明末首席品屎官琪亚娜
2126,Denis86
11341,好人兄丶
14509,渡边
2910,Hy11zQvod
14887,狩猎时长两年半
8517,·
12650,我要重新加入二次元
12899,文班亚马
3369,Kobe Bryant
17614,雪夜o30飞
8658,セプテンバーさん
7566,pice
14258,波波头炒腊肉
16852,赤喵TAKO
1469,Astralis的jabbi本人
7100,kxxxxxxzzz
15451,神必大光头
6,#仙人掌#
8697,一只神坑包
3250,KaKi
10962,墨韵秋香
1823,Cat&Absinth
13183,星穹铁道高手
9812,公路之星
9553,你
3593,Light Shark
2598,GG
2571,FruJo
1625,Berg
13548,杂鱼先生
10573,呛呛呛
1663,Black Myth™: Wukong
3809,Magemiracle
10608,咔叽
1299,Allen.
6416,cloud
16903,超自然
14857,犄角的光辉
13514,朱世珍
6178,angsunfree
8485,zwei
4091,MyLiquor
15280,皇帝神选
13122,明明心里很喜欢却保持着距离
9244,二六
5468,Trevor
9367,人菜嘴臭破事多
1556,BIU
15701,糖小萌
2734,H.D.D
4264,O
12900,文腾
1808,Cappuccino0229
11555,密星
4402,PekkoPekko
1220,Aghtha
17065,迷之棋手
3975,Misato
15264,百味草
12522,我家小貔L
9641,佬羊蜀
11789,少年枫
9487,传奇更有性价比
8578,♥Koishi♥
7925,syman80cn
11353,好好活
13022,无眠
16542,薄荷
15893,罐头嗲
41,-千紘優-
14005,死鱼一条
9736,充满遗憾才是人生
6488,darklight
1882,Chloe_
1373,Aoing
5619,V我50搞大我肚子
5667,WallFacer
10110,包在嘉然身上
10360,古手梨花
12558,我是原神高手
15422,祖安老父亲
16157,艾尔之盾的指挥官大主教阿塔腻斯
10800,嘉伟从小就爱吃奶琪琳
5349,Tenii*
1699,BoomFish
3906,MeinoBaKa⑦
10249,南橘_Gogogo
13134,明珠色丶
5718,Wiss
9276,云和山的彼端
7081,kongyier3
1020,937112423
16283,苏念青
14420,涼森れむღ
3946,Micllone
5750,X.A.N.A
2650,GenTaMeboomla
15723,索纳塔
4844,Sadmay
2555,Fre1d0m
15363,睿小二
16522,蓝色的咖啡
17603,雨落天渐
13448,朗姆葡萄干
9278,云宝家的库玛
5507,TyrantSauron
12005,干啥啥不行集结第一名
10263,卡卡少
8631,ねぇ！どうして！
11882,岚风快晴
17503,阿飞
13234,是猫还是糖
9257,二次元小伙伴
9772,兜兜有奶茶
17135,遥遥领先
2266,EGO_ACE
9155,乃木园子是勇者
13337,曦哥欧耶
1060,=.=
11979,帝国の怪物腕章凶獣理
13196,春又来看红豆开
12370,悲伤小番薯
4438,PitilessGK
3653,Long may the sunshine
10887,土豆拍扁
4200,Niklaus
3163,JuHuaEast
10213,华夏旅行者
14595,瀞月sun
10601,和少女孕育爱情
6973,jinyanjinyan
14310,活在梦里
1866,CherrySS
16656,裸奔的蜈蚣
6119,aaazo
2901,HuntAround
17114,遇事不决可问春风
17072,迷失的香蕉君
1594,Ban sha latte
12879,教授
3704,LunarGehrman
4154,Nanquan
4138,NZ
6491,dasdasdas
17913,香哈基米堡
6513,dear
14919,猫儿
5647,WMS
16428,萌新在线挨揍
9432,仮面ライダークウガ
15175,疯狂原始人
5639,WHY
4508,QWER
4336,P-Y-Pan
5998,ZHC
13928,橘白
12717,打的最菜的，跑得最快的
6386,chika
14720,無無無路賽、
4633,Reeeeeves
6448,crazycat
10304,叁两无奈
11066,夜雨哀伤
16058,胖次鉴赏大师
7504,nxf027
11597,将军
8004,tuotuotuotuo
13414,月酒眠
14248,泡泡ww
6201,asdasd
17586,難易度G
13169,星槎
14657,炎の男
3773,MMMagic D
13255,晓叶
11282,奇衡三
11369,如是说
13745,柳三千
13646,极地蜘蛛爱好者
18001,魏琪
12674,战争的月桂花
10971,声控
2508,Fine
5738,Wuchang
11793,少年阿红
9751,光明区长孙连成
3082,Jaychin
13202,春早得甘澍，村邻喜欲狂
6468,cxxiang
11700,小灵
12822,排到我享大福
4621,RealVCK
3632,Ljmkshj
10571,呆萌吃货9
11490,安墨麟
1233,Aillll  go
2262,EDK-11
17345,长方体空间移动工程师
16377,莫西莫西
14631,灭绝师太
12539,我想当呆比
4638,Reisen丶
7642,qunan1123
10666,哎~不是
4744,S'OriginalSin
3621,LionHeart
3242,KSY
6677,fish
6836,hivergil
2415,ExileHH
9361,人生看得几清明
16042,肖途
14267,泥巴baka
13141,易坤
6027,ZeRo
6450,crishen
17433,阿卷哥哥
7971,tiger_b2
12294,念念不及
16686,西西里的美丽嫖客
17362,长腿欧巴郭敬明
2579,Furrain
2122,Delusion:All
2544,Fortuna
16001,老裤衩
4709,RottenRook
7121,lamp
4798,SOLIII土著
4952,Sha
2053,Da Niao Bar
14367,浮叶
11186,天光玲瓏
12767,拉屎高手
10186,千筠呜呜呜OwO
4083,Mussy
9965,几米
12965,无名开拓者
7486,noProblem
8075,wangjie1221
17489,阿羊的快乐生活丶
3053,JQAQL
4341,P47
15505,秋
3769,MK89
6499,daye
4182,Nic
10878,圈
11830,尽头
4792,SK_CommandO
5141,SssCreaming
4640,Rekz
18119,麦迪娜
4206,NintendoPlayBox
4321,Orion
16784,谁说没枪头就捅不死人
8838,三个问号
11040,夜战八方藏刀式
6133,addles
9255,二旬老太摧毁墨西哥停车场
12875,故风吟游
3260,Kakolo
1083,AAAAA
8365,yuanlei
9133,丷胡桃
15749,綾波飛鳥
13126,明月星河不及你
15872,绿川花
10868,国服第一齐天大圣
16920,路人女主惠
17894,饭，吃不起
2054,DaLaoNeng
12158,强化掩体
7387,miuiegg
4795,SMLDY
8734,一条草鱼
3194,K0926
8662,トトハハ岛原住民
12449,懒惰的小菜包
7680,ro_jo
12197,影爱
7506,o.0
13233,是猫头鹰不是蝙蝠
17249,金属乌帕
8684,一劍霜寒十四州
9063,东方翔
4651,Retrospection
4221,Noelle
3868,Marsyu
13093,时雨Rodel
13791,桃花酥
3591,Lies
84,1002251490
3300,Ke
10409,可她真的不一样
1537,B845c
4310,OnsonEGG
14986,王小桃
2647,Geats
11785,少女时代林允儿
16102,腾云
16518,蓝白
15335,真理
1045,992676176
10155,十二
1614,Begin
9720,像我这样子的一个好演
4446,Pleia
8759,一笑奈何
4955,Shadow
12329,总是半夜饿醒
5614,Vul
854,571630185
1592,BakedFish
13247,显示错误
2430,F.F
16334,茶馆喝酒
12643,我要倒惹
15042,球威弘
12829,提灯
6113,aMiNoaC
8607,【Dao-Fe】
9210,九山八海
3673,Lovely little meow
1599,BarbarossaM
7258,lovegoist
12474,我不是叶神
7490,noob
7192,likayiki
11513,宗宗大大
5404,Tim Hordons
9804,八荒街溜子
9764,克蕾拉·迪莉克丝
5419,Tiyami天焱
17696,青丿椒
15589,空空
13054,日乐购
7706,s3cyd
8009,u say
11541,家庭组1号
4010,Monsoon
2855,Hinanawi_Feng
9882,冬の童話
13603,来自大西洋里的人
5823,X战匪
7782,shifter
7595,pplok1230
858,591299239
1667,BlackWhite
9759,光速去世流007
16923,路小北、
4117,NEPU_YUYU
14446,深红 Xpunish
16574,虞七
6251,bangbangsleep
7606,psncel
61,02
4835,SVT
7636,qjwbfsm
3445,LIU821
7290,lvpaul983660510
2606,GIGA BULLET PISTOL
8307,ycwd123
8325,yin_syd
3195,K1raKIRA
7176,li15803494046
15480,神龙架野人
2214,DrDreeeeee
2453,FLY FISH
10856,囡囡侠
3756,MESA
4968,ShaoPingSUN
9097,中不中
2714,Grover
8433,zhaozhenyu16
7434,my233333
8445,zhouyao
17140,那个大大的
5919,YippeeKiYay
4355,POPOPOPO
9203,九九八十一
16409,菜鸡无所畏惧
12542,我持盾别打我
11924,巨山超力霸
601,2887
17371,闪光洗衣机
15671,米花饭店狙神——颗男
14222,河南人偷C点
7048,king
9072,丝血反杀闰土的猹
17168,邱小姐想去东京
3585,Libra
8689,一口三头猪
8186,wwj
12698,打不过就加入
9081,两百斤锅盖，十里山路不换肩
5304,TYNHT
1723,Buring_Loooove
1277,AlexAn_D
6278,bigJJ
2483,Faye9
3375,Konoha
4735,Ryann
745,370074243
14865,狂奔的啤酒肚
13668,林琅天
1675,Blake
15676,粉色二股巾背心
1691,Blv
14650,灵泽·开心的Key
8181,wuyu
6139,ahuangA123
17138,那一天的寂寞寂寞起来
1029,951912153
10668,哎林
8341,yolo
7615,pxprime
1462,AsterParanoid
12552,我是人机
12288,快打折快打折
16394,菊花信
16857,赫鲁晓夫吃玉米
8665,ミカン
17744,静雨幽月
10706,唐大乱
14987,王小桃今天要上一档
17792,颈渴饮D咩
6053,Zhudameng
10928,埃里克今天摸鱼了吗
7586,pokerone
8078,wanglei
8090,wbl55
14261,波蟹
8914,不会玩cs真不戳
2927,IBM
9372,人邀明月不可得
14244,泛式夜
8537,ананас
1697,Book
14738,照耀山花万朵
13396,月旅人
5306,Tabata
4822,STARFIELD
3323,Kider
2972,Illyasviel
4267,OB
3189,K-OnDevil
11504,安藤
2977,Imperator
1611,Bear
8924,不去酒吧好妹妹
14870,狄阿布罗
17688,露娜酱输了但很开心
10297,原神高手
9979,凫由
1087,AAA建材白总
7988,totoro
14228,油泼香煎拔丝益达
14913,猩猩队长的游戏日记
9918,冲！
16445,萧深刻的九叔
12646,我要吃糖
11044,夜梦冰澜百花谣
4581,Radiant
12669,我，再生产
3676,Lowlow~
7106,l-chenyl
1669,Black_Hole
1695,BocchiBocchiBoBocchiBo
4534,R0ad1ess
5264,TF_boysNextDoor
1816,Caser
1545,BBSOS
12252,心流
6429,colorfuljac
4246,Nrohana
10199,半夜起床看月亮
18226,龙拳
4707,RoseTteChris
7607,psyche_sk
3874,MasterChicken
3456,LNUT_Master
18244,      
1228,AiDi
9337,人
14233,沽酒
5494,TuZh1_
4271,OK
17702,青春猪头少年不会梦到红书包女孩
6717,g_fifth
14943,獓杌
5518,URforever
9087,丧尽天
10540,吴有财
17101,逗逗你的呀
5917,YingTX
16963,轮回彼岸
16161,艾尼莫
17707,青柚
9358,人生十七苦来兮苦
10089,努尔哈赤
14018,段韶
6117,aaaaaaaa
11960,帅气黄瓜
14099,求求你们别秀了
1853,Cheesecat
6212,atgrg
7496,novalue
11756,小铭
4766,SDTT
12065,广寒宫爆鸡丁
6300,blue bluebird
5571,Vansonf
10015,刘凉梦丶
14743,熊猫人间体Taki_Shiina
13112,明天再说
10335,发牌员
8872,三重刘德华
1939,Comedian
7959,theneoo
8707,一夜鱼龙舞
17145,那你无敌了鸭
17713,青璃
9900,冰凌
17830,风狂八大级
12720,扶我起来 我还能吸
13330,暴躁的兔子 -
5199,SundayTomorrow
10425,叱咤月海鱼鱼猫
13295,智爷
2422,Eycehole
9625,你脊薄谁啊
11210,天意难违
4478,Puniel
14685,烟火
17247,金奥加
2291,East
485,2389447761
3571,LetItRa1n
14146,汪汪队立大功
4074,MuZYng
5987,Z.J.Y.hengiaing
8511,zzzyyp
5697,WhiteFang-Nolan
1533,A先森
8632,の糖菓ヤ渥
12278,快乐小虎鲸
10276,卫宫士织
3197,KAI
2120,Delete。
16861,赵图图
4689,Riren
12661,我辈岂是蓬蒿人
16393,菊花之怒
5387,Thor
13313,暗黑心理学家
11611,小东556
1928,Coffes_Dong
2671,Gladiator
15291,皮卡蛋
13178,星火
1721,Buji☆buji（猪比版）
15874,绿绿的绿绿丶
3616,Linsy
10903,在哪个车站
6333,can't even sleep
4008,MonoLink
13779,格雷斯卡尔
13302,暗夜狂歌
10074,剑阁闻铃
17693,霸王龙
12614,我现在火气很大啊~
9770,兔狲快跑
18129,黄东邪
12815,据说0氪非洲人
8275,xxoo
4366,Paimon
11663,小屁屁
9749,光子郎
9856,内鬼培训班班长
15255,白马银枪好少年
4121,NGbaby
9755,光荣少先队员小学生
5589,Vikenn
9512,伽蓝夕
17225,里昂
3815,Magicwing
13162,星座になれたら
5935,Yor Forger
5438,Tolnky
13632,東鴉
1140,ALRuYa
14853,牲
13344,更多的灵魂
5456,TouchFish
15373,知所先后
3864,Marron
2900,Hunibal Lector
15082,瑞克中士
11626,小六ya
9829,兰
11955,帅慧源
10098,勇猛牛牛
5305,TZ丶桃子
7954,the way you  want  to die
5210,SuperIdol
10323,双标狗美羊羊
10836,四季の鲜花之主
8834,三Ri間の幸せ
11149,大粑粑
9844,关谷神奇
5959,YuiK1
15980,老有盗号狗
10615,咕噜人
3453,LLLLan
1851,Cheems
5217,Supercatty
16230,花漾玩偶
2009,D1sconcrete
14102,汉
1159,ARS很白很白的冰
5006,ShiroYuki
11952,布鲁斯韦恩
4247,Nube Negra
16414,菠萝君
5063,Sleeth
2614,GOKA
5549,V3
8398,yylikeyou
6017,ZZZZZZZZZ
2143,Deus_ex_Mach1na
3854,Marcello
2563,Fri_eve
8840,三仪升
11352,好好打每一把无论输赢
8554,℡★Mizuhara☆Kiko♢
10511,君の嘘
2690,GoodFriend
2222,DreamNoMore
4872,SamSam
10828,噼哩啪啦
3178,Just Monika
1840,Chalktre
11310,奥尔良烤圣女
17577,难崩
3807,Mafty
4455,Ponr
1426,Arthur-Harry
2840,HexTianQi
5363,The Answer
14045,毛烧没了才好吃
17020,还能不能抽一口电子烟我在佛前苦苦求了几千年
18237,龟龟
4378,Pansaonic
4569,RTEW-zero
302,1587220782
14813,爷的马儿呢
5112,Soso
48,..1.
8959,不愆
5720,Wither_pt
3993,Mo___xun
2505,Filiannoer
7448,natsu
4299,"OldSheep, Golden of Order"
4338,P.P
3625,Little D
535,258116636
6254,bblank_dot
12627,我的爷爷
8338,ymxp81
16465,落叶荒寺
8862,三清斋刺青
1141,ALTBICE
12461,成龙历险记
9473,优秀青年
9431,仮面ライ*ーゴーヤ
5475,Tron Nick
10063,前无马果然是跳跃
780,4470385
18058,鲤伴山吹花
3314,KevinA232
5943,You are not prepared
7309,m0phisto
3457,LOFA
17997,魂心
16108,自动挡赛车手
15821,结月缘
14768,爱吃烤鱿鱼
7104,kyoi様
11650,小学男生才喜欢改名！（已黑化）
8302,yanzi
17880,飞行的g
7416,moriヰaga
1988,Cyber-Psychosis
16364,莉耶芙
7637,qlcqqqqqqq
5431,Toha
1272,Aleng
3392,KujoJotaro
4105,N1r
6452,croix
15027,玩游戏菜鸟
7205,lionheartchen
10387,叫我帅哥就好了
7884,star无语
13754,树
12503,我反对管理式民主！
10840,四季应激
17270,钟钟
7870,sss
17240,野猪骑士
1120,AJ
17358,长男无名
12231,御手洗洁的旋律
2920,H₂CO₃
14079,氵月
15332,真宵的带骨牛排
3370,Koi
10362,古明地恋
8214,xanatos
1405,Ares
7136,laoyuji
15058,理塘最強伝説と絶兇の猛虎!
4522,Qiu_
12976,无影踪
9879,冥熙
4861,Sakura Ayane
3199,KAKA笑
5826,Y-Red
12405,想赢的人脸上没有笑容
6934,isabella katerina
8574,★★★★★
2128,Dennis dingiiiiiiiii
8450,zilaiye110
17397,队友变成了温暖的金钱
5284,TN
17710,青烟666666
11764,小霜
9379,什么玩意
10794,嗦脚BOY
12518,我好方
7983,too late
16481,董先生
17373,闪电旋风劈
13458,朝云似去
6328,ca1n
6196,archer
6408,cjameng
14686,烟火下的柚
8513,zzzzzzzzzzzzzzzzzzzzzz
4077,Mudrock163
17611,雪华
10190,千魂~
5976,Yuuki
16907,超高校级的猪柳蛋
5258,TDanger
10132,北极星
12141,张翼德
71,0bsidian_Sw0rd
8380,yukari
2845,Hezimao
12590,我来监督沙瑞金
16124,至暗時刻
12152,弱水三千喝上三天
9612,你爸啪啪时
2519,Fishadowind
14663,炒鸡沙比
325,1649708348
12213,很白
5204,Sunssword
17806,风一尘
2722,Gungnir
11683,小木点
1232,Ailcc
14365,浮世春雪
7584,poem
3602,Lilith
2259,EA_RIP_SERVER
7641,qszlmzy
5251,TAKUMEI
47,...理查德铁蛋儿...
11365,好麻烦
9963,凝眸
2543,Forrix
2308,EinkVen
6782,hanabi
1330,Amni
1909,Cjc_no1
11577,寒风中的龙
6892,iSSAc
453,2234897936
8159,wrgggg
17740,靖童小宝
16718,言音
15516,秋日
18066,鲸吞鱼
4292,Oheart
1428,ArticlE
8807,七擒萌货
3359,KiziTimXing
7555,peanutsw
17636,零
16420,華萊士
14135,池半仙
6308,bobhxiao
11991,带带梁
9670,俺不中嘞
15510,秋原子惜
6595,echo
15941,翎
9029,且看老夫今朝
10119,北冥七斗
3768,MK7Zhang
8062,w282619307
6925,inthesky_2007
13803,桔梨萝柚
424,2078825250
12337,恍若神明
11520,宛秋末
6083,[HAN]热心市民石先生
2844,Heyyyyyyyyyyyy
3017,J0hNnyT
10136,北畀
17480,阿璃阿璃
4800,SOPII
6656,feixiaoyao
11280,奇怪的树懒
11956,帅比梦
4027,Moshimo
1984,CyanRithe
17148,那就来片面包吧
4435,Pipo
3208,KCisGood
15709,紅葉狩
3693,Ludus
5997,ZGpeople
10028,初升东旭
3446,LIULAN
10888,土豆排骨汤02
3567,Leozzyzheng
3634,Llugaes
11130,大枪枪
10126,北方一号
15251,白霞罚
4113,NATHAN
1768,CLEAR
5445,Tony
12257,忆寒★★★
9624,你算哪块小饼干
4549,REKaras
2689,GoneZoe
6367,charles1993
12617,我的南方不下雪
5035,Simple
764,403通信大队
2584,FyWoo
3932,Meximecc
4216,Noah
13684,枢星
10024,刘诗诗
13615,杯垫纸屑原生态
3490,LZT
4512,Qaytmaydi
14279,泷
6222,ayaponzu
5937,Yorha
15311,盲公揸车
14917,猪鼻粑粑
16521,蓝色小短裤
871,626231426
809,497813026
13771,核熔炉
1705,Breaddddd
12230,御宅隐
16687,西部菱斑响尾蛇
10400,可乐脆脆鲨.
3423,LAFUL
9913,冰霜飞雪
7987,tornado
14864,狂剑凌云
18028,鱼丸
763,402202973
11414,子于
5227,Sutaato
11635,小司
16620,螺旋玉米棒
8916,不传火谢谢
8710,一尘
5783,Xavier
7761,sgwy
12704,打好需动脑
8390,yuyuko2008
15441,神奇
1886,Chosen 旺
11124,大明的小明梦
16379,莫邪行
5437,TokyoSouls
4015,Moony
1144,AME ame^ ^
15615,竹蕈
16547,薙神
11062,夜阑东风
9269,于疏
3287,Kassent
7995,truth and light
15532,秋风一纸书
2015,DAMNNNNNNNNNNNNNNNN
4745,S.Aquarius
9711,傲娇
253,1390155165
17761,面面
3872,Masquerader
14451,混元形意太极拳掌门人
15860,绳子哥哥
14749,熟悉的游戏陌生的人
5846,YJ丶Smile
14537,游戏监管员
15777,红色有角巴御前
1728,But
14193,没得说
5005,Shiro5672
6520,deku
1241,Aitia
3732,M . J
7028,"kd0.1,白给笑嘻嘻"
5331,Tata
11320,奶哥
3892,Mayoi
5206,Super Max
6072,Zz_WhiteMoon
10352,古典现代派ARTist
3488,LYYL
7604,primecriminalkid
484,2385632538
13360,最优质的薯条
308,15snake
17419,阴阳人鲍勃
3856,Marcus
12912,斯内克
12262,志爷
15622,笑牵三狗咬僵尸
12335,恋恋风尘
3699,Luminous
9502,伯善
16282,苏幕遮
7359,meteorice
18047,鱼骑泡泡
4185,Nick·Valntine
10959,墨筱雅
7252,longlrt
16451,萨尼的火鸡
3739,M249人柱力
13239,是西贝a
13082,时光外的守望者
9082,两面包夹芝士
11182,天下第一就是老二
11125,大明首辅李春芳
18263,𝒈𝒇𝒕𝒑𝒊
6864,hua_ca
11319,奶傲天
11530,宫商角徵羽
1829,Cchengzi
2659,Ghost Kill
3574,Levis est foetuna
17581,雅木
17867,飞元真君·忠孝帝君·万
6210,astral bard
911,745251424
10179,千早
7233,llranf
13827,梦中人
5447,Toomimaya
10068,剑所天成
8613,ぃ故梦う
8863,三爷威武
7770,shawnduan
7437,myszn
2777,HXHB
12840,摇摇欲醉
10777,喵喵喵
15463,神灯夜话
7773,shenga4578
4061,MrLee
16304,苦海渡我
1143,AM3：00
6982,jlueket2020
3472,LUYUJIEK
1418,Ars'Alight24
17566,隐性恶疾
16059,胖胖爱打机
5498,Tuzki兔斯基
8799,七七九十九
6409,ck375255434
10121,北原酱
8593,⭐英俊潇洒麦大师⭐
10684,哥布林彬哥
1613,Beautiful
10016,刘哥是儿子
6915,imgro
8287,y1ppee1!!!
16868,起飞了老哥
14052,水
4390,Paul
16290,苏苏
14889,独寐寤言
9872,再长五斤肉
11584,寸头绅士
6364,chaogejiushi6
2164,DingZhen pearl
18082,鸡蛋炒番茄加肉丝
11836,居然
17410,阳光开朗小子
14795,爱猫人士
3039,JJJJJohnny
2142,Detective2666
3686,LuciferYSJ
1336,Ananas comosus (Linn.) Merr
14139,污名之辈
1473,Asuna_Poi
11147,大神袁
3324,Kieell
14147,汽水QAQ
1385,Applejack_h
1430,Artorias
3006,Israfil
6579,duziHaoHao
14742,熊猫人
1983,CyanPine
14030,比利♂海灵顿
16525,蓝雪花
1278,AlexZhao11
2042,DON
12586,我有鱼鱼症！！！
9071,东风谷早苗苗
4967,Shanks
16463,落叶球
15067,琉
17003,过期儿童
8353,youmiong0
4749,S1ANK
209,1278625451
6480,dajixiedetuzi
5867,YUki
10002,刀疤小四眼
14854,牵机一线
2498,Feynman
11329,她与大狙皆挚爱
1495,AvalanA
2829,Hellsinger
5300,TTTTT!
5364,The BBBBBBBBBBBB~BaT
14921,猫咪会武术
10319,双人模式布要优化我呜呜呜
1948,Corvo
2768,HOHNER
806,492930598
5241,Sylvanas
2407,Evineko
898,707446679
2810,Harolddy
17647,零铃灵
15529,秋羽
10624,咥
8859,三月行舟
9525,何人绅士
14380,海恩
1593,BambSun
6704,fuxyyf
12346,恩宁路选手
12907,斗柄北指，天下皆冬！
2619,GQ
1956,CraZY
14394,海绵体宝宝
12078,应急食品派蒙
13863,棋圣-VAN子
3210,KDXX
6919,ineedvk47pls
17652,雷刹
12824,推推车
7182,libailyl2004
4460,Poppy
6903,ifyouwerehere
12364,悠然于世
4492,QAQ~~
1918,Clockwork_Z
3765,MJJ159
8756,一神隐一
9196,乔斯达先生
2469,Fallin
11328,她不懂我的心为何哭泣
1575,BULL
3353,Kisara
17749,非洲草原上的牛
7710,sababbbbry
787,454028297
12495,我保证不骂人了
3190,K-Z-G
14926,猫步香水
1314,Amadeus
2666,Ginouta
14027,比丢
5354,Terolia
10842,四方月流歌
630,3000分？就这？
13319,暮暮鱼
5855,YOU
4642,Remili@
3238,KOTOBA
11032,夜十八
8076,wangjigaisi
13486,木烟
15366,瞎子点灯
17351,长歌舞浩然
1400,Archie.M
6521,deli
11448,孤骸音
17328,長 野
15972,老崔
1827,Ccc
4851,Saint
5488,Tsumugi Wenders
15754,繁花丶繁华
5290,TOP不急
4992,ShinZoo
14475,清流鸠摩智
17757,面壁者
17073,迷样の剑心
16385,获麟解
3501,LadyXavius
4787,SIK SX
1867,Cheryl
6890,iHatetheWorldToo
1078,A00大连烤鱿鱼大王
13614,杨过丶
11553,寄已
25,+1s
5573,Vegeto
2447,FINKA
4322,Other
14737,照照
6796,happy game
12398,想想dyrachyo不会怎么做
2869,Hollow_XX
13979,正黄旗aka大清第一巴图鲁
17157,邦邦bangbang
16921,路人白
5988,Z17.
6441,couldcryjustthinkinabout u
2411,Excalibur
10255,南风知我意
15741,累骨砌魂
12511,我在广场
14488,清酒
2476,Fanny
14458,混沌螺旋
18182,黑神话悟空
14616,火焰聪明
14883,狙击手血鹰
3166,Judith89
6728,gg
13024,无符枭兽
12601,我没K
9718,傻子
7879,starboy
9926,冷漠然sama
13375,最爱王八拳
6343,carpediem
16356,荣耀与死亡并存
3908,Melbourne
7155,legendary-
4637,Reindeer
9902,冰封三尺
11034,夜夜夜空空
460,228737415
8829,万艺艺艺艺艺艺
7140,lastgasp
15275,皇#0
15164,略微丶变态
3217,KFCCrazyThursdayVIVO50
6702,furyscorn
15586,空白
5814,XxSs
8339,ynyxzjxx005
18277,𝕭𝖆𝖗𝖇𝖎𝖊
5970,YunXiao
2450,FLAE
6455,cryingwolf13
4028,Mostima
5371,The sun
4349,PICK
6930,iqnyce
14444,深渊巨兽派大星
10266,卡拉沃夫
13753,栋邪之心
17051,进击的枕头
2863,HoMANFoR
3847,Mapasa
10464,吃饱饱
9852,兼职部诗人
8523,Ū
12604,我没社保先救我
15421,祖传月光大剑老魂5
2558,Freder1ck_525
483,237805716
2616,GONGCODING
12789,拿拿拿
13384,月之森标致多！
7191,liguanglei
17560,随风
5184,Sueasa
15459,神棍德
11839,屎倒淋头还搅便
8982,不知所谓
5253,TAT
2994,Ireallywannastayatuhouse
11819,就要吃烤鱼
5871,YYQC
4135,NPC对折
17211,醉卧江山
13801,桔子糖
13651,极黑灬纯白
14440,深海哥你来啦
887,66哒的小神棍
10805,嘉王朝
3091,Jedi Driver
4259,Nyaaa
3289,Kastry
3356,Kitagawa Marin
6881,hunchoooh
6473,czhko
7458,nekomimimisuzu
16800,豆浆不加糖
7778,sherry_liying
9291,云烟成雨
6632,ezio艾叫
6487,darkbobo呆呆窝
11632,小可kero
1197,Achan川
5432,Tohi
17777,顺其_自然
5481,Tseng
4103,N0vemb3r
11838,屌
3755,MDW
14800,爱笑的别加糖
16789,谢了了
12621,我的小y贼能送
16248,花醉霜寒州
17441,阿喵（小淼）
3549,Leliana'
6428,collasper
4715,Ruan_Nexuy
13352,曾今是正太
1125,AKBOT
1874,Chihaya Ikuyo
18270,𝓙𝓸𝓮𝓵
6776,half3dkiller
17432,阿卜杜拉.阿伟骡
5054,SkySuner
8663,ネコミミ生徒会長
15940,翊鸣9527
16262,苇名偶像练习生
561,2718015
2984,Initiator
14678,烏英法師
17280,钰钎
1531,Azusa koko
1927,Coco788meng
17333,长云隐月
6054,Zimmy酱
13709,某自动贩卖机
2487,Fc_Dream
12235,微凉LLLLiang
12427,愧疚的妻子
3881,Matthew Kyrielite
5763,XIYu
12374,情歌王子
10009,切指之约
1780,CS2将军鸽
13962,欽欽欽
8546,——
8316,yeying
5894,Yayaki~
16709,觌氅餮鼗曩磲蕤磠鳎鹕龘颥虋龞瓞鑱靐爩爨鸘
9785,八云
17872,飞天大爆炸
5499,Twa
9575,你吃饱了吗
3855,Marcille
568,273776901
2871,Holy-焱飝
14309,活力橙
3503,Lain
16206,花似流水
9480,会飞的小喇叭
14032,比奇堡带薪拉💩摸鱼鱼
16293,苏走己.su
10924,坠落晨曦
3106,JiTian
8988,不羡仙
5104,Somnus丶M
12534,我当时就吟了两句诗
12227,御妄
1390,ArManEA839
15055,理塘无人机批发
12545,我擦咧
4223,Nomans Memory
7431,mutou13
14448,深蓝
16116,自闭怪
9748,光之咸鱼
16753,该喊疼的年纪却喊用力
4144,Nakashima Mika
2723,Guns‘N’Roses
8548,“灰烬审判者”古达
6142,aimer
15259,白鹭鹭的狗
3274,Kant's Owl
6309,bombock
14923,猫大师
10650,哈哈哈
1344,Angel's Demon
2522,Fizzle
14311,活在梦里不容易
1309,Alteria_CC
12382,惕厉死神
5916,YingShine
14958,玉强
17552,隆先生
17348,长期速食
13191,星野二
15600,窗外的千纸鹤？
1647,BigSprite
14111,汝、皇帝の神威を見よ
8738,一枝红艳露凝香
5669,WanyanBumie
4396,Pboy
16601,蜗牛
12471,我不动，就是中暑了
9322,亚索
2163,DingAC
13715,柒夜心
4957,ShadowMurloc
18135,黄油战士
17774,顶心杉
17320,锐萌萌
15347,眼前从前
793,465441723
17545,限界DEBU
8264,xufanzi
12272,忧绪
8241,xiaya886
9124,临清
15776,红色利刃@8552
14192,没得矿泉水
4785,SI.HE
4098,Mystery_布丁
7175,li d
8247,xinzhaoli
2365,Erika
4636,Rein
11568,寒江月影
5320,Tamako
3124,Jingle
15270,百香果益力多
1239,Aisnull
14081,永不复焉
17155,邦
9690,做人低调点
12546,我新新的车啊
8125,windero
3816,Magisk_hide
7008,jyhcloud
13342,曦雨小伍
17403,阡陌秋水
1399,Archer-SS
297,1573475039
9615,你猫爹
10246,南條不正
7334,maple
17928,马化腾
7272,lucifer_33
723,350Km/h
17863,飛
16021,耶稣的遗言
12015,年糕鸭！
3964,Minazuki
2382,EthHs
11011,外卖已送达
1638,Big Burger
1484,Attack
1337,Andante
8344,yorshka
13917,樱花吹雪丶云蔽月
14172,沐华
13291,晴雨之沫
17865,飞丶江娃
354,1774828332
13026,无终
12855,撕心裂肺の音！劉景靈の痛擊者！胡小包參上！
6158,alewing
1412,Armor Jayce
6808,he1pme
612,2944610604
10123,北宅
2587,F♂A
7428,mumu
5048,SizerV
1916,Clipbrd
11145,大痴呆Ovo
10065,剑临渊
7567,pickau
17080,追逐繁星的桃子
14724,焱
7026,kazekiiii
5285,TNT
13871,棒棒鸭
829,522851440
2286,EX1AN
8817,万代 你卖沙漏了
14666,炫压抑突破手
1715,Brsxshana
16049,肥宅戏戏
4084,Muted
11294,奈雪の喜茶
2935,IGOR
5082,Snow dance white Sakura
15873,绿意
9264,二狗
4172,Neopolitan
856,578481681
3352,KisSshot♞
4059,MrJie
6621,escapeFAN
1362,Anri
13848,梦蝶
8089,watchman
14514,渣维
6679,flower
2936,IGXE小妖
12856,撞
3504,Laiouhz
962,807208696
10644,咸鱼警告
2197,Donywu
1609,Bbbq
1206,Adios_°
17234,重霄zyz
9007,不见
7467,nickz君
5294,TREE(3)
8723,一拳超人
11434,孤岛小张
17007,迎着阳光盛大逃亡
9967,凡夫子
5333,Taytay
5804,Xpc
4517,Qin
1893,Christopher
15152,电脑玩家阿法苟
2961,IceCream
11418,子非余安知余之乐
11245,太二仙人
12632,我真的是鲨鱼辣椒
16639,被坑的乌鸦
13012,无暇的风
14808,爱迪生
12860,擦你鬼子
13087,时忆
15561,稚昂仏蒽
9476,会喷水的小火龙
8439,zhi
16538,薄伐
17976,高师傅
9090,丨奈落丶
4726,Rushjill
1165,ASSSASSIN ; G
2432,F1yMe2TheMooN
11786,少婦好友
7941,tans1113
7713,saber
2761,HJ先生
15043,球手
5646,WKG
94,1018668745
12517,我好帅
15198,白井黑子
12172,当寒蝉鸣泣时
12554,我是你大爷-94
14476,清源妙道显圣威灵
4454,Pondy
11196,天命玄鸟
13092,时间？
11326,奸惩二号
8796,丁靑
5256,TCcccCarol
8237,xiaoxiaofeiyu
12699,打不过我就旋
3305,Keith
5941,YotHuyez
7148,lcyv
11101,大大怪将军
10269,卡比兽
16239,花老师今晚要吃鸡
5413,Tiny Ban
16380,莫问
2360,Eric
17653,雷劳眉
7411,moondust
5465,Trap丶＄hit
6443,cpu
15285,皓月变
1868,Chester Wong
14187,沛薛丶
12530,我已经不是个弟弟了
3015,J J KING
9807,公主小喵
12483,我乜枪都唔识用
16959,轩鸽带你飞
2818,He
17931,马德华
12411,愈合祷言
15051,理塘伝説と青眼の白龍
5232,SwareLin
15429,神之匙
830,523294230
11377,妄为星空
8118,why_stan
18113,鹦鹉
3530,LawInBee
10057,别骂我抑郁症
1211,AeolusQuinlan
14725,然日卡的利剑
15787,红鲤鱼与绿鲤鱼与驴
1225,Ahri
13036,无言的辉煌
14241,法尔西昂
11224,天瑞
16299,若以柔情封起信封
7138,larou
14642,灰白
12668,我面条君
13626,杰瑞，你在听吗？
10930,城东彭于晏
5161,Stellaris
9214,九莲宝灯
16057,胖嘟嘟的雪茄
16582,虽然这局也什么都没干但真是辛苦我了
5360,ThEloSTShEep
12311,怕是要翻水水咯
3054,JRFsAuditore
6033,Zeke
16758,误会我真没偷电
17673,震天剑王
14359,浪味仙人
18050,鱼鸽啊秉
1595,Banana
14373,浮生.梦
2540,ForevermoreL
11457,宁
17908,馒头san
11193,天命人之旅
2160,DimMoonScholar
14546,湖畔
1906,Cipher
8616,くくる
13485,木溥
12567,我是捍卫者督战队
64,0404
4946,Serral
9733,兄弟信我别信女人
6916,imok
17144,那你很厉害啊
14074,水陌轻寒
6570,druse-SH
4529,Quqi_126
5356,TerribleTerry
1877,Chiot
17930,马孔多在下雨
12536,我必须立刻开始挣扎
3557,Leo
10796,嗨少
3957,Mikrst
750,379331205
13436,有菜选菜
17506,阿鼓
1432,ArutoriA
1300,Allen老师
14037,比翼七星
12933,方休
6879,huihuicc（可是那又关橙猫
8869,三角猫
7317,maftyneH
4660,Rex月、尘
8996,不要乐奈
14326,流冰落
3101,Jerry K.
16606,蜜汁烧猪
18177,黑白
16990,辰夏安
18256,￥￥
14224,河妖大魔王
10965,墨鸢
12242,德德赛艇
10645,咸鱼鱼不可爱捏
6250,bananamilk
15143,电牛
5755,XBJ
2570,Frozenpast
2705,Gre&enN
1920,Cloud 9
2792,Hakunamatata
16449,萨尔沃的中指
15929,義薄雲天
12292,快躲起来
5149,StarDustRain
3382,Kris.Ting
11737,小芝麻丶
10268,卡比
8209,x
14558,溫蒂公主的侍衛
963,808
10356,古希腊掌管时空的神
14903,狼狼
17376,闭麦听歌坑队友
12578,我是高师傅
8581,♥♥♥♥♥♥♥♥♥
14876,狗傻枪马嘴硬
15858,绯村剑心
11857,山海平
10680,哟嚯嚯
15597,突击王小桃
3209,KDTO
7918,suzukimudan
15683,粥
12582,我有一只小猫
16672,西湖听琴
909,735130188
9905,冰歌无双
5134,Spr1NklEZ
14868,狂若野风
11682,小木曾雪菜
17221,醉颜断魂
7343,maxrazar
9207,九周半
5811,Xu_PT
1825,Cateye of Rivia
9373,人间应又雪
16208,花完退坑
10541,吴禹达
3870,Masaka
3211,KD零点零九，压力给到队友
11461,宁静海
13157,星垂平野阔
10488,名钻赌场回头客
13938,橙色土豆
10020,刘晓宁
8732,一条大菜狗（nooooob!）
4953,Shabby Man
11113,大师兄
465,2301939507
8642,゛千城墨白ぅ.
6672,fifthheaven
6412,clannad
8782,一颗苹果树
471,232972080
16139,舰舰舰舰舰长
3268,Kaname Rāna
3013,Izna
3509,Landslide
2209,Dr.Link
1464,Asteroider
2044,DOYOULIKEVAN
12991,无敌
3333,KimSparrow
10467,合纵连横
17291,铃白乃菜
17131,遗留的诗篇
11008,夕山谣
4757,SAn_Si
6301,blue cheese cake
1748,CCCCC
3515,Laohuatou
6611,emmnm
68,0808qj
16368,莊
1858,ChenXuan
3743,MAI
9452,伊地知虹夏
5130,SpongeBob
9556,你並不合格！
8591,✿hana
11315,奥蒙德村长
9995,出来打游戏
11131,大树赶快跑
7171,lhlm2005
3299,Kdbx
17885,飞龙乱
15120,生病的狗
2060,Damien Darhk
2547,Fourteen
12135,张汉唐
11962,帅的被通缉
16071,胡桃回来了
15369,瞳鉴
6594,ebhar
16389,菊又惊
6299,blue
6024,Zard炸得
12373,情少
16079,能动手就不BB
14741,熊猫上勾拳
18232,龙舞星痕
8655,ジャック
4699,Rokey
13631,東雪蓮Official
18145,黎子巷
5137,Spylft
17835,风笑笑
10658,哈姆哈姆😎
14989,王小狗
2815,Hatsune
5821,X·F
4916,Schrodinger's cat
12317,思南泽
15854,绮湖ZOIMI
7386,miss
6643,fanedy
17544,降流
13522,朱门酒肉臭的一批
2707,Greedy
13583,村头铁匠李老汉
566,273594284
1259,Akizuki
9429,以猛为犸，不负勺滑
11108,大宾
4301,Oldsugar
2776,HX
18160,黑店满座
1035,969915666
10128,北村友香
14154,沈剑心和宋琪玉
15839,绝唱
3723,LynYuuki
18248,！
5592,Vincent Haruka Valentine
17167,邱YXorz
4270,OJHH
4601,Ranl
1005,897076018
1318,Amane Suzuha
15003,王耑木又寸
9342,人偶之间的莲华
4739,RyuZUS
6944,jackless
7696,rudodo
13159,星尘月
1965,CredoS666
12296,念雯
10588,周防有希
985,848161293
14604,火旺
17826,风来云飞
9578,你在车里我在车底
16466,落天舞1998
6606,elliachien
16130,舍苍天
13900,樛木
2914,HydroGeNer
13610,杨扬Ryn
923,76561198311049812
1739,B站关注贝拉kira😥
5506,Tyrant
13170,星沉
15841,绝恋灬皇
10963,墨香
3200,KAKUNAGIKEI
3598,Liixwueei
9242,争朝夕
4195,Nightmare
5197,SunRicardo
4963,ShakingM
8226,xiaobai
14572,满船清梦压星河
14096,求你别挂我
1673,BladeDante
2175,Diurijaz
6035,ZenK
1271,AlenMikasa
8942,不好啦我又打人啦QUQ
11920,巧克力曲奇麦片超难吃
13796,桑吉尔夫
8844,三刀
15834,给木吉
5546,Uzi
8925,不受控
4791,SK
3894,McOlicity
16927,路见不平填水泥
15689,精毛湿王
9668,修辞家
3665,Louisiana Republic
10890,土逗Potato
9912,冰雪死息
15892,罐头
6994,jsszfzy
3233,KL
10810,嘤嘤怪
2651,General Brasch
13536,朽木
6947,jaiwro
15039,珊无棱
17153,那朵花花逝了
14240,法克曹
10826,器心
16634,衰弱性死亡
17241,野猫君
10879,圈圈圈圈
6365,chaole
3818,MahJong Soul
2199,Dostoevsky
14297,洛水河畔、
10091,劳大狂肘走资修正
3551,Lemon Tea
5190,Sukeai
12616,我的( ఠൠఠ )子会旋转( *・ω・)✄ ひ
6294,blibili: 苏九川来了
3748,MARGIES
18124,麻辣小龙虾（正在玩 影之刃：零）
16845,赛博莫西干
6151,akill
3837,Man
13,(-`ェ´-)
8133,winter
4500,QMSS
11127,大晋忠武王兵马大元帅周泰迪
1420,Art
6972,jinxiiiii
12667,我靠！还会看电视
15016,玛拉个巴卡子
13500,未竟
5183,Sucr3
17199,酱❤酱
8586,♿️♿️♿
6922,insoom
9698,偶尔冒泡
10982,夏五二
14695,烧锅炉的小女孩
7443,nailong
15558,程普
6682,food
8498,zywoo~
11094,大哥哥oO
3934,MiAmasVin
4995,ShinjoAkane
2217,DragonJ
16833,贰货
8429,zhangyifan
954,792943114
8935,不听不听，飞鞋点金
12792,持经达变
6060,Zohar
9587,你家祖坟
15153,电鸡小子杨永信
1382,Apiaozz
3334,Kimi.JF
4300,Old_金
15861,维他柠檬c
16870,超
9742,先杀我队友
7340,matayu
3480,LYDDQ
2590,G.E.B
17719,青红
13363,最后sofa的哲学家
13271,晨曦desi
12868,放荡的秋千
10578,呦呦先生
10550,吹雪岚岚
17910,馒头大汗
6066,Zweistein
12897,文月i
1076,A&b
5152,Stargazer
15105,甘织玲奈子
10672,哑巴湖小虾米
13676,果断就会白给
7075,knowstalie
10116,化风为刃
15247,白蘸糖
1319,Amaranth380
6924,int
14681,烛城
15624,笑笑
4487,Q
15150,电脑玩家杨永信
4978,Sheer、ain
1090,AB
13833,梦付千秋
5760,XHYLGGYBZ
16611,蜻蜓队长
10565,呆呆的橙子
2634,Gakkiyomi
1071,@爱吃五仁月饼
5135,SpringBreeze
2597,GDG
7077,kodoku
8424,zhanghua
6039,Zeq3eqrrr
9038,世界唯一橙
7630,qinx5221
2058,Dajst
13076,早餐摊上吃夜宵
1523,Azily
1769,CMURonin
10288,厄诡椪
9204,九分钟
4177,Nero初号机
16347,荒火玫瑰
9292,云烟过客1111
7392,mmxx
3919,MenG丶
18279,𝗘𝗹𝗲𝗰𝘁𝗿𝗶𝗰𝘀𝗵𝗼𝗰𝗸6531
17492,阿良良木邪
11587,对面铁拳没吃饭吗？
18125,麻达
4029,Movoest
18098,鸽子与布谷鸟
17680,霜叶桥
1578,BUXAv
814,4D猿王枪
4463,PreAkarin
9177,乌莬
7970,tief blau
8095,wdnmd
14216,沪上马王
6331,calculating
6546,dipose
8722,一拳要你猪命
8171,wuka
13495,未来科技公司D级员工
8947,不完全の團長
9465,伍青文
2787,Hades
6256,bb你M呢
17641,零子
16541,薄熙来在北京
10844,四月叕叕偷偷女装了？
12074,床上大战喜多川海梦
16700,要樂奈
5973,Yurica
10413,可我是只娜娜酱
14995,王摩轩
13970,正刊！
9923,冷彻
10803,嘉木枫林
2885,HowAre37
17747,非洲刘德华
11020,多巴胺过载协议
9217,九间鸩
10567,呆头鹅
3745,MAKIMA
10018,刘巧巧??
15462,神樂風神樂.
3917,Memory
16637,袖中香蕉皮
12353,恶堕
15590,空空的怎么了
13472,木子
15440,神嘴如剑
1393,Araster
13730,柚子弟弟
4597,Ran
173,11:11
16607,蜜雪冰城
10459,吃花椒的喵酱
5257,TD
10683,哥哥求你别开我
11123,大明湖畔的笑笑
10043,别打我我是好人
13835,梦伴我闯
6528,devahzul
8835,三七
11152,大肚皮皮
9980,凭依
9470,优势在喔
9511,伽拿大人
9271,云云云云云
11194,天命人在此
9356,人生不相见
4243,Nozomi power
12362,悠悠良夜
7816,skye
18192,黑风
3838,Man Ray
5532,Uncle Drew
2909,Hustler
12447,懒得互动
8244,xingyunC49
4403,PenguinX_X
11144,大瓜子
107,1051096930
13876,植物会和人类争夺空气
8714,一心大师
10984,夏夜和梦
1342,Anesseven
2497,Feng_Dada
2780,HYDRA_GAO
17218,醉牛
11301,奔雷手文泰来
11029,夜之城热心市民
10233,南内
10849,回忆录
12548,我是cf大王
1646,BigJumpMan
7982,tonym
4450,Pocket_eight
14776,爱喝奶茶
3775,MOGO
15763,红尘眷恋
8132,winny
2641,Gatsuoto
8454,zizhaojin
6361,chaiyu.cy
7628,qinglikk
10254,南风吹梦
2433,F1ÄщÊ
11914,左弓小骑士想成为片取高手
14947,玄之又玄，众妙之门
17030,这扯不扯
14338,流石
12961,无可奈盒
332,1678113817
2342,Enderal
14838,牛逼哄哄小宝贝
13210,春风十里
6784,hanbin_hakkal
2414,Excited Elder
11347,好哥哥
2460,FTJZ
2186,Dogbut
10771,喝多了兑了水的水
6291,blackemperor
12715,打灰祥子
13826,梅雨声乱
4477,Pumpkin
9084,严禁
16189,芜湖第一飞行员
174,11thDUST
1269,Alcia Harris
12501,我去野区抓老鼠
6108,a2274790010
12313,怜舟幸
8531,ξ深藍の愛ゞ
11566,寒氷瑛の妖刀「雪走」
14478,清焰
17288,铁血蓝猪
2405,EvilForces
1947,Corlelone
4093,Mybladeservice
992,861611705
12016,年纪大打不过
15757,红中想成仙
10655,哈基米是曼波的意思
17940,马科长
1442,Ashen one
17555,随便小喷壶
13050,无面弟弟
4444,Player 2
3778,MONOKUMA
4731,Ryan
11715,小白手套
13287,晴天晒太阳
1025,943319330
9892,冬马和纱
2997,Irises
11081,大兔
4654,Revo
14269,泥潭
11640,小哼哼
16365,莉莉丝
3666,Love me forever or never
5717,Wishmaster
9704,偷妈盗贼
17356,长生无序
13102,昆特牌高手
2085,Dark_King
11048,夜灼花火
3168,JuliusZ
11208,天庭干冰师
12777,招讨大将军
6793,haoweixian
7858,sphiver
8446,zhuge
13597,来来大王
3603,Lily
15654,筱桥Eh
14382,海東
12063,幽行鹤羽
12743,抛光机天使
12271,忧伤
2942,IMO AFei
10620,咖啡茶Ray
10643,咸鱼突刺
10206,半瘪的易拉罐
9848,其实我是perfect0
14189,没办法，被偷正面了
3730,LzhNG
4156,Naoto💗Hattori
8347,yoshiro
3741,MADAO
12839,摇头晃脑好嗨皮
9867,再看一眼就要爆炸
16125,至正二十三
17470,阿柴
2,#1 VKG_KASSA
15317,相逢何必曾相识
2499,Fff.
5794,Xiccn.E
14635,灯笑红颜
17434,阿司匹林
4943,Sern君
13258,晓松yjs
13996,歪嘴龙王牛爷爷
6237,babygirl
9616,你玩的很好吗
2836,Hermanho
7016,kami  （killer）
18296,💟爱晨晨
1465,Astol_fo
3943,Michelle
14599,火力全开
18088,鸣濑白羽
4092,MyTearsRicochet
7569,picto
9920,决明子
8412,zc2723278851
4609,Ray0108
13644,极云
17572,隔烟水
6720,gaosisaigao
2795,Hammersmark
6554,doge_
18201,鼠鼠我啊
14609,火星鼠骑士斯罗特
12592,我来阐述你那超级绝绝子的梦
2808,Happy人形Music播放器
1743,C.Ronaldo777
16630,衔蝉
14023,每天喝18公斤核污水
16185,芜湖
17622,雪狐眸月
14551,湯圓タンユェン
1033,957950199
5235,SweetDevil
14765,爱吃卡提西娅和菲比和尤诺和露帕的大肥∠
1423,Arthas OvO
11720,小神经
5131,SpongeBob.Squarepants
15778,红茶
13504,末日舞
5899,YeGe88888
2220,Drawkwa_
16499,蒋天然
6830,hide on ring
9519,住在蚌埠
17975,高山流水遇只因
2240,DumSE
17932,马戈想偷懒
15348,眼动仪
4519,QingJu_wl
5706,Williamiku
14125,江岸山红
13246,显圣真君
202,125855542
4644,Reminisce
1709,Brillian Shee
12937,方瑶
12442,憨憨打枪人
11054,夜色渐浓
2489,Fearless
16164,艾米的蜘蛛
17128,達娜·伊克露西亞
4868,Salamander
2715,Grozel_Gy
8483,zues010624
15564,稻七DOTCH
15465,神碑之泉
4934,Senmei
15445,神奈川的长流
2695,Goodnight
6456,crystallj0605
4719,Ruilly
3575,Lexington
924,76561198327655499
3790,MUYUFENGCHUN
2030,DEAR P sir
11706,小猪不笨
5716,Winterfell
12758,抹茶茉莉咸酪乳
3679,LuSulfur
14836,牛肉面不要葱花
4931,SekazeMAII
4936,Seolwoo
2644,Ge
7885,stinky
13525,朴大大
1550,BGGeorge
10820,嘿嘿骑士
17380,闯关族的家
14764,爱你么么
13398,月月红
14992,王座
10641,咸鱼咸鱼咸
10341,取我神躯化剑来
14983,王富贵儿
5101,Someb0di
3426,LAU.
15099,瓦列里·萨布林
4120,NE宁捏宁ne
8010,u.N
6516,deepdarkcloud
17354,长沙田柾国
14016,残食岁
14753,燈下闲讀(Leonard1099)
7684,rockin_tsang
4901,Sauron.Medici
12246,心之壁
15224,白筱夜
18214,龍滝
8821,万子
17304,银河修理员
1316,Amalgam
1267,Alan雷
5561,Vaimx
7129,langjinusizero
3378,Kouxxcco
13983,此生或许不会再有悲喜
10523,吞枪狂魔祁同伟
16213,花开彼岸天
11275,头都给你拧掉
18272,𝓢𝓱𝓲𝓴𝓲
7406,monody507
11015,多多
17279,钰舒.py
1954,Costrice
15616,笑个啥劲
16374,莫相汐
9140,为什么还不演奏春日影
7633,qiwuess
10346,口口剑
2280,ESL NMSL
2134,DespeRado
16137,舟形木屐
11111,大巴丶
4231,Noolanoo
7325,malikkk
2096,David Geller
6832,hideonkush
618,2977329626
4187,NiekunyouYY
10324,双生妖精
7413,more
2559,FreeDee
13311,暗荼
15276,皇太极
17971,高压锅大飞侠
9481,会飞的麦子
6099,_夜丶天使
1775,CNove
10056,别骂了别骂了纯菜
16855,赤红
11356,好快的车车
15024,玩小祥丶saki
12371,悲伤老番薯
17305,银滩小郭
12070,庆_Adonis
5090,Soda
1837,Chack
14735,煤气罐少年CN
3121,Jindou_AX
17778,顺势而为
8761,一等情事.
18144,黄问问
10237,南堇之
10314,叉
17447,阿尔
271,1447142403
12269,忠实的原P
17012,还复
16190,芜湖航班请求起飞
324,1642176546
15525,秋的城_
7594,pp
9684,假老练
6824,hg110
16265,苍天饶过谁
11024,多谢乌蝇哥
5157,Stealth
1427,ArtiFFact
17900,饼干弟弟
8468,zoho
7880,stargazer
11651,小孩子不要打游戏
18171,黑牢大曼巴
18016,魔法披风
10599,咋！ 瓦鲁多！
10156,十二点前要睡觉
17797,额额侠
925,76561198334665741
13002,无敌星际战士大王
2103,Dddddun233
9596,你怎么就死了
18096,鸽兔Zzzz
8943,不如出家吃豆腐
6182,anon
10248,南梦芽厨
12028,幸运爱乐先森
16728,让我检查你的小学学历有没有水分
17349,长枝染我袖上月
17718,青空似璃安和桥
17563,随风消逝
8428,zhangxin9727
10788,喷火龙用水溅跃
1449,Ashphor
11773,小鱼儿
3595,Lightningrc
46,......
4825,STARWALKIN'
3074,Jamist
15497,离殇丶
9430,以诚待人二掌柜
2778,HXLXL777
9987,凳子骑
13380,月の雫
9288,云流
2441,FBI!! OPEN THE DOOR!
14842,牡丹花下死
10477,同袍
13967,正义执行
10433,叶子
13564,李建钢
3207,KB之王
7115,lain
2403,Evidence Lower BOund
1338,AndoahViva
8602,《熊猫人》
6436,coobolee
16530,蔚蓝
12683,戳你屎大颗
11652,小小伞
2817,HayasakaAi
1325,Amazing_man_
8373,yuejiaxiang
12115,异端K
10349,口嚼酒
9864,再多一眼看一眼就会爆炸
11938,已逝一个一个一个一个
4452,PonFi.Mau
3478,LX玩游戏
4227,Nonflammable
5862,YUIN
8787,丁^丁
6658,feiyuered
15437,神区化龙一念间
5457,Touf
6795,happy cat
7429,mumumusi
710,34127536
694,332339663
140,1130062095
9457,伊沢雫
17317,锋恨
16044,肥嘟
17909,馒头大哥
13023,无瞑25
12891,文件传输助手
16567,虎牙主播老鬼
17387,闸总啊盗号狗
11073,大D
999,877368536
1486,August
8210,x.
17884,飞龙
17987,高鱼
9617,你玩的明白么？
14758,爆破兔子
7470,nidhoggurzero
6043,Zero/Рената Евгений
2210,Dr.Nerd
17034,这是一只熊
5038,Singa
375,1850064843
7889,strangevy
8080,wangplus
9789,八千流
18198,黯淡星
2624,GTG_RJ
13434,有空一起拉矢
1549,BENR
10085,动感皮鞋
16725,让我再贪一刀
8278,xxxxagodd110
1478,Athena
17195,酒饭茶
5781,XYZ提不起劲
12591,我来给你讲讲小鸭子的故事
6991,joy411
8861,三泽工民
7764,shadowZT
10786,喷人不能输
6527,deskk
16531,蔚蓝档案高手
16652,裂空
15358,睡思清
5714,Wingman
5858,YSJ_Field
14042,毛毛
10228,单身离异带俩娃
14031,比奇堡半步峰巅痞老仔
5731,Woo崆
5579,Verso
252,13817963264
12576,我是饼干啊
5454,Totoro
1147,ANDY
18108,鹅
13204,春猿火
14145,汪汪汪汪汪
9691,做坨猫不好吗
2140,Destiny_Plays
5032,SimonRiley
351,1766899362
4778,SHIELD-Bucky
12707,打我三倍反弹
9180,乌龟大师
16301,若叶睦只玩edd
7765,shadowride
12339,恐怖的贞子
4137,NYA~
4448,Plutototo
8106,wesleyconn
10224,单jio开榴莲
11941,巴拉巴拉
4401,Pedro-Li
5318,Takoyaki丶-
4158,Nathan
9073,丢掉幻想，准备斗争
300,158443844
8301,yanyuming
12939,方脚趾男孩
7444,naive
6100,a zhao
5030,SimPlyAndLovely
14579,潇仙柔老师
14443,深渊啊啊啊
5792,Xiao_Yang
5785,Xbing年糕
12859,操作有点僵硬
1479,Athrun
16446,萧瑟
18217,龍行天下
12935,方寸之内
3093,Jeff
6434,congtime
5194,Summer Rose
12644,我要出美甲的窃魂卷咯
12458,成圣内鬼·太阳系固有
1741,C y a n -
16159,艾尔法
16303,若雨晴空
11114,大师级潜行家
12981,无忧无虑的锤子
2233,Druglover
13470,木头
12247,心动也只是对米呢
9176,乌拉诺斯
6534,dfxljf
487,2396898918
3672,Lovely kid
8729,一条D咸鱼
8425,zhanglidian1922
15657,简单
3051,JOY
12040,幻想君辰
144,1138517084
6042,Zero Two
3131,JmanZ
18176,黑瑟洛城
8984,不知道叫啥
17299,银一
7117,lake
448,2219140594
831,524663668
7946,tce
15114,甜菜雲捷捷
8340,yo.
16106,自信蝈蝻
11807,尚花落
8510,zzzw
3438,LI
18159,黑岩
15375,短暂少女
7172,lhssss
14356,济零
14636,灯芯草
16874,超凶
7688,ronk666
14675,烂游戏让人疯
10104,勤奋牛子
15984,老桑博
12612,我特长只有微笑
8626,つぁな
17040,这贞德河里吗
16151,色色的信玄君
4606,Raven_Yuen
15315,相思卧满头
11197,天地天胡一水间
1581,Ba1Ma
4671,Richard the Lionheart
8069,walk-on uncle
1689,Blueberry
10131,北极扎女
7484,no way
24,++0
4413,Perschooldaddy
14918,猫七不粘锅
2529,FlyerjobsHu
3948,Microsx
17443,阿城-
1530,AzureFrame
14352,浅笑
16932,路过的十香酱
14566,滑稽10086
11937,已老实再也不预购了
14129,江江江
7119,lalalaheihei
7267,lsz
17845,风轻云淡
10250,南溪潇湘
11475,宇文逸
10350,口胡役
8102,weipebo
10296,原神启动
9961,凝华潇落
6817,hello sunshine
5576,Vent
4663,RiNN
2692,GoodMeowing
12638,我红点呢
7439,mzm2333
4496,QIUKE
10526,否否
17301,银坷拉
12915,斯卡里茨的王亨利
14712,無丶
16871,超*天然枣粉
3626,Little Knight
5684,Weirdo
5952,Yuan_Yuan
16762,说你好
17990,鬼泣5天下第一
3400,Kurumi Tokisaki
2698,Gouson
12810,换个二次元头像打枪自信的害怕
5620,W
8582,♪ 色即是空AS
17189,酉昔
11190,天呐是阴暗爬行的鬼面大人
12285,快乐虎鲸
8805,七尺大刀切洋葱
8492,zxxl
16424,萌丶梦蝶
2751,HERDRIVER
4779,SHIJoa
762,4-16先生已赴死
11698,小洛超爱玩
1806,CapSang
5758,XDer
10453,吃瓜
8215,xbohos
12766,拉娜·林沁
2804,Hans 0v0
8757,一空输，出动！
13057,日常诈胡
3579,Lia333
3752,MCrc
4712,Royal丶xiran
12772,拍拍熊
15760,红二阳
3830,Malekith
13510,本宝宝@9561
3550,Lelouch
4101,Märchen
6243,badwoman
17541,陌然浅笑
12834,搞鸡毛
9626,你若安好备胎到老
2989,Insh1ne
5950,YuYiFuYo
6681,flycat
13648,极意
13121,明日香烟
13096,旺仔坏蛋
7986,torches
2204,Dove King
2362,EricS
4167,Nemo
13365,最后生还者
10193,午夜
1021,93Vi
2461,FVURCEN
5725,Woemons
4064,Mr_Husan
7354,memee
4501,QQ--love
1711,Brokenrainbow
4658,RexJoaG
239,1350809700
6692,frelylr
10831,四分之三
15402,磕磕起啊狗
13392,月华青羽
5073,Smile
6424,cn鲁路修
5029,SilverFIISH
6146,aixinming
9568,你們怎麽都有朋友一起組隊玩啊
14001,死神888
16551,薪火试新茶
15727,紫月
14166,沉默U2
16612,蝉响
9428,以我残躯化烈火
7391,mmmoonless
13427,有多要你一缕星光碎片
12964,无名客
2868,Hollow knight
11685,小林凛
13810,梁逸钊
14350,浅浅画
9365,人终究打不过狗
3703,Lunacia
12963,无名哀乐
6883,huohuoya
6690,freedom
6320,burnxp
1017,933
17347,长期素食引起的睦光呆滞
5668,WangKe
5478,Truedude
11191,天命
12444,懐かしき東方の血
9565,你们都给我滚鸭
3363,KluasHope
14941,猿神高手
6023,Zard
13672,果冻大爷
14098,求求你们做个人8
4796,SNOW
1834,Century
11778,小麦铺子
10674,哒哒哒冒蓝火的那种
3187,K-Bear2077
6744,godhhq
15989,老男孩
12024,幸福往往是摸得透彻
7665,rei
4876,Samlau
14013,残灵逸梦
17184,都是我在C呀
15199,白发控
5129,Sponge
8688,一口一个西瓜
10030,初学乍练手把狗
9702,偷丹的贼又来也
4412,Perry
11374,如若之汐
11710,小猫你吃芝士汉堡
8604,『🍎』o_O
9282,云无月
1936,ComPromisE99
17643,零时彡号线
5895,Yayoi
13927,橘柑橙柠桔柚猫猫灬
15911,罗希南迪
2373,Esc雷米
11139,大熊
2481,Fate
494,241027511
10456,吃肉要蘸酱
2932,IDoHaveACrushOnU
15225,白纸扇
16094,脑残的牛
9847,其实我很菜
9826,六耳猕猴桃
16937,踢哪顺意
10970,壮士
13275,普云
9488,传奇睡觉大王澄野拓海
2759,HIghWayMan
11602,小 心 漂 亮 女 人
10785,喵蛙种子
15261,百分之七实
5885,Yan
8327,yishuiriver
15400,碳酸饮料
18045,鱼韵sakanaction
18252,？一枪秒了白给有什么好说的？
4620,RealHeinima
4802,SORRY
17364,长门北映
4870,Salted fish
12090,建州第一野猪皮
11529,宫内莲华
14966,王不见王
10966,墨鹮
2211,Dr.auth
15522,秋灵
8814,七点起床打游戏
4857,Saki
12922,新垣结衣
7825,smallp
15378,石小毛
349,176494664
8915,不会飞的螳螂
1173,AUV
9446,仿生羊
861,593684784
7929,syzygjz
8027,uuuuuuuu
5443,Tomorin
5424,TnT
17998,魂魄世界
5108,Sora
333,1684580465
13215,昭阳米彩
5357,Testarossa
18023,魔鬼肌肉人
6674,fir_xc
11668,小庆baby
2359,Ereshkigal
121,1091115040
498,2417733266
13896,榕崧
6286,biubiubiu
13250,時雨
16759,说书人
5828,YAKASASURA
8571,★Hermit★
14009,残心向月
16009,耄耋耄耋耄
14253,泡菜喵
1448,Ashone
9784,八一半自动
11349,好大一只兔
14183,沙漠Zzz
15485,禄兴2233
17902,饿了会自己捡小电吃
7837,sochant
8977,不疼
14699,热
7099,kwx013
986,851579997
13236,是米宗子啊
1123,AKA↓頭マン
9323,亚细亚的晨曦
14628,灬夜秋瞑
1188,Abiao
5653,WS.
4380,PaperedKu
8768,一花丶裳玖
1997,Czz
10973,壹个人
3421,L1osu2e
8622,しづ草い戒と
8945,不如守中
14584,潍依
11557,富贵
2097,Dawn
14432,深夜
12962,无名
8421,zhairuixuan
12602,我没丢！！
6565,dragonborn
12485,我也太秀了吧
3415,L idea.
14974,王北洛
1930,Coisíníه٥
12931,新辰Diane
6524,deomon
13241,是迷宫蒙蔽了我的双眼
14106,汐
7908,super.SASS
16742,讽仙
14077,水鸟乱舞非常好躲
6198,arren
13714,柒夜。
9676,倪哥是不是有点赖了
13164,星星
9139,为什么要演奏春日影！
15354,睡不醒的懒家伙
15346,眠梦
4369,Palace1479
16422,菲特丶泰斯特罗莎
12274,忧郁小猫猫
2428,F fXu
10761,喜欢吃柿饼
3411,Kyson
3186,K!SSES
8016,undead
5600,Virgil
6486,dapao
5799,Xiny
1922,CloudChexx.戈兀
186,123.
14046,毫无感觉
2474,Fang
12283,快乐的打铁打匠
4102,Mεrcury
4700,Rolle
4878,Samsara
12300,怀民亦未寝
5663,Waaaaagh
14076,水鸟乱舞
16911,越秀罗大辉
2310,Einsxiang
1626,Bernkastel
9420,仙桃红温AD
5854,YOTUO
248,1371991446
6095,^杰^斯派罗
5414,TinySmallPoint
16676,西瓜瓜瓜瓜
4670,Richard
16496,蒂孚日
17861,飘雪
768,406049182
6358,ceyin
11303,套马的汉子
2846,HgHExM4ever
10912,坂坂
13925,橘子桑
3311,Kendrick
7196,limbotraveller
15537,科慈亚特
1992,Cynonari
13575,李茶
12774,拒绝卖萌的咕咕
4647,RenchinP
7592,potato Takoyaki
2809,Hardcore Bill
10568,呆毛绅士
626,2k
15066,理论控制机器人
791,462827025
8137,wizard
13613,杨柳岸晓风残月
4242,Noye
537,260475262
6800,hawkey
13261,晚安亚历山大
5345,Tenderness
4685,RioMan:p
10033,初音ミク
2617,GOODNIGHT
15819,结城理
16142,船長
16942,身上三把火的大侯
1642,Big West king
14002,死神の代弁者
5924,YoShi-ProMax++1TB
3576,LhXrrr1DDa
17313,锅达丶
4238,November Rain
6077,Z梯
16945,身体已被占据
13958,欧骑
11622,小倉朝日
1652,BiliBili30762122：活圣人
17989,鬼庭刑部雅孝
5898,YeFanDADI
8152,wonderfuland
12713,打死萝莉控
3183,K
16750,诡异的含笑
1726,Bush·Goman
15458,神枪第一燕双鹰
3680,Lua！fuqin
17011,还在谴责
1101,ACHERON
7044,kicoka1
3831,Malenia
7874,ssvicss
6547,divergence
3883,Max--小驴Tommy
5128,SplendorMan
16000,老袁子
14332,流月抄
5325,Tar!k
17624,雪的轨迹
5215,SuperRiVen
8917,不停的马
3965,Miner
11184,天仓澪
338,1726697676
1282,Alexis5
1320,Amaterasu
15253,白首男
59,00
5893,Yaushine✮
12623,我的尿骚骚的但我的爱不是
12304,怎么肥事鸭
16432,萌萌哒的夜桜丶
7204,linx_air
7093,kunkun
10357,古德奈先生
17070,迷失之声
11309,奥尔加·伊兹卡
17052,进击的老六！
5613,Voyager
5201,Sunknightbili
2621,GREYFOX
14668,炭烤小馒头
2013,DAKI
3104,Jesus
14554,源零
17258,金牌厨师J
16427,萌新传火侠
17259,金牌大厨在线烹饪
10114,化尘
833,526808566
14532,游心辰
15680,粗
11496,安德洛
16149,色气果仁糖
3437,LHY
3976,Miside
11211,天才主唱传奇小孩舞灯使井芹仁菜
17079,追忆さんPalimnesis
2976,Immortal
515,2507826445
15783,红豆泥阿里嘎多
14472,清欲
16039,肉蛋充饥
10702,唐 哥、
2903,Hunter~
4308,Only59S
12843,摸摸狗狗
17556,随意
14861,犹豫就会败北
7245,logic-cat
10563,呃呃呃
18020,魔王信长
292,1547690711
2072,DarKer枪手
5132,Spongebob
5495,Tung Tungtung Sahur
15064,理塘純真の伝説一眼い
18081,鸡腿天下第一
3346,Kirby
10539,吴承恩
2628,GWILL
7928,syx.vue
13987,步行街白给车神
11348,好困好想睡觉m
4510,QXV_ZXC
11350,好好好
1884,Choice
13658,林北是你爹
17341,长安街五棵松
11582,寰宇
14964,玉面手雷王
6110,a591490405
10374,只会心疼哥哥
6026,ZdyRei
13769,核桃he
6281,bills1990
2719,Guess
10211,卌卅廾丨
6650,fatefare
4661,Rhine娜~
159,1163375140
6041,Zero
1397,Arcgros
13702,架不住对不过
16396,菏ロの正義！俺鐘馗そ
11079,大佬A
1015,931419249
6940,izack forest
9051,丛云伴月风拂花
3706,LuoTian
5879,YaeSakura
15169,當世傑
16887,超级帅
2762,HK
16719,誓剑
7037,kennyS
4290,Of Credit
18295,💙八奈见杏菜💙
18168,黑梦Noir
10901,在你的果篮偷走只蕉
7144,lazy bone
7533,oscir
12352,恶名昭著
17055,远坂凛
14556,溜达鸡
8404,z1liang
1360,Another
10721,唯静静静静静
13579,李飞飞
4226,Nonego
690,3297145910
15785,红魔曼联
3418,L-st
16528,蓬萊山輝夜丶
10621,咖喱~鱼
14456,混沌九空
14088,永生只是一场幻梦
7255,lotus
8775,一边玩去儿
10612,咕咕咕咕咕咕咕咕咕咕
5319,TalosTY
7635,qiyu
16221,花果山水帘洞第18洞主
2699,Grace
12687,扇风机
4204,Ning
12783,拯救少女SaTo酱
18179,黑白调调
17382,闲三
13194,星露谷牢大
1119,AI披萨
10137,北眺
4990,Shimmer
17637,零一十七
10530,听说id很长很长很长很长会有笨蛋跟着念
1685,BloodZero
12508,我喜欢你
3841,ManhattanCafe
2638,GameNerd
4789,SJMH
15472,神迹
17883,飞鸟（游戏赤石大王）
11681,小暗才不喜欢H
698,3356477560
9259,二次元甲级战犯
8717,一拳一个抛瓦怪
4595,Ralex
10218,卑鄙的外乡人
2838,Hero-怒焰
16596,蛋黄派
5151,Starcourge
4157,Narcissus
1645,BigBrother
5528,Umaru
16249,花里胡哨
10354,古巴微胖男模
8937,不周山林工
4443,Player
4531,Qy丶凝梦
16328,茗若兮风
1466,AstonMathis
821,506596389
6655,feijizhadan
12712,打死你个老登
6872,hua guo 98
3939,Mianbao
4170,Neo-91
7063,kk
8290,yUNY1
15218,白狼狐
16674,西瓜泡泡xg
3542,Leer.
6137,adwba
9526,何以与君识
6867,huangpu08
16979,较瘦
14652,灵熙
4213,No.1hello
10470,吉林盗号王THW
16194,芝士雪豹
8572,★Roter丶Teufel™
18048,鱼骨头1551
14008,残心
7568,pico
16093,脏脏觉今是而昨非
10951,墨渊亭
18036,鱼富贵er
1836,Ch'A'   ^   O
926,76561198368537912
14874,狐言
9154,乂言
290,1536654821
195,1240657798
14545,湖人总冠军
874,626650054
13300,暗夜之羽
623,2EAL
7643,qushui
14739,熊小觉
14112,汝彼喵之还真是个天才
17640,零号机组X
10451,吃点薯条
15977,老恭·譹轑龔
6197,ardentexu
18141,黄药师
2545,Fostar
18091,鸭嘴兽泰瑞
11485,守望者之刃
10183,千秋的枕头
5540,Untraveled
15573,穗织第一步枪手有地丛雨
1317,Amamiya Rin
15166,番茄
4476,Pudge King
15524,秋白
5246,T T
9600,你我哪个不是衣冠禽兽
18075,鸡巴掉了碗大个疤
10336,发牌员喜欢唱跳RAP吗
161,116546785
16107,自刎归天
11845,山外小楼夜听雨
3618,Linvenus
12189,彩蝶化红妆
7732,sataka
10295,原来是朵解语花
11617,小亮
3240,KQT
10037,别下这样看场合的雨啊
3989,MizuNo AsaHi
85,100561011
12562,我是大都督
8891,下划线
6211,asura
1177,AY
10506,吔瓜呱呱呱呱呱
4360,PRhyme6zZ
6263,beimingyouyu531
15768,红烧大白兔
5103,Somnus
5962,Yuki_AotY
5673,WaterKiller147
7708,s9uzi
3797,Maayaっ
16780,诺
1286,Alf.J
11446,孤辰
17245,金³
1897,ChuRem
2605,GIFT
3458,LOL
699,3361142552
11364,好运的榴莲蛋挞
7094,kunwuyao1998
9491,传火吗少年
3757,MGSpidey
2731,G胖模拟器
5263,TFT777
13823,梅花鹿没发怒
7223,lixl484s
17422,阿Sa阿Sa阿不Sa
4854,Saint Zhang
4052,Mr.Zheng
14060,水无痕
1477,Atagina
14796,爱玩游戏的皮卡丘
15398,碳基生物范某人
12318,思绪满心间
10071,剑秋小师弟丶
8496,zymad
2092,Darre
7984,too羊羊
13881,椎名立希
4458,Popeyes
16426,萌宝(〃'▽'〃)
17375,闭着眼看撒谎
7064,kk616455
3573,Levi-Ackerman
3066,Jacob L
176,1204897424
12740,折磨王
4773,SHEEP
12463,我 不 想 赢！！
778,44427813
304,15904082225
16734,记忆风化旧夏天
4392,Pawn
17232,重生之都市最强味真族
1121,AK
16243,花落蝶舞
4515,Qian_
1142,ALyce
8367,yuanqi98
15026,玩游戏你快乐吗
4538,R3NYU3
15879,缄默隐羽
6969,jingjia
40,-北斗-
973,83478566
443,21世纪全自动上班机器人
10586,周美灵机一动
3564,LeonMarquis
387,1911083697
14871,狐坂若藻
8126,windseek
16329,茗顽不灵
7365,michealzsh
3380,Kratos
6479,daidaidai
3555,Leng
1346,AngelaLeonardo
5193,Summer
11001,夏目安安
6989,joker
2676,Gloria
17252,金木小天使丶
16204,花专最强主唱三角初華
4962,Shady
8899,下班就睡
6248,balabala
18183,黑神话悟空真好玩
5912,Yi_The_Liaison
17678,霖霖
13617,杯酒释兵权
2677,Gluttony
4030,Moyu
14754,燕双鹰
4210,Nishang
7097,kwaa
4125,NIOH10
13645,极光伊甸
12166,归根的落叶
17408,阳光少年仙道彰
8650,オオカミ
10197,午餐枫
15495,离恨
14583,潇繁
13655,林
15356,睡午觉
11615,小二上酒
5594,VioRem
17390,闻人冰
6219,aweq_213
3231,KK
7041,kexi
11959,帅气迷人的酱哥哥
12671,我，就是我
1043,978970705
17750,非理法权天
7961,thesoladad
15607,章鱼
3694,Ludwig Josef Johann Wittgenstein
13125,明月几时有
10168,十里八乡有名的俊后生
93,1014910307
16785,谁黑皮谁肘击谁在连累直升机
7281,lululu
6948,jakyll
9186,乐山大王
8776,一道五杀
12134,张楼山
12727,找到好玩的游戏了吗？
7049,king-slaughter
11115,大庆让胡路椰子皮
10727,商陆
10189,千里烛
12384,惠理子大人的狗
7556,peeta#December
3019,JAHE
6711,fythesheep
4384,Paradox
16849,赞美二臂神皇
10681,哟西！
5779,XY
14734,煤山蹦极失事  转生巴蜀成为恶龙
5744,WwyE少
5019,Si_Chuan
11963,帅韬
5610,Volcanic Viper
14824,牛头人
15527,秋秋每天都在困
4754,SABER
5234,Sweet selection
5608,Void-
9351,人法道
13860,检校陇右凤翔节度
18126,麻阔123
9551,作风优良 能打胜仗^^_
3859,Marid417
15693,糕手
8629,なんで[春日影]やったの
11760,小陈
7262,lowenicte
2724,Gurei。
643,307522108
1443,Ashes
11904,川外西语王
4423,PiPi_MonkeyKing
2667,Giotto
1959,Crack
3471,LUOCHUAN
402,1st ——yu
6912,imRay
18194,默笙人无欺
1524,Azir
10891,土里埋了有些年
14971,王元戌
158,1162452673
11813,尨茏思依
13028,无聊弥米
4433,Pinkfish
902,723186041
876,631gx
5322,Tanya Degurechaff
12276,快乐企鹅
2352,Epic yes
12525,我对武藏一心一意
3952,Mikasa
12009,平和
4505,QQ农场打电话说你菜死了
17935,马枪白给王小桃之妖妖
16558,藤原千花
5298,TTA421
11762,小雨
11091,大吊萌妹@1020
13074,早稻
7162,leon
14803,爱莉希雅
10322,双层猪柳吉士麦满分
3073,Jain
11734,小胡子
10309,又在逃避了吗？
9026,专业木匠
6337,captain
7802,sindre
1235,Air_Sailer
7939,tanji
5497,Turn back time and space
13929,橙C
9766,免我蹉跎苦
10384,叫你把枪放下
15132,电击小子只爱电人
6619,ermoOVO
18003,魔尘百指
14461,淼云海
15567,稽客
7980,tongmao
8330,yiyi
8940,不在服务区
14990,王小贵
8774,一身诗意千寻瀑
9235,乾之叁爻
16156,艾尔
5106,Sooyaaa_
3155,Jotaro
9914,冰露
13391,月半叁
9887,冬枝
17864,飞
12156,弹道
860,593624611
8261,xty
6107,a2114841816
2107,Deadfool
9147,举办永雏塔菲谢谢喵
17413,阳尘
1809,Captain Genshin
3812,Magic_烧饼
3007,Is阿
8194,wxjia
14398,海螺
2437,FANG  laoshi
15096,瓜子君Amygdaloid
3581,Liao
6673,fighting water
14463,清
16391,菊次郎的秋天
16289,苏童筱楼
1151,ANO❤IKURA
14512,渣
13499,未白色
12633,我真蓄空了
14273,泪水打湿方便面，从此
7632,qiuhao19910222
11816,就是说啊
1962,CrazyJason
16926,路白烂
6888,hzeng
7894,suanmiao
10204,半机械道士算邪魔外道吗
12571,我是荣誉马莱人
9543,佛系骚拿上刀
9570,你先别急，我们一起急
17057,连续10枪不中
5220,Superman
8703,一叶荻
15452,神性者
13634,松下手刹
17440,阿哈
11105,大好人
10038,别买明末渊虚之羽
14529,游夕丿kirari
5513,UFO
11052,夜琰
3431,LDrown
14792,爱洛漪丝
12363,悠泽
2709,Greychicken
2897,Huey
5133,Spooky
9020,与其提升自己，不如诋毁他人
8001,tticl4
15620,笑望沧溟
13307,暗月疯子抢耳朵
541,2634410197
636,3040692585
7800,simple
16056,肯德鸡白给大爷
13526,朴扑
5274,THREEDOG
18156,黑土
9403,从前有个城会玩
3779,MOUZ的torzsi本人
2279,ERoma
7937,tangplayer
1603,Barry
1552,BIGFatming
2131,Desdem
7522,one tap
8097,weak bear
5657,WUIu
5081,Snow White
13382,月下独酌觞
10077,加V看你想看的
828,519957576
15307,盗我号的死全家
2117,Deep sea
17059,迦薄
15165,番芋粥
10438,叶着风
9510,似秋
15401,磊子
1086,AAA八八专业芒果批发
456,2269022692hhhh
671,31873601
12457,成品号！不出了！
15340,真的无语了
13708,某深渊的不死队
17963,骚臀大屁股
14319,派派 ·
5961,Yuki
8066,wai110ma
3850,Maqeaturrr
14932,猫老板脑壳痛
3085,Jaysean
15836,络麟
15884,缘妙不可言
17425,阿东的阿哲
8912,不会断后哦.bot
11589,寻仙忆千秋
14882,狗贼
2649,GeiLan
9494,传说中的胡渣男
4160,Natsumi
14059,水无月的涂鸦
4697,Rock聪
13763,栗山未来的不愉快
3296,Kb
10751,啸着丸
4387,PartisanCurve34
17297,铭少战神
6377,chenmoliuxing
12871,故人心已远
14483,清羽
5139,Ss.Whit17
9805,八路军386旅独立团团长
4356,POPO啪
5417,Tishbe0
1323,Amazing Fang
13932,橙子大佬
17273,钢板太紧啦
4236,Not the valley
9944,凉风与树
8921,不凡的zdp
7005,jvrm
14462,淼淼
5605,Vivre_sans_regret
3357,Kitty Box
6306,bobby
10770,喝咖啡99
16390,菊林怪客
17512,陈
6084,[MUmu]泥头车创进二刺螈
14773,爱吃鱼鱼
2182,Doc小杰
16517,蓝瑟小鹏
1567,BObLUO
16965,软中华终结者芙蓉烟王麻子源一郎
4280,OSIKO
49,.7777
812,4AiClone
463,2296421331
16170,艾薇江流儿
3309,Kelpy
11951,布里丹的驴
17634,雫
16040,肉蛋葱鸡
5788,Xi_nihil
5707,Willump
14371,浮生
8788,丁丁360
4089,MyGO 的长崎素世本人
4645,Remote Boat
17416,阳阳
14278,泰山刘能
8713,一度失控
3726,Lyny
10580,周伯通
12820,掏出大电给隔壁人妻哨兵充能
15301,盗号没有妈
1216,Afu
14531,游尘
9608,你来的正是时候
4831,SUPER EARTH是投注
3826,MakiseKurisu
2237,DuS
13371,最烦放名字
5136,Springfield M-1903
10280,印爱于花集于心
17483,阿笠硕士
5297,TT
78,"1,23,45678"
5155,Static
8318,yg3w76d6
16035,肉斩骨断
6802,hazama
3657,Lord of Elden
11939,巴图鲁
9796,八月
5974,Yurin
7485,no---nO
3702,LunaDrunk
12424,感觉要长脑子了
14480,清狗必须死
10767,喜欢霙的双簧管
17724,青莹飞露
3691,Lucykra
15894,罐罐
8471,zorota
4046,Mr.Maxic
6230,b1ueberry1
1339,Andrew
17284,铁头娃
12494,我们赛亚人从不打团
17804,风 铃
17414,阳澄湖名宿老张
8505,zzj519
1742,C-C-A-V
5119,Southeast Asian Monkey
628,2号玩家
2969,Ikaros
16548,薛定谔的猫511
11398,姬兰花
8193,wxfshitu
10096,勇敢伟蛋比r99更快
2568,Frozenhan
16401,菜狙
3849,MapoDoufu
7785,shingler
11103,大天造化掌🖐🏻
2448,FIVEc
7286,luwenyu110
11255,太阳即为正義√
8585,♿♿♿
7248,lonelyFree
14615,火热牛牛
14677,烈丶霄
18057,鲜衣怒马理塘王
12710,打扰一下
15519,秋枫
4899,Satou
15238,白老师
11600,尊天帝
193,123就要逃
17194,酒池泡
6400,chronicle
10689,哦呼
869,625274986
6440,cosmos
15046,理塘smoke
6172,andny1986
4935,Senya_
1961,Crazy owl
8647,エマ
7673,revo
9156,乃琳大腿别着凉捏
14024,每天晚上都很饿
13027,无罪老驴
15158,界嘉然
7731,sara
3637,LoStY
11946,布响丸🌶
14959,玉树临风美少年
11362,好点味道
6132,adawdad
370,18328044
13086,时崎狂梦
9929,冷落
10793,嗦嗦你的
9851,养老型New Type
3930,Meteorite
10011,划水水的小小白
12754,抱歉我是如此强大
7285,lushtime
16086,能源城第壹天才鐵馭 科比龍卷風
11910,左勾拳我右勾拳
7305,lzh
7699,rura
7043,kfu1234567
15816,终结族内鬼
11551,寄奴
12944,旋涡
4389,Patrick
1201,AcridoG
10417,可燃乌龙茶
2188,Don Quixote
4038,Mr.Br
8158,wowwu
10688,哦吼起飞！
14161,沉着的鱼
4473,Psyducky
8908,不予明月
10465,吃鸡不吃鸡屁股
6173,andy
3649,Lonely_Prime
5341,TellpinK
5583,VictorCharlie
17537,陌刀
1536,B1sword
13682,枝江最高伝說と嘉心糖の主!聖嘉然です!
3953,Mikey
8538,дьявол
18220,龙之介
171,1193173091
2591,G.E.M.
9331,亨氏消食片
5011,Showmaker
3161,Jsezio
13390,月光下de丶约会
16556,藤上一棵老瓜 却在顶上开花
12428,愿你穿过黑夜
7829,smoker
11535,宫野志保
5295,TRISTEZZA
17610,雪人知道该怎么做
1694,Bobo
2772,HPY-
11747,小西王
11759,小阿皋
10311,又是想当社畜的一天
246,13682409616
12923,新夜
9314,五月
12861,攒钱割痔疮
20,**
5034,Simon_Chen
4126,NIdhogg
7088,kuhn
11822,尹小雨
11860,山田乏
11235,天罡
9985,凯莉王
12996,无敌原神大王
11843,屠梦人
7622,qennyS
4801,SORA
17881,飞起来
11878,岚
2718,GuarD
8995,不自律会死
14815,爸爸你也不想让妈妈知道她是我们的女儿吧
3662,Lotus eater
10611,咕咕咕
5724,WobAH3
2852,Hikari
3159,Joyboy
14056,水又66
17918,香草爱音
15154,男人！什么罐头我说。
10317,友仔
12596,我永远喜欢ToumaKazusa
10830,囚王
6289,black sheep
16954,车佳奇_Charlie
7487,nocoke9丶
18265,𝓐𝓒.𝓣𝓝𝓲𝓰𝓱
12226,御剑尘心
8525,Βαλκίρι
12955,无伦
2643,Gay里Gay气
6259,beautiful-boy
9405,从次
3537,Lecce
3920,MengDongSN
4761,SCP-666
6896,ice丶戈冰封
1950,Cory6Liu
4441,Plaga00238
15277,皇宁
4524,Quindrich
4826,STRENGTH
11121,大明湖畔夏雨荷
5426,To Viper3
14908,猛踹瘸子那条好腿
2470,Fallout-Junkman
3070,Jaeger
8890,上铺你叁哥
16667,西尔维斯特
1857,ChenChen的主人
6273,bet1xwaybet
7725,sanshilang
9205,九制陈皮
14705,热热手吧
2841,Hexianzi
2057,Daisy
677,3240209243
4155,Nantes0
15464,神眷之樱花
1789,CYBERFISH
13991,武子墨
11558,寒九秋
9417,仙乐国度的妖精爱莉
13611,杨文里
2419,Extener
15541,科比炭次郎
10864,国产007
6206,asi1kicker
16796,谺Kodama
10700,哼！想逃？
4333,O泡时间到
16119,臭打游戏的
9407,从百草园砍到三味书屋
11361,好气啊
15359,睡觉
359,1788-L
12192,彭于晏
11998,常磐森林の捕虫少年
2831,Henry HUA
12417,愚者既出
5560,Vagh
10106,勾栏听曲李元宝
17772,頭部の破壊なし，ブレスの威力は最大です！
11976,帕斯喵刃下心
4347,PHANTOM
6574,duan
1616,Beholder
17263,金馆长G
5277,TIAMO晚安
15142,电波波
15353,睡不醒的小天
3410,Kyries
15799,纳兰IU子
3086,Jaywalk
8187,www.1458542774
2081,DarkNature
488,23C
4548,REHTD
12256,忆墨
10428,史莱姆坍缩
12763,拉二拉二拉
14538,游戏糕手
15660,管中窥豹
17444,阿夜
17810,风中的咸菜
16292,苏菲超熟睡420
3642,LoeLin
10105,勤奋的御坂御坂
2970,IkarosQwQ
16084,能源之城的天价草莓
5670,Wasabi
18064,鲨鲨鲨鱼君
13232,是栗子啊
12636,我算是看出来了你们各个都身怀绝技
17800,風见幽香
15033,环城
11195,天命人：初玄
12910,斩気焰
8599,《{魏里扛把子」666
12423,感觉自己牛逼坏了
1276,Alex-wind
7132,laomotou233
6938,isuisi
16527,蓦然回首
8019,unlimited123321
4592,Rainy7y
7455,necturnal
17335,长夜
14247,泠泠过客
731,354883510
15770,红烧水鱼头
7034,kell
2573,Fuanjiu
6631,eyuan
5402,Tiger
12293,念古
1643,BigAssBoi
13883,椰子冰
5926,Yoicky
222,13
4530,Qyy°
13405,月瞳
11241,天闲星入云龙公孙胜
17129,遗世独立的理想乡
9590,你就不要想起我
10575,呜呜呜呜呜喵王
17394,阔阔嘛袋哒
4533,R.S.D
14246,泠墨心
811,499632965
13031,无能的丈夫
15456,神明的Ming
15833,给我买个斐济杯
5369,The Night
11442,孤独比你温柔、
2401,Everyday
2284,EVE
7076,ko no dio da
2397,Evenius10
12089,建丰同志
9141,为天使
17779,顺腿摸哔
9164,久經極限
15765,红桃H丶
16651,裂痕
1455,Asina
9560,你人还怪好的嘞
12645,我要去吃饭了
6687,foxloveless
11637,小呆钱
1013,912257054
1166,ASUNA
16312,英雄不死，只会老去
890,682
15086,瑞拉克斯
18114,鹿头熊
11084,大剑侠准备战斗
3843,Manjyuu Eater
14949,玄天清源荡魔显圣天尊
16807,豹王
16947,身流
9122,丰聪耳神子
18061,鲨鱼辣椒
12450,懒惰的萨卡班甲鱼
12637,我系小阔爱吖
13924,橘子味碎碎冰ii
12425,愤怒的小行
15123,甩脸123
4067,Mr丶Spider
703,33757725
5658,WWwwWW
2657,Gewendolyn
11695,小沙罗壳
14982,王守义13香
13706,某山上的土著神
6176,andymylike
3372,Komeiji
17787,预制菜杀预制人
13262,晚安妹妹
11500,安格斯max厚牛宝
9921,冷冽谷的夏玻利利
6313,boynextdoor
12349,恰个鸡屁股发篇CSN
13047,无限横跳弼马温大闹墨西哥免费停车场
7306,lzl
16069,胡桃
1795,Cain
6584,dyhdrtg
6457,csdbyh
8053,von Rundstedt
7501,nullptr
1602,Barrier
13563,李广难封
14757,爆爆Jinx
15268,百里登风
11694,小汉堡_
12711,打断狗腿连着筋
3912,Melody-L
6996,juaaanzz
14702,热心市民封某
4894,Sasaki_San
5255,TCT
9621,"你看,又生气了(*^_^*)"
16109,自动星元机器人
4836,SWAT
8962,不懂凋零
10804,嘉然小姐拜托了
3158,JoyLu
558,26th
1762,CHICHU
4218,Noctis
2458,FREYA
7786,shinrai
9722,僵尸先生
9335,京都製造
8172,wulawulawula
668,317616972
9956,凛fam~如果爱藏在心底
1503,Awakened
7209,lisu
9586,你嫌她不够大气，她嫌你不够硬气
4752,S3ean
12319,思羽依然
13587,杜紫藤
6020,ZackX
4924,Sealikethis
9753,光焰
10481,名字太骚被封三天
10499,向南
11995,常山的造纸农
5865,YURI
7105,k林
6981,jkub
28,--深海小鱼--
9893,冬马和纱983
16010,耄耋领域大神
3630,LiveFreeOrDie
14054,水中月
14055,水刀等死
10171,千会
17169,邱野子
13683,枝江第一突破手
4717,Rubick
2431,F.MR.
660,314652721
6661,fengsai
13299,暗地寻欢
4035,Mr-zhu
15814,终极陀螺仪
11379,妖孽看我大宝剑#666
16828,贫道不吃斋
503,2444147272
3312,KettenKrad
1089,AAA飞鹰轨道王总
11164,大锤
7139,last
1032,957789547
4769,SEMC7
14844,牢小黄人
2713,Groovy  Lq
7235,lmdxh
10389,叫我洛冰就好了
17807,风一样的老纪
10337,发骚的浓盐酸
1172,ATong
1540,BALANGE
9606,你是？我是？
6549,diy
5835,YDD
2726,Gustab33
3222,KING-ONE
3690,Luck丶MY
16101,腰椎间盘突出患者
2960,Ice.King
429,21
4571,RUA
1976,Crystal
5796,XifanKing
7629,qingming880714
6635,fairystar
4545,RAY
7963,thra1L
736,357998880
13320,暮潮
3888,MaxxByebye
15330,真实
7011,kabuda
1570,BRO?
5726,Wold-Evw
4190,Night Dream
3196,KAGAMI
7574,pinkman
1617,BeiBeiQ（CN）
2169,Director
17142,那么就到此为止吧
17330,镸谷見舟
11847,山岚
11425,孕妇制造商™
15696,糕手糕糕手
3113,Jie
13131,明河
14482,清羊Tcs
2600,GGG
5833,YAOz
12734,抓根宝
13290,晴空梦落雨
14092,永遠の嘘をついてくれ-
3394,Kumo_)oWolke
8867,三营六组白面葫芦娃
1702,Box
2782,H_h
12941,方良
7200,linebox
16914,趣味生煎
12978,无心睡眠
5866,YUUUUUUUSH
7754,seto
3301,KeXi
199,1251889949
496,2412069529
9060,东山小红 山东的骄傲！
11834,屁股开飞机见过吗
11007,夕夜薰
16891,超级无敌小鸡霸
1295,Alkaid
4119,NEURODIVER
6958,jfxxd
12268,忘忧草
1107,AEXHENTAI
6094,^^D
7969,tianqi
3137,Joe丶Kill
13558,李奶奶
1301,Allez
6866,huanghaidongq
9750,光年之外
18130,黄子洳
14468,清晨点支烟
12196,影法师
13699,枫花
15211,白慕篱
895,6ix9ine
6350,ccj
2029,DEAD KNIGHT
3044,JOE
3968,Minister
5776,XXX.
9669,修道不平安
11176,天上地下无双刀
14577,漉雪千山已过尽
6459,cube
5365,The Evening Star
12021,并非所有流浪者都迷失了自我
9865,再来一支丙泊酚
16076,能不能低调一点。
8954,不想写论文
18238,龟龟里藏着输入法
2034,DIAMOND
3389,Kuchiki Rukia
3685,Lucifer Morningstar
9614,你猜偶系谁
12048,幻秋
4183,Nichirin
3817,Magnet_October
16534,蔡长虞
3853,Marboon
13795,桑丘与风车
16879,超级kk
5780,XYXOVO
661,3151232909
9765,免失志
17467,阿明
17842,风见姬
10860,囧克丝
2119,Deer.sticker.Stalin
1773,CNTEARS
1402,Ardnassil
9531,何年
7647,qwsxdsq
18258,𝑪𝑷𝑶𝑲𝑬𝑹
8077,wangle
6685,forgiven
1662,Black Light
4665,Ricardo.M.Zhang
2067,Daniel
8705,一品布衣
13478,木木
14095,氼甾赣沈默
5556,VIXIX
2451,FLAME
6783,hanbakawaii
15509,秋原-斯卡里欠骰子王
15157,畅爽秘诀
6276,bianjianghentai
2858,Histone
14708,热茶要凉凉
442,21Pilots
18037,鱼熙熙熙
15110,甜牛奶
7283,lunhui
6625,evolon
8980,不知名士兵
12386,惨叫人
11766,小青年想环游世界
3055,JRanG
16154,艺术就是马枪怪
2375,Ester
5841,YINYAN银焱
3720,Lychnis
8842,三余
14215,沧离Null
4040,Mr.Catttttt丶
5921,Ymer
15228,白给奇侠逍遥生
3424,LAK
12932,方丈君
11005,夏风菩提
15262,百分之百伪黄金
7948,terlans
1022,940057579
8462,zls
15848,绫之介
17331,长丶离
8789,丁俊晖
1103,ADAWZH
8135,"witcher, sifu and ninja"
7358,messiah
1496,Avalon
10217,卑鄙多端的O
12709,打我的电脑自动下载原
16678,西瓜虫旋转空翻倒挂金钩
1929,Coisíní
405,2.5
13874,森阿森
7341,mata丶yu
16183,芙蓉王源
1050,9nauhu1l
15439,神和五律
7401,moly
14155,沈某人
3677,LpFly1ng >ᴗoಣ
3996,MokaMoka
16585,虾仁还要猪心?
7557,peizewoba
17628,雪菜
11854,山水客
16545,薇尔莉特·伊芙加登
12149,弦歌
8131,wingspiano
13335,暴龙战士
9780,全果的小杰
16721,調月 リオ
1485,AugoEidEs
16209,花崎千雪
16500,蒋梵
13976,正月初九
392,193李富贵starry
3012,Ivy
13985,步三生丶
8320,yh7
7728,saolei98
11018,多大的勇气
3419,L.L.
11947,布噜噜噜噜噜
8332,yizhang
5681,Weak阿卟
14315,活着就是为了春日野穹
16370,莫名其妙
3387,Kthree丶
17039,这谁顶的住啊
1636,Bicourse
5951,Yu_Duang
4291,Ohayama o.O
13049,无面人
17257,金正恩
12947,旋风小侠
30,-11
13444,朔月QWQ
13897,榴莲空想堂
17123,道爷我成了
1630,Bgmgm1
11159,大蓝猫
5709,Window brokers.jpg
10471,吉米仔
495,2410308147
12173,当归
7421,mr-hebuji
13015,无法显示此人
9482,会骑电动车的猫
5462,TraLaLeoTraLaLa
12618,我的名，你的命。
9509,似是流水
5625,WANGJIENIUBI
12264,忘却ikon
4973,Shaun
9041,世界第一可爱染
1049,9Tribez
6368,chayanne666
17109,逢场作戏
8442,zhi杯-
4205,Ninght breeze
147,1142014700
8625,その目、だれの目？
489,23岁，是社畜
8297,yangmiao
8608,〖MAC〗 98k
2313,Elaborate
5370,The fallen leaves tell a story
12974,无幻
3033,JINZHESKK
10257,博麗 靈夢
7282,lumos_
15011,玖樱呐呐呐
580,2788441782
9198,乖鱼鱼
4235,Normal
7304,lzd
2293,Echo
12315,思仁
15171,疏影beloved
5538,Unkindled
5964,Yukifix
15118,生姜烧肉
5094,Sola_Forever
9302,云雀恭弥
13221,是哪吒不是哪托
12957,无南超锐克之神
2356,Erebus
17260,金牛座上单
2320,Elizabeth
17078,追忆
13728,柚子LuoLing
4631,Redyan
15986,老炮儿
12148,弥芥
8448,zhuroulao123
10626,咩咩子老婆会梦到大爆桶G么
5527,Uluruluru
2912,Hyde
5015,ShuaiShuShu
5638,WHU几时被踢出九八五？
17754,面包侠
5016,ShuoYu
12120,式十
6860,hsy nb
13021,无相关—）
8459,zl0806
13736,柠沿月
13142,易大师
13283,普通的吃饭机
17569,隐约雷鸣
4335,P-563978
12375,情深不寿
12430,慈母守中线
9423,代号O-5
14011,残月十四
990,857341997
11968,希女王的音乐盒
15044,球球你们别打我头了
15180,疯癫的猫
5434,TohsakaRin天下第一
6260,bee
14141,污妖王X
3134,Jodio Joestar
16375,莫离
16553,薯片半价
5422,Tkoid
12105,开花
11612,小东北
6559,doublef
12649,我要玩明末渊虚之羽
15915,罹小白
14333,流梦丶曦
8230,xiaoguoer
12657,我起了 你呢
16271,苍邪
17100,逐星者
12179,形式主义怪兽
7938,tanhua233
989,8552564
12079,应许人间共白头
12308,怒刀黄虎大西王张献忠
466,2302956472
11481,宇落星沉
8091,wbldyy~
18015,魔法少女雾枝
12697,打不坏的球
11609,小七
8114,who is your daddy
18005,魔法偶像富田炭
14973,王力口乐
2088,DarkestSky
1871,Chickenboy
9411,他叫伍蚊
18162,黑手
6395,chixiangxiang7
6122,aajjyys123
16145,良有三
7036,kenishere
15562,稚犬秋田
17204,酸菜鱼
2822,HearyVarro
9393,今天又没睡醒
18021,魔神小凡
12888,数学竹原
4453,PonSN@3217
12949,无上剑尊
339,172837
14967,王二虎
8965,不是什么天使
3972,Mio！Mio！
7610,puppylove
16294,苏醒的nlnm
17124,道痴
15882,编号ZERO
4821,STAR
857,58052355@0426
15786,红鱼1177
3754,MDR
9360,人生百年吾道不孤
8855,三年两语
16808,豹纹永琪
10564,呆呆
12232,御斩风华
4315,Optims-Stark
13816,梅悠悠
1634,Biaoji Soup
10281,危危大可爱
11067,夜雨喧嚣
8605,【       】
13200,春天的秋菜
2686,Godkiller
6445,crate9
14633,灯火阑珊
7735,sb虎仔
113,1063616839
4055,Mr.water
10622,咘想吃柚子
7907,super girl
4751,S1mple
11030,夜兮
110,1058512885
10732,啊~是关中王来了
12404,想要约会奇诺比可小姐
14691,烤鱼丸
11165,大风起兮
1459,Assassin_YJ
12541,我才是老王啊
3011,Ivanka
10498,吐魂ing
6971,jink_
12749,抢你三级头
8679,一亿光年
5611,Volibear
15326,真@切格瓦拉
6028,Zed and Ryze
10759,喜欢但不说
7237,lmiku
10949,墨涅
1755,CFMY5725
7717,sakana
9349,人民币
2147,DevilTrigger
122,1091326084
13732,柠檬汽水
13213,昨天网恋钱被骗
17943,马豆豆传说
12043,幻想鄉最強伝説と絕兇の巫女!博麗靈一郎です
7058,kite
893,694864917
1093,ABIN_1999
3443,LINKS
14929,猫猫虫
1326,Ameng
15629,符生丶
9068,东莞仔
9776,入侵的烟斗猫
7059,kitikiti
13206,春秋
2488,Fear the old blood
11291,奈緒さま
9101,中分头与背带裤
2444,FENG
9445,仿生浪人会梦到电子艺妓吗
12432,慎生生
15627,笛在明月楼
4695,Roccooc
4276,OMO
1872,Chie
12124,弟弟君
5122,Soyorin
16603,蜗蜗牛
12737,折华
16326,茗
15127,甲乙丙丁的路人A
13921,橘-孜
9928,冷烟
533,2575005133
14021,殺手丶欧阳盆栽
11580,寒鸦夜啼
6280,bigone
14415,涛涛天才123
13381,月下叶
3383,Kristen
12380,惊雷AAA
15290,皮卡大将
12631,我真的很努力瞄准了
5848,YM
1955,Courier lin
10737,啊啊啊阿天
13572,李白给
1038,972775052
13039,无话可说
17763,靴子里有蛇
4217,Nobody
746,371569872
8455,zjcvvs
6080,[BS]Liskarm
7820,sleepFirst
3747,MAPLE
10600,和其正
10385,叫我基佬雨
7133,laowangbobo
10306,叁叁
6156,alan
16344,荒
17152,那日的笑容摇曳于灯下
18007,魔法少女Aniki
16285,苏梓
249,1374281980
773,42924661
8784,一骑红尘妃子笑
865,619356519
16323,茉茉·贝莉雅·戴比路克
13004,无敌最俊朗
14185,沙福林
4415,Peter
7394,mobius
6049,Zgcccshei
12866,放水之神
6788,hanhanxiexie
12561,我是大名鼎鼎的V不会v你50只会KFC代吃
16866,起灵哥哥
10534,吮指原味鸡
11269,头
5975,Yuuka
8495,zyk521wjb
11624,小元12138
872,626545718
5154,Star¬ young
8611,あまてらす
11047,夜泽Yz
14873,狐狸耳朵
11023,多看一眼就爆炸
6882,huntmadown
13038,无论黑与白
11788,少年听雨歌楼上
8876,上分
11120,大旭
18180,黑皮怪
5822,X凶猛的柳小鸡j
15130,甲虫装机——佐特
7276,ludwing
5993,ZERO
3862,Mark
242,1363004283
5374,TheMiata丨Bo
8816,万事皆休
8012,ucares
7593,power
11925,巨斧老先生
915,754102366
6148,ajie
6490,darkwolf
7122,lampyridea
4839,SYS
5999,ZH_ANG
10426,史大彪
2733,H.
549,2668712988
6503,dd2bz
7169,lgsram
221,1299462671
17841,风襟
13620,杰克刀
15282,皇甫橘子
15361,睡鲨
15967,老头乐
12972,无常状态
4956,Shadow Milk Incense Knife
14479,清爽无异味
17513,陈三金
15822,绗缝机123456
7492,noobplayer
10283,卵卵表哥
15639,第七十三位信徒
12127,张三
17296,铭哥哥
6956,jennefier404
5148,Star-Banishment
4933,Selene-Zsy
7697,rudy822
8690,一只X瓜
2771,HOT
11302,套个橡皮筋骗她是超薄
6234,bAssyao
15136,电子宠物——马兆
7695,ruaruarua
17183,郭郭不背锅
6835,hippo hippo
10713,唐马德cc
7796,siligia2010
11478,宇智波带土【漂泊浪客
9267,二郎显圣真君杨戬
7978,tonggoushijie
11907,州爷
12852,撑撑爱睡懒觉
18059,鲨了我叭
1280,Alexand
14063,水果佬姥
1208,Adrian
15909,罗小黑
11749,小超哥
9962,凝噎
15108,甜梦沉沉
9004,不要贪刀
499,2421475968
11400,姬子曦
3003,Island
7751,sendtogether
14142,汤姆
7479,niuage
13693,枫子一个
851,568482111
10725,商清逸
17557,随缘三分大师
5636,WHAT?
15289,皮卡冰没有丘
2350,Enzo
5934,Yoooo
15089,瑠衣天下第一
17530,陈英俊
13733,柠檬玥
7906,sunty2017
12524,我家里的小短腿
10215,华莱士员工蔡徐坤
17839,风落
8884,上心
6203,ash
2521,Five Dinner
3265,Kana
7366,mico
605,29
15965,老大想你了喵~
9974,凤九歌
1794,CacG
14100,求求你放过我
16188,芜湖第一金牌讲师
8355,yourena
11264,失忆兔
11231,天空无我
5832,YAN
1193,AcShiu
6282,billynap
17922,香蕉猫老先生
15022,玩始天尊
14251,泡泡茶壶♨
6384,chichi905907
9050,业琊
3540,Leeb.
16788,谜
10092,劳拉克劳馥
11390,姚无邪
12902,文豪大大
17311,锅盖头教主
1062,=w=
180,122067463
17343,长弓
7962,thisscrystal
10399,可乐帮主
10972,壶卢子
7029,keaiqiongyu
2712,Groot
11718,小石头
13731,柠Mc c c c c c c
11204,天天硬邦邦
10846,回头
16222,花枝丸
17823,风姿君
15506,秋乌Akitori
9195,乔尼纳币鞅
13534,机械降神
14351,浅溪箬魚
17237,野心勃勃特工嘤
6740,glnszz
5915,Yigexiaofashi
4860,Sakura
15704,糖水西红寺
7056,kirito
16880,超级十七号
14788,爱新觉罗豪格
7791,shouxinlin
8827,万穗爷万穗
2864,HodEe
6965,jieranzi
8676,一个微笑掩盖千般不舍
16181,芙头帮芙芙
15535,科一考十次
15902,网瘾虎鲸Skadi
8079,wangpeixueshark
5288,TOMOYO
1510,Aya
3705,Lunatic
8547,‘别再跟我说细节了’
3663,Lotus_Bob
786,451341872
16858,走楼梯的小玉
13923,橘子
14370,浮灯孤影
12531,我已经凉了
3466,LT
5612,Vowed
317,1613949188
9239,了解一下
945,769471208
8700,一叶方知秋易寒
10308,参宿⑦
14670,炯哥
16748,话橙v
14550,湫兮如风
8670,一
8674,一个个体
7614,px
9576,你咋知道我姓邵
18085,鸢尾花IRIS
3215,KENISH
13517,朱棣
1389,Aquarius
9268,二锅头男孩
14656,炊鸡毛
11405,娜哈特小姐的箱子
947,772011224
14562,溺水的鱼
12797,指鹿人
9066,东泊冥翰sbr
11295,奉眠AS
1080,A6ex
10458,吃脑补个核桃
13484,木湾芷月
15318,看不惯25
3417,L-icet
268,1439620972
18275,𝓼𝓲𝓇𝓫𝓶𝔂𝓪
4676,Right·Ann
10397,可乐加冰
6187,anyu1024
2063,Dan
9697,健胃消食片
18118,麦田里的小王子
13388,月亮与九磅十五便土
17098,透明人
8057,vv369
2819,He_Zhi
2449,FK the theif
9253,二手的
2274,EMO战神栗子鸽
12301,怀沙2049
15618,笑尔不与CarzyGg
14555,溜了溜了
2599,GGBond
571,2753024388
8481,zs当时已惘然
11104,大头
2922,I GOT SMOKE
1875,Chihiro
15631,笨蛋
7915,sustainable
11975,帕拉丁
534,2576817868
6275,biG_T
14643,灰色与青
3308,Kelpie
16781,诺诺的小鱼干
11825,尼别虾头
16367,莉赛特かわいい！
11537,害怕肘击
9884,冬天哈哈
3742,MADAObai
2425,Ezland&Tutelins
13636,松明听风雨
7679,rmdxm
13866,棋星高照
4746,S.TENG
18137,黄泉河里洗白白
6193,aqwsd
1580,BZZM
1324,Amazing-vc
10647,哀求O.o
14256,波德莱尔的猫
17104,通宵虫
13222,是子川哒.
17809,风中旅者
7718,sakura
12675,战国小医仙
5876,YaL_nMcb
7211,little bee
153,1147009298
16197,芥子
615,295771885
9881,冥镜羽涟
12322,性感腿毛鸭太公
6773,haha4369
15,(R_A)
7549,panyang
2173,Dish Dog
929,76561198445769240
1919,Cloud
17585,離婚
3371,Koko
8968,不是我要玩额
17112,逸砚
13462,朝闻道
13778,格里菲斯
15544,科难
5569,Vanilla Pudding
1312,Always
17717,青禾先生
17600,雨的印记
8376,yueying
12968,无声
16264,苍grit
10316,友人A
10584,周日的威尼斯总督
3622,Lira
14552,源
2252,D。
12241,德元牛肉面
16930,路过心上
10752,喜乐
11618,小仓鼠吃花
977,841351092
4346,PGS WataRiN
11389,姚可可
13606,来！偷袭！
9070,东边那个00水
155,1152557380
5584,Victor_Gopher
9937,凉了呀兄弟
9579,你在野区采灵芝？
17468,阿木木
12705,打完这把工地搬砖
631,300斤的胖子
11345,好名都让狗起了
988,854223552
6806,hdlzll
4908,Sayaddina
11493,安子安子铭
15539,科比·布莱恩特
2022,DCL
5472,Trigger-one
14756,爆爆BooM
13482,木水
4559,RIN
10885,土豆土豆！我是洋芋
318,1621746142
13841,梦无期
16015,耗子
6140,ai.lugle
5312,TaipeiChiangnan
9687,偏差认知开多了导致的
4920,SdokooI
896,6把0分真比世界冠军难吧
7617,q.q2q3q4
17534,陌上白衣客
17840,风落晚啼
3513,LanzaroteZhang
14834,牛肉冰激凌
17385,闲置型Hypo
17224,里奥不是吆西
17077,迷路的麋鹿
18040,鱼苗
2420,Exusiai
9493,传说中的卷毛肥肥
1398,Archer
3793,MZhhh0128
1026,945377365
8289,y8272
10995,夏桀
3911,Meliodas.
12603,我没医保先拉我o
15684,粥无细盐
5631,WEN
987,852160017
10302,去码头整点薯条
11438,孤枪独行
6868,huangxc1997
13591,来世
16519,蓝白胖次欧根酱
5156,Stay on Monday
13227,是尼玛死了盗劳资号？
4016,Moon⁷
14069,水瓶座天才
8394,yxd
14845,牧Muuu
3364,Knight
9218,九鹿尘
10405,可口可乐
611,2930447712
15091,璃圣
1092,ABCD
4767,SE2Li
17139,那一天的小祥软糯起来
8837,三上木香奈
4788,SIMOUL
10173,千叶の堕天圣黑猫
5182,Sub_Ling
14160,沉眠猫猫虫
15838,绝世好臀
3878,Matchmaker for little Girls
9774,兜头给他一拳
10897,在下独爱蒜蓉
8932,不吃酸甜辣
13845,梦的彼岸
3385,Kryo
17934,马枪手小小怪
11278,夺命拍拍熊
17058,迦勒底人形魅魔
12741,折翼之舞
2275,EMPIRE Death Vader
12214,很闲很咸的鱼
18140,黄维维鸭
7198,lincheng
1394,Arc
13072,早睡早起
13758,树里妖
5301,TTrise
10709,唐太宗李世民
2596,GB'Father
16636,袁空
5524,Ultimate Kuuga
10423,可达可达
12437,慕白藏
6405,ciallo～(∠・ω< )⌒★
13738,查文斌
12418,愚非鱼
13937,橙橙
7729,saoplayer
17181,郭日天
400,1i1Ran
4720,Ruin
12523,我家的猫会后空翻
589,2824547631
15651,等雪来
15935,羽玄
8852,三天打鱼两天晒网
15299,盗号你妈死了โจรส
9571,你又把爷打哭啦
3035,JISOO
12128,张云霞诊所
4771,SGR
9501,伯乐看到都说好马
2467,Faith
11821,就这？
8065,waaagh
9700,偶紧要
16460,落下
15260,白龙
5025,Silent
17246,金刚
17471,阿梓从小就很畜生
6411,cla
15319,看不懂，过
590,2829107943
8298,yangwr2012
17267,鑫德瑞拉
10690,哦耶
13647,极巨化树果爱好者
4692,RoNin^^
4555,RHXXT
7903,sunnybang
6131,adam-zjd
4840,SaKuLa
14182,沙优sayu
17915,香港教材英文
16476,落雨
1370,Ao1
16434,萌萌朝圣去
15868,绵羊
13673,果咔咔
15753,繁星流动
16756,语伦绝
2639,Ganzo
2811,Harry
14234,泅苏
8619,こめいじ 昊
11888,岳声
10994,夏树嘴里有烟味
11565,寒枝不栖
8149,wobozihenchang
10158,十八罗汉大肆喜杠开
16661,西二不痴
9557,你个小欻欻
9045,世阿弥
206,1262131799
18249,（ovo）
673,3198774542
4215,No_Trace
1535,B1g大魔王
13593,来呀，快活呀
6387,chill why did
13994,武田信玄
1812,CaramelAppleeee
4562,ROBOTECH
6346,cayman
12216,徐徐zzJJ
3132,JoAoVo
7775,shenya404
12909,斧护符
3500,Lady Maria of Astral Clocktower
1046,997906762
9459,伊芙尔·晨曦
412,203952340
11508,宋耿林的义父
1974,CryIngInu
5070,SmallCarrot
13901,模型分析
15072,琳琅-浪
14692,烤鸡要没咯
6666,ferry
6699,funnyJack
12593,我殺盡你們呀！！！
808,495677202
6763,guliguli
3461,LPGWZ
14000,死磕
12044,幻星
12130,张大鹏
15092,璃神
6179,anidea
17525,陈欣欣
8211,x21
6766,guojiashuiwuzongju
8724,一整天都美滋滋的
7422,mr.R
16066,胡
11735,小能
3560,Leon
13350,曼波曼波哦嘛叽哩曼波
13266,晚起第一名
1187,Abi
1255,Akina
5418,Tiuetde
289,1534734829
15057,理塘最強伝說と絕兇猛虎！純真丁一郎參上！
2506,Filianore
16576,虫棍扑街仔爱喝NK咖啡
2404,Evil
243,1363453212
17579,雅丽洛6号博物馆经理
7932,szxcvcv
9598,你怎么那么秀
4143,Nakano Miku
15670,米色淡蓝
8781,一颗花生米
13854,梦鸡的泪巴
550,2669655265
7625,qiangbo
9739,先唐后宋
7779,shi6592531
6785,hanccess
1747,CATno
2585,F°
903,723606205
4944,Seroc
6765,gumi
17617,雪月
16376,莫离さま
6266,benjoe008
3477,LXXX
165,1182594971
13279,普普通通的魔法使
7812,skkhui
11792,少年莫逸痕
14305,洞明
7352,melo
17575,隼夜
3929,Metalcat
8265,xuhaixiaol
15847,绪川野
15842,绝望的机长
14080,氵林
3442,LINBEI
17549,陪凯尔希度过漫长岁月
15846,绣春风
12104,开膛手三角初华
7110,l<U
6103,a1547450303
15302,盗号狗sm
11522,宝宝巴士
9376,人间蜉蝣客
4617,Re_i
4828,SUN YUN
11422,孔乙乙
15903,网络巨人
6311,booyood
16131,舒勒吉
13931,橙子可乐
1413,Arno
6507,dddsddd
15029,玩物壮志
14086,永恒的灾厄
2138,Destin
16657,褪色
10522,君莫笑
16564,虎先锋的盘中餐
11616,小二十三
18169,黑橘子：水豚
2873,Hommoll
8451,zima_blue
8901,下等马给我田忌吧
2316,Elegy
13774,格斗少女蒂法
3327,Kiki
3718,Lvkas
9456,伊斯
12936,方方土啊
8280,xy668
13528,机~动~飞~爪~
4196,NightmareAzure
4054,Mr.peony
16474,落花刻木为兰
16163,艾特你一下
11274,头猫69
329,1664009504
12184,彧夜大大
17178,郭哥骑我的车
5641,WIFI Baby
15806,纸飞机
313,1601680768
1648,Bigbomb
14658,炎之有理
8507,zzq
3225,KIRISAME
4397,Pcrushy
3998,MoluoX
12942,旅行走失的猫。
14914,猪油小生
14846,牧之先生
7450,natsukawa
3633,LllllllQ666
13468,木叶缤纷
5484,Tsubaki
16078,能力越小，责任越小
10528,听海
11703,小狐狸同学
17505,阿鲁巴
15802,纵横家与游侠
16884,超级小桃
873,626601336
23,*大师
17196,酥皮儿
16685,西西西西西西泽玛
8820,万叶
1305,Alone丿証
5074,SmilyTeresa
6829,hibonn
14540,游疆
16241,花花
16628,血桜
17463,阿拉丁
8058,vvu
12827,提三斤不累
11151,大肚皮
7753,serendipity
799,473965970
5931,Yolo
10292,厚礼谢
17601,雨若倾城夏微凉
3348,Kironos
12768,拉提
16110,自定义旋律~
11661,小小菜逼
2883,Houner
7653,rama_wang
10270,卡比巴拉的莉莉安
6159,allwitness-
1833,Centaurea_
6974,jinye
7449,natsu aoi
397,1DaY
9592,你弟也
14629,灭世大魔王
538,2606247628
1185,Abe strat
6558,doragon
348,1764823185
11733,小胖墩TZ
14218,沭沭啊
4303,Olymn
1528,Azure
14939,猿神启动
8096,weainiza
7514,of course
3767,MK2
5,#include<stdio.h>
10460,吃蛋炒饭吗
18099,鸽子盐加倍
10590,呱太
13622,杰挞挞
14213,沧海玄月
2843,Heyoo
3379,Kr
3532,Lbb8305
11136,大海豚不吃鱼
18253,"？！@#￥%……&*《+。;:\|'""{-)"
10318,友情至上-恋爱未满
1040,974453324
7427,mumao
4972,Sharky
930,76561198810225211
12563,我是奶龙
7382,misaka mikoto
16832,贰月
8719,一拳打s你妈
6695,fsakanaf
10260,卡
17407,阳光好温暖
522,253494360
10205,半步斗帝
5978,YuzH1
17298,铭花
12744,抛瓦人
1654,BillyBin
16736,讲话负责任
1102,ADADADADA
9086,严霜结庭兰
7652,rainsilence
9338,人世之饿.刻俄柏
17090,逆乱灬王侯
2071,Dapao
13324,暴打飞飞头
1079,A11kki
9303,云雾见晓
16609,蜡笔小没良心
12408,想飞飞
53,/// 超级地球真理部 ///
15476,神風風風
3877,Matamatara
2623,GT
11696,小河长江流
1534,A柒月
15957,老人卡
4748,S01er
7181,lian▪krystic
6541,different thing
3936,MiSide
15144,电牛只
18019,魔王
16690,西門大棺材
6335,cannotattack
17837,风花雪月
10728,商鞅知马力比干见人心
3763,MISORA
11318,女术士打桩机
17631,雪落无眠雨葬花
13944,欢愉
17675,霉凉星
2996,Iris
6831,hideeeeee
10198,半夜打浪港
17095,逆转の汀~异议
5158,Stefano
11804,尘羽枫
12903,文质彬彬的大锤
14433,深夜诗人
15707,糸
11510,宏戊神骏裕元性
9012,不许欺负小羊
10491,后现代前列腺
7062,kjoid
11311,奥尔良烤雷
3288,Kassy
6484,danshafaker
16631,衢也
2879,Horizon
1975,Crying-C
9418,仙交大附属幼儿园第一Carry
6792,haojilk
9977,凪
10421,可爱的憨批
4278,OP™
6703,future
17948,马鹿
16511,蓝关雪
10434,叶子家保姆
6576,dubijohn
17618,雪月花
14048,民末：飞夺卢沟桥
13649,极速回璇
1801,Camellya
7853,sparkel
10208,半自动草丛
11658,小小木偶
14377,海威
17220,醉雨话禅
3261,Kalya1106
17042,这货太懒没起名字
14406,涂山之恋
6786,handsome pig
4869,SalieriQAQ
9174,之祠
7024,katsuraDa——
6566,dramer_stc
11382,妮妮又胖啦V
3290,Katyusha。
17486,阿米娅
8154,woshigcjo
7934,tamago
15420,祈越今朝越
18196,默闻
7324,makipoi
10889,土豆泥
5423,Tlink
15985,老清新666
9561,你什么时候练！
10450,吃柠檬
9809,公瑾
8532,π
8112,white
15740,累累的
17551,陶可达
4656,Rex-nzk
9972,凡泰缇
13544,杀猪饲料77
3923,Mercy
17517,陈同学
16487,葬十
9657,俗世奇人
17084,退役熬夜选手
13091,时间魔方
3408,Kyouma
14822,牛B炒饭
3945,Mickey 18
13460,朝烟啊
5604,Vitta Alan
8381,yuki_rya
12177,彡ωミ
969,81459948
15591,穿天大圣
2366,ErikaQAQ
931,76561198815822763
17236,野兽先辈
13475,木子千山
1468,Astral.
3547,LeiLei
15274,皆有可能
16775,请问
12809,捡垃圾大王
14174,沐屿丷
11678,小昊昊的奇妙人生
848,565174697
17170,邻家樱花庄
16653,裂空的访问者
5347,Tenero
14676,烂玩家
6370,chen1coco
3095,Jefuty
14665,炙晨
8045,violet
12342,恒星级思维控制放大器
3820,Mahiru
17439,阿咩
4348,PHYA
10408,可地晃荡的魂
5623,WAIT!WHAT?
6186,any1eeE
12654,我话我
970,819525793
4066,Mr_passio
9168,久雨未晴
2424,Ezio
12324,性格有点恶劣
391,1932506953
14452,混元形意太极门掌门人
8315,yexi
18163,黑撒
11559,寒以澈
17954,骆马
7917,suzhoufreeman
15866,维尔汀
3092,Jee
16433,萌萌哒的鸡蛋饼丶
15084,瑞克领选帝侯
894,695047442
5076,SnF1ldkkk
7967,tianhai
543,2644025688
13078,旭半仙
2012,DAICC
2466,Fabric21
3487,LYS
17985,高长恭
15761,红叶
17911,首席老司机
11043,夜月未央
16269,苍月之皎
6224,aye
8830,万花谷之光紫云阁
5809,Xskdlt3
3374,Kongbai_X
4618,Rea2Gang
352,1768022638
4489,Q1ngYyu
17821,风啊风啊风
11507,安魏北
11138,大灰灰💋
13327,暴走的虚拟
15887,缘来缘去终会散
2049,DW
1724,Burning
1366,Antonio
18049,鱼鱼
18104,鸿尘
15540,科比布莱恩特
4026,Mosasaurus
1122,AKA  莫主厨厨
5458,Touge
10212,华九昭
13214,昭昭大朋友ovo
10432,叶君炀
6623,et08042
13223,是小5啊
11183,天下行走
17745,静默的喧嚣
12206,往上数第三
6900,iew嵬衣
17005,过来老子给你上勾拳
17518,陈奕迅
14293,洛伦佐
14194,没戏了阿
285,1514993403
7719,salala
9052,丛林里的tim
2238,Dude
13755,树叶摸摸摸
14203,没有逻辑的罗辑
18184,黑羽光影D
15530,秋落轻世
7159,lemons
13549,李dark方
11465,宇宙33
12814,捩
6481,dalao_prime
9911,冰雪星河
8790,丁白九十
1042,977918331
11332,她的亚兰
10917,坏脾气
9344,人家可是邪神呀
15626,笔墨已凉
12221,得想个法子去空投整点薯条
2161,Ding
35,-GAGAGO-
16355,荡父
13972,正在吃史的字母
3169,July
6394,chisenhao
11065,夜雨凛风
7476,nimabisi
11230,天空中的纸
4994,ShiningLS
13113,明天就放假
816,4th
12204,彼岸归航pToTq
4410,Permanent
8951,不开点东西不会玩?
13850,梦见小鸟
8701,一叶秋天
17952,驼驼驼羊
5562,Vain政
260,1417398214·
15478,神鹰黑手哥
11871,岁岁平安
14457,混沌武圣
9209,九尾大狐狸
13712,柒丶丨酒
10461,吃醋小菠萝
17914,香气少女
145,1140545951
15385,破折号
9152,丿阳光下
6637,faker
15831,给你颗糖果c
6090,[霍格沃兹] 尐铭铭
1001,88888888
8054,vonderhaar
12600,我永远喜欢清姬
3873,Master
131,1111
16179,芍药
17213,醉挽清风
1847,Charge blade
10574,呜呜呜
10815,嘻嘻我一定要活下去
14207,没课电工佬
3640,Lockheart
12047,幻游鱼
337,1722380268
13913,樱米007
16020,耶梦加得
452,2233139365
13366,最喜欢大兔兔了
7480,nixiaoxiong
208,1264592445
16242,花花紫花花
5504,Txwgcsl
578,2778198290
15784,红领巾六道杠
792,465307276
1146,ANAN123456
2243,Dunn_Colin
2950,IRony
96,1019632618
17851,风间琉璃
15744,絆
17460,阿彦
635,3033837291
3789,MUYI
10585,周玛西
14091,永远纪念青锁龙森蚺
12302,怂大胆辣条哥
7681,robcop
15826,绘风
16306,苦舟
4576,Ra1N:Day
58,0.9%氯化钠注射液
8437,zhentan_
18203,鼠鼠鸭
4775,SHENG
15435,神兵小将！！南宫问雅！！
10904,在悟
15725,紫云英
13402,月照孤城锁轻梦
14171,沐丶丿晴
14473,清水百羽
14549,湛灵
1222,AhA
3494,La dernière personne
12490,我今年二百七十岁
11095,大哥大嫂过年好！
15156,画个花胳膊
2754,HHruarua
9389,今天不偷懒ovo
5317,TakanashiRikka
14985,王小明
12146,张道一
11791,少年永不逊色
7344,mayaojun
4279,ORI
14515,温山
5749,X.
3569,Lesl1e
13090,时长两年半的练习生
1415,Around Caliburn
13886,楚笙寒
2354,Equationvs
15713,素寒
13008,无敌风火轮
403,1uc1cy
602,2896726718
4431,Ping
13560,李家世公子
12032,幻、释
12950,无上至尊kxy
9224,书火于天
415,2051178500
1044,980486893
14862,狂三三
1671,Blackballoon
15837,绝世大坑比
11842,屑白菜
983,847675560
10937,基利曼冲击灵族网道
16316,苹果不理梨
13540,杀戮
14436,深情老爹
15675,粉色debu猫
11385,姐姐糖尿我蛀牙
3712,LuvZzsn
2381,Eternalgg
344,1749751284
15551,积木林
15121,生闷气高手
10320,双刀旅xvdn
273,1453025194
8107,wgy
6739,gleameyes
13567,李柿子
2112,DebinStabin
11896,崔斯坦
16605,蜘蛛山中凶拔夜伏
15731,紫电
10768,喜欢默默的闹闹
17426,阿九
10485,名字真难取啊
11693,小永歌
510,2477393034
16803,豆腐不管用
355,17749861
5138,Squ1rtle
9386,今夜不雨
16629,行走
10520,君莫叫
16096,脱氧
12087,廠長是你哥
6213,atians
9256,二次元の夏
888,670434239
9837,关于你的时光
13916,樱花乱舞
17919,香菜黄焖鸡20元抑郁阿门
7981,tonyispowerful
9841,关才本
4554,RFTTWO
314,1607688151
6003,ZOOM.L
10763,喜欢吃硬糖
11873,岁月
1388,AquaDTR
9439,任哼哼
12217,徐无鬼
17957,骑着夕阳看猪
4580,Rabbit
2002,D Trigger
15396,碎石
3360,Kizunaliterature
17828,风海千湾
7558,penshlsd
4673,Rick 666
167,1184470957
7355,memeke
5793,Xiaorourou
10947,墨无名
1514,Ayanami
15533,秋风起
11545,寂夜之星
7577,plain
10321,双叶幼稚园野原新之助
7208,lis
12833,搁这搁这呢
3654,LooTps
7260,love纠结的杰嘻~
16302,若葉睦
9788,八千代
16967,软糯小祥
15554,稀碎了能救吗
8136,wixp
10587,周菲戈
796,47175186
864,614251245
16036,肉红的小蘑菇
6116,aaa18942489081
2200,DouRlas
12566,我是憨憨
15769,红烧林喵
4447,Pluto Raven
1059,= ω =
13088,时知殇
2684,God
3787,MUSEUZH
8885,上望
5489,Ttdb
2241,Dumbo_LZ
10802,嘉心糖屁用没有捏
9679,倾若悠
17391,闻人鲨
1712,Bronya Zaychik
13825,梅邨
10150,十七
7050,kingfish
845,556
15337,真白她是梦
13899,樂123
13633,松
2268,EKKO
10806,嘘月
10877,圆鲨鲨
7488,nono
7743,seawind
6220,awsl
12464,我TM裂开
5849,YOKKI
1297,Allen
10240,南忘、
15920,美丽新世界
1435,AsTheDust
15101,瓦西里不是普希金
6852,hope to be happy
11964,师哥来也
7249,loner_1314
7377,miniwuzi
5072,SmellofShoots
17991,鬼知道该干嘛
15494,离孤月
9577,你在不上天
14564,滇滇
3243,KT
14127,江木
11333,她的袜子，我的杯子
5028,SilverAsh
2720,Gui
15828,给你一刀开开眼
16062,胖虎
16765,说到底不就是白给呗
9449,企鹅单推人
15017,玥伶
13136,明精探肛男
6733,ghostenvoy
9003,不要说话
15797,纯粹骨钉
1082,AA72
17786,顿悟员
14501,渊影之剑
6812,heeme
3177,Jupiter
5682,Weather Re-port
16805,豪 ! 猫！
150,1145946054
8588,✪ Shine4u.
16268,苍岚凌月
15170,當時我就念了两句诗
7362,miao
12018,年轻人
13309,暗白
16351,荒野彪客
7460,neltharion
1696,Bodenheimer
13016,无火的余烬
2158,DieLiszar
3109,JianRong
5630,WEMELIKE
8120,wie
5223,Supreme
4596,Ramesses  II
2988,Inori
946,77
4192,Night's Watch
468,2313986902
16088,脆啵啵
9645,使命必达先生
7360,mewmow
4674,Rico-
13229,是李轩辕
16398,菜就多练
16524,蓝贝壳
12679,战斗爽
8452,ziming
5405,TimGao-77
9398,"今晚八点,我在沙城等你"
16392,菊老王爆火上怕
16608,蜡烛猛击
13680,枝叶花实
7993,trokoo
2963,Icefrontstorm
12107,开除夹心粤利粤
15408,礼堂王Billy Craft
7926,symbian
16873,超元气美少女蔡徐坤
15334,真所罗门王
8200,wym98miracle
3459,LOONG
11334,她真的不一样
6762,gui鬼鬼君
11491,安央
7442,naa
7183,lichong0707
10939,堕天之翼
18067,鳌拜拜拜拜拜拜
3029,JIEKESILUOFAKE
16029,聦
8431,zhaoqiang15103
13145,昔。
10090,劫祸
6463,cws
10398,可乐多加冰
8882,上山打鼠
162,1173117103
5517,UNTITLED
12175,当时年少掷春光
4882,Sanguinius
12798,按时睡觉
6435,contrive
13219,是以载轩墨呀 go
5382,ThiefTori
16952,躺赢就对了
4265,O.V
5299,TTIX
13813,梅依阁诗人
2663,Gifts
18235,龙魂
5503,TwoBird
5428,ToKeT
12557,我是傻逼
17411,阳光彩虹小黑马
1164,ASDFGHJKL
11859,山海经sensei不会梦见体操妃咲
8104,weixian
6188,anyzing
9904,冰尘
7804,sirloin987
12325,怪侠一字梅
2132,Desmond_Li
15794,纯爱无敌暴龙战士
6834,hikari
4424,Piao.
1516,AyanamiCanon
11321,奶淇琳丶
7920,swimmingkaola
13748,柳贯一
6496,dawndwan
7752,sequence
6228,azys233
15538,科比.Helicopter.布莱恩特
399,1V1稳定打不过 江湖人称下等马
4589,Rainbow Five
2427,E丨PsyCongroo
6063,Zrayland
6155,alalagi
10933,城市
7649,rain all day
169,1192188097
3610,Ling
5043,Siris
3496,Lacrime
1659,Biollante
6724,general Kim Jong un
16493,葱游兵不是葱油饼
16916,跑的够快可以追上时间
12470,我不会刷
754,382777202
11198,天地本宽，而鄙者自隘
493,241006355
8718,一拳十瓦丸山彩
505,245807702
10779,喵奎斯
10243,南朝隔江犹唱陈叔宝
12570,我是糕手你是什么？
16978,轼文
883,6577928
554,2684095846
4958,ShadowRK
1127,AKKO
18123,麻辣小龙虾x
11476,宇智波佐助[须佐能乎]
7949,terriblefish
3650,Long
4442,PlasticLove
6143,aimmheart
3700,Luminousyore
5868,YXiu
11564,寒暄
168,1184717997
7745,secret base
7308,lzyhyx09
15952,翻斗花园第一牛子
5831,YANHE
2683,GoblinSlayer
17048,这颗柠檬有点酸
10617,咖啡
16993,边缘人
16649,裁判机器人蜻蜓队长前
6372,chendewei2401
14816,爺的奇妙之旅
5329,Tartarus
11967,希乐ChuanRua
16992,辰月二八
9143,为菈妮染上了疯狂
210,1281423499
16790,谢必安
8232,xiaojizainb
2896,Huenen
2392,Ev4_ZzzZzzz
17764,韦恩家的父情节
16192,芝士琴音
17089,逃跑第一名
4025,Mortis
18115,鹿鸟为侣
16749,诡丰
3525,LauKeungWah
10824,噜噜
4130,NONJNO
13318,暮春
17091,逆天
6823,heyichen
8570,○来你也*？
5689,Wellplay
8873,三金钙片
2820,HearGhostVerse
13817,梅普露
7666,rem
2507,FinAllyyy
11227,天瞳之刃
7528,opax
14097,求千
15377,石原里美的老公
8361,yryxlzy
4007,MonoFortune9
13696,枫枫和麦麦
8695,一只怪味鱼
3904,Megumine
8801,七只肥猫
569,2741493661
10869,图个锤子图
14416,涡涡涡~涡轮苏卡
16210,花开三千 与海同眠
15229,白给少年鸡哥
7368,mifengi
9220,习惯v
12111,异世の旅人
7296,lyblsj
7158,lemonXY
17322,锦
12662,我还以为减速带呢
5944,YouXin
13739,查无此人
5107,Sophrial
3805,Maerjns
13065,旧cc
4837,SWEET/I THOUGHTYOUWANTED TODANCE
10898,在下盯裆猫
2725,Gustab.M
3715,Lv infinity 石中叩焰
17598,雨灬霁
1056,<#8A2BE2>猪猪<#7FFF00>侠
14684,烟敛寒林
12512,我在雨里拉肖邦
15309,目标是奈落之底
2833,Hentaiです
544,2648934672zu
1555,BIT第一深情
15298,盒马生鲜说你菜到家了
4560,RIverWayne
15820,结弦华奏
10544,吸血鬼不吃辣
6355,celeer
7817,skyskyleo
7466,ngu.
9234,乱舞的旋律
16034,肉包分你一半
7570,pidianer
1431,Artur云轩
17759,面纱
6768,gwyndolin
3000,Iron Man
4326,Outsider
1371,AoLiAnFeI
15686,粽子少了
982,845593465
14209,没错我赚了
974,836369179
16233,花玖
11256,太阳必须在白天亮
17791,领域外的Ytc
14835,牛肉肠粉
11000,夏玻利利葡萄
6098,__proto__
13252,晋南唯一
4625,Rebecca
11093,大哥别杀我
3172,Jumping
12795,指尖流沙
9114,中级单料特工穿山乙
6585,dyj
12664,我释放哈基米
7977,tomfg889
5511,T茶茶茶茶
10757,喜多郁代   已黑化
7505,nyar
1738,B站公爵博雅
7436,mysql__
13508,末溪
15685,粪涌钱进
13230,是松鼠吗？
11314,奥空凛世
15619,笑山不入云
12680,战斗，爽！
17025,这个人很离谱
3781,MP-13
17265,錦木千束
1434,As
10475,吊龙233
10367,古龙岩锻造石
1111,AGUA
1181,AalaxyECON
14614,火炮儿
1410,Arkli
15491,福王朱常洵
15719,索miumiu
16126,致最爱你的泉奈
7127,landjack
1612,Beatrix Schwire
8008,tzh119900
3981,MisumiYuki
16562,虎先锋下酒菜
12359,悄咪咪
10780,喵年
11990,带带孩子组排吧
16764,说出我的名字
6344,carson
11375,妃咲 sunflower
9280,云开雾散
916,755968651
16701,要玉玉惹
15919,羊驼吼吼
10094,劳资蜀道山
13185,星空下的仰望人
17381,闯啊闯
16404,菜菜
17452,阿尔托莉雅·潘德拉贡
2758,HITO
9368,人菜瘾大
6005,ZOZ
5884,Yamero雨
7933,taffy！
17701,青山
12186,彩虹六号辣鸡游戏
12597,我永远喜欢小木曾雪菜
3061,Jackdaw
1138,ALLML
9633,你隔壁老赵
904,729675116
7660,reciddeur
90,100回嘔吐
3191,K-price
15792,纯欲母奶龙
7919,sweetytee
12050,幼刀客
9685,假苏
5388,Thorough
932,76561198849204094
14197,没有人比我更懂疾病
15256,白鸟坠密林
340,1730093491
3150,Jonda
6722,gauss
10845,四枼草
198,1251038885
14626,火鸡潜水艇
13997,歪歪
8322,yhhkk
1777,COLD SNOW
6518,deity
2728,Guxi
3246,KUNの🏀
7259,lovelyq
7600,ppt
12555,我是你爷爷
9197,乔碧萝殿下
11514,官人欲罢不能
11058,夜诺留光
5719,Witcher
8753,一盏流光醉芬芳
2513,Firefly
2552,Frank Jr. Jr.
3078,Jarrett
13425,有借有还山田凉
2886,Howar
11709,小猫乱跳
2786,Hachiman666
16714,言玉尧
525,2539428560
4031,Moyxi
8333,yizhikan
5275,THX
5543,Utopian
17608,雪丶我
10115,化真先生
12093,开坦克的贝塔
3762,MINGJY
12393,想叫妈妈？来瓦罗兰特找我吧
5214,SuperREI
10999,夏灵
12456,戏酒吟月
3173,Jun-Huaxi
7247,lonely player
12162,归去难
6249,bal橘络
10469,吉吉
17808,风世日下
6312,boy
4753,S4yid
17315,锈味血腥
14150,沃尔特
8961,不愿透露姓名的lw汀
9321,亚楠の外乡人
11780,小黑子(呕)
6721,gapsss2
11133,大梦
454,2251804793
2473,FanOotasy
12392,想去看星星
8953,不想丸辣
14639,灰太狼大王
9834,兰陵笑笑生
10327,反方向的钟
17965,骨水
2159,Diego
8592,❀ 打胶高手卡芙卡~❤
16072,胡桃的桃
2784,HaM5t3
17029,这我不能接受
16902,超能鹿战队
3776,MOMO
5863,YUJNZHX
1258,Akiyama Mio
16703,覆云
3284,Karthus
7253,longyitiao
5323,Taoistmoon
17970,高卧九重云
16317,苹果与你
7818,slauria
4260,Nyaruko
14714,無妄
10279,印度大母猪
9871,再追就不礼貌了
10472,吉良boki蒙娜丽莎
5482,TserJay
8904,下降凡尘
10473,吉良吉猫
6437,cooldeath
2517,Fish
5174,Stop
16635,袁哥帅呆了
326,16559595
2581,Fusture
14582,潇然子
9212,九涯
11387,姓唐名朝
3322,Kiana Kaslana
8246,xinshou
12220,徒劳的奋斗 晚期的癌
3141,John weak
16658,褪色的狗富贵
15151,电脑玩家牛魔
12073,庆忌ii
2866,HohenKaiser
4367,Paisley
6568,drifting
8270,xvOvx
13182,星瞳_Official
9410,他们都笑你，可你偏偏最好笑
17539,陌暮
7070,kl3300a
14329,流年小爱
5551,VENHANT
17024,这世界是神不在的东中
11953,布鲁蓝
9391,今天你以撒了吗
8681,一份色图
15764,红枣
875,627532879
14860,犹豫就会白给
8745,一水十音
2576,FullMooN
5968,Yumi_
15031,环 世 界 养 猪 王
13561,李小涛0v0
6615,endlessgame
16935,踏上取经路
11578,寒风农场偷鸡贼
17762,革命兔酱
16473,落羽至桥
5493,TuTuuuu
17651,雷
4393,Pax
4988,Shilda
2340,Ender2333
5728,WonYoung
6578,duya12345
5702,WhySoSerious
13333,暴风卷心菜
6462,cvcsvs
908,734810220
4843,Sadboisav3wr1D
1887,Chovy
15226,白给
8766,一般路过假面骑士
686,3286029015
11016,多多子
5886,Yan_yao
12551,我是东山啊
6323,bzzb
5024,Silas Greaves
16660,西-装-暴-徒
480,2366408856
1002,894067414
414,2050816519
13643,板砖BABABA
10273,卢来佛祖
12484,我也喜欢乡下的老鼠
13347,曹操握的笔
4234,Norixius
6647,fantastic little fish
639,3055832741
7147,lcmax
10813,嘶嘶
9111,中島由貴の文鳥
11381,妙脆角
18054,鲜有鱼
1441,Ashen One
2080,DarkNPC
14698,烬绯红
10294,原来持铳红色短发美少女天使的裤袜如此香甜
3444,LINNNN
156,1154055743
1148,ANGRYMAN 0_0
3846,MaoSanDu
3335,Kimmy23333
11895,崔嵬
13943,欢喜！
5946,Younger&Orange
4041,Mr.Dear
12569,我是笨蛋
5737,WuWu
14464,清华校友Ddy
254,1394822113
15213,白果庄园的昆特牌大师
9694,做游戏没钱鸟
11012,多兰古雷格的咸鱼
4011,Monster Hunter
7863,sqbb118
17597,雨润静何
13829,梦之
16459,落とし神
6058,Znf
13297,智高王
9677,倾听的晨雨
141,1130185807
17151,那怎么办嘛
4917,Scoming
18210,龍
12988,无所谓我会出手
933,76561198858630578
14225,河山铁剑
15482,祥哥啊
13947,欧东给
13009,无日无夜
2538,Forelsket
15924,美妆博主喵梦亲
224,1303285648
16288,苏煜mua
14619,火的影子
11342,好兄弟瞬间暴毙
4666,Ricardo_Aragorn
12233,御铭修
17226,重庆哈里发
14481,清矢
4859,Saku
11826,尼哥
461,2289159693
5385,ThomasCat
1515,Ayanami Rei
5340,Teddy
9226,书雪月韵茶香
9941,凉爽的夜晚
16494,葳蕤V-Ray
13433,有点意思啊
3832,Malfurion
14571,满穗
17602,雨萌
3681,Lucas_Lou
99,1028530254
11056,夜袭寡妇村
6062,ZoyE·S
11308,奥姑
17067,迷土或
14527,渲宝的任务罢了
13376,最终快乐
3788,MUYA_Aa
13961,欲醉弥浆
14850,牧濑红莉栖
17068,迷失
17290,铃柃泠炩坽
9574,你可夸我此人风流清旷
7187,life is Liverpool
16588,蚩九黎
9506,伴风摇曳
9896,冰兮萧寒
16544,薄语
15167,番茄的茄
2586,Fёh1er
11886,岢爱童话
3283,Karra
1224,Ahren
14881,狗蛋的爹
17697,青云挽月
15958,老人迦
277,1468184698
256,1396438387
3450,LKailen
5051,Skaters1
15579,穹镜
9981,凯凯王
13192,星野源
7913,surname
557,2698173932
12999,无敌小苟大王
7815,sky2
18161,黑心小妖精
15649,等我拉个电
1186,Abelard0B51
14709,热血焚鲜肉
14575,漂移大师
5535,Under the tree
4672,Rick
8737,一枚京灵
9964,几把
10036,利匹亚
18147,黎明前的光明
17163,邪灵
8350,youcatbing
9674,候利莱特•圣光公爵
9213,九舰提督雨宫莲
8253,xkn
16684,西西西
281,1494653214
12778,拝淚
14680,烛光
12316,思凡
6569,droth
16638,被咸鱼
124,1091592586
1932,Cola
13501,未若柳絮因风起
2435,FAFAFAFa
295,15639915902
1028,948415593
3889,May13E
14101,求而不得
10798,嗯
14634,灯灯睡不着
13959,欧鳇
6356,cell
10369,只fei一点点乄
852,568862854
5316,Takami Chika
6697,fujiajun19861111
4526,QuiteKing
5752,X1ANYUseless
4073,MuChen
15322,看情看清看轻
11604,小Yu
13301,暗夜幽靈12138
7112,labour16888
388,1914332524
14053,水上由歧
15235,白羽的祈愿
10548,吹水
13294,智叒
7379,miracle
4099,Mywing
6038,Zephyer614
5401,Tiga
8491,zxr12546211
8139,wjy
11631,小叮当做事小叮当
14486,清袖
6419,clown
10934,城闲
7349,me19700320
11598,将我的繁文缛节，弃置于此
17359,长白山眷恋
12819,掉色人
3087,JeRiCat
11536,宰猪
16186,芜湖呼呼呼
18297,🔞 北冰洋易燃易爆 ²⁰
3193,K.小白
565,2732094232
3772,MMMMMMM木头
5209,SuperChickenNoodle
17456,阿巴巴阿巴
9301,云际の波
13490,未曾设想的马枪
14751,熵
13609,杨戬
382,18785262336
4537,R1ven丶
4849,Saikasum
11102,大大棉花泡泡糖
9696,健
3220,KILLER ZERO ZERO SEVEN
398,1Mxyz
14470,清欢
1996,Czing
205,1260560418
5001,Shinyo
7974,tklxhxh
10436,叶泽宁
5018,Shylock
2589,G--ZZY
8746,一浪
17649,零零星星的梦
11727,小米锅巴
4070,Msg0818
10662,哈萨维·诺亚
8034,vamdelain
3520,Last
12690,手残不手贱
8147,wmx134016
4188,Nienya
4320,Origin
7315,machine
11863,山药丸
15581,空の境界の彼方
6068,Zy.
14723,無雲
10170,十面矛盾
8704,一名普通的苏军医疗兵
5539,Unlucky Chloe
9701,偷、真心
16251,花间提壶
15732,紫竹阁主
9830,兰亭无序lc
7856,special
2084,DarkWesley
6290,black_cat_scorpion
12975,无影冰星
850,568320791
3729,Lzh
9529,何处不夜待明月
8590,✿ (¯`•._.• •._.•´¯)
9248,二哈不犯二
15020,玩匪救不了中国人
9014,不轻吕
14627,灬军
8845,三千世界
2870,Holo
2553,Frank!
11021,多拉姆坎琼斯
5563,ValenciaFly
10430,叶不羞
17165,邬某人
9513,但丁
7582,plj君墨
7517,okhezi000
17423,阿~一呆一呆
12507,我和小猫不出门
8067,wait
12666,我阳了小心赛博传染
9275,云台花海
2187,Doly
9656,俄罗斯熊王
1666,BlackCat
16083,能混干嘛C
3482,LYH
4708,Rosedrop
15856,绯世
2372,Escalopia
10442,司机
14539,游星
16038,肉芽打不了封闭
14122,江安月宁吃饺子
7402,momo
17728,青衫薄
7709,sViper
14047,民带鼠鼠258
15542,科瑞Crisdria
16739,许你一笔墨
2184,DogRain
12212,很好CS2bug使我失去声带
341,1733769195
4614,Re
17665,雾焰_竹之镬
9886,冬日邮件
163,117367078
15147,电脑玩家哆啦A梦
5722,Wjdyh
785,451
10673,哒哒哒
15102,瓶中小人百特曼
17849,风里雨里疯
15531,秋述
13489,未央
13132,明灯三阙
11251,太空哈哈哈
10886,土豆地雷
5321,Tamako小智
6180,annihilate
6638,faker永远滴神
12091,开代码才能胡
379,18662276381
1308,Altair.
18212,龍曉爺
17368,门辟九霄
16411,菟芓
13268,晚风吹落海棠花
5696,White river 1986
16462,落叶归根
10200,半山归藏
4966,Shanhe
7495,notshaw
10097,勇敢者先享用玉足
16425,萌二代
11610,小丛雨天下第一
17895,饮料自己喝~
7550,paomupotato
16573,虚荣
1576,BURN
4648,Renfield
5541,Upinthewind.
2384,Ethan L
12489,我什么都不行~
11884,岛是海哭碎的心
15200,白夜
13447,朕是忠臣啊！
6522,delovely2z
5956,Yugrace7
17166,邯郸地下说唱皇帝
1407,Argent_Sword
9919,冲！爆啦！
10042,别怕，他也是亚历山大
14158,沉吟至今
6664,fengzhidalu
17904,饿了是吧，我来给你做
13259,晓酱ii
4379,Pants
15230,白给怪
8312,yepan
11844,山下光
17293,铠
16691,西门吹雪
12873,故梦
17449,阿尔托莉雅
15602,窝嫩爹
5391,ThugLynx
5514,UGGTCGT
8971,不爱交友的老王
17564,随风起
10695,哭狗223
8399,yyunGinkgo
16892,超级无敌巨tm可爱の脆鲨
15271,百骑劫魏营，功震天下英
5859,YU
10900,在下萝莉控
11592,寻阳
5189,Suis
6628,ex咖喱棒
13785,桃子味汽水
6381,chenxibe
15644,等一个晴天
1990,CyberPsycho_
11175,天上会下鱼
11901,巅峰召唤师1
17699,青城忆墨
9627,你若开挂——亲妈爆炸
12759,抽烟有害
16745,诗祤
15129,甲癸（我要狠狠的一穿
17523,陈有仁
8432,zhaoyang
52,.暮央
11861,山田杏奈
10058,刹车我用前列腺
1757,CHAEY
11889,岳羽加莉卡
4466,Prince
15588,空破夕
13077,早饭有利
8389,yuxihim
4019,Mordekaiser
2064,Dancin
9821,六月阳光
8506,zzlmar
19,(。_。)    麻伊多
1573,BTheihei
15327,真ikun丶离唐惘
1178,AYA
15560,稗田阿求
820,504176406
7960,theppiges
16867,起风了丶
5375,ThePiper_X
5510,T·A·O
1719,Bubble wine
322,1624257530
11516,官某
12406,想跟阿斯忒瑞亚搓机兵
4886,Sanxccy
13922,橘内人
14026,每天都想玩龙之信条3
9535,余则成
11679,小明
13488,木秀于林
6718,gaibb
17709,青沅
13081,时光
17742,静安
9469,休闲莽夫爱无双
9858,冉冉果冻
9521,佐佑
11219,天水可可子
14600,火力少年王
8094,wdmzjlx
18031,鱼塘猎妈人
14038,比较瘦的小胖子
13043,无远弗届
16369,莫
7716,saierks
2285,EW_Fallen
13940,檐上闪电客丶
3386,Ksoul
11283,奇迹于你
16598,蛛蛛侠
13908,樱无月
14851,物理学圣剑
17752,靠谱哥
11289,奈何明月照沟渠
14085,永恒的命运观测者
12862,攸宁
13150,星之所向
1251,Akane
765,404
14118,江临于溪
5960,Yuigahama Yui
9667,修身
3390,KudoChitose
17424,阿七
18170,黑炎
278,1482324579
7787,shl无缘和御姐玩游戏
1749,CCCCUJO
3543,Leey
14389,海王大鲨鱼
4437,Pisciprehender
11096,大哥，我的走位比你好
5501,Twilight\\
2577,Fun
5808,Xshell7
10513,君仔
18290,🐖
8184,ww
11935,巫鸦
997,87530834
4255,Nur
16363,莉塞特不相信蓝宝石
540,2622391075
4827,SUKUNA
8693,一只小兔砸
5390,Thtrace
713,343
3237,KONGZH
11217,天才美少女齐天大圣
9885,冬天记得喝55°热水^^
11832,尾端汽车
12969,无奈
14778,爱因斯坦E-46
917,756613611
4426,Pickachu
724,351110749
14411,消遣丶时光
3760,MIKU
17588,雨刃
10975,壹零零叁
13034,无言liuop
4838,SYH
7953,the gui
10639,咸鱼君
4507,QT
362,1804727612
3425,LAO&FU
16602,蜗牛搞起
13512,本无心
105,1049641506
4495,QINGQIZ
9741,先有八云后有天
17308,铺盖商人
6691,freedomyyt
9686,假面君子online
13861,棉球
14237,泉此方大王
13006,无敌肘击王
13354,曾根美雪
556,2693707854
1349,Animagus_Black
4127,NK
469,2322977203
2331,Elysia樱
14569,满山猴子我腚最红
251,1378121210
13920,樱落-风暴
13328,暴走萝莉金克斯
8204,wzptsxdn
8163,wsvg
13652,枉为人烟
8808,七月
1358,AnonTokyo国区总代
7167,lf
11919,巧克力撤离直升机肘倒
16158,艾尔毒爆
3409,Kyrie
4107,NACEN
12807,捕鱼达人
14243,法海
12532,我师雇我在
16572,虚无之影
657,3133622066
17612,雪原野qwq
7705,s1mOnxD
8726,一方金木研
2260,ECHOES
16717,言蹊
10986,夏天.
16761,说什么我都开摆！
9053,丛雨
866,623683804
13586,杜王町牛爷爷
15382,砂糖を食べて柔らかい
13580,李香兰
4902,Sausage Dog
5628,WCH
16513,蓝原柚子是勇者
7042,keyboardman
9810,公生
7519,oligeigei
1354,Anon
11468,宇宙无敌暴龙战士
9306,云韵
6551,dlllc
13277,普信旺
9773,兜兜里没秘密
4722,Rusalka
9390,今天也一直摸兜里呢
3784,MR.Hao
8196,wxyjt19950311
16281,苏州河
2276,ENsp65
12613,我玉玉了
1190,Absurd
15714,素敌Suteki
9058,东南西北
16554,薰的记性不太好
13044,无道呵呵
12415,意趣氵
12850,摸鱼打滚星星
12806,捏捏( ͜.人 ͜.）
15221,白皑Kouun
13562,李小狼
13407,月舞
5873,YY_Nine Muses
13094,时风
16610,蜡笔小鑫
7823,slime
1096,ABigPotato
991,860035201
15432,神仙小龙坎
5838,YIH-J
12732,把酒执剑仍少年
11435,孤帆白
15808,练习时长2年
367,182159535
15162,留白
17207,酸辣土豆丝丶
11200,天堂羽
15682,粤西老表丶
3728,Lyx
648,3106298878
5984,Y‘shtola
12761,拂晓新顺
15104,甄宝玉
10783,喵毋
13725,柔情猫娘
12396,想太多了
5701,Whosyourdaddy
10829,嚣张跋扈
2025,DDDLIFE
7563,philip
6509,deacon
14375,浮生若梦
8559,∞~
8843,三六
6319,bulibulibuli
15499,离渊
17278,钮特叛逆期不帮妈妈吸
8219,xhmkggybz
4862,SakuraZ1
843,550878177
17160,邪恶的筋肉蘑菇人
4368,Pakzau
255,1396168621
13351,曼波难藏哈基米
14104,汉斯卡蓬的利刃
7222,lixiaoyu0575
12836,携手揽腕共上芽床
12803,挽歌
8877,上古卷轴
18046,鱼香肉丝盖浇饭
9263,二次元跑男赵三金拟态baby辣
13108,明凯超优秀
4971,Shark_arms
11498,安托涅瓦
11483,守夜人
16783,谁令青山变
11003,夏记
11203,天天有糖吃@@
15739,紬 文德斯
7477,niner
8666,ムラサメちゃん
9285,云曦真人
15555,程大本事
8148,wmy04128
9131,丶烟
13314,暗黑杀爆恐龙王
8252,xjian2021
13918,樱花已灿
16491,葬送的芙蓉王源
11779,小黑子
17498,阿里路亚
14638,灰原哀
2561,Freez1ng
10742,啊悠吖
7534,ouchengyin
8678,一个真正的man
11307,奥卡姆
6403,chuyinxunyin
13765,栗悟饭和龟波气功
3880,MattForce
4919,Scylla
14294,洛听雨
15927,羡宇戒惘
17126,道道
16752,该吃夜宵了
18133,黄昏现白骨
4109,NANAMI
17085,退房之前最爱你
18292,🐳鲸磕
10445,叹酸童
10741,啊彻呦
1718,Bryang
12284,快乐的粉刷匠
17912,首藤凉
12123,弗蘭
15475,神雕侠
2079,DarkMyth
13638,松果
14040,毕加索没有枷锁，达芬奇没有分歧
9660,保底仙人
8958,不想起床
15574,究极人体描边大师
15323,看我手指这是几
13017,无爱战神
2477,Fanx1
6957,jessierjh
13818,梅比乌斯
2180,Docter
17495,阿超
13867,棋水~泡泡
7530,orangemoon
835,52alita
1192,AcKioNec
12735,抓走你的麻麻
3539,LeeLzl
14277,泰妍
8660,ツンデレ潔
6317,bukeraoshuzhiren
2045,DRWHS
3884,Max94666
1505,Ax1e
6865,huabuyu2248
4287,O_o
7498,noxian
11077,大仙儿
8772,一路繁华
12465,我emo了
11969,希尔星芥兰
11142,大牛子先生
479,2362476379
9339,人中白兔
2710,GrezongChu
9123,临江仙
319,1622182027
7951,tfmj
421,2074991062
207,1262716596
1873,Chihaya Anon
14988,王小毛儿
12497,我勒个骚刚
8375,yuexiachenlun
6037,Zenopro6
14206,没空打游戏
9583,你好我也好的
11247,太太我宣你呀
7275,lucy
7202,linuoo
7541,oyster_song
12007,干饭人
11411,嫌景閑
1793,CaKI
8070,walle00萧然00
6351,cckk
13914,樱良春树
11755,小金乌clantha
12488,我也见过我的梦
15835,给点面子别偷我正面
15387,破晓之辉
16910,越港澳外交大使
9945,凋璃莎
5803,XnGood
10675,哒哒哒哒哒
10478,名刀·村雨
7353,melon白
12970,无尽夏
6654,feigetmxg
13115,明天见没时间一一吊路灯了明天见
17832,风生千秋
4484,Pyro
8281,xynywz
9771,党的光芒照耀四方
16479,著火
17310,锅巴
3321,Kiana
17950,驱逐二次元
3251,Kabuto
11270,头七偷吃贡品
14608,火星蜥
1814,Carathir
7025,kauking
15212,白日依山尽
1351,Anki
15007,王闯
10046,别拿激光笔射我
276,1466160821
4283,OULA24
10130,北条千飒
18231,龙紫新
16821,财津同学
6587,dy未被黄帝抓走的白泽
149,114514
7410,mooncell
2017,DANSHOU
5778,XXswmitSSR
15316,相识缘、烟花
8427,zhangrw
16244,花裤衩儿
18158,黑子说话！
10290,厉不厉害你鸡哥
3481,LYF
2894,Huayra-tata
9629,你要来一发吗
11932,巫术合剂
11686,小林未郁
12100,开枪吧sir
15001,王皮鞋
2791,Hakie榠柃
9056,东北雄鹰
3337,King Jong-un
16632,衣衿
16515,蓝毛毛
134,1120223737
11657,小小怪大战星星球
14322,流云
17706,青木红爱
12056,幽小哑
17725,青蛇
15782,红豆
12655,我说你马了你说你没马
9794,八宝粥
6764,gumbo
15242,白色的沙漠玫瑰
10379,只因哥
223,1300971887
8555,Ⅸ
5721,WittySheldor
7999,ttYY
8825,万物生长靠太阳
3145,JohnnyBoy
17475,阿满
10861,园游会
9151,丿酒丶觞
200,1257347577
266,1432428501
678,3241511734
14942,猿粪hh
9231,乱打乱蒙
17838,风花雪月，此生常是思
7640,qqwweerr1103
9740,先天挨打圣体
4734,RyanWWWW
3566,Leonhardt
10602,和月亮一起
8128,windy
8227,xiaochao233
15791,纪年暖阳丶
3164,Juary
17771,韭菜胖头鱼
15085,瑞尔威
13608,杨小过
10663,哈？
17222,采花朵的小蘑菇
323,1640269359
7821,sleepypiig
961,8023sdy
15987,老王
11157,大菠萝
17268,钏淸
88,1009915128
7513,oddTAXI
509,2471254717
10160,十四
11985,帝皇在上色孽在下
3062,Jackhhh743
13942,欢
1253,Akatsuki ™
11746,小西几
12420,感悟心理学完颜慧德
15117,生姜炒肉
8898,下次我放你走
1632,Bian
16199,芥末虾仁
16973,轻羽小蜂
17783,顾北凉城
11357,好想吃天子的🍑
12887,数字哥
10372,只会一手溜雾影
136,1123473674
15968,老子名叫赵日天
14298,洛河神离
11486,守猪带兔
9145,丽丽安
9127,丶Cassiel
7631,qionglinz
10262,卡列妮娜的滋水枪
17814,风也来过
5198,Sunale99
12004,干刘浩存
14928,猫猫猫猫猫雪糕
9654,俄罗斯公鸡
5449,TopKingdom
6096,_Leila大宝贝吖
12441,憧憬成为5星战犯
15950,翻斗花园开银趴，要操就操壮壮妈
12775,拔刀
4471,Protecting Princess Elizabeth
14469,清梦
11669,小庆庆
1661,Black
9317,井中月
16418,菠萝菜
3048,JOJOX
8512,zzzzzzh
5850,YOLO
12361,悠山老人
16224,花椒不麻
13062,日落黄昏
16940,蹦蹦小圆帽
16140,船.
14407,涂零
16005,老鸟
950,786737775
3325,Kifflom!
7367,micoko
6150,akane
11909,左丘青鱼
11132,大根老师
10858,团子
13573,李笑白
2018,DAOREN
13386,月亮
16136,舞步大杀四方
12921,新九79
8055,vple
12190,彪莫婆婆
15844,统一青青草原
2504,Fierylove
12788,拾柒
13713,柒乐
2527,FloralSea
3794,Ma4ter
413,2041645732
16383,莱鸡月
14414,涛哥
12202,彻
8579,♥♥♥'xzger
9354,人渣的本意
5904,Yellow兄
1869,Chiayhon
6208,asra
15203,白嫖怪251
427,2094833121
13761,栗子
432,2113274282
16019,耳阝 鱼禾
9831,兰斯洛特
9550,作茧自缚
10312,又来看我啦bb
7748,seinonana
3391,Kujo Jotaro
8310,yeling
4558,RIGHTEEE
6589,e1ectroNic
17461,阿悦
17457,阿巴阿巴
11406,娜露梅亚的胡蝶刃
10715,唤灵人偶
17646,零语
4191,Night cat
1813,Caramel_
11606,小f
4730,Ruyne
13281,普罗旺斯再会
15036,现男友
14003,死红
3682,Lucatiel
8614,うちはマダラ
9153,乂伦•野鸽儿
3852,Marble_
10497,吐酸泰坦
12538,我想安静开船
11892,島是海哭碎菂訫
10339,取名字真按
1475,Aszper
5774,XXPCJ
3869,Marvel0us
13453,望玥君
12882,敢不敢跟我比划比划
16498,蒂蒂
10753,喜剧演员长崎素世
12787,拾月
12802,振鹏
17127,道长
9869,再见娜迦
8577,♥
10549,吹牛大王
10652,哈哈哈！道爷我成了！
934,76561198969834521
13551,李云泽
1787,CTRL·
11119,大扑棱蛾子
1631,Bhtsmnr
5088,SoMe0Ne
305,1594403771
13605,来首Music
2000,C沫鹿安然
8084,wansui
7398,moke
16027,聚散由风
4128,NOF404
16361,荼白
3416,L iuan
13296,智能失效保险单推人
15060,理塘最强伝説絶兇の雪
7085,kr3凝夏
6514,dear429
15638,第一节水果泥特工
1261,Ako
15512,秋名山天台姬
16729,让我阿杰切带你去送
10651,哈哈哈哈哈
17538,陌城
15489,福尔摩斯的头号华生
17202,酷果果
17111,進擊的衝
15907,罗伯特·基里曼
2756,HIRAGI
2539,Forensic.Doc
16440,萤石Flourite
16166,艾莉丝·格雷拉特
14760,爱上年华的她
3149,Jonathan
7456,negevi
13422,有人相爱有人夜里看海
1489,Aurk
12281,快乐白嫖男
4643,Remiliα
15942,翎红九
13952,欧玛.基利曼.波
7080,konfucius
18004,魔教小王子
3582,Libcyber
2402,Everything   is in the dream
4222,Nofrd2Play
9463,伊！吹！萃！香！
16694,要上晚自习
3791,MY其言
8780,一页书
5310,Tai-Chi Master
6012,ZYChange
9648,依然
11025,夜
16187,芜湖我起飞了
13893,楽
4848,Saika
18300,󠀡
15350,眼花老头
17415,阳菜我老婆
868,624269494
2426,E·M·T
8464,zltttt
12881,教育局长申请抽查小学
7943,tapitto
16195,芝士雪豹叼着锐克五代
13664,林枫
394,19502464
11460,宁拙
9640,佩罗娜
5662,Waaaaaaagh!
14126,江左行船
2151,Dexterminator
4905,Saxuny
5797,XinBing---
6184,anqili
1899,Chìlllā
1985,Cyantist
11316,女性力量
14084,永尽英良
4013,Moon Fall
12366,悦千言
4794,SL绯色妖莲
12917,斯塔克
1901,Ciallo～(∠・ω< )⌒☆
12659,我超人强当过坏蛋当过好蛋就是没当过软蛋
721,3504259318
6046,Zero_零落
12573,我是蜘蛛侠
10185,千笠
13083,时光彼岸
15930,羲和
12468,我一个大调查给她避的税全查出来
2338,Emiya
11161,大蝙芙
11716,小白的游戏
12282,快乐的小沈
13358,曾贤儿2.0
3639,Locken
10300,去看樱花呀
10195,午时已到～
3148,Joker薇尔
3032,JINGK
15145,电竞卢本伟
12572,我是菜b
13777,格莱还在炸我
2681,GoGoCaptain
17700,青尢
12823,推しのクルミ
13698,枫神c
3227,KIana
8143,wlinl
14991,王小黑wxh
216,1289281694
2065,Dane de Armida
2516,Firstrabbit
6334,cancanneed
15052,理塘公务员真真
17988,鬼墨无忧
5816,Xxs
7321,maho
16129,舌尖上的结衣
7481,njq906574579
14107,汐岙林西
14400,海边的莉莉丝
3927,Mescaline茗零
17906,馀花乱
5286,TOM
17825,风月
2248,Dyrachyo~
16695,要不是为了玩艾派克斯谁会改成这么长的名字
17659,雷霆大烟
435,2140023923
562,2718220455
15947,翻斗花园ggking
10711,唐晔
14727,然然我迷路了
7685,roko
1802,Camille
15446,神威RT
6805,hdd2077
13837,梦想是带着金碗去乞讨
16024,聊赠一枝春
15069,琥珀•夜知蝉
13165,星星的时代
1275,Alex Mecer
1074,A rabbit called God
9838,关于我马枪队友还打赢这件事我很疑惑
14502,渊源
15813,终不似
17481,阿白小仙女
5248,T1NG
14814,爸爸
3966,MingZI
9692,做好你自己
8197,wy
11908,巢妮尔雅
15233,白给的菜逼QAQ
7780,shi_xin
15390,硝
2716,GscWu
233,1336976223
5557,VONSNOO
1843,Changed
5013,Shu
10838,四季如雪
14034,比奇堡竖笛演奏高手
13537,杀尽一切的大场奈奈
7883,starwander
2803,Hans
12389,想不出ID啊
4985,Shiina
4139,NaShiori
4716,Ruben
15436,神区化蝇
6242,bade
13688,枪马网卡耳朵聋
9661,信什么狗屁如来，不如我自己来
7671,restiy
12872,故往
14010,残念の殇
12953,无事佛
17060,迪亚波罗
6870,huanying03
13316,暮云翾
12838,摆烂禁止！
6431,common
16900,超绝最可爱天使超天酱
14094,永雏塔菲
2905,Hurricane
14755,燕涵涵
737,358团楚云飞
8180,wuyilun1234567890
10871,图图家的小怪
1016,932599634
13618,杰
7091,kuman丶
1911,Claire克莱雅
5111,SorryMaker
3373,Konachan
13792,桌坛猩猩
15187,痛打落水*
4225,Non-toxic牵机
16064,胜利主义章北海
5593,Vincent喵
956,7CirillaXoz
11168,大飞哥哥
17981,高昭弥
14291,洗洗嘻嘻114
10402,可乐里的鱼
14890,独帜
12869,政委恰山楂
7018,kano
1521,Azaxin
8624,ずっと迷子
15056,理塘最后的原神玩家
16820,负负的分
13244,昱
16797,豁免检定大失败
5145,Star
11156,大莱辣
1099,ACGY
892,694756653
3785,MRWHS
17720,青色烟雨
7113,ladoco
17933,马文的哥哥马完
15273,皆允皆虚
5678,Wazirship
17639,零充
1973,CryChiC
15643,笼目
17878,飞行员李某
17607,雪
13180,星璨
960,7依-love
6073,ZziI
16366,莉莉艾洛
15267,百物语
7845,sorrymaker
5450,Toph Bei Fong
11865,山边自相逢
1212,Aeromantic
2031,DELAMAIN
2511,FireRoy370
9415,仙
16443,萧巧哥
9559,你亲爱的好狱友
13857,梨汤最酥传说
12198,影璃
5479,Truman
11994,帮帮我G7人先生
10412,可我依然想你
15901,网瘾少女睦子米
13545,杀马特团长
1260,Akko
13317,暮冬夏曦
9157,乃老师
16591,蛊惑[evident]
16073,胡椒
8272,xw1314188
11818,就笑一夏
15360,睡觉睡觉睡睡睡
15455,神明怜爱的睦子咪
6684,forever
18033,鱼大人118
16467,落尘
2775,HUGO
15246,白落玄
6167,ameoogaard
13322,暴君
6630,eyesof_god
17875,飞天猪
8880,上将潘凤
1641,Big Red
16507,蒸饭机器人
10657,哈基蜗的命也是命
12577,我是马枪高手
9011,不许人间见白头
3065,Jackson
15517,秋日疾走
345,17521177554
9898,冰冰小帅
12038,幻想乡的舞铲阶级
17723,青荧云尘
3436,LHJ
10154,十九铁铲
5260,TEARSINTHERAIN
2613,GOD BLEED FOR ME
4358,PPPPP
9500,伯乐狂喜
12832,揪可竟然是
14916,猪菌是菌也是香菇的菌
5575,Venom
17374,闪耀的菊花
10373,只会压力自己的菜
16097,脸滚键盘
16438,萝卜啵啵
9986,凱帕克
128,1106504574
1281,Alexios
4704,Rookie
5925,Yoekong
17106,逝水繁华
9524,何为深渊
16953,轉生成二次元美少女誘惑中年變態大叔
10117,北上酱
7523,onii
13786,桃子姐姐-v-
17623,雪玲儿啊
2417,Experimental Archaeologist
15877,绿黄瓜
2524,Floating life dream
6886,hydk20
14904,猎户星座
6164,altria
14886,狡猾的狐狸
10510,君がすきだ！
905,729902665
1574,BUDDY
9946,凌嗣是只小虎鲸
13251,晃风领~拨佰梨~
625,2U35（多次拒绝权娜拉版
13166,星月夜
3969,Minstrel
8504,zzc
8617,こうとう
610,291739849
17520,陈师傅和他的马帮手
13424,有信心帮我穿好和服吗
3005,Isolation
15496,离殇丨杯莫停
11980,帝国の突击手小孙
2183,DogKung
17081,追队友啊他不修机
3960,Miku你带我走吧
12142,张艺博
12327,怪咖喱
7123,lanbei
9474,优质回答：我不知道
6983,jnjmjm
11325,奶龙nailong
14385,海水变蓝
11487,安
8127,windwing247
15991,老翟
2336,Emil
15146,电脑玩家克劳德
6811,hedes
9939,凉城丶
5270,THE.陨！
8440,zhihan11
3,#5489
10920,坐轮椅的外乡人
7956,thebeautworld
3433,LEO猩猩
15483,祭
4165,Nektaria
13783,桃乃木香奈
16055,肯德基蜀黍
1425,Arthur Pendragon
7922,sxbk
5429,Toastero
10274,卤面小号
4104,N1ce_Try
8540,ಠ_ಠ
9281,云征相莫丨
10449,吃掉它们
12014,年华
2224,Dreamboat
12487,我也渴望繁星
14774,爱听雨声的雨
8686,一千
17824,风干的小企鹅
9208,九头鸟
315,1607994137
12670,我，好人
16755,诩沁淳
14439,深海乌贼
2853,Hikariね
17567,隐春秋
9874,冗余
13695,枫枫
8447,zhuhongliang
3034,JIR ye
10607,咒术王嘉然
15245,白菜白菜
3042,JN逐影
11625,小公主の蠢脸骑士
5086,Snow丶小丑
3340,KingGG
8317,yezuidexiaoi
81,1/15
1991,Cyber·Void
13524,朴之
1807,CapitaineGrey
2745,HC
15780,红茶瘾者
11373,如此木大的力量
15098,瓜皮李老C
5735,Wu
13133,明玉
10691,哦豁哦
6070,Zygarde
10606,咏曳
12515,我太想进步了
740,360817163
11162,大西王要杀杀杀
10750,啦啦啦啦
14541,游荡的卡密
16543,薄荷冰
8223,xianyuwang
9814,六六乐
2973,ImQA
15849,绫小语
13265,晚秋
11140,大熊维尼
3606,Limbo
6754,grdtere
8036,van_cc
967,810473523
12885,敦刻尔克
1438,Ashe
10656,哈基良吉影
1383,Apophi
6899,idunuse1
13264,晚枫
838,541110884
955,793808780
13248,時壹
6727,geyuxianAWSL
6389,china9527
11036,夜宵
9528,何佳航
12376,惆怅的ice-cream
7375,ming_oip
17344,长得胖吃的多
1942,ConorGao
8956,不想起名
863,605334009
6001,ZJHH6868
12686,所求太多以至无法生存
11519,定海一棒万妖朝
17891,饭团
17479,阿玥
8983,不知毛118
10476,同安TADP
14641,灰烬骑士
13847,梦秋
13663,林昔
12848,摸鱼小狗
16277,苏伊柒
7419,moyu
11691,小楼一夜听春雨
13912,樱璃gAta
14426,淦77777
889,670559180
11775,小鸟六花
15933,羽川翼
11170,大魔法使芙莉莲
9442,仿生sp会梦到电子萝莉吗
16448,萧遥
4553,RE_REG
14396,海蓝物语
6960,jiahao
16032,肆意
13909,樱木星
10616,咕噜灵波
8460,zled179
11371,如果忧郁是种天赋
14799,爱画画的小朋友
12388,惰天使Mx
8457,zkkk
7864,sqx12138
2136,Desperado
10595,命运2狗都不玩
16778,诸葛小明
18195,默翎
9435,仰望星空带忧伤
2379,Et Aiors
14662,炒饭不加鸡精
438,2154165314
14292,洛
14823,牛世界情绪
10726,商玄鱼
3139,John Wick
9819,六月乡梓
16563,虎先锋的皮燕子
3507,Lance770
4680,Rikki
16971,轻吟浅唱丶华灯初上
16862,起名字什么的太难了
1375,Aolilili
12904,斑苔
6988,jojoba
8913,不会游泳
16589,蛀牙叔叔
6449,crazywhitegive
7891,stubborn rock
5221,Super浪
1447,Ashleak
5050,Skalter Hood
8282,xyyljj
4984,Shigure
14852,物语星君
10649,哇咔哒
1063,=—=
12694,扎克斯
2917,Hynxi
739,35P
12462,我
2636,Gallo13th
11997,常睡不醒
4528,Quo fata ferunt
11776,小鸟游六花
3440,LILUO
13543,杀猪从不眨眼 Hi night
4429,Pine
17409,阳光开朗大男孩
15444,神奇陆仁贾
1457,Asjwan
15409,礼鱼儿
139,1127042356
11122,大明湖畔的柴犬
7952,the bei
15825,绘梨衣
7301,lyx20010207
1998,C丶L
9763,克莱西
3735,M0ring=SAN
16258,芸茹
17820,风吹铃动
10518,君理
6665,ferris
11972,希里雅·菲欧娜·伊伦·雷安伦
15673,粉红少女心
2752,HERESY
11233,天线宝宝
5615,VulgarYu
11177,天上星
18223,龙套
13839,梦斋
12894,文无
17793,颛孙鹤
4603,Raskolnikov
5165,StevenGeraint
3891,Mayfly
293,1552694706
12347,恩芹区第一突破手
8615,きたぶ げんけい
16881,超级哈布李
3249,KaBuTo
17430,阿冰
1471,Asuna
10095,勃列日涅夫
9883,冬卉
4977,Sheep
12119,弋戈
10640,咸鱼君乙
3077,Jarge
16912,越行勤
12101,开枪装装样子
9842,关注柯洁谢谢喵
13124,明曦照幽来
14381,海拉
12355,恶霸奶奶
6921,innocence
18097,鸽子
14453,混吃等死草履虫
12052,幽云
11,'HCY
8141,wkkk
1579,BYD吃我一发集束炸弹！
14344,浅
4229,Noobすぎてごめんね
4532,R-99
7472,night
8530,μ
10776,喵三王
2353,Epiphany
7678,riverlove
978,842503530
13599,来瓶82年的哇哈哈
264,1427237427
1202,Ada
6354,cdscds123
1088,AAA菌子批发仓田真白
7850,sp1730497550
17986,高高岩
11540,家乡の樱花又开了
6833,highhand
10822,噗噗
697,3338006317
12455,戊亥BD
15045,琅琅杏花香
12092,开光咸鱼喵
13555,李华
15514,秋天的栗子
9680,倾雨灼灼
17201,酷杰
10084,加里牛
7888,stqstqstq2019
10293,原初之星
14412,涉玖.彡
11800,尘忘
12805,挽风只喝冰美式
18186,黑色柳丁
11827,尼尼扣扣
16535,蕉急
13965,止欲
689,329124421
5983,Yzalcory
14028,比企谷八幡
336,17
6707,fwt1888
14655,灼热青莲
11725,小童打电玩
10731,啊~sherry.
15135,电子哥（electronic）
5380,Theshan
15672,粉笔只有学校有
14401,海边的风
3342,Kingtzer
10222,卓耿伯恩
17191,酒德麻衣
330,166feeder
17069,迷失之人
13412,月辉
3764,MISakura
8473,zoy
12595,我毛哥啊
10712,唐老八
14744,熊猫盼盼
434,2129057718
10905,在我开导之后还有人要加入吗
10345,叛逆的习习修
9036,世界
7342,maxfather
11593,导师看到我的毕设惊了
4755,SALAMANDA
3619,Linyier
1024,942998485
274,1464244154
16261,苇名一心
10976,変態仮面おじさん
2277,ERRORCODE
5247,T-T
3901,Megatron
7035,kemi
16508,蒸鱼鼓油
14425,淡淡的翔
15124,田富贵
6265,belief7506
8092,wc797362
14962,玉竹收藏家
15503,秀儿
12345,恩匹希
798,472600816
9777,入骨
11532,宫廷玉液酒
1750,CCLIFE
5890,Yangxyls
9315,五水合沙丁鱼
8035,van leaf
14984,王小二
759,3QNO
6115,a_live_01
10808,嘟嘟噜嘟嘟
14802,爱茶的喵
9508,似伊顾眸
2127,Dennis
1788,CWG
1161,ARong_y
797,472056168
10835,四季♥小町
5958,Yui
16089,脆皮五花
609,291535720
1758,CHEESE SNOW LEOPARD
10153,十个肝
240,1357821160
10010,刑事组之虎曹达华
15864,维吉尔的塑料椅
123,1091530476
6917,impansz
3644,Logan
5565,Valiant
13799,桑榆
2854,Hiller
12201,彳亍
10774,喰过夜粥
4307,Only2get2U
13616,杯盏长生酒
7833,snowflake
14704,热烈的马
14706,热爱报纸君
416,2057771231
516,2512812155
4493,QB
9028,专打知识雪豹
13144,易燃
4140,Nagisa
10733,啊凌
12369,悲伤の北上
13225,是小孙呀
12187,彩虹喵
8248,xiongziyishinidie
16957,轩大大
178,12138
5411,Ting
14489,清雾
12333,恋夜
17852,风间花新
10439,叶秋
10993,夏末
11712,小璐要吃布丁
15113,甜茶
12169,归玄
16732,议题
2979,Impostor
7261,lowb
7414,more.
16245,花赏
11731,小翠同志很赛高！
11506,安静
10913,均朔御霄
14169,沉默是低调
13496,未梦醒来时
4232,Noon
8926,不叫小奶猫
10045,别抱怨抱我
513,24K
1380,Aphrodite
7424,mskmak3r
16933,路遇
11059,夜里猛
4925,Secvit
16253,花韵夏M
14090,永远的亚瑟 摩根
14661,炒饭不加蛋
7369,mifha
1003,895429448
10075,副本里的一条龙
6235,babatuosi
11076,大丶表哥
14033,比奇堡特邀马枪选手派大星
13147,星
1944,Contanstine
11708,小猪崽子
15345,眠墟.
4385,Paraside
5268,THE DEATH OF HANDS
12980,无忧少年—柯
10363,古月
12756,抹茶安和昴
10743,啊新啊
695,332529737
4164,Neko Miko
13884,椿
9032,且静候
3122,Jing
2287,EXODIA
629,3 4 5
15148,电脑玩家喷他Q
17154,那雄纳尔乌拉
4082,Murpphhyy
3293,KazeNaTsu
3228,KIra
263,1426699418
667,3174008118
10299,去日难追
16118,臭娃儿1号
17903,饿了喵
16311,英梨梨-
10739,啊对啊
2933,IFITIE
11697,小洋啊
1902,Ciallo～(∠・ω＜)⌒☆
6221,ax307539510
2934,IFULIKE
6477,dai
6837,hjchjchjc
13659,林千和
10987,夏天波比
10809,嘟嘟大魔王
11417,子邺
5389,Threat丶biu
11660,小小罗
8410,zangye
656,3132432522
16475,落锋长日坠
2520,Five
16004,老顽童
16226,花残半山秋
6533,dfjasoi
8521,¿¿¿¿¿¿
13267,晚风作酒
262,1422789844
17158,邪恶栀子花何炅
16848,赛达玛
14437,深海
15630,笨的想哭了
3393,Kujojotalou
11728,小糸
9909,冰语
12224,御免
12816,捷豹大侠
10420,可爱的天使此方酱
17573,隻鈴
17528,陈皮味儿皮陈
17627,雪莉酒
10525,吟风
18181,黑皮肘击直升机
15272,皆传无想真经
12344,恣意言
2051,DZz
12159,强尼·手银
8708,一天青霄
6257,bd1wn0dw
14505,渔船欧巴
772,423464179
5276,THunity
11445,孤舟泊寒江ˇ
1075,A!ex@!one
13127,明月眷我
10019,刘彦祖
3276,Kanye East
17879,飞行物
10719,唯有过往伤人最深
1098,ACE LINK
7271,lucien
11930,巫九道
8033,valuae
14953,玄枵
10560,呀哈哈
6171,anci147
5474,TripleGuns
16590,蛇蛇至尊
10735,啊哟哇啦
6329,caicai
13532,机智的三国菌
5466,Traveller
9620,你相信光吗？
14137,池暝
14070,水禾
13907,樱岛麻衣
11810,尤娜
15789,约定之王-拉塔恩
13135,明白了但是没懂
7834,soFpe
15722,索索
11359,好想当宿管呀这样就可以查应到了
11232,天空色
10555,吾名凯
756,39
7168,lglshuhe
11690,小桶桶
15960,老司机666
9251,二将军
13269,晨光明月鎏金铃
766,404871377
5519,UTaoki
6284,biscuit
14965,王不留行
11629,小卡和蛋挞の奇妙冒险
17789,预购赤石大王
10343,变戏法的
8,%COLOR(00bfff)包子
837,534287306
6633,faaay
16033,肆梏
8561,∪･ω･∪
11363,好的
143,1137125314
6114,aNieo
17446,阿嫲每天五六点起床给我电子烟充电
15667,米神一代
14673,炼天魔尊
11266,失败的man
5996,ZGoDN01
6071,Zyyds````
15931,羲讽鉩下
527,2549046216
15899,网易艹尼杩
16429,萌新萌新萌
3041,JNsweet
342,1744742867
14089,永远少年
13513,术士
15391,硫酸的爹
4134,NOX
17388,闹剧结束了
14999,王牌飞行员简柏丞
6362,chang
6937,issic
17150,那年花开
6871,huaxia132
2193,Donkey
9906,冰狗
4565,ROSE.X
1114,AHAO
15424,祗凊
4811,SRY_SOTIERD
220,1296459362
9467,伏井不出K
14520,温柔茧居
11455,学徒级魔法师
4585,Railsmon
12112,异乡旅人
3670,LoveWinsAll
9808,公子归不归
12608,我爱吃油条
9719,像个网名玩玩
16488,葬送のフリーレン
1381,Aphros
8303,ya咯
16423,菲谢尔的八珍糕
13138,昏月
7620,qaz95138752
853,570619349
8345,yoruekahou
9458,伊甸公学地瓜生-阿尼亚
15063,理塘王
14956,玄虚子
16247,花郎只为30代言
15284,皓
12610,我爱说实话
3469,LUCKLLY
4976,Shedder
7372,mikochisub
14226,河豚猎人
11523,宝宝肚肚打雷啦
14153,沅
11344,好名字
378,1865
5829,YAMATOAAA
6375,chengming
14369,浮木
597,2858795086
2347,Enoch
11202,天天开心
12533,我康康
3678,Ltmczsy
13956,欧若拉
15077,瑄阿
13426,有医保的先上
6217,av娜
18014,魔法少女酷诺米
5791,XiaoYu
2895,Hubeinvxu
18011,魔法少女李田所
6869,huanxiangzya
17176,郝帅
10424,可达鸭
9193,乐高第一突突手何钟菡
8249,xiyue
12010,平安丨十六夜
15520,秋枫扬desu
6292,blank
12421,感觉不如……
13173,星河容清梦
10401,可乐芬达雪碧
8029,v
9908,冰糖葫芦
8864,三班欧司令
1335,Anak1n
2706,Great Boy
18121,麻衣学姐去哪啦！！
2537,ForRiver
15321,看北极熊的企鹅
1792,Ca1m
11281,奇怪的陰間禮儀
16468,落星尘
16469,落晴子
17353,长江长江
14847,牧之原千秋
170,1192721002
9223,书永
7032,keepp
1054,:?
16642,被嫌弃的旭旭子的一生
6123,aaronzzx
5464,TransLink
12395,想和艾莲小姐姓艾
7846,sospiri
1651,Bilbo baggins
3766,MJS
3125,Jinlog
86,10086
500,2422413978
13812,梅一格诗人
15918,羊村你懒哥
2825,Heisenye
1343,Angel
11337,她说戴了不算给
3612,Ling_hui
15047,理塘の最強伝說と絕兇の猛虎!純真丁一郎です!
2033,DG·超
3669,LoveW
10502,向死而生
18070,鵼钥瞑
14144,汪汪汪
13326,暴暴龙将军
16202,花に亡霊
2123,Demon
10707,唐天君
17289,铁马冰河入梦来
12126,张wow
16851,赞美愚者
10344,变身腰带台风带气息强制排出辅助机构初期型
11154,大英警察进职场
3708,Lure
1010,908065707
16682,西行妖
13793,桐人
9922,冷库抢手陈老师
9935,凉
12357,恶霸马奎尔
9394,今天挨揍了吗
13805,梁
6055,Ziper
15742,終滿謫仙
11533,宫式化
2531,Flynn
11013,多吃蔬菜
14664,炘玥燃夜
9484,伞兵三号
17853,风雪夜归人
11966,希一
17083,退休老干部芙宁娜
2635,Galaxy星爵
6941,j1415707783
4002,Mon chéri
13053,既怕黑又怕鬼，二者合一流口水
6177,angelina
9399,今晚打老虎
9554,你die
11402,威猛哥布林
11881,岚影
6753,grantchen611
10978,复古式超级喷气直升机
15771,红琪蔷薇
17118,遏抑
15601,窝嫩叠
18207,齐克霞
9019,不黑的hacker
17035,这是太阳啦
7244,logging
14521,温柔鼓手椎名立希
12334,恋如雨止
10579,周一奄奄一息
8846,三千以北
478,2356906953
14199,没有拐打不出伤
17244,野马结局
7564,phoenix
18122,麻辑
15563,稳稳地幸福
16898,超级马栗帽
17107,速溶红茶
794,465961517
8725,一方前行
13243,是黑泽青呀
9185,乐子玉
553,2680461840
5037,Sincerely
5948,Ytyo
10251,南烟斋
508,2470298024
1106,AD钙奶
9421,仙缘
12847,摸鱼大仙
10915,坏宅宅
9211,九方
10671,哑巴湖大鲨鱼
10847,回应我吧RE45大人
4436,PirateKnight
13186,星空凛的拉面
11479,宇智波斑
13627,杰霸
14922,猫咪，你可以吃起司汉堡
16259,芹菜
12150,弧光
5359,Tezcatlipoca
4249,Nuguri_Dy
8728,一朝游
16175,节能主义至上
8906,不中二的涂山氏
7160,lento
11899,崩铁·姬子我妻
2155,Diana今天吃什么
1136,ALIEN残影
968,814058005
15075,琴调相思引一曲定风波
17254,金杯苦酒
13662,林无花
3329,Killer  day
6223,ayase
17404,阮经天
10482,名字怎能不中二
11472,宇宙第一帅胚
2282,EUMBRA
10468,吉光片羽
3486,LYON
11607,小yan不吃咸
995,872240567
16889,超级无敌大叔叔
1231,Aihara Mei
15197,白云悠悠
6466,cxk
8489,zxb
10552,吾之五月
546,2662532733
1544,BBKing
14791,爱泉tv
13885,楓
14348,浅流
807,494655940
5281,TL
11462,宅
16115,自由民主之刃拜登
11641,小啊飞
17642,零尘
9172,之外
1805,CaoZei
17216,醉清
9135,丸子一败涂地
16120,臭臭
5069,SmalYa
13681,枝垂ほたる
3907,Mekio
6374,chengdian
12519,我妻狂三
6318,bulaali
718,3464553784
9316,五河道士.
2170,Dirt. Ashes
14339,流砂
10029,初夏
15668,米米库库
7177,lian
13971,正在丢出铝热剂
5384,This1swhy
15138,电子烟假尼古丁真
4982,Shi_wx
15916,羅茨
17994,鬼鬼鬼鬼琴
16600,蜉蝣
4023,Mors
18071,鸠十六
3043,JOCKERTH
16712,言
8167,wubalaba
14548,湛兮
9658,俗人
2010,D4C
8165,wtdyd
1907,Cipy Acchi
13946,欢迎来到apex高能英雄
11806,尘风
11894,崇祯皇帝朱由检
11544,寂
1379,Aparki
5023,Sigismund
14366,浮云朝露
10853,回鱼
9148,举铁Boy
17324,键
8351,youki love u
8111,whisperzz
11228,天知遥official
559,27
839,543啊
15642,笹舟
935,76561199032351676
15945,翻斗之首魅魔壮壮妈
11420,孑
9265,二狗子
17632,雪诗
17497,阿释密达
10226,单身一个苟（GOU）
959,7xxxx
16842,赛博神棍迪普西
4459,Poppin'Party真是太棒了
15934,羽灰
9279,云宿
6145,aitaaishenghuo
1607,Bazinga:)
10234,南助礼
649,310851814
2032,DF_S1mon
14255,波哥会武术
17679,霙
12431,慈眉善目谋黄忠
15195,白九
13772,核璃
2620,GR-074
11722,小禹求揍
17062,迪士尼在逃泥头车
10906,在援交，勿扰
832,525604323
11742,小蓝
14078,氵
5471,Triforce
474,2351660790
13401,月灬蚀
126,10小时新手求放过workand
17045,这里是balabala
17604,雨落狂流之幕
5446,TonyAh
8692,一只土鸡
7690,rookieplayer
2077,Dark:PP
17962,骚气～今晚小树林不见不散
3552,Lemonary.
6101,a...灰
13217,是个five
16439,萤
14934,猫饼
13600,来白给啊
7686,rongwei496
16485,葦名晚鉉
504,2453038560
13878,椎名林鸽
17822,风声
9443,仿生丁真会梦见电子雪豹吗？
17093,逆熵
16995,辽北狠人范德彪
13951,欧拉v
16909,越小白
7263,lozoe
6563,dragon
7409,moon3
6544,dingzhen
9454,伊恩啊
11588,对马岛老大
8354,youren3335653833
7231,lljhk
1571,BRS
18105,鸿蒙之玖
6949,jashineliu
588,2823623008
6283,bin gege
10209,半颗番茄
1821,Casual
9006,不要阻拦香奈美
2823,Heatter
2039,DJX
3623,Lisburn
12773,拎起后颈别跑
10969,士多啤梨
14526,港风呼啸
4923,SeKiro.
1822,Cat
17831,风狂大78
10938,堂吉诃德开始了冒险
16792,谩彧
16454,萨格郎日
4343,PDX
8836,三上悠亜
720,349852865
3046,JOHN
3822,MaibenbenUwU
16706,观月
4472,Prozec
16844,赛博老头子
6943,jacal
4810,SR4444
14697,烨烨烨烨烨
11392,姜哲名
16919,路人
2296,Ecoryn
2235,Dryajue
3987,Miyabi花信凨
8928,不可共度线段
15190,瘦瘦的肥猫
10441,叶青
4020,More
2861,Hjy
6555,doggson
3636,LoMyi
2711,Grimm
13190,星语
12299,怀旧丶
2095,Daryl
13483,木湘缘
16068,胡五德
5906,Yerin0819
10985,夏天
13372,最爱lululu
8449,zicore
6011,ZYBB
8929,不吃勾青菜
14072,水蜜桃是一只猫
7242,lockLee
9462,伊藤诚
8644,アスカ
18241,박초롱 汉书·五行志（Bi
16237,花田里犯了什么错
8541,รเєรՇค
11413,子不语怪力乱神
10723,商华文渊
10940,塔luó牌゜
10839,四季平安
6016,ZZX
321,1622373991
16901,超绝肘肌线条
12448,懒得认真取名字
16332,茶楼说书
12391,想你我就漂移
5550,V3Xx
11401,姬宫湦
9353,人活着就是为了风笛
372,1843970670
3184,K K
13891,楼心醉月
552,2676037884
14364,浮世
13400,月淅
13898,槐
15087,瑟瑟
3583,Liberation
7007,jx星海
12729,技术流
3803,Made in Heaven
994,869959630
7890,stubborn
3339,KingDunk-shou
13775,格林
13155,星光Starlight.
7014,kaihooo
8979,不知名
10034,初音初音给我光明
813,4Clover
5712,Winds
12914,斯卡蒂丶
2019,DAOYE
10514,君子不救
6723,gdzddd
10524,吟花为剑
10375,只会白给
15610,竹早斩子
11492,安如山
9366,人艰不拆
11866,山野山野山野
15231,白给王
5147,Star River
9489,传奇路边小子
14017,殴你酱
15239,白胡子
13539,杀我队友就不可以杀我
455,2259**5891
15286,皮万岁
10946,墨卿-MOMO
6920,inhekite2
228,1327098783
3609,Line
715,3434650942
3464,LRT3000
15100,瓦打西娃
4411,Perona
2258,E=mc²
16878,超級加倍
3076,Jane2h
7824,smallRed
13879,椎名真昼の熊
14156,沈阳大街****
1598,Banye
17115,遇事不决量子力学
6136,advent-360
9646,使忘宇
5762,XITEBO
7996,ts737835141
14598,火力优势学说
17041,这货不是樱花
14944,獣爺弥瑠
12560,我是唐不是傻
14259,波波妞
6236,baby
3226,KIRISHIMARAIN
12574,我是赤石大王
13041,无语ozZ
9401,今腕继续豪不豪
16958,轩海
10133,北海小鲨
9544,佛罗伦卡フロー
16308,苦难奇迹
18154,黑兽的Alicia本人
17276,钥月
11277,夸张妄想狂
10377,只因
15296,盒子Box
74,0ppenheimer
11798,尘封君
16225,花椒王
11453,学习新思想争做新青年
5693,Whisper
16457,萱萱~咕咕咕~
16813,贝壳
14567,滚键盘滚出来的昵称
3502,LaiFengO_o
13208,春虫虫
6891,iLuckyBoy
5212,SuperMilk
16539,薄凉少年
11556,富强民主文明
10660,哈库拉玛塔塔
11639,小和尚
13988,武
5542,Uranium1X
4781,SHIKILOVER
14020,殷梨亭
8259,xsj284
652,3121623073
5153,Starlia lese
9159,久孤成瘾
10931,城南花已开
14386,海洋
14806,爱蜜莉雅
15374,知道你很急但你先别急
1332,Amoy大东
13343,曲十一天
18236,龙龙酱>u<
11494,安安
11590,寻光
219,1295314764
1624,Beranes
16100,腰果
14417,涩涩杰尼龟
17939,马泽法克
12929,新手玩家
17117,運命
15773,红祭司
16586,蚂蚁亨利ge
6097,_S。
12908,斗罢艰险又出发
936,76561199056085973
15176,疯狂星期四在逃原味鸡
7912,superhunter：dreamtear
761,3dmax让我吸口猫
9895,冰仔，别动！
6130,ad
529,25519030
6438,coolwhite
14355,浊酒丶
12854,撒拉
14925,猫扑的扑
3921,Mengyao
15258,白鸿鸿鸿鸿鸿
10483,名字是这样改吗
16668,西巴锁
2702,Gravity
6493,dashzz
7084,kowai.
9580,你好
8288,y3lloi
3935,MiJing
12205,彼耶洛塔
15257,白鸟悠悠下
6592,eastxu2015
12629,我看怎么事？
4044,Mr.House
16713,言享
15208,白小纯
3962,Millusione
16357,药郎不卖药
7333,maomilaoshi
15068,琉璃
13511,本无名
9958,凛冬纯白
2999,Iron Dragon
2265,EGOIST
878,641719427
127,1103554828
15083,瑞克五郎
7645,qwess
3986,Miudss
1953,Costo_Reco
5226,Suspects
18073,鸡你太美
10950,墨清
9466,伏云生韵曲和风
8600,《你是t m煞笔吗》
4457,Popeyelephant
230,13294441
7239,lnesjer
13950,欧尼酱快拔出来哪有一边中出一边表白的
6709,fxianxian
5002,Shirasu Azusa
18271,𝓝𝓾𝔂𝓸𝓪𝓱
215,1287461299
13612,杨柳
10957,墨竹
15362,睦睦
937,76561199062843191
15737,紫薯汤圆
12884,散分带星
6170,amunsbug
17175,郝仁
15073,琳琳
11984,帝玖
16580,虹桥飞浦东
7194,likun21_0_0
97,1020526950
7740,sd大牛至
15645,等一生都等
7575,pipijiu
17743,静水流深
1134,ALEXIOS
6120,aaa~sherry
16584,虾仁不眨眼
12844,摸金校尉
5955,Yuen
9927,冷漠的像电车里的乘客
7712,sabear
14445,深渊漫步
1408,Argentina
5764,XIZAOYISHI
10593,呼
11567,寒江孤影
8712,一川山
14499,清高祖-李成梁
16026,聚合
7868,ssharkimoto
10729,啊0。o
15523,秋田饼
14184,沙漠记得谁
5362,The
7361,mhm
2678,GniyGnat
4161,Nayuta
10948,墨晓
18138,黄猫sips
7339,master_T_official
918,758625261
9298,云词
5439,Tolria
13557,李在搞咩啊
5087,So1stice
9287,云梦之影
10227,单身汪MXY
9683,假如我不是龙百万
12926,新手
15368,瞐皛厵
3028,JFHELL
16415,菠萝吹雪
3568,Leroy
9824,六维时代
373,1844679967
5453,Torick
11877,岗铁霞
9662,信鸽
12865,放开那只萌王
13455,望風的蜗牛
12568,我是灵均啊
18240,눈  코  입
1019,934974681
8260,xsk200917
16566,虎源太
13238,是老吉吧
14328,流年
666,3172497588
524,2537234834
7722,san3
15617,笑嘻了，家人们
12793,挂比在线自爆
18260,𝑴𝒊𝒌𝒂𝒔𝒂
15592,穿山甲
9283,云无月丶
8110,where'smyhair
17687,露娜癌患者
11312,奥本海睦制造丰氚箱子导致长崎速逝
82,10000000000L超级大烧杯
7266,lscheng
12938,方笙语wx
8777,一酒长歌
14390,海珠区爱情王子
365,1814987825
15896,网中鱼
13001,无敌战神
9426,以子OvO_bilibili
12303,怎么改名啊
4148,Namikaza
4750,S1anre
526,2546048147
7819,slavegirl
11912,左夫人
6162,alt+F4一键换皮肤
10066,剑仙李淳罡
16229,花海
6612,emo形态
6750,good lucky
9880,冥道人
17751,非诚勿扰
846,564421931
12263,志贵
9537,余夕
9678,倾耳听
9245,二刺螈带师
8545,ᗜ‸ᗜ
445,2212069313
7225,liyuhan1994
7180,liangweishuai2005
8406,z599006723
5343,Tender
18095,鸽f
2954,IamProvidence
12695,扑凌蛾子Sama
12459,成岳是帅哥
8346,yoshao
13387,月亮一直在
17402,阡陌
5587,VigilanteD
17156,邦邦
3435,LFmax
7465,ngljnglj
4364,P_ZAQE_TQR
17685,露娜sama的狗！
439,2157115163
13130,明止
4758,SC4RLET
10943,塞牙小孩
1262,Akosm
11973,希露菲叶特
7095,kuroneko
2767,HOBO
12537,我思故我在
11070,夜雲泽
13456,望鹤籣
13679,果盘先生
4112,NARUTO
17896,饮斛光
12748,抢A门的Stephen孙
16680,西米露露与凤尾虾球
9199,乙坂星宇
5224,Suro
13395,月悬天如依
12180,彤玥
14877,狗卡死码
15140,电弧星，鸡肉味嘎嘣脆
3804,Madeline version
6617,eo58.
16996,达可困呼呼
10756,喜多郁代
1525,Azumid
5396,Tian_yiff
9294,云破月来花弄影
1838,ChainBurn
1945,Control
6378,chenmu
5957,Yuhei_G
9167,久遠寺 有珠
9878,冥土追魂
4339,P1an
11471,宇宙真理42
7793,silence
9889,冬蛰一夏
14915,猪猪
9163,久未放晴的天空
9499,伪善者的祈祷
4875,Samjoo.
4277,ONE
6165,ambio
16417,菠萝榴莲凤梨派
640,3067544664
9890,冬青京墨
15721,索尔城第一高手
14372,浮生--归途
4467,PrincessGura
14981,王子门之最
3783,MR.D
9822,六磷石
11239,天邪
14892,独揽东风
10648,哇丶是金色秋裤
15647,等天黑
11539,宵崎奏我心意
17599,雨王
4354,PMMee
15614,竹节
13589,来一杯冰可乐
11572,寒蝉凄切
16655,裤子鼓包，见人就超
8203,wzh123
17014,还有一朵云
8279,xxx君
11454,学习新思想，争做新青年
16362,莉可daisuki
14839,牛马冲击波
16893,超级杰宝
6608,embarrassedouter
17645,零落一秋
12794,指定有你好果汁吃
8151,wolf_baihu
4866,Sakura樱姬
10103,勤奋刻苦懒羊羊
7510,o_O
8400,yyy
14523,渭风
17788,预警员
3462,LPZ
15206,白子の自行车
12799,按时起床
2865,Hoder
9206,九十九斑马
15428,神一样的男人
17892,饭桶(●.●)
13030,无能为力
8779,一雨立秋
6932,iridescent
3038,JJJJJ
3738,M1rckNi_水银刀
8804,七安丶
13585,杕动玩具無駄無駄
9427,以德报怨圣嘉然
3604,Lily-Knight
7711,sabbath
3345,Kio
938,76561199076194764
3601,Lil-Ketchup
14404,浸月
2945,INTJ.PMJ
2179,Doby Xu
9162,久岛鸥
73,0pens1nk
2582,Fuwish
8902,下西楼
14506,渡
4293,Oi
11608,小z
11729,小缘要努力结缘：）
15179,疯狂老六
5577,Veritas
15168,番长
5766,XKF
11421,孑然似墨
12139,张皓
14429,深
8528,Σ(っ °Д °;)っ
10256,博丽灵梦
13417,月黥
6339,car god
9043,世相
17514,陈伍子汐
12020,年轻的老头儿
2167,Dior Z
8696,一只暗翼吖
5711,Windperiod
14829,牛子翘起来，让我嗦嗦
10716,唯唯唯唯
17009,还会看电视
16135,舜日尧天
7350,meat
12867,放纵
14897,独角戏的回忆
4509,QWQ
18055,鲜灼
6271,besokuse
3600,Likgshin
17951,驴头杀人魔
6642,fanbfs
627,2u35
1855,Chelsea F.C.
10006,分手在起风这个季节
3562,LeonHam
6818,helloyxc0308
15227,白给从未止步
719,3488117931
7215,litxianocan
7383,misaka.mikoto
8024,usagi
13045,无量
5459,Touma Kazusa
4602,Rann1
4432,PinkDevil
15126,由比滨结衣
11304,套马的汉子你威武雄壮
5570,Vanity
1946,Cookit
14843,牢大爱鹿关
6706,fwqd12
815,4er1an
13273,晨曦曦曦曦
3241,KRIS
1785,CTL
8262,xueli
1835,CesareBorgia
14025,每天都很困
3683,Lucia
12946,旋转跳跃摆烂的尽头
7461,nemo
311,1600380611
4615,Re7
16250,花间岚
13628,東瓜h
6382,cheny
11340,好人
10176,千寻姐救我
11948,布尔什维克意志结晶
15781,红葡萄加玫瑰
15546,秘制手扒鸡之喷射战士
237,1347827735
15954,翻跟头的猫
13582,杏风
14413,涉过愤怒的海
12676,战场原`荡漾``
752,37狼
14894,独月特影
1355,Anon Chihaya
10504,向阳阳阳羊
13851,梦里梦见它梦她
1999,C丶YL
7347,mazhao_liu
2232,Drta04
6000,ZJH
234,1339158620
10990,夏弥
12049,幻觉
2073,Dark
15720,索伦系
14578,漫游水云间
1157,AQN
12031,幻
3467,LTZB
9171,之下
6244,bai
2330,Elysia
4,#define myself 250
1313,AlxvAic
17337,长夜漫游
17769,韩道友
9098,中二患者
6828,hhhxswl
8417,zero two
14477,清漩
10746,啊超
7141,lastsaber
1084,AAAFIYA
2834,Heracles热衷996
9665,修机修到异世界
7145,lbaobo1
8392,ywbyyc
2378,Esu
608,291231316
11092,大吴疆土の最强传说
4629,Red Akarin
5617,Vyrim
17594,雨宫饮月
12171,当勿忘我盛开之季
62,0221
13151,星之扁比
13340,曦歪
12099,开放世界又肝又上头
15912,罗德兰小帽子
13822,梅花十三五六七
12466,我sha你die
8930,不吃晃
14252,泡芙小仙女
2986,Inkorie
18190,黑門游侠不会梦到兽人
12210,待一怀青山
6826,hha
17285,铁奥一动不动
7677,rideia
6002,ZJJ
8941,不太高兴的太阳
3910,Melinna
4627,Rebirth
3780,MO吸哥鲲肉卷！！！
10287,卿鱼的七夜
16997,达嗒搭
12960,无可奈何
8056,vsmmvs
5827,Y0Y0L1U
15418,祈愿琉璃
9440,任懒懒
13737,查拉图斯特拉
11271,头发总翘的沙雕真君
17132,遥和彼方
5026,Silhouette
9522,体寒仔
5477,Trs
7723,sankeqingfeng
14188,没is
7240,lntelli
13984,此贼合休
6738,giovanni
9933,冷雨常欢
10395,可
6153,akura
645,3085977225
9080,两株枯木
3876,Master丶chief
9192,乐见forever
2399,EverGlow
3144,Johnny&theMoondog
4131,NONXX
2020,DARKER
15996,老菜逼了
17071,迷失妖精乡的呆毛
13367,最好的铃铛
15076,琼里
9717,傻东西520
14418,涩涩真君
15983,老柏
8998,不要打老子
15406,礼义廉三德兼备
12714,打滚鼠
7206,lio阳未寐
12402,想要成为米塔的卡带
16863,起名真难~
4573,RUNNINGMANQVQ
1254,Aki
758,395569154
9475,会发光的牛子
11252,太美丽了珠泪
13506,末晨
10202,半月
9076,两仪未那
17620,雪树
11754,小野牛来咯
5940,Yossiko
1541,BB88
9460,伊苏林迪竹节虫
12841,摇铃唤白鹿
8500,zz
11719,小神棍
3631,Liyouxie
8680,一介书生
1289,Alice
8989,不羡画中仙
12476,我不是美少女
125,1098420848
6383,chenyixun
13445,朔诏子
2880,Hornet
3090,Jedi
3319,Khalil Kang
5176,StrokerYiyao
12672,我，艾斯，在贵阳
2534,Fog
16381,莫颜渊
7597,pppfengppp
17993,鬼鬼坟头飘
8854,三岁就会浪
15188,痴瓜群众
7964,thuintro
1519,AyiYa
16320,范特西Oo
17262,金荆
17307,银角大王
10553,吾儿中成药
13667,林深时见🦌
12906,斗战神
15059,理塘最強伝説と絶兇の猛虎!純真丁一郎です!
563,2718738165
7730,saputello
10411,可惜悲伤满身
2774,HUASHUI
5213,SuperNatrual
417,2059530269
2941,IKUN
8640,みつは
2828,Hello world
17223,释怀是埋在心底
8109,what2929
16211,花开依梦落
14624,火锅
14465,清奕丶
2205,Dovisyy
776,433
13110,明天不下雨
15048,理塘の煙魔悦刻丁一郎
8828,万色星辰
17521,陈平安
9436,仲卿
9731,元素千层糕
6474,c建康
1966,Crimson
14341,流萤罗扇
10070,剑神233
2255,E.A.S.Y
5685,Weiss
7715,sah1i3hpohad
11569,寒江蓑笠翁
11249,太极小子
8416,zero captain
16138,航七海阅千秋
218,1291731623
6447,crazy-zjh
17768,韩老魔来也
13197,春和景明
5887,Yananami
4425,Picasso
9433,仮面ライダーニャル子
5554,VIVAN
11499,安晓言
13152,星之泪
14994,王志文
12168,归港的骨，出海的船
7092,kun
9825,六老师
4612,Ray宝在摆烂
13888,楠槭
5761,XIOHEY
1508,Axisfred
2304,Eelis
16896,超级血河大王魂穿翻斗花园之牛爷爷的爱恋
16018,耳机一万八，警家听匪
10444,司篁
842,550776742
2016,DANK1NG
6209,asrfadafgag
15641,第六次日落
6914,imba2544
16461,落入梦中的雨
17092,逆溯
3534,LeEEEe1112
5121,Soyo Nagasaki
2851,Hide on bush
1761,CHIADO  !!!BOOM
2744,HAXGUX
5398,Ticy23
6778,haloandy
8986,不端
225,1307789834
2087,Darken
15070,琥珀纸夜
15711,純真丁一郎で す
8372,yueee
7872,ssssssss
6007,ZT
1365,Antimatter
13604,来自星星的河蟹菌
530,255am
7525,ooandoo
17690,露琪卡我喜欢你吖！！
1862,ChengSi
7151,le
658,3137426144
6500,dazzling_mark
12183,彦祖
7002,junyuwsda
6636,faith
13768,核平道士
10918,坐忘道
9126,丶
10146,十
5596,Violet
5743,Wwwwwtt
8795,丁真纯一郎
817,5
6801,hayasakaai
17028,这就是我的名字
15698,糖分
10182,千秋江月明
11004,夏遐易
607,291101265
7994,trp
8677,一个正义的大侠
11441,孤独倒数夜尽头
371,1843581737
5836,YE
9333,京哥
9240,了解你的汗味者
11707,小猪佩奇
9307,云风
12360,悄然消逝
10596,咆哮
6086,[SSFD]Lware
3578,Li-3
14357,浩月-JQL
14951,玄星Vstar
592,2831120038
11949,布布小丁
2446,FFFFXXXXKKKK
7186,lie ren
5352,Teresa
7546,p1easer7
1198,AchaoA
16470,落涵佳娜
1404,Arenvelt
15111,甜甜圈真好吃
12948,无一
3171,JumpJumpSuger
17137,邓卜利多·赫
2990,Internerazzurri
11656,小小怪下士
11378,妖刀姬啦
5381,Theshy
7701,ruzijin
5588,Vigiler
154,1150188721
9618,你的Aries
13282,普通人
8950,不开挂就注销！
14082,永不复行
16146,良田满穗，穗满良襟
13911,樱漫即春
2760,HJH665
16905,超高校级幸运のelectronic
4884,Sansigeid
3479,LYB
17386,闵而
16275,苏世
1856,Chel某西
13568,李氏春秋
3505,Lalala
17726,青衣
396,1971726131
939,76561199101572636
4272,OLDYU
14123,江尛笙
6102,a1119829328
9413,他说 可以上了
679,3247130065
6898,icysmile1993717
3840,Mangf-errban
2495,Fen Agen
5252,TAO
15125,田田的胖子
18090,鸦澈YaCHe
18266,𝓒𝓱𝓪𝓾𝓭-𝓯𝓻
15621,笑死
14119,江南丶雨纷纷
15202,白嫖怪
1560,BLue Fire
4400,Pedro
13935,橙月
9659,保安小苏
6444,cpyzsm
18107,鸿雪
10633,咲夜琉命
14235,泉与败德汤
15745,結束バンド山田 リョウ
18080,鸡脚食不食
507,2463988139
2653,Genius233
3258,KairyNas
16300,若叶睦
12045,幻海
5547,U爱娜
7727,sanyknight
9408,从零开始肺腑之
5913,Yicious
18284,🌙
14466,清寻
11284,奇迹再现
7234,lmZs
10855,因幡帝
14301,洛烟鸣
10328,反方向的钟OvO
5237,SwordDance
9018,不驕不躁-随薪锁欲
16223,花栗鼠的美好生活
15325,眞白花音
15209,白开心
14075,水鱼招
10054,别语Master
3999,Molur丶
467,2303088986
5609,VoidVindicator
15623,笑看人世间
10165,十彩
12436,慕明昭
7371,mikeniya
979,842633886
15339,真的好无聊
10486,名字长
8414,zcxtoby
13163,星愿
17803,风
5225,Survivor
10744,啊瑞的阿
15733,紫罗兰
9146,丽贝car坠落伤害高
14528,游不动
2288,Eagle K707
10736,啊啊啊
6542,dige_fan
13430,有机层析液
4830,SUPER DOG
14006,殇泪-梦落雨林
14519,温柔的椰子加农炮
1279,Alex_1901
9237,乾坤易位，阴阳挪移。
16877,超甜的栗米星
11916,左脚绊右脚
11971,希琴qwq
9682,假人Ditto
7990,tq17318805668
4738,Ryota
7220,liuzhongyi24
801,484241826
7003,just Geji
11080,大光
18299,🦖🦕🐅🐆🐉🦂🦏🐩🦜🕊️🐘🐕‍🦺🦅
834,528124000
5278,TIME-KILLER
11915,左秋烻
2037,DIODES
9681,偃甲师
17427,阿五
1844,ChaoMan
14536,游戏小怪
2887,Hu(Turkey)
11571,寒羽
13058,日月星辰
7425,mswnkb
6588,d木
1221,AgitΩ
3298,KcNco
8823,万灯灭我独明
3117,Jilanyan
11954,帅啊义哥
15656,筷子夹豆腐
45,.....
4357,PPLL
275,1465139361
7238,lmr
13066,旧时浮沉
2323,ElmaTony
13955,欧皇本皇
7526,oooo0204
11768,小馋猫
16560,藤野康一
8649,オイサラバエル
2746,HDONG
3701,Lumos
12846,摸鱼划水
15232,白给的神
14740,熊比皮皮大
14807,爱蜜莉雅天下第一
9330,亦是若兮
12528,我就是个哈批~~~~~
10479,名字
8195,wxl026235
17469,阿杰
3318,Khada Jhin
13954,欧玛基里曼波
7021,kasa1116
10799,嗯...
7734,sbeui203
14517,温柔了时光
5062,Sleepy午睡
6233,b44qqqq
12559,我是厨神不是愚公，能让你吃饱但不能移大山
14976,王同学
2471,False King
1577,BUTTERFISH KING
18157,黑夜照亮你
15569,穆臣
18298,🤣👉〣( ºΔº )〣
1590,Bailey
6640,fan
9370,人造铁憨憨
11098,大圣归来
11711,小玖
5751,X.R
5979,YuzunemuZZZ
10926,垃圾游戏还我滋蹦
14610,火柴人
18024,魚
15632,笨蛋总是牛眼泪
18242,한반도의 유일한 태양
16276,苏东坡
12919,斯文的滑稽
6662,fengshu
5564,Valhalnar
16421,菲尼克斯的酒禾
4039,Mr.Cacti
15730,紫炫
13461,朝花夕拾
12628,我的环直不会输！
859,592956790
6936,isjs
11313,奥本海睦研发丰氚祥子导致长崎速逝
3146,Johnnylulu
7251,long ti fly
17043,这这不能
8794,丁真的尼古丁救赎
940,76561199123270307
16984,辞余
17417,阴天的雨
11107,大宝要炫饭
6126,abc
11790,少年柳然
192,123CN
14938,猴猴猴猴猴
16795,谷雨
5786,XddD
17477,阿煜啊
16214,花开日落
2216,Dragon
1004,895689234
17734,青青草原阿豪
593,2833175911
6342,carp
10980,夏
11803,尘白禁区第一女制作人
11225,天盗走私
6261,beer
9938,凉介
7881,starry sky
9085,严肃瞄准P
7976,tom
3511,Laniakea
14975,王叁無
14490,清霜
1265,Alan
12808,捞女游戏恐怖如斯
16671,西游记真摆
9498,伦桥
12454,戈叶
10277,卬炀火
3142,Johnny Rico
11753,小郭郭
18269,𝓘𝓷𝓯𝓲𝓷𝓲𝓽𝓮
8222,xiangys
15008,玐玐
16441,营养快线
14810,爱飞的鱼
7298,lyl
14518,温柔小乌
291,1544364305
334,1694542223
476,2356081033
9022,与尔
5203,Sunset_Afterglow_
8671,一三七
2556,Freaky209
14186,沙福林KKK
13993,武灵巳
518,2514449611
7602,prejudice
17663,雾岛
6807,hdmstyt
8557,↑→↓↓↓
5455,TouZhu
10781,喵戴士
9505,伴繁樱ovo
1298,Allen DJ
13743,柯柯好菜
8028,uwuzerotwo
12480,我与命运颠倒
1831,CeleTina TT
4832,SUPERYGEGE
17966,骰子DICE
7332,mantou
6966,jiexu
5089,Soal丶绝刃
7676,ricaitianxiadiyi
7801,sin
8142,wl20010520
3008,It So Weak
11467,宇宙护卫队抬水员袁老
11856,山海
5861,YUENIAO2000
9746,光
10188,千载幽夜
12845,摸鱼ING
16581,虽然我菜，但是我喜欢番茄炒蛋
4334,O？0？
6134,adkstkerzy
4799,SOMETHING FOR NOTHING
9438,任何邪恶都将绳之以法
9708,傑楮
14748,熙熙
9023,与薛定鄂情缘尽
12295,念萱
13254,晓克potato
7108,l1A
6425,coconut
12579,我是黄豆豆
18208,齐大哥
14818,爽歪歪
6961,jiang
15014,玛卡巴卡的小石头
14347,浅思离
4710,Roxy
9940,凉意
13153,星之露比
12429,愿她此生安好
6993,jsntzjj1980a
14167,沉默之剑
5672,Water
1095,ABOYKING
11879,岚刀一直切
9238,了梦无痕
5348,Tenero-_-
15163,留羽飞
6880,hulupql
7529,orangebanana
16252,花间灬壶酒
17261,金生善
12209,征服者爬虫
15716,素祈
11781,小黑皮吖
10698,哼·哼哼 ----啊啊啊啊啊
2078,DarkLarge
9483,伝説の馬娘東海帝王
4285,OYYO
6980,jks
11153,大胖大哥
10334,发烧的冰砚
9738,先倒地激发队友潜能
13842,梦梦梦梦子owo
12237,微步毂纹生
2943,IMPERATOR
14491,清霜攀黛瓦
2439,FANMAN
7704,s1gle
6288,black
9380,什么都没有4pm
4418,Phoenix
102,1034796092
12989,无所谓，我会出丑
9397,今天阳光明媚
3083,Jayden
16633,衫、
8702,一叶红鱼
15926,美艳大盘鸡
8108,whale fall
1722,Buker
4954,Shader
16416,菠萝和猫
15746,絔
14114,汝耕
2302,EdwinChen
913,750206349
685,3274935117
3355,Kissshot·刃下心
16081,能放就放
971,823455597
13578,李阿狗
17818,风吹pp凉
3351,Kirsten
14073,水西
15423,祖师爷沸羊羊
6714,g gege
12479,我不造啊
17664,雾岛·董香
15694,糕手乙
12726,找不到的X
5410,Tim丶
18291,🐟
1649,Biggie
15312,盲目吃鱼之神派大星
14128,江柳酩悦
1717,Bruce L
5077,SnLy
15889,缥缈孤鸿影
1115,AHGJK
2346,EnnisHurley
11902,巍洛澜阳
12163,归尘
14270,注入王虎病毒！
15372,知夏劝你善良
7351,megumi
10556,吾心吾行澄如明镜
919,76158296
712,342880205
11782,小齐大大
7601,ppttfish
12008,平凡の人
10027,初
9859,再也不贪刀了
13205,春眠旅団
17406,阳光大男孩
867,624083440
12125,张****老六
14927,猫爹
14785,爱扣莲宝
502,2427351172
6963,jiehongbin1997
2592,G0dswillzz
11339,好个秋
8170,wujige
368,18256309866
13037,无论云泥意贯一
6510,deadbad_zero
11799,尘封往昔
16835,贵妃的小娇妻
711,3422636099
5358,Tetescope
15287,皮包皇帝
15577,穷困潦倒鲸某人
730,353367896
15370,矢志不渝
16495,葵
184,1226924342
5634,WHALE
2872,Homelander
14343,流风萤
11649,小子有种
6227,azxivecd
17656,雷茅病
14214,沧澜
14654,灵羽
7023,katell
7867,ss454
3750,MAT海战猛虎
10720,唯爱淮竹
9978,凪光
10784,喵污君
11179,天上白一夕
14131,江畔暮雨纷纷
9477,会害怕鱼的猫
862,6
15427,神
755,384578529
13220,是周星星哇
9910,冰铃
11393,姜尚真
11207,天帝教传教士
1799,CallMeYYisokk
9588,你寄吧谁啊
1065,?
14640,灰烬
15293,皮露露可
9046,丘比特甩狙.
4146,NamelessDog
7565,phosphorite
12143,张誉铧亲爹1926252552
2110,Death From Above
10535,启瞑
8395,yxt
11817,就知道你眼光好
993,861894446
2704,Grayyyyy///
10789,喽伱姆
191,1239511290
15688,精彩万嘉宸
16263,苇名跑酷比赛冠军
15584,空条JO太郎
13128,明末就是一坨狗屎
8119,wicaty
10630,咪斯特.建
10265,卡巴尔枪盾兵
10305,叁典依寺
12958,无双上将邢道荣
15028,玩物丧志wwsz
15460,神棍银宝
7830,sndhwd0923
8348,you can
7157,lemon
13716,柒柒ra
9,%COLOR(CC3299)“༺༃金木研
17731,青锋
4790,SJXR
1885,Choose
7520,omet
13364,最后一次 我们把仅剩的一点爱做完吧
14559,溯 源
17064,迪少爷
11665,小峰峰
5742,Wung Wynn
3658,Lorry
8543,ཅང་ཤིན
17334,长亭外轨道旁，窝擦这碧连天！
920,762340425
431,2111094244
16810,貔貅sama
13882,椰奶甜蜜蜜
17535,陌上长歌
6321,by6661
13856,梧桐树下
15304,盗号狗给爷死
12338,恐怖拉矢人
15788,红（温）孩儿
15594,穿时王皮套戴帝骑腰带
6106,a1qgz63c74
7657,rcys123
9297,云终韵
4152,Nangon
17543,陌迁
12730,把握不住的潘子
13505,末日警探
12332,恋し
9952,凌月
120,1083282373
100,1030029426
13172,星河几分似她
8368,yubei
54,/<!?;<O.o
17454,阿尼亚
6218,awen
8967,不是小不点
17714,青瓷丶
10055,别锁了要死了
14397,海蓝色的谜
6646,fangwen9527
11841,屑屑屑
18229,龙王缺德
16885,超级屈原
17509,陆小菓
6192,appvcf
6413,clauency_bi
15613,竹烟波月叶思琪（燕云ing...）
8081,wangruipro
3611,LingLing
13729,柚子厨蒸鹅心
4879,Sandanzzi
13550,李三的三
16693,要七
17626,雪糕不能吃
12648,我要喝青梅绿茶
1006,897101294
18035,鱼子酱
6641,fan1t
8258,xrtm779892
12752,报一丝报一丝
11306,奥力给夹心饼干
4632,Redyck-
6295,bling_linyu
13690,枫叶
11740,小落伐
13437,有趣的不知道
6663,fengye
11358,好想吃火锅啊
11253,太阳与向日葵
9024,丑态
7384,misaki
4065,Mr_LI
3842,ManintheSky
6530,devilcatxx
11758,小阿正
5545,UwUriel
353,1771662844
10258,博麗桜夢
11126,大明首辅鲜美多汁
10919,坐忘道 红中
17682,霜笙
11794,少时诵诗书
598,2862103911
3620,Lion Sing
11416,子炫
418,2067375162
2028,DDSD
7876,stan
13782,桂言叶
2094,Darth Pool
7755,setsu
729,3533026701
14787,爱新觉罗•乾隆
15971,老少年
11853,山楂锅包肉真好吃
4090,MyGO不是自奏圣乐
13035,无言以对
6556,dongd
9806,八重神子的狗
3688,LuckBlessSD
3736,M1Lslayer
17671,霁
4199,Nihilor
13903,横断山下胡半仙
7269,lubba
177,1207910023
16322,范马种噬脑怪2代
1200,Acreking
5036,Sin
12526,我将以杰尼龟的形态出击
12564,我是小熊维尼 正在寻找熊大
15515,秋打断他的忆
3119,JinElegantKun
1445,Ashes1003
5047,Six
7336,marin
2104,Ddorpp7ᐇ
12368,悲しい人
17868,飞升
8664,ベヘイレット
294,1553890067
4593,Rakami
9078,两岁少年想打职业
6777,halfish
7957,thekingwu
16348,荒砥凪
3875,MasterL
10134,北狼
6341,carl
4422,PiKaChu
13231,是枝
14826,牛头狂战士
12625,我的樱岛有麻衣在爬
16025,聘果丷
13624,杰瑞
6908,ikros
14653,灵罗娃娃
882,657760682
16400,菜就多练练
16152,艺人康康上校
6652,fayeee
77,0v0
14790,爱民如子高坚果
11783,尐懒猫ME
17377,问了没
6567,dream
17185,都给我免费
15712,素
17511,陆逊
11970,希泽奥特
8919,不兴
16477,落魄山朱敛
12413,意
7114,lady
3130,Jks-
18218,龘臨
8074,wangguijiemath
3239,KPL最強伝説​夢の涙傷
7904,sunshinebread
15037,玲夔殇
15081,瑞克
1798,Caliburn
15936,羽落。
10370,只与绵绵无期
2040,DKYH
8992,不能吃辣椒酱
3280,Karin丶
8063,w6un4
1179,A_Sx
7626,qiemo
2748,HE
2267,EK
10603,和月同尘
3533,Le1eL
5146,Star R1ch⭐
486,2394675051
9274,云南第一甩头哥
16002,老逼登
2860,Hjc2021
8909,不争
8699,一只野生的零食铺
15938,羽鑫
4286,O^~^O
433,2118591576
6683,forest0174
3973,Miquella
17272,钢之妹控牢大
13986,步入归途
15034,环直小骑士
10135,北玄水镜
14083,永寄之群淦
15447,神威難藏淚
16915,趴菜
6229,b0t
15128,甲得问丁真，我就打了一梭子我怎么知道
9009,不言
12042,幻想郷
2893,HuangDashi
14630,灭无影
3985,Mitsukasa_Ayase
1993,Cyrus7
18008,魔法少女人鱼姬
9857,冈部伦太郎
3331,Kim
13596,来把波塞克
10049,别睡了一起吃夜宵
8059,vvvvvv
11594,封
1878,Chips'7
14840,牛马树下牛马人
2891,Huaixu
2849,HiK TeX
4915,Scherzo
14647,灵川智夫
5451,Torch
17836,风紧扯呼
1492,Austin
11671,小心二刺螈
2889,HuZMa
5911,YiJ
7474,nihaowa
15215,白泽
2740,H2S
7447,narcissus
14337,流痕
8848,三千年绯想
15243,白色的紫云哎
1209,Advanced Mathes
9868,再见了狗苏丹
17046,这里有一把火焰刀
7188,life just like d1ck
10883,土豆
1168,ATIOX
13875,棱音少女冰糖果
4536,R18
10303,县长
7079,konakona
13809,梁萧i
3126,Jinx
7532,orz
16592,蛋
7669,representp
8685,一包番茄酱
2588,F小姐说得对
15454,神明
16257,芳泽 堇
3909,Melina
5896,YcdZ
10455,吃糖咩
9387,今夜斟酒肆欢谑
2456,FORGET IT
4677,Rihisyo
6979,jiushiwu丶
8755,一碗面Bro
8888,上课不放假
8003,tuanzh
10730,啊~
8595,、、、、
10582,周凯宏
15559,程默__
11808,尛棠love
7322,major亚军niko
15410,社会主义五好青年
17021,这下不得不喜欢AR15了
3563,LeonHeart
6385,chickenfit
10876,圆规
11292,奈良弥生
8250,xja_r
14268,泥布芙气
16144,良夜秀苦
7603,pretender
6181,anofinda
11628,小凡哥哥
15829,给你一锤诶！
411,2038623843
1467,Astora
2779,HYAKI
9840,关山难越
17590,雨夜带刀不带伞
10219,卑鄙的异乡人
1124,AKA山东肘击王
13216,是Leon不是Lyon
3808,MagellanOvOlan
381,1877946593
8773,一身清贫
15857,绯墓
5927,Yoisaki Kanade
3997,Molen
536,2603521797
229,13292980039
11429,季柏初
2749,HEESOO YO
1826,Cc330LoveGame
11285,奇迹行者还在刷野
430,2110320678
17026,这个好诶
13167,星月琉璃
57,0.85Joule
7654,random magnifier
6959,jhapy182810
13249,時崎クルミ
1892,Christin
17999,魅涵.
13906,樱岛柳京子
7646,qwq莫名
14427,淮安
9091,丨断.舍.离丨
8273,xxj183
7503,nwe10
7403,moner
15913,罗罗糯鸭
16353,荔枝，你要我怎么荔枝
900,719216200
13439,朋哥
9769,兔寅
6725,gentle
16929,路过
1786,CTMD
17056,违法降温费
15726,紫影天华
545,2658491675
1588,Bahamut
4582,Rage
10981,夏了村雨
7965,tian
6492,dasein martin
16484,董航凯2号
13602,来自保加利亚的周某
13095,旺仔乔镘凝
152,1146355060
16113,自然选择 前进四
2227,DreamsireOrange
1736,Bzzz
16830,贰十柒ESQ
6858,hsftjssr
17615,雪夜中的樱花
451,2227951378
16961,转生成为复仇者高手
1548,BDSJ777
672,3194563220
15002,王者荣耀
16999,达芬奇第18代传人
12025,幸福的小肥鱼
13982,此生必超东北雨姐
18131,黄帝
6325,c1outer
11150,大聰明
13516,朱元璋（ONCE MORE)
18259,𝑬𝒕𝒆𝒓𝒏𝒂𝒍
10051,别给哥压力
16220,花林
76,0rabell0
10537,吴哥窟的表哥
11645,小墨io
91,1011698854
613,2950047820
810,497860297
15248,白虹
11670,小康
9347,人束旧装
15351,眼镜才是本体
594,2834951683
11621,小何沐清风
5291,TOXYUAN
7210,litian8390
4163,Neil
11642,小喃111
5851,YOLOcha53R
13403,月球上的漫步
5810,Xsypx
18262,𝑸𝒊𝒊𝒊𝒚𝒖𝒊𝒏
501,2424982217
16246,花遇和风
11426,存在之外
3257,Kain
14342,流萤重度依赖
15265,百晓生
13176,星湖的水我的泪
2332,Emanon_73
13877,植物战士
7408,moon
4542,RADWIMPS
14979,王大可
8480,zswww4
4846,SaiYa339
8786,一，一
10765,喜欢打游戏
819,5002
8049,vivi
7199,lindaiyu
4772,SH$$$$$T
8205,wzsmt247
2721,Guinevere
2319,Eliwood
16442,萧墨殇
3235,KOKOMI
17711,青犬
980,842661998
16331,茫茫人生好像荒野
10632,咲夜·玖叁
14682,烟中恶鬼
564,2724223621
15759,红也中
7027,kd0.1
16280,苏子
8920,不再孩舅
440,2173966861
16141,船板丶
9225,书生侠客梦
12983,无恙的无漾
5249,T1rose
13346,曹操很内向
9548,作者
12995,无敌冷少
13764,栗悟饭与龟波功
17271,钟！有理数
13815,梅子酒
2514,Firing Shanshen
11926,巨根哥哥
9329,亡蝶葬仪
676,3220147693
12665,我锤石你德玛
680,3248691544
10812,嘲风
1345,Angela
6433,congeal
12211,待会去码头搞薯条
13639,松阳
11180,天上的老怪
2327,Elsey
644,3078653740
14474,清河少东瓜
13711,柒
12394,想吃肉了
6369,chen
10827,噩梦缠绕
9328,亡聖-光是纽带
3229,KJQ666
9968,凡尘。
17638,零九又零六
10489,后来我什么都有了
11814,就TM你叫夏洛啊
17924,香香屁股拉甜甜便便
7789,shogai
8324,yiming2633
11936,已断开连接
8430,zhao12185258
4180,Nextural
8826,万穗爷
286,1515082518
4980,Sherlock
10418,可爱の杰
9800,八百里开外倒车请注意
10053,别让欲望击穿你z
7535,ouo
2219,Draloong
2603,GGboom
15035,现在是，机关棍时间！
458,2276106211
7313,m952755064
17683,霞ヶ丘詩羽
11449,孤鸿寡鹄
13203,春景当思
14346,浅尝
8748,一点寒芒将至
11862,山石之岩
9325,亡命之区无路可退，神龙天降愤怒狰狞
1779,CREDISER
1815,Carlmei
3671,LoveZhangQ
5601,Virgil Xu
16704,见不得阳光的吸血鬼
12399,想看的海
3069,Jaden.McDaniels
14700,热心市民
10124,北恒
16948,躲在云里面
12312,怕读文章
395,1966328347
7931,szplayer
2572,Fu
11248,太平洋剑圣
3317,Ke丶当然可以
1898,Chyork
3491,LZY
17487,阿米诺斯-真丁
9144,主公无有远志
6581,dx3906
7714,sad song
14178,沐皓月勿殇阳
7648,qzdf11
16167,艾莉丝在练剑
3343,Kinoko
343,1745447803
10543,吸血马
1934,Colo ello
6052,ZhouShangrong
13114,明天更好
1315,Amadeus_960
17,(∠・ω< )⌒☆
7590,poole
8474,zqih
15735,紫苏叶
12195,影宝
3396,KunKun_Bond
11050,夜猫子不会写作业
14335,流浪的哇哇
11068,夜雨声烦
5991,ZATO
4600,Rangurē
10284,卿涵
6454,crrp
9839,关于昨天
12000,幕
10703,唐冬
16568,虎皮猫大人
14648,灵恍
16571,虚拟
2295,Echo初號機
10495,后藤独
548,2665167480
11636,小吕 维维
15352,睡不好看
6149,aka
5116,Soulstreet19th
7551,pasha
9948,凌形心雨
14898,独醉病消瘦
966,81
15593,穿心膛线
4257,Nuvola
14134,江风QUQ
11701,小熊软糖
10874,圆头髦耋
8176,wuwukai
6626,exian
8964,不摇碧莲#
8461,zlf
12966,无名海
15294,益达
15612,竹洛生
15155,画不了一点
14391,海琴
11581,寒鸦衔墨
17613,雪域无言
8245,xinhaiyuntian
14067,水獭杀手
18044,鱼跃此时海
15355,睡会儿
13819,梅琳娜の锋刃
8466,zm勾勾kk
4521,Qingyu
13187,星级群无限火力
13336,暴龙战士天下无敌
14649,灵梦
10577,呜呼
12203,彼岸
9752,光炬
9823,六神没我六
13553,李余年
6564,dragon chen
14264,波风水门
6696,fuchuan666
12770,拉普兰德的极光
11027,夜のののstar
9383,仄言
13068,早久雁
9709,催寄员-寄汤来咯
6845,honeyflavor
4116,NENE-
17648,零陵灵
2944,IN
7380,mirendemogu OVO
6366,chaoyue
11828,尼德霍格
9632,你貌似有些极端了
1133,ALACE
2385,Ether-言
1664,Black Sun
67,07的19
10795,嗨嗨
13146,昔我往矣
15695,糕手小郑
7612,purpled
231,1330961867
13824,梅贝尔变成梅酱了
5377,TheShy
14646,灵仙羽
4842,Sacred Relic Sword
16090,脆皮香鸡腿
7692,roseannk
12605,我测你们马
9954,凌风
14368,浮尘
9169,么理论某
9119,丰川 祥子
9799,八爷
247,1370477933
944,769395644
17844,风起落时
8764,一脚踢出个夏天🍉
11772,小高
11488,安医不死人
5977,Yuuuuuj
13802,桔梗Kikyou
12977,无心
8839,三亿鼠标的梦想
9983,凯林仙人
7226,lizard
18102,鸿光
1618,BeiJu
16031,肃雍
3057,JaQlove
9252,二心
21,**1560448
6873,huber
8694,一只小淼淼
15112,甜筒雪糕
7232,lllv
17578,雀儿
10589,呱呱的蛙
17782,顾丶奈
12472,我不响丸辣
2642,Gav1n
12354,恶棍很饿
12258,忍不了了
280,1487323976
910,74
10487,名牌手撕鸡
11546,寂寞侯
2708,Greeken
10837,四季及你
1023,941286912
16533,蔡徐坤的爹爹cxk
9689,偏执
7057,kisad
17294,铣钱鏟鋰镒鑊
1285,Alex老帅哥
14690,烟雨平生
6743,god
108,1055061831
14157,沈青玉
9507,伶聘
6955,jellyfish
12954,无人之尘
1077,A-tra1n
17874,飞天强
870,6253087
10705,唐唐不是鬼
3156,JoyBoy
2003,D-HERO
16497,蒂法的锋刃
2408,Evolution0917
13637,松本熊
17850,风里雪
408,2012055357
10,"'""D"
3036,JIUAN
13794,桐谷和人
523,2535784873
7010,kabi
542,2640350048
9227,买不起纯白的纯白
12682,戬氏
3429,LCH6652
10724,商恩
1097,ACC02
16307,苦荞
17827,风沐
8140,wkeen.
9077,两只兔咂
16624,蟹不肉
6580,dvQvbzzZ
7720,salvation
9369,人见人踹黑大帅
1796,Caio靴碇厄的猫
17927,马克思.路塔
16176,芊
8357,yozzzzz
15549,秦心
16453,萨摩耶吖
8228,xiaodi
15648,等待
8853,三季人
12023,幸せになりたい
10368,另一个我
11858,山海没有经
16354,荡了个漾
6216,avison_055
9655,俄罗斯娜娜（湖北版）
9637,佩佩今天也在划水
5039,Single player game enthusiast
4736,RyoKaga
647,3104593929
8387,yushiyang048
3495,Labman111
7030,keen
6191,aplomb007
17705,青木琉璃
760,3dis0nZzz
9496,伦敦小车
741,363334763
9486,传奇捕晶人洛洛
8752,一百三情飛龍侍極
17660,電子狗
17281,钱多多
7527,oopp
5127,Spike __TT
14455,混沌之眼
664,316315song
13577,李长生
15415,祁渊
16182,芙芙可爱捏
12639,我组合数
4284,OVO
4701,Romain Rolland
15772,红的是花儿
10512,君不知柳絮
17722,青草大王
111,1058528260
11148,大窝瓜
306,15967329340
6848,hongtang
18043,鱼豆腐
197,1250405818
18134,黄河黄河
16561,藿香正气水
7687,ronin
6539,dick古德
15115,甜酒乡
55,0.0
653,3122250448
13118,明念
4486,Pzzb
10429,史迪奇必须上飞船吗？
4815,SSH
5460,Toxic
14132,江船夜雨听笛
12108,开飞机
11394,姜峰
8810,七林林
9850,养只小羊啊
3338,King of the farmers
5553,VIOLET
8083,wangty133
1223,Ah_ning
17275,钢铁萌心
482,2372100538
17161,邪恶蘑菇人
3499,Lady Lex
7579,plans
11752,小辛
5083,Snowflake
11489,安和すばる
13404,月白空阁
4479,Purah
12811,换水电费
7256,loveandpeace
11796,尔食尔禄
8857,三悔
7744,seayby
4085,Muvli
3544,Lee奥纳多益达普里奥
16552,薯片
17429,阿伊多纽斯
15139,电子阳痿
10916,坏我成玩具了
7627,qiko
12565,我是小白菜
2231,Droegn
4523,Qprince
16740,许锦
11041,夜明け
10355,古希腊掌管哈基米的神
14878,狗子
16723,讨厌游戏的阿鑫
8698,一只笨猫猫
450,2223966805
4525,Quintus
14606,火星大力拳
1112,AGan
6780,han_swiking
15548,秘客
11723,小禾苗
15433,神仙鱼
4823,STARGAZER
9643,佰烬
4829,SUNOVERLXRD
9304,云霁桑哒
14151,沃德法克
11213,天才少年
5259,TEAMSABER
16155,艾姆小车
17360,长离
14828,牛子给你点赞
12419,感悟
10758,喜感BEYOND
717,3439144885
7179,liang0120
17516,陈冠吸
11078,大佐
245,1365395531
16834,贵呼
17459,阿布诺木
1964,Creator
11525,宝贝
5992,ZArchiver
742,3633617920
5626,WAR
8514,~
5985,Z
8321,yhhemoji
3223,KING.Lebron
4251,Null
16529,蓮華
6345,caster
4490,QAQ
14573,漂不动
7216,liulou
3970,Mio
9039,世界总攻
13919,樱花雨泣
9768,兔子
15628,笠媛
17499,阿铭
6970,jingyue20220129
16478,葉懐橘
1135,ALFASUKA
15448,神子忘川
12544,我推的高松灯
9727,元拾叁
11512,宕机
8050,vivy
11672,小心超人
16327,茗然
17472,阿森
11391,姚离
16148,色孽神选浅水清
13432,有氧二元强酸
16826,贪婪的猫大师
11627,小冲
1500,Avenger
2982,Indexque
15062,理塘最速攻略伝説の純
15750,繁华似锦
15184,疯道人
4034,Mr luo
3922,MerakiC
972,8240501
272,1447459338
2881,Horropedia
10406,可可
2530,FlyingNia
11961,帅的被人kan
11543,宸生明
14696,烨
6583,dyb
12137,张献忠
964,808Oscar
3898,Mechanized Memories
201,1257483183
12176,当茶为酒
10140,北风吹一笑
7451,nauXuhZ
10052,别被游戏玩
12267,忘川渡人
1184,Abce
5844,YJJTUERQI
393,1941797841
6884,hxk22800908
5476,Trouvaille
1861,Cheng
14963,玉米老头啃包谷
3698,Lumier3
10638,咸鱼frank
419,2069858489
9664,修
4807,SPYP
9266,二郎显圣真君
9461,伊蕾娜
11831,尾巴
13446,朔风SF-DX3906
9737,先乐带后乐
6946,jaior
14782,爱恰饭的汪
18149,黎明曙光
9187,乐快常非
2862,HmH
4095,Myles
13933,橙子皮
15407,礼仪之邦邦邦邦
9479,会赢的!
519,2519218188
11655,小小小小仓鼠
15071,琪露诺
14140,污妖熊
17736,靓仔
2318,Elia
12635,我睡觉的时候不困
5171,Stiwenj
1288,Ali Dzhami
2144,DevLt
11166,大风起兮233
781,447467033
7741,sea
8150,wolf
6238,babyshark
17984,高端的敌人往往以队友的形式出现
12165,归来去兮
426,2092910382
15674,粉红色的黄皮狗
12022,并非骑士
14900,狮姐级AD狮
15186,痔者
17776,顶级自由人章若楠
13399,月海
8013,ukpk
17811,风之祀
10000,刀关志
7012,kagAmi
734,3565826711
9790,八千流御行
8336,yjguan2017
14170,沐
638,3055501707
15867,维特鲁威人
13804,桥桥
2380,Eternal Sorrow Night
8769,一蓑烟雨任平生
8364,yu_e
18202,鼠鼠赚大钱
17235,野兽仙贝
6472,czgg222742
642,3072418050
12818,掉线狂魔v色
17882,飞雪连天射白鹿
11505,安靖逸
17813,风之诗
7663,redqueen
11570,寒江雪
6545,diorthonomai
16330,茜AcAね
11864,山边云烟
270,1446821675
16413,菠萝包
12323,性格如此灬
9326,亡灵
10364,古月良木水
9374,人间清醒艾瑞莉娅
5812,Xue
7471,nigatrous
5845,YJSP
12892,文凌风
10570,呆碎觉觉
18293,💕ZAKO💕
3786,MUOYU
9310,五五开工坊
12422,感觉枚碧瑶
11412,子一
9828,六边形菜狗
16405,菜虚坤
15921,美咕噜噜
10927,埃及城管
4797,SO TIRED
11480,宇智波斑【白面具】
3614,Linghone
2038,DIO牌大面包
17312,锅红梅
1176,AX1AN
1732,ByeByeTomorrow
11376,妃爱天下第一
6506,dddh5940
12080,店长
15384,破
16117,臭妞妞的小南瓜
3212,KEASALTER
1940,Comoel
6590,e2001
7189,light
1064,>_<
1730,Buttonwood
10532,听说美金最近涨了，我看看你英金涨没涨
6231,b23df4fc
7426,muli
9673,倒完可就到我冲了
617,29728849
16345,荒晨
6669,fgtrwc
8060,v我50
15943,翛然
8305,yccc
5202,Sunnecavalier
12098,开摆开摆
10359,古怪之裤子
1970,Crtl男孩菜虚鲲
17215,醉梦书生
16824,贩卖螃蟹的羊排
1409,Ark
17847,风过何寻
17960,骑蜗牛狂奔
15809,练习时长两月半
8041,vem05mimini
2877,Horan3_zyc
4711,RoxyKami
16888,超级无敌可爱的虹夏
3234,KLLLEINNN
16324,茉香绿茶
16799,豆浆
12500,我去前面探探路
17507,陆仟萬
7991,track_
5864,YUNRONRON
8420,zg74015
2837,Hermione J
4814,SSDDD1024
17314,锅针
10569,呆瓜小老头
1756,CG‘s friend
7482,nmwuylhh
16853,赤心未蹉跎
7589,ponttif sulyvahn
11037,夜小雨
11407,婷诺涵
1591,Baipiao
16,(¦3[  ]睡觉
16087,能给你的自由是放手
16702,要离
12410,惹毛了就缺德
11432,孤
13565,李时年
1564,BOKI花
14565,滋我一脚
3465,LRY
13814,梅古拉
3009,Itachi
14276,泮
17901,饿
14062,水木晨惜
11141,大爱仙帝
11268,失败的螨
10619,咖啡特浓加冰
2874,Hong lu
6543,diligent-pig
1270,Aleksib3r
17075,迷路
547,2663067439
204,125966528
15870,绾
15587,空白一无所有
14148,沁香冰梨
5500,Twilight Spirit
12118,弈者
17753,面具消失
15109,甜橙
4928,Seeker
4783,SHOW
2665,Ginka
14177,沐白本鸢
17017,还有高手？
16297,苟学家七五
11538,宴宁
16471,落秋
13224,是小任啊
10437,叶流云
17780,须尽欢er
11503,安肆
4841,Saber_Lion
12642,我要   0泡
10642,咸鱼炖五花肉
16105,自信的周
2491,Februa24ry
8618,この花は咲きますか
9756,光落在你的脸上
879,645496666
12194,影子剪刀
444,21克月光
10282,却没能成为自己
4420,Phrich
7137,lapsdead
7224,liyu
16352,荔枝冰
13385,月之珊瑚
12,'ㅅ'  ㅋㅋㅋㅋ
3949,Micyilin
12132,张小丽夜战牛爷爷
8792,丁真嗣
14039,比那名居天子
5160,StellaDeus
11797,尘吟
6648,fantasy0321
12013,平静祥和
12234,微信区第一高能小子
16836,贵妇险中求
4483,Pye-Dog
14012,残枝
17395,队友rush我扔火
7644,qwe482vm
5242,Sylvie
8240,xiao米不好吃
12786,拾伍啊啊
11761,小隍龍
1650,Big宇
12733,抒见恩仇
83,100144316966
5412,Tingkle678
5267,THE BEST P90 USER
14136,池恩
17755,面包糠
12708,打我只会让我更爽
7086,krdzswsl
5167,Stewie Griffin
2878,Horchi
18151,黑
18006,魔法基米 稳啦稳啦！！
12053,幽光
6939,iuluffy
8198,wy0403596
14447,深红色的海
9947,凌尘
9134,丸不了熠点
17466,阿斯卡喵
8832,万顷星沉月落
15173,疯.zi
11795,少昊
16913,趣你鸭得
8007,tx的dad
11903,川上富江
7767,shangruijian459
18174,黑猫警长
10484,名字比西经难取
1511,Ayaka
12383,惠
595,2838516892
16982,辐辏子
700,3371129731
16928,路边一条
5473,Trinity Rain
2830,Henry
422,2075109284
1891,ChrisTina
16998,达子
6926,intmainLog.
17956,骊山
15661,管家
12837,摆烂baka
8558,↑→↓↓↓（澪）
5640,WHYPICH
10701,唐
16298,苟着
2926,I.S
13051,无鸦子
16342,草飞希尔达
16419,菩提老祖
7277,luhuo222
12439,慢慢来就好
6901,ifieverwere2loseu
4762,SCP1504
6121,aaa金雷竹批发
1764,CIAyan
8362,ytxq
14296,洛希极限
16296,苗人凤
17455,阿尼亚好可奈呀！！！
5245,Syvers
1014,916289227
9402,从0开始的见习护士
5740,Wul3
92,1014794874
10201,半岛铁盒
16675,西瓜瓜
14428,淮落
14454,混子
8221,xiangyou21
5578,Verolt
15804,纸某人不配了
6698,funny mud pee
13757,树荫下的猫
4022,Moro
10881,土命木桶饭
8603,『龟虽寿』
196,1249555690
17795,颜翙
10416,可有可无
2915,HyeKyoMmy
16557,藤原不卖豆腐
14422,淚雪
7295,lyar
7164,let it go
3995,Mochi
8754,一碗水银
17973,高大尚
1480,Atice
14223,河口燕双鹰
2056,Daikoku
13069,早坂爱
10627,咩咩羊
15598,突破手才羽桃井
2957,Iblis
9959,凛羽
15341,真的是萌新
10872,圆头猫爹
9907,冰糖华路
11528,宪玛
312,1601438249
6668,ffff
10241,南惹
12893,文定天下
1841,ChanRic
6950,jason
17193,酒意入桃枝
14116,江上数峰青
160,1164510800
13750,柴郡柴郡柴？
11595,封夕cx330
15572,穗爷
2566,Friskchara
727,3525763680
9843,关注永雏塔菲喵
16726,让我康康
9241,予鹬雨
9862,再别说。10个188
4793,SLH
2052,D_SBelike
4178,Never Pink
282,1494713303
6087,[安全总监]德穆兰
1914,CleverB
14423,淡定
10740,啊对对对
17527,陈清都
16274,苏Su
3030,JIMMY
3984,Mitsuha
13368,最強伝説の纯真丁一郎
17947,马鱼白
3004,Isolated
10952,墨湖
13393,月南想念
9258,二次元杀手
7862,spr1ngpalace
3075,Jamyoung鞠
14596,瀟
6010,ZY
10558,吾皇万穗
12736,抖M才打APEX
17662,雾兴云浮
3834,Maliketh
13161,星巴克
725,3520428685
5191,Suki西宫硝子
8975,不玩地平线
18155,黑冠抚琴续文明
11293,奈落
16895,超级炫酷大香蕉
604,2898464762
17667,雾里探花
14133,江辽
14263,波门与吉他与蓝色星球
8044,vffs172241
13473,木子Hao.
1066,??????
12477,我不是阿三
771,4121mo
6111,aBbreViaTe
2011,DADADA
5981,YwYVI
17995,魂
13423,有人还在嘴硬
15557,程旭
5769,XMLin
11913,左将靖泽
8870,三贝略略略
8030,v.view
14181,沐雪
17897,饮禾
16516,蓝焰幽冥
11933,巫猫
6670,fhy2472748596
6489,darksoul
7738,schoolbag
11336,她说人多以为有我
15956,耀光咕哒子
8423,zhang
16646,被迫吃香菜
18205,齊葵
7069,kl201
11653,小小夜
6781,hana
6962,jiangmh17
3067,Jade
13306,暗月·煞无
6693,frfrfr
11509,完全萌新
10710,唐是纽带，一代传一代
8434,zhe1579
17149,那年春天
7507,o.O
7038,kenshin
11517,定叫你好评如潮
5490,Tu
5870,YYDS
4888,Sara
16169,艾莎·亚蒂洛特
4241,Noxus
15678,粉色小蛋蛋
12379,惊梦花语月
10766,喜欢萝莉的御姐控HH
3175,Junkhead
1860,Chen_
16818,贞德食泥鸭
659,3140522027
17953,骆柯德
10492,后现代电子合成器
2152,DiDa
16579,虹村
13492,未来尚久
2902,Hunter
16325,茕兔
135,1123348116
13431,有杏不需梅
14717,無意味なテンシ様
4491,QAQ-114514
10392,叫立智啊
4050,Mr.W
9293,云爱华疼
11351,好好学习天天向上
8478,zsq1314yj
14618,火狐狸
7560,peterlei2005
11890,峰峰峰峰子
287,15194107585
3460,LOTUS-Z
12378,惊梦
14766,爱吃大碗牢饭
7588,polar bear
16619,融合最強伝説と哀泪姬
11473,宇宙超人芝顿
14049,氕氘氚都一样
14307,洪虚大帝
1322,Amaya丶流雨
12440,憎恶
9969,凡尘红梦
9069,东软集团在逃程序员
6726,geyanshui
12692,才千慧
17119,道始-kami· EVERYTHING
14592,澪
9639,佩奇不会梦到喜羊羊
13450,望星
1246,Ajron
14761,爱丽丝在网上就是爹
10175,千夜
17250,金山肉将军
16012,耐力耗尽后，我就会死
14811,爷乃酸菜鱼
10351,口花花
17217,醉清风
1759,CHENc
5010,Show
5118,South Copper
11736,小船
984,847714694
10960,墨语
7544,p!g
7822,sleepysheep
17319,锐纹
2611,GOBLIN
459,2283285401
10221,卓尔不凡
13481,木槿昔年
17053,远在咫尺
10661,哈杰米
7478,ninth
18093,鸭鸭子
10527,含蝶
9705,偷面包的大盗
8896,下头的阿沸
8384,yumu
14217,沫念
6195,arbiter
14784,爱才七元钱
10850,回收旧冰箱电视机
8927,不叫黄河
5244,Synthesis
14746,熙
9545,佛罗里达最硬的男人
8475,zqzqzq45
17177,郡望昌黎
6310,boom_0723
15728,紫杉da
6129,acooker
15191,登楼
462,2289748946
5123,Sp4AK
17105,通灵王滚蛋
7399,moki
11869,屿
13629,東磬
16070,胡桃不会淘
14508,渡尘
4419,Phosia
3675,Lovinte
12971,无尽熵增
16147,色孽神选
8560,∩Alicetina≧▽≦falavia∩
10457,吃肉长知识
13020,无痕Mark
1306,Alpaca
17329,長崎そよ
9305,云青
4852,Saint Cecilia
13356,曾英俊
10717,唯唯诺诺游先生
13106,昊统八荒永御圣天可汗
11267,失败的曼玩成功的游戏
6893,iWe1
11739,小菜狗
15576,穷哥们
12218,徐浩
2637,Game Knight
1665,Black sheep
2452,FLORA
4808,SQ
3524,Lau
6761,guhong.lg
6667,ff7
14029,比利MAX
16643,被小三打残不幸患上情感障碍
16825,贪吃的小电梯
7074,knight42091
11137,大清第一巴图鲁
15344,眠
11250,太燮了
9517,低级魂学家
12575,我是阴沟里的老鼠
12289,快潮湿我
11451,学习不好是老师逼太紧
14804,爱莉的狗汪
11726,小笠原晴香
2658,Ggalahad
12085,康师傅在逃牛肉
16122,至善爱门
10035,利刃
2764,HMJ
12889,整天做梦
11335,她说为了中非友谊
15095,瓜    虫
17033,这是一个非常非常非常
11977,帕瓦
13406,月社妃
14405,涂
6992,jrpingan
2557,Fred_ya
4122,NIAN
3879,Matrixlin
15504,秀秀子
17630,雪落为君舞
18092,鸭宝宝洗澡澡
17531,陈药师
13666,林深时见鹿
8793,丁真珍珠
1745,CANGJINGKONG
11922,巨可爱的kiyana
12403,想要日本妞
3792,MZ247
10157,十八岁の喜羊羊
2968,Iiy
6770,gzmhdcm
579,2779802601
14331,流星没有星
16604,蜘猪侠的爹
619,2978223177
2565,Frienze
8396,yyc214
10378,只因你太美
10554,吾军势大，更应步步为
13174,星河欲曙天
16234,花琦妙
823,510867743
10041,别叫我勾修金
1368,Anzhi
363,18071867019
2176,Dive
10230,卖报的小行家
14605,火星大利群
16738,许伽岚
2364,Erik
13140,易冷
9775,兜帽哥的抛瓦
10561,呀嘞呀嘞
16121,至shi方休
1191,Ac1
10958,墨笙
9897,冰冰
17002,过境春风十里
6851,hope
7975,tohsakaliu
3367,Knisus
17450,阿尔托莉雅-潘德拉贡
1226,Ahti
5537,Unicorn
9888,冬眠
1620,Belisarius
16960,转生异世界牛丸师傅从手打千遍睾丸开始
8166,wubai
14731,煎
2827,Hell is other people
15500,离离原上谱
14855,特空作战一号
11430,季灾
14930,猫猫说的对
364,1809154901
7067,kkneedfufu
7561,phaethon
13720,染墨
17815,风倾竹上雪
6607,elysia
214,1286018203
11129,大朋友
15283,皈凌
457,2275679221
15635,笨！笨蛋！就算在银趴表白我也不会同意的！
13840,梦断魂销
16305,苦瓜酿蟑螂
15381,矾~
6498,daydreamer
641,3067764775
5929,Yolande
6710,fxqfb2286
7852,spark
14805,爱莎她爸
704,337591030
12685,所念皆星河
7605,prqtbpgv
9853,兽兵商人
8960,不愧是豪姐姐
5853,YOTO
17147,那天我在等風来
13980,此成
17657,雷霆之王
3811,Magic001
4408,Perilla233
259,1404498804
16670,西海岸霹雳王总
2700,Grandpa
11338,她还未嫁丶我也等等
17629,雪落
5205,Sup Cowman
9713,傲娇的卡罗特
7207,liqi1237
17336,长夜无眠秉烛游
12510,我回来了，是为了那些回不来的人
4947,Seswn
4740,R尔法
9732,兄弟你轻点 我心疼
804,491141751
2688,Gollum
10125,北方
10956,墨白流苏
10921,坚定blue
8819,万古长鸣古夫大帝
3221,KILMARAN
8803,七夜
213,1285911383
6582,dxjb1987
13359,曾醉桂花酿
13120,明日香和凌波
15379,石昊
4768,SEGA99
10448,吃我打击吧
3204,KASJDJK
14143,汤明
13665,林毓蓉
6933,iron
8072,wanchuwodemoyang
15752,繁星凝望着海洋
11526,实习的小仙
10454,吃瓜群众
6353,ccneed78
16458,落
2162,Ding ture
8931,不吃猫的鱼
14611,火树花
4898,Sato
941,76561199431466325
1890,Chris Tang
7153,le2518linf
581,2793844133
7511,oananwango
17758,面对疾风吧少年！
885,66666666666
2654,Genshin Expert
1784,CS_RUSHB
16215,花开那年
616,2967149104
13293,晷尽
8627,つぎmoli
18110,鹤沚.
1364,Antikun
4613,Rc
3489,LZH
16486,葫芦人梦见秀千代学姐
16793,谪仙
6152,aklker
6854,houlehan
5022,Siencod
18165,黑木
13547,杂鱼
7197,limomo_0083
10942,塔里木大野猪
7293,lxkdeqq
7973,tjhresc
16944,身份证号622923199908280826
5820,Xy²
5399,TiedFish
10007,切 纳 居 登 猫！
13441,服啦哈哈
584,2807723180
942,76561199438594940
9610,你滴勋宗
11501,安波里欧
15578,穹冥帝君
8366,yuanqi
943,76561199439619990
2916,Hymelia
16098,腐乳东海
16772,请叫我灰烬骑士
10653,哈基米 哈基米 哈基米
10546,吹八杯
13435,有苏凌
283,1509419316
5178,Stronger_cow
17367,门之钥
12051,幽九
8426,zhangling1293
9384,仇天峄
13855,梧凌
12940,方臼
7228,lizichao98
11805,尘雨沉
7733,saying no
3176,JunwOo
15633,笨蛋总爱流眼泪
2455,FML
2271,ELDRIDGE
2515,First_DB
12012,平日秋光
14395,海绵宝宝快上菜
2884,How lonely
827,519928155
4655,Revolt
5530,UnKnowning
7756,seven7
15425,祝晴
3441,LILY
2783,Ha1cyon
4311,Oo
13533,机械人w
8476,zsh12343265
2121,Delocarella
9619,你的甲方
6897,icon
16217,花是献给我的
15636,第一发言者
15827,给你一个大逼兜
10474,吊大季伯常
3938,Mia Von Ludwig
16768,请你留在梦中
5918,Yinnnn
2501,Fgnice
11575,寒霜将
6767,guyue
15796,纯竹摸红王
6906,ijulianyui
8675,一个很喜欢玩游戏的中
8116,whsahsfdw123
11206,天川
13749,柴滚滚
13660,林塘幽
10646,咸鱼！
1497,Avalon619
7331,mantingqiu
6713,fzmb
4563,ROGTX
13463,木
1384,Apple
18026,鱼与梦
16666,西园寺风莉
16501,蒙克莱
12181,彤管有炜
16150,色色武士
15453,神无月
7013,kaguramana
10358,古德莫宁
16741,许音
464,2298948523
8073,wang
7836,sober
14711,焚雨化晴
8620,さぎり
15023,玩家75335569
6604,eleonora-morozova-1970
9008,不觉
16003,老陈
9875,农村波
7087,kuangbaolongzhanshi
15734,紫罗兰丶SS
13235,是疾风在听
8858,三月的风
12556,我是你爸爸
7376,mingle
1604,Basori Tiara
560,2700675218
9634,你鲲gege
2992,Inugami Korone
10775,喵
11702,小狍子
7330,mango奶狗
7054,kioyjohnosn
6596,edward_phoenix
5555,VIVI
15511,秋叶
13859,梵克
15687,精彩.
12275,忧郁的药羊
2014,DALA732
2971,Ikun
12992,无敌BAKA大王
16864,起心动念皆是lin
425,2087870942
449,2221624472
655,3123974148
16865,起来碎觉
7694,rp3695550
14924,猫小珞
4076,Muaoo
320,1622242322
13168,星梦
2462,FW贝利亚
7955,theFreeWheelin'WWJSSS
6634,fairyforever152
9982,凯尔希单推人
12003,幕森
2141,Destiny无言
6453,crownslide
9762,克苏鲁
11433,孤城凉梦
389,1915858075
6614,enchanted
10289,厉不厉害你坤哥
12170,归雁渡鹤
16216,花开陌相依
15141,电棍otto
12287,快到模糊
3510,Lang
13945,欢歌
16969,轻井沢惠
14295,洛希大人
1703,Brandon
13338,曦晨
3362,Klaytheism7
16811,贝利亚大王
9414,他说再马拿环取无限连
11989,带带
6798,hataciki
573,2761751080
7923,sxsawer
976,840959421
4760,SCP-317
17694,青
9336,亲会坏掉的
12326,怪六鸡得
8082,wangshutao219
13098,旺仔牛马
11579,寒食春冷青衫客
16007,耄耋
9170,义父
596,2856133245
7724,sanmaodedie
15528,秋笠
5337,Team of Dream Hooxi
497,2417250962
14783,爱情公寓机枪手曾小贤
8263,xueyouchen
11777,小鸟游音
14617,火狐
9901,冰凤北月
5164,Steven
5406,TimeRain
5526,Ultrazhen
307,1598818932
357,1782252589
15508,秋刀鱼122
7468,nicole
7703,s11011223
17113,遁影悍匪！
4398,Peach，涛砸
5666,Walker
6877,huihui
3084,Jaylen
2299,Edmon
1903,Ciao
18206,齐先生1856
3586,Licc
7585,poi~poi
12131,张宝宝
7493,nostalgia960628
665,3171889038
696,3331925390
15812,细狗你行不行啊？
11644,小坑球
10936,域铭嗣彦
10494,后藤一里
8155,woshissyssy110
133,1119154363
10629,咩斯桑克斯
574,2775725768
17748,非洲的玛丽昇
2272,ELIGE
8470,zoro
6183,anon tokyo
16886,超级巨人双层牛肉堡
7807,sixiaojie5566
7060,kiypop
10955,墨白
17306,银灯
7942,taowa4188
18017,魔法洋红
6469,cyanda595
16647,被遗落在亚特兰蒂斯
11638,小周周🎀
6846,hongmao
2502,Fieder
17893,饭特希
15793,纯爱
14304,洞斯特kk
17619,雪极
8598,。。。
3744,MAISUIER
6268,benzhuzhu
2301,Edwin
18224,龙子墨
8623,ずっと真夜中でいいのに。
5492,TuTheSun
7214,littleguy
2181,DoctorQ
17873,飞天大窝瓜
10493,后知后觉
11511,宏泥思特
4961,Shadowstorm
16436,萎天帝
9272,云信
10699,哼哼
7116,laiwan2407
7015,kaksl
675,3204308522
13497,未泯st
6105,a1602275623
12057,幽影
17833,风疏雨骤，韶华不为少年留
13948,欧乙燃松
3895,Mc小墨
2766,HMYM
17733,青青草原牛爷爷
7766,shalom.樟
14524,港角日出时
11983,帝小梦
6931,irEZ
13780,桂去病
11613,小东西
17015,还有人类吗？
9079,两岸统一刻不容缓
17592,雨宫星流
13329,暴走钉妹
7621,qb
7832,snowKnight
15466,神秘人
6135,adv828631
2114,Dec.冷
11409,嫉妒南方人
12641,我被牢大包围了
3112,Jiao_77
16872,超人阿光单举贝鸟
331,1678057769
7914,surplas
15254,白马啸西风
12952,无中生有
12987,无我
11469,宇宙暴龙神
8296,yanghe
13474,木子亠乡隹女子
2929,ICEBEAR
6376,chenhan
17550,陳
132,11111
15223,白离
15888,缘！妙不可言
14593,濹白城
11061,夜长梦多
16904,超自研天才轻弩使
15880,缇辻芽
3326,Kiiro
4337,P.Maksim
6644,fanfanfan
14496,清风明月徐自来
13119,明日晴嘛
11767,小飞侠
16235,花生什么树
13416,月骑
8328,yishunwanli
8018,unlasting_
18185,黑色云端
4254,Numb
3710,LuuRkeeR
407,2011053700
6874,huge
15250,白铃鸢
13042,无语住了家人们
14856,特雷森狙击手诗歌剧
16735,讲究的风铃
6442,covemovve
10961,墨釉鸭O.o
10693,哪里有猫猫呢
2629,GX_ManLo
14035,比奇堡第一恶霸
12696,扒神安
15702,糖心黑巧
2413,Excel未响应
10814,嘻嘻哈哈
9760,光锥之外
3925,Merlin
8905,下雨天
18193,黔黎
10431,叶乂摇曳
5346,Tendou Arisu
10854,因幡めぐる
8976,不用手柄
13245,昵称
3926,Merry_di
16941,蹲家里的加菲猫
16335,荆棘时分
7082,konoyaro
447,2218673065
16510,蓝二乘
17968,高云低雾
13535,机魂不悦
17212,醉墨
16720,誓梦
10139,北街木子轩
11366,如何呢 又能怎
404,1额达
6015,ZZHGHZZ
7039,keshi
7193,like
12516,我太猛
12930,新手轻点骂
13033,无言
12924,新大陆金牌狙击手
11226,天真同学喜欢看乐子
7217,liusaomale1
8304,yc
17187,鄱阳君
14152,沃沃
5852,YONE
654,3123877001
8477,zsmith
14601,火吻而生
4780,SHIKI
17485,阿米兰特岛
8191,wwwzzz
9002,不要让我沉默不眠
446,2216917251
8482,zth12
16447,萧笙离
6279,biggest dick
3696,Lujok
7916,suteki
576,2776488554
18199,鼠本华
2195,Donnie ♥♥♥♥♥
16922,路人路上路人行
15419,祈诺
14403,海鸟跟鱼相爱
692,330985621
8379,yujunxiang1989
11885,岛田丶剑心
8886,上杉越
14262,波里个浪
1517,Ayase
6045,ZeroTE
16575,虢殇
705,3375981579
2546,Fourier
8123,wind2231
16856,赫拉克勒斯
12731,把烂漫留给崽俊
17504,阿鲁卡多萨玛
15305,盗我号玩夏日狂想曲？
9010,不語
15405,礓橿江
11410,嫌弃。
17264,銀河舆星鬥
12584,我有抑郁我怕谁
7810,skadi
521,2532770498
4516,Qiao2GO
6432,cong
10945,墨与月下
8997,不要想我
6104,a156481234568
15030,玩环直不小心把网名取消了
5767,XL
14780,爱坤
14149,沃尔
14117,江上清风
8134,winter火烛
11957,帅毛毛
9200,乙羽
2797,Hamzhuo
9219,也许
12207,往事如烟
5240,Syllable
17251,金帝巧克力
5643,WILLIAN
4591,Rainstar Yan
8269,xv
14561,溯梓川
18139,黄瓜大王若叶睦
13383,月下第七章
11246,太君tm岔开腿
10687,哦吼
1763,CHYMZXS
12874,故障机器人启动中Zzz
14888,独家说Love
12409,惹到我算踢到软柿子啦
13770,核桃不要皮
16207,花哨天使77
6840,hmvl557
13718,柒柒莫
3059,Jack
17554,随你的便
11450,孤鸿影
12208,往生气意
10147,十一七
18029,鱼会飞
14108,汐梦
15948,翻斗花园吴爷爷
8443,zhoup540
7001,jun.
1034,963106057
7774,shengchangzhen
10391,叫我老流氓就行
1027,947365077
1386,April3111
670,3185658411
13005,无敌木龙大王
10032,初雪听音
15526,秋眠的猪
1039,974078539
5020,Sibyl
12769,拉斯維加斯的貓
18076,鸡排饭加个蛋
15583,空木莲华
18089,鸦欲栖
16103,自
8847,三千六百一十四枚核弹
328,16607479006
3118,Jiminify
2995,Iridium
3470,LUO
9541,余烟
1160,ARU
2496,FengLing
14271,泪
14449,淳于风
3428,LCCC
5908,Yi Sang
8386,yunxi
14312,活塞臂
14497,清风皓月
16648,裁决
12381,惊鸿
16082,能文能武长相十分英俊
2908,Hush
17462,阿才鲲
4965,ShangQing
2234,DruvisⅢ
7278,luka_0531
5222,Supremacy
9721,僚机张伟
7857,special-match
13394,月宫亚由
6742,gnawus007
8812,七海侑和小糸灯子
555,2689255843
13257,晓戗
9549,作者神
7452,nb233lst
4684,Rina理奈
8767,一色赛高
9181,乐
1290,Alice Kuonji
15241,白色圣诞帽基米
7312,m3410065130
16512,蓝十七
17785,顾柒歌·髫秭
17942,马蜂King
17716,青禾
11999,帽
777,44245487
17781,须臾
1830,Cc彬
8271,xvgl
10216,卑鄙の外乡人
380,1868244822
13675,果断大橘子
7407,monous
14996,王文越
114,1063692867
14361,浪漫给予凛冬
10996,夏沐
5892,YaoaoaoO
16240,花自殇
8922,不动游星
17730,青铜的赞歌
8251,xjc02
9296,云纵长鸿
5765,XJT Killer
8068,waiting_0806
5126,Specter
10833,四周呢？
18150,黎秋
1674,BladeofRAnnI
9324,亚飞
8934,不吃鱼
14771,爱吃豆腐的猫
13552,李伯夷
15196,白也诗无敌
8173,wuli雾
15875,绿色的白菜鱼
16899,超级鲨霸
10907,在渊虚之羽坐牢
15634,笨蛋花花
17542,陌玄尘
11599,将离
17231,重生之我变成彩六大王
10908,在滕王阁吃炸鸡
6141,aiai657234
16890,超级无敌奶龙战士
15677,粉色大头龟
15234,白羊
12762,拉了
470,2323
4006,Monkeyk King
8192,wwzray
17061,迪兰兰迪
795,466897303
13411,月落霜满天
11573,寒雨
1152,ANPG
757,39236535
18211,龍之焰
13310,暗红生姜
14689,烟雨夜行舟
50,.Cp7
10677,哔哔赖bbl
17540,陌染
7178,liang
2486,Fc
18039,鱼羽与雨屿
1073,A
13451,望春风吹
10166,十月
5683,Weilinchao
3202,KAR
688,3288331617
2230,DriveLove
16456,萨菲罗斯
14716,無情劍客多情劍
4664,Ricardo Lu
9675,倚碧鸳
16191,芜湖雷佳音
10722,商
16092,脆香米
16378,莫邪
17357,长生箓
4063,MrYrlc
12314,思不忆
512,2494982042
9960,凝云
10974,壹原侑子
11045,夜殇
11060,夜长方觉月光寒
6013,ZZ
6525,depart
4021,Morgan blackfei
8411,zayu
9855,内耗大王
8401,yyy.2186
6352,cclvsunset
5114,SoulMate
517,2513707595
17729,青衫醉隐
13298,暄壑
10366,古穗织掌管太刀的神
9943,凉风
14280,泷泽源治丶鬼鬼
14570,满山猴子我腚最红。
14586,潘辰
2594,G7
9726,元始天尊
3825,Makinohara
4009,Monody
164,1176139565
8822,万宏鹏
2358,Eres hermosa hoy
18200,鼠鼠太想进步了
18087,鸣影
16043,肘进科穴
1701,Boris
5651,WONG
6680,fly_stupid_pig
5084,Snowpoplar
18063,鲨鱼辣椒皇帝
298,1583462276
12199,影纸
6471,cyl
358,17862811103
10480,名字什么的真的好难想
11477,宇智波小泉奈
6616,enfewte
10964,墨香织
10060,刻厨
7174,lhzj
2133,Despair Food -Pite
774,43
2048,DUAN
8201,wyui
14902,狸花
18027,鱼与猫(<ゝω·)
3915,Melt
13566,李林
15237,白羽黑
4818,SSX
15050,理塘五星好市民
11331,她比烟花寂寞
11849,山抹微云plus
13280,普瑞赛斯
5880,Yagami Light
4003,Monday
5819,Xythryn
3256,Kaier
13171,星河
12068,庄不周
6154,al1sbaab
1311,Alvarez
15553,秾村包围城市
16022,耶鸽儿ccc
4513,QiYu
13934,橙子讨厌溺水
17393,阎狱
8274,xxk
9955,凑斗景明
15845,统统给我白凯
11654,小小天空
15219,白猫
2554,FranziedFlame
6751,goodgame09
15961,老司机格伦
16008,耄耋老先生
14266,泥丸仙人
7662,redioactive
9299,云野百川
10659,哈布隆没有东东吖
12724,扶贫计划
2737,H1mmel
361,180  ikun
11205,天山城
17384,闲置: 梅琳娜的锋刃
8802,七叶
12445,懒大王
17858,飒沓+飙风
7326,mallonee
669,3181224314
13571,李甄帅
10818,嘻噜噜噜
6168,amour
301,15855891296
10923,坚持无产阶级专政
16625,蠢脸
11614,小东西挺可爱的
17233,重生透视异能
7131,lao_citou
316,1611440961
17666,雾语
374,1847953646
7073,knifepoint
7440,m豆超级好吃
10348,口口驴大王
17798,颠啦
13139,易之神
15364,瞌睡的橘猫
13692,枫叶带不走的
8308,ye
6215,aucaco3
6759,guestser333
1070,@ailove
5296,TSSHD
14729,然语
17001,迅雷蜗牛
2339,Emiya sakura520
15507,秋刀鱼
6410,ckc2530761164
15949,翻斗花园宋英俊
662,3151869016
14848,牧夏
18103,鸿坷
6821,henry
16343,草饲你马
16273,苏123456
6415,cljsdchina
2294,Echoes
5311,Tails
8866,三芜青年
13719,染lafier
257,1403352092
14632,灯不亮风不吹
17923,香香小卢公主
17355,长琴
6815,heimanba
6537,diaom
2981,In Grindelwald
11118,大弟弟子弹大肚脐普
9001,不要熬夜，早点睡觉
7726,sanye
15939,翊歌
7065,kkkk
511,2488398403
11085,大剑高手
15655,筱雪笙
8973,不爱玩游戏
2790,HakiMe0w
386,1910285197
14978,王国单机
346,1762623225
7135,laoxiao
15876,绿豆汤缺点甜
377,18642875422
1969,Crown
15395,碎琼LBH
13541,杀死我的只有自己
8343,york_1102
9015,不过是隔岸观火
948,773699679
532,2565492074
14637,灰原
18030,鱼和猫
14772,爱吃鱼
6247,baiyuxin
16737,许七安
8963,不挂东南枝
15041,珐琅423
9183,乐十年
11286,奈丝
4399,Peanut
8900,下等马嘉祺疲软野牛
2298,Edge
14318,派大星
12140,张益达yyds
13123,明明靠智慧
8974,不玩gal的galgame糕手
16987,辣味番茄酱
7173,lht
12248,心心子
2612,GOD
5044,Sirius_Rui
3994,Mocha
9106,中国古拳法二代大弟子
212,1282339006
12307,怒不可遏
10954,墨玄
13117,明崇祯皇帝朱由检
1553,BIKO
17484,阿米乃
591,2830096065
11464,宇
10177,千岁
2149,Devourer
14384,海森berg
6272,bestwyg
14287,洋芋牛肉
15976,老张头
12236,微梦涟漓
17392,闻风
2512,Firebat
104,1041782659
5192,Sumimi_纯田真奈
13308,暗杀者
663,3158376773
12901,文若
137,1125683202
599,2871559934
14872,狐狸大师
15928,群星
2500,Ffy0219
5732,Worldka
14833,牛而逼之
4604,Raul_Endymion
13523,朱鸢探长
16618,蝶语清欢
10214,华灯
13457,朝与夜
175,1203456789abcd
2541,Forever丶筱
15394,碎月
877,632810870
14066,水熊虫最强士兵
14733,煎饼果子
16014,耐肘王
8633,ひとりぼっち
7866,ss437712132
16782,读梦
6314,break
2289,Eason
8516,´<_`
5552,VING
10050,别睡了起来嗨
5568,Vandark
6794,happy
6603,eldwinulrica88731
722,3508977383
6138,aeWTianxin
13556,李嘉图
2622,GSH
16386,莽夫
2604,GGhours
7950,terryl45
4305,Onion
1543,BBDK
166,1183523708
9191,乐此不疲
16779,诹訾
3081,Jay
12943,旋律🎶
16673,西瓜柿子火龙果
9184,乐子人
17812,风之讨伐者
16278,苏喂苏喂苏喂
6986,johnhel
1128,AKM47
2389,Eula
9471,优可可娜
2601,GGGJJJHHH
5645,WK
296,15658883680
17120,道姑去煮酒
1690,Bluse
16219,花朵绽放之丘
15222,白礼服
17292,铃秋.
14597,灌灌灌灌灌
15953,翻斗花园第一突击手
9542,余迂二号机
8403,z1307975779
2770,HOPE
2835,Heria.
10817,嘻嘻，我一定要活下去
633,3013864056
7420,mqqc
10676,哒哒哒哒哒哒
606,2910408440
14936,猴子大王666
17888,餘閒
15536,科学怪人
11174,大龟是一只鳄龟
17277,钨钆钆
14120,江南晚
14580,潇河霏霏
15487,福宝
5790,Xiao0
5644,WJtao
12751,护花圣僧田伯光
914,751857620
575,2776141320
12630,我真LIUJIU的
10983,夏夜carol
11677,小时少少
10893,圣杰
2221,Dream
17036,这是空空
11576,寒露十九
2066,Danerful
716,3438260674
17532,陈道人
586,2820459795
8405,z409604548
9270,云
7847,soukuwadoo
10390,叫我炸哥
11717,小瞱
10665,哎 不要辣 谢谢
151,1146354636
14533,游戏人小木
13584,村民A
17412,阳和启蛰
16986,辣个饭啊
6008,ZTH
2311,Ekibira kijjudde ebimuli
14284,泽燃
10371,只会30玩游戏
9448,企图
6399,chris1985220
7998,tt
7772,shejixinsu
12956,无关风月aa
8497,zys
7924,syc大魔王
17692,霸气的7z
18230,龙珠
12825,推斯特贼贼
2438,FANK1NG
16777,诸葛大帝
15998,老衲爱肉丝丶
109,1057594784
4494,QH
9518,住在深海大凤梨里
4552,REVERSE 1917
10307,叁玖
11243,太上老君
14249,泡泡机儿
14961,玉皇大帝
7280,lulu
4575,RYUJIN
203,1258557967
12167,归海笑笑
7374,miloslava.chinilina
16333,茶泡饭要春天吃Chapaofan
15570,穆鸢
11459,宁川
9284,云景
1804,Canstie
6407,cj15342828207
14620,火箭
1606,Bayonetta
12760,抽象小子
118,1073752706
473,2345编号
17006,过雾山丶
5954,YueQian0906
12994,无敌了小风
16048,肥宅快乐水
16964,轮转
3988,Miyako
13595,来找我吧！
269,1443819906
6515,debug_mode
749,3773751047
15181,疯系史莱姆
17681,霜墨
8948,不尽
15061,理塘最纯伝說と珍珠の
10330,反转
7311,m19918992189
10081,加纳
7674,rexleaf
13477,木易
6853,houker
3463,LRB
10557,吾无雾
17398,队友挨打我拉电，队友倒地我先跑
11549,寂晚秋
10207,半盏微光
8216,xe7214
8182,wuyuan0228
8736,一杯杯子
7453,nd
4111,NANN
8463,zls2150646
16075,胡辣汤就应该光膀子喝
8313,yeqiuze
14863,狂三三三三三
14694,烧腊
14968,王仙僧
3947,Microsoft
6967,jiguojun.2008
726,3521433640
491,2402839803
17595,雨幕如帘
14969,王仙帝
7103,kylin377
16346,荒朽半梦
18261,𝑷𝒐𝒖𝒔𝒆𝒕𝒕
5980,Yu瞳~
13975,正在进行苦难行军的金正日
4688,Ripper_818
805,491274307
11395,姜戈DJungle
9540,余晖柯
18222,龙右
1490,Aurora
6758,gtknight
7966,tiancai123452023
6985,joeheeee
10734,啊哈
13070,早点睡
6478,dai123456789005
6420,cmfyjy
15449,神山飞羽真
16406,菜虚鲲
7855,spec
620,2985598786
16974,轻语
11684,小李人柱力
4114,NEKO_OFF
826,515815278
11534,宫水千鹤
14679,烛
603,2898347754
15313,直接启动
16641,被妖怪啃了的猪蹄
17197,酥酥
10112,包容万物的垃圾袋
18148,黎明时分
822,507276188
13507,末柒
15692,精英
17547,陨落的天才
747,373260958
87,1009383550
16373,莫愁的舞
6128,abdf
6734,giamxlzgunmn
6653,fcy
17905,饿饿的土拨鼠
570,2752811156
572,2759596883
13389,月光
5603,Virtuous
17133,遥望是君家
13465,木乌
18132,黄昏
2575,Fulgrim
2755,HILL
11116,大康
13000,无敌带土大王
15862,维克
6910,ikun1520
16985,辞忧
14162,沉稳尼克杨
10884,土豆土豆土豆
13939,檀筱
5772,XQS
9728,元气少女拯救世界！！
9725,元夕
702,3373517970
14781,爱岛关子
14530,游客
16664,西元前
441,217578
5798,Xing_Hen
7161,leo_efort
891,692303023
12547,我无敌了吗shy
11212,天才妈妈虹夏酱
7489,noo
16099,腐乳大王
10048,别样红
16715,言者心语
8164,wsy200611220033
5066,Slightling
567,2737377477
182,1223616702
906,732612763
11440,孤独丶平凡
7587,polan
5515,UIDTAL
15571,穗
17846,风辞梦吟
8266,xujiangbei821
6862,htzy654321
7284,luoby
11802,尘灰
3185,K Raikkonen
2526,Flood
3518,Lapluma
2911,Hyan
10108,勿忘我
15937,羽觞随波
7385,misiji11
753,3815769946
12160,强者
13930,橙与橘
261,1420326459
17829,风清扬
1175,AVILIA
490,2401450413
10697,哲也
7784,shimmer
7813,sknoim
7397,moenxa
849,567
506,2463676377
2964,Idleryoooo
4474,PuChampion
6660,fengjianqishu
1740,C
16860,赵什么来着
10004,分分钟爆炸
13830,梦之泪伤
7166,levuvlu、
13285,晴天小坏
15946,翻斗花园1期牛爷爷
14205,没极限之幻想
9035,世梦秋凉
9049,业玉昭
10184,千秋種我一粟青
16435,萌萌梦君
15329,真不会玩
10191,升
3236,KONGLLS
31,-17年春
9745,先知-hide
16546,薇鹅鹅鹅利特
3232,KKlint
9818,六月
10435,叶帅
11006,夕
6804,hdafrza
7257,loved_0617
12219,徐鸣
1414,Arnold
2055,DaiPT
6363,chao
1214,Afar
14007,殇盼萧然.
15094,璟奕
13767,核工业
728,3531251357
6550,dle
11128,大智若愚
9422,代丈
12911,断简青
12997,无敌坐忘道
8444,zhousuper61@gmail.com
3641,Locus
13710,柑橘乌云
5480,TsUbasa
12054,幽兰呆鹅
11769,小香
299,1584340840
14997,王权琛栋
12492,我以月色为剑.
2602,GGZHzhsx
16918,路上的麦冬
7581,plemd
5272,THEnuoyi
12164,归尽
13408,月舞灵动
3050,JOSEPH
10069,剑欲随风起
9688,偏我来时不逢春❤
369,18257974388@139.com
13228,是是是
16402,菜的一批T_T
2213,Dr.merlin
13355,曾经沧海
6495,dawn
9348,人民对美好生活的向往
6909,ikun
3018,JA-TA！
15107,甜心格格Hierophant
1937,Combustor
15646,等丝之歌等的
10264,卡尔西法
15565,稻叶姬子
12083,度处暑
10022,刘老师无双
10536,吴名猴（509）
16309,英俊
6207,asq365
4557,RIC_L
16382,莱戈拉斯九世
6771,h39864321
9989,凶悍大蟑螂
2348,Enuma Elish
6813,heheda
3597,LihNuo
11396,姜随阴炫
4784,SHUAI B
17097,逍遥青冥
10419,可爱小鸟
9201,九
7580,player666
7650,rainly
6675,firefly
14591,澎
238,1349899849
6863,hu2023914778
9453,伊娃伊娃
190,123456wawaku
16165,艾莉
14190,没天赋的凡人
8117,whyBro
11221,天狗不吃月亮
17229,重歌梦觉
4628,Red
13195,春
17529,陈胤羽
2194,Donlad
10326,反方向的她
11917,左道江湖
5830,YAMAZAKI
17208,醉也逍遥
1264,Alaixe
7335,marcusterry
8006,two-quadrant
16659,褪色者
14165,沉鱼
10807,嘟嘟咕咕
11287,奈何余生01
3027,JDC
13669,林肯
5857,YSD
8831,万里登台
17522,陈年687
17974,高山杜鹃，如梦如画
4331,OwenMiao
632,3010644873
6430,com
7831,snfiwhqdoikvbewdqiouv
14770,爱吃肉的科溜溜
738,359123852
17766,韩氼7213
12182,彦之飞翔
7299,lymcnmm
10605,和风
15450,神川
4062,MrWang
651,3120727918
9378,什么东西在狗叫
3538,Lee.
6954,jby_0620
11770,小马珍珠
3434,LETHE
14950,玄宇Bleem
9112,中州天骄
13420,有MENG之人
14124,江岛时府川
769,409232748
8907,不买金坷垃的猪
11875,岁未末
13413,月辰天明
15498,离深
6253,bathman
17862,飘零之列
8501,zz222963666
4865,Sakurakouji Luna
7150,ldh200511151052
10192,午
2283,EVA
5046,Sisyphus
17708,青椒
12728,承德下小雨
7841,somethingfor-
17000,达迪js
13018,无畏与柠檬98
15434,神代影
3955,Mikoi
18146,黎明
16679,西米露
836,532842109
6267,benpaoshaonian2006
13502,末代隐官
7201,lingd000721
15843,绝非
17108,造造
11648,小妖怪
10107,勾陈
1031,956927863
18100,鸽子神
13671,林诺xy
17186,鄙人某时
13590,来不拉力
637,3047201914
10790,嗜冰饮主人
1494,Autumn Leaves
481,2371846906
423,2077661938
12255,必养的小猫
8409,za070803
733,3553933576
9117,中铁十八局王老板
3201,KAMASIDING
682,3265909140
7364,michael2514
13312,暗霜凌寒
5967,Yul_cici_Dyaln
9520,佐佐木绯世
3068,Jade Kylin
3599,Like一
16537,蕾缪乐贴贴
13003,无敌暗黑暴龙战神
8178,wuxiongkang
9161,久居深海
15966,老大，救救我喵！
707,3385732733
327,1658600902
10628,咩啊
17644,零星
782,448029666
13788,桃花
11088,大卫·戴良子
4087,Muyang
7930,szechwan001
17587,雨人
13726,柚夏
7338,markszwl
8783,一马当先孙悟空
7203,linweiww
17589,雨夜带刀
13601,来相思树下
10576,呜呜喵
15416,祁诡
13653,析木
996,874106140
17790,领军鹏
17689,露寒
11343,好吃的糯米
3941,MiaoMs
5216,Super_Jie
7107,l18248038689
13915,樱花
14880,狗蛋儿
17146,那天发呆很久
17794,颜少
528,2550674907
15932,羽
5512,UC658
1340,Andrew Jihnson
390,1916005660
7229,ljy_cyy02221024
11265,失策
12138,张玉珩
1041,976959742
3455,LN
14801,爱芙
15969,老实了
7936,tangosiqi
13226,是小尹吖
9953,凌生996
116,1069567513
10017,刘坤许
13797,桑扈
8234,xiaolong
17561,随风入夜
10383,叫两句怎么了
17870,飞天佩奇
16962,转行的派大
8002,tu
15467,神秘奇男子
732,3551357500
7698,ruoyangchou
9371,人道领域绝巅
15193,白.
409,2034056758
7004,juzi233666
2627,GUTS
6501,dbxhb. TXT
12738,折木凪汐
11063,夜阑卧听风吹雨
11484,守望宿辰
5840,YINGXIONGXIAOYU
11835,屁股有点凉
912,749534343
7619,qAzse
14242,法治社会再打人我报警
841,550770190
16766,诶嘿
17209,醉倚江楼听雨声
15025,玩抽象的就这样
1189,Abrams
8750,一片冰心在玉壶
9803,八荒
13286,晴天收容所
17916,香濑
11317,女施主请留步
8407,zHLongDSG
436,2141813378
7438,mzk
15817,终须化飞灰
8499,zyxppmn
1012,912106843
15397,碧蓝幻想relink还会更新
16340,草莓味哒~沈娇娇
14176,沐汐
1499,Avatar.ZX
5254,TA會有多幸运
15898,网恋被骗低保
6849,hongyuanqiao
8337,ymgbigbrother
14952,玄晵
1436,Asahina Yusuke
12153,張學友本友
6025,Zazaka
10670,哑哑啊
157,1160821074
13156,星冰电竞-大猛哥
4885,Sansss
9490,传奇追迹者
15890,缨落
14933,猫雷
7578,planet
10714,唔姆怪
1008,906745514
13704,柏哥
13977,正经人谁玩男号
15403,磬鸣
735,3574611411
5834,YC
9327,亡灵法师爱德华
8687,一发大炮
6406,ciciforever
709,3397166305
17182,郭达·斯坦坤
9054,东7
420,2071857640
14442,深渊
17996,魂5
14113,汝爹
583,2806950538
708,3396147031
6825,hh666
8490,zxqin502721
8435,zhen
14510,渡边麻友的老公
14196,没有七大洋
6712,fzk575757
10718,唯心者倚仗迷之自信
6118,aaawww
8329,yixin8611
17372,闪光老登
8894,下北泽の讨口子
14589,澄橙乘程
13011,无明尽
7195,lilithwonderland
5734,Wtong
10181,千百度
8218,xhisgs666
684,3271761058
7618,q290626720
17442,阿坤
79,1-Ice
11521,宜
8349,youbobo
13519,朱由检
1266,Alan_Wang
12446,懒大王eg
10427,史河小贝
3577,Li
13661,林寻声
6746,golden heart
14173,沐大神
907,734466072
17122,道朝阳
11950,布莱恩ass
376,18531951660
13061,日落归明夏
12857,撬开天堂的门
7828,smj3221038
6791,hao
7381,mirror
16395,菊部战役
410,2038621092
824,513728195
3863,MarkQ
9194,乔叶
2664,Gin
10870,图事成
17677,霖兼枫
600,2872549013
14220,河北彭于晏
12330,总有一天
12984,无悔
15161,留服游
350,17660426350
17437,阿呆qwq
7739,sdzhaobin818
17775,顶楼
7446,nana
855,573349790
265,1427512411
12075,序警
582,2802974746
12478,我不玩原神
9254,二掌柜
14899,独钓寒江雪
15653,筱晓
11257,太阳水草
17672,霁先生
10823,噗噗噗噗噗噗
6464,cwxjc
14460,添柴发明家
9055,东其布
12611,我爱黎明，我爱黎明！
6598,eeee
17339,长孙无忌
4635,Reiji
383,1879085317
13569,李清雅
15823,绘世书
9993,出了学校就没有粉笔了
1294,Aliya
179,1214079404
614,295059698
15000,王琪的爹
7536,over1196
13844,梦玄九天
6809,heart
17465,阿政
8161,wslmdg2
14588,澄
13689,枫
14688,烟雨
13080,时之梦
12412,愉悦的卡布尼克
8472,zoudaye615
9243,二不二
7432,mxxj
10301,去码头搞点薯条
1895,ChronoGhost
16597,蛙声一片
16977,轻风落雨
743,3676328748
7760,sgwhww
17735,青鹤
13806,梁健
693,3317333249
12348,恪慎
2278,ERlin
11290,奈特沙
3218,KIBOO
14535,游戏土包子
13377,最近有点尿频
14349,浅浅
14387,海洛鹰哥哥
17876,飞翔TVT
5815,XxdjxYa
9318,井九
701,337216364
16536,蕩漾
10342,变态强无敌
4312,Oolong0111
14019,殷夜落墨
16444,萧楚楠
13332,暴雷闪电
12095,开心の姆
6688,fqyd9886
6538,diaz
10152,十三州府
10061,剁成肉酱
9623,你瞧你骚的
14879,狗熊岭道具专家
3558,Leo.Zhou Reborn
129,1109941098
103,1035624422
7327,manba
6573,du20070531
7769,sharkbaby
1018,934885601
13415,月鎏殇
674,32
14498,清风相许明月
14302,洛璃
244,1365356501
11763,小雪寒
8933,不吃香菇
8099,weeeeblower
9593,你很紧张小姐
11981,帝国绝凶虎の理塘丁真
437,2151328455
2036,DIO
10396,可乐
5336,Tealow
16991,辰映星空
585,2819316441
13339,曦月天空
6397,chnjxunderestimate
15747,絕對小學生
6414,clay
492,2404355836
356,1781644394
15801,纳西妲的爱人
15103,瓶子猫
9949,凌晨一点的猫
9057,东北雨
18032,鱼塘脆脆鲨
14812,爷们要战斗
15343,真纪真
6978,jiufangchui
